date,region,dau,nru,returned_users,user_outflow,event_names,event_types,service_availability,pu,revenue
2024-01-01,KR,38948,1892,375,702,Global Launch,launch,1.0,1426,15639.81
2024-01-01,JP,31386,1057,231,507,Global Launch,launch,1.0,1081,11835.61
2024-01-01,GLOBAL_WEST,65149,4192,485,1274,Global Launch,launch,1.0,2236,23832.73
2024-01-02,KR,40513,1902,376,693,Global Launch,launch,1.0,1427,15117.42
2024-01-02,JP,32156,1093,279,579,Global Launch,launch,1.0,1112,11724.6
2024-01-02,GLOBAL_WEST,68305,4118,514,1199,Global Launch,launch,1.0,2300,24883.22
2024-01-03,KR,42122,1884,366,770,Global Launch,launch,1.0,1406,13164.7
2024-01-03,JP,32947,1108,285,648,Global Launch,launch,1.0,1167,12659.18
2024-01-03,GLOBAL_WEST,71542,4109,481,1386,Global Launch,launch,1.0,2587,30774.17
2024-01-04,KR,43577,1971,391,752,Global Launch,launch,1.0,1498,15728.84
2024-01-04,JP,33831,1130,315,513,Global Launch,launch,1.0,1225,15563.16
2024-01-04,GLOBAL_WEST,75006,4075,498,1391,Global Launch,launch,1.0,2516,18604.48
2024-01-05,KR,45140,1893,437,801,Global Launch,launch,1.0,1580,17478.82
2024-01-05,JP,34383,1022,269,575,Global Launch,launch,1.0,1206,14134.58
2024-01-05,GLOBAL_WEST,78092,4015,549,1526,Global Launch,launch,1.0,2772,28174.17
2024-01-06,KR,46340,1917,420,939,Global Launch,launch,1.0,1652,16391.63
2024-01-06,JP,35138,1020,284,550,Global Launch,launch,1.0,1261,14905.63
2024-01-06,GLOBAL_WEST,80991,3954,531,1560,Global Launch,launch,1.0,2916,29759.45
2024-01-07,KR,47635,1952,416,921,Global Launch,launch,1.0,1674,18545.35
2024-01-07,JP,35817,1020,320,620,Global Launch,launch,1.0,1261,14348.63
2024-01-07,GLOBAL_WEST,83986,3974,556,1351,Global Launch,launch,1.0,3024,28994.92
2024-01-08,KR,49134,1914,429,941,Global Launch,launch,1.0,1676,18796.31
2024-01-08,JP,36568,1080,271,602,Global Launch,launch,1.0,1272,14188.49
2024-01-08,GLOBAL_WEST,86796,3939,587,1817,Global Launch,launch,1.0,3009,30621.23
2024-01-09,KR,50503,1953,400,1026,Global Launch,launch,1.0,1717,19085.83
2024-01-09,JP,37335,1085,270,657,Global Launch,launch,1.0,1309,15800.33
2024-01-09,GLOBAL_WEST,89714,3905,538,1616,Global Launch,launch,1.0,3144,29645.62
2024-01-10,KR,52119,2014,428,913,Global Launch,launch,1.0,1854,23558.9
2024-01-10,JP,38017,1001,294,643,Global Launch,launch,1.0,1356,14782.51
2024-01-10,GLOBAL_WEST,92402,3847,599,1729,Global Launch,launch,1.0,3146,30763.63
2024-01-11,KR,53619,2024,431,1019,Global Launch,launch,1.0,1846,19976.61
2024-01-11,JP,38649,988,248,657,Global Launch,launch,1.0,1366,16432.91
2024-01-11,GLOBAL_WEST,94999,3853,623,1886,Global Launch,launch,1.0,3255,37629.04
2024-01-12,KR,55108,1957,495,1011,Global Launch,launch,1.0,1963,19841.05
2024-01-12,JP,39607,1057,382,605,Global Launch,launch,1.0,1352,14882.67
2024-01-12,GLOBAL_WEST,97511,3846,624,1801,Global Launch,launch,1.0,3516,34718.7
2024-01-13,KR,56562,1993,501,1098,Global Launch,launch,1.0,1980,20213.7
2024-01-13,JP,40239,1068,304,698,Global Launch,launch,1.0,1413,18444.83
2024-01-13,GLOBAL_WEST,100032,3806,611,2103,Global Launch,launch,1.0,3593,30228.42
2024-01-14,KR,57947,1977,482,1083,Global Launch,launch,1.0,1980,19447.93
2024-01-14,JP,40875,1000,307,690,Global Launch,launch,1.0,1449,15310.62
2024-01-14,GLOBAL_WEST,102571,3809,617,1987,Global Launch,launch,1.0,3543,41556.64
2024-01-15,KR,59233,1989,463,1153,Global Launch,launch,1.0,2159,23566.8
2024-01-15,JP,41432,1063,329,753,Global Launch,launch,1.0,1434,12886.38
2024-01-15,GLOBAL_WEST,105135,3767,586,1971,Global Launch,launch,1.0,3762,33592.21
2024-01-16,KR,60457,1983,462,1208,Global Launch,launch,1.0,2105,25831.13
2024-01-16,JP,42164,1068,355,691,Global Launch,launch,1.0,1513,18336.49
2024-01-16,GLOBAL_WEST,106989,3744,572,2127,Global Launch,launch,1.0,3600,29442.22
2024-01-17,KR,61738,1984,454,1179,Global Launch,launch,1.0,2117,21275.59
2024-01-17,JP,42750,1073,308,696,Global Launch,launch,1.0,1497,16606.28
2024-01-17,GLOBAL_WEST,109291,3691,585,2133,Global Launch,launch,1.0,3858,33322.07
2024-01-18,KR,62826,1977,460,1293,Global Launch,launch,1.0,2208,23848.56
2024-01-18,JP,43250,958,313,822,Global Launch,launch,1.0,1481,18327.25
2024-01-18,GLOBAL_WEST,111842,3739,627,1969,Global Launch,launch,1.0,3907,37932.39
2024-01-19,KR,64266,2046,545,1174,Global Launch,launch,1.0,2242,27561.15
2024-01-19,JP,43618,984,331,814,Global Launch,launch,1.0,1519,19794.47
2024-01-19,GLOBAL_WEST,113955,3742,666,2270,Global Launch,launch,1.0,3938,38280.37
2024-01-20,KR,65597,2075,547,1151,Global Launch,launch,1.0,2323,26285.46
2024-01-20,JP,44137,1010,277,715,Global Launch,launch,1.0,1504,17387.47
2024-01-20,GLOBAL_WEST,116178,3734,723,2192,Global Launch,launch,1.0,3884,34271.92
2024-01-21,KR,66849,1922,523,1212,Global Launch,launch,1.0,2329,26038.74
2024-01-21,JP,44825,1028,354,736,Global Launch,launch,1.0,1539,15866.78
2024-01-21,GLOBAL_WEST,117980,3742,695,2434,Global Launch,launch,1.0,4097,33466.14
2024-01-22,KR,66187,616,530,1678,No Event,baseline,1.0,2062,16978.51
2024-01-22,JP,44783,438,334,892,No Event,baseline,1.0,1433,16875.6
2024-01-22,GLOBAL_WEST,116960,1087,650,2762,No Event,baseline,1.0,3576,34442.01
2024-01-23,KR,65858,629,512,1567,No Event,baseline,1.0,2095,18443.12
2024-01-23,JP,44615,452,307,885,No Event,baseline,1.0,1421,14636.49
2024-01-23,GLOBAL_WEST,115759,1075,671,2902,No Event,baseline,1.0,3592,35483.16
2024-01-24,KR,65272,660,478,1548,No Event,baseline,1.0,1924,15808.06
2024-01-24,JP,44528,416,326,849,No Event,baseline,1.0,1363,12608.92
2024-01-24,GLOBAL_WEST,114629,1075,700,2905,No Event,baseline,1.0,3479,29632.53
2024-01-25,KR,64994,681,487,1434,No Event,baseline,1.0,1980,18130.31
2024-01-25,JP,44606,454,298,758,No Event,baseline,1.0,1338,13679.67
2024-01-25,GLOBAL_WEST,113266,1069,668,2899,No Event,baseline,1.0,3439,26940.55
2024-01-26,KR,64810,651,501,1491,No Event,baseline,1.0,1915,14744.76
2024-01-26,JP,44395,452,344,953,No Event,baseline,1.0,1387,15445.67
2024-01-26,GLOBAL_WEST,112378,1080,703,2660,No Event,baseline,1.0,3659,35797.98
2024-01-27,KR,64488,649,519,1398,No Event,baseline,1.0,1996,21441.3
2024-01-27,JP,44310,442,343,836,No Event,baseline,1.0,1428,16523.4
2024-01-27,GLOBAL_WEST,111559,1092,650,2580,No Event,baseline,1.0,3638,30862.37
2024-01-28,KR,64091,599,491,1477,No Event,baseline,1.0,2029,21528.85
2024-01-28,JP,44322,490,385,910,No Event,baseline,1.0,1410,16937.02
2024-01-28,GLOBAL_WEST,110674,1089,656,2753,No Event,baseline,1.0,3504,26836.83
2024-01-29,KR,63661,664,507,1548,No Event,baseline,1.0,1970,15237.1
2024-01-29,JP,44272,409,340,805,No Event,baseline,1.0,1339,16593.33
2024-01-29,GLOBAL_WEST,110123,1103,649,2605,No Event,baseline,1.0,3417,33795.14
2024-01-30,KR,63346,671,526,1549,No Event,baseline,1.0,1918,18769.78
2024-01-30,JP,44235,426,335,852,No Event,baseline,1.0,1358,14573.98
2024-01-30,GLOBAL_WEST,109393,1091,640,2539,No Event,baseline,1.0,3444,39303.73
2024-01-31,KR,63195,665,475,1333,No Event,baseline,1.0,1942,22678.68
2024-01-31,JP,44106,318,312,817,No Event,baseline,1.0,1469,14177.51
2024-01-31,GLOBAL_WEST,108984,1172,625,2471,No Event,baseline,1.0,3400,29767.46
2024-02-01,KR,63058,670,512,1299,No Event,baseline,1.0,1935,18144.72
2024-02-01,JP,44144,533,323,834,No Event,baseline,1.0,1373,15750.42
2024-02-01,GLOBAL_WEST,107844,1133,620,2414,No Event,baseline,1.0,3366,33220.87
2024-02-02,KR,62617,638,489,1469,No Event,baseline,1.0,1922,16291.83
2024-02-02,JP,44101,406,352,888,No Event,baseline,1.0,1357,16046.35
2024-02-02,GLOBAL_WEST,106998,1142,704,2628,No Event,baseline,1.0,3217,20579.38
2024-02-03,KR,62433,643,427,1395,No Event,baseline,1.0,1931,17217.29
2024-02-03,JP,44105,478,357,848,No Event,baseline,1.0,1331,11718.96
2024-02-03,GLOBAL_WEST,106167,1142,653,2620,No Event,baseline,1.0,3105,24784.22
2024-02-04,KR,62308,617,524,1319,No Event,baseline,1.0,1968,13949.03
2024-02-04,JP,43979,492,330,920,No Event,baseline,1.0,1318,12457.78
2024-02-04,GLOBAL_WEST,105277,1118,716,2553,No Event,baseline,1.0,3357,30637.09
2024-02-05,KR,62317,671,463,1402,No Event,baseline,1.0,1885,20364.78
2024-02-05,JP,43681,391,270,849,No Event,baseline,1.0,1353,16254.01
2024-02-05,GLOBAL_WEST,104661,1193,611,2564,No Event,baseline,1.0,3257,26578.38
2024-02-06,KR,62013,535,475,1281,No Event,baseline,1.0,1864,17168.52
2024-02-06,JP,43425,439,303,915,No Event,baseline,1.0,1364,14856.17
2024-02-06,GLOBAL_WEST,103942,1132,636,2580,No Event,baseline,1.0,3179,25462.78
2024-02-07,KR,61408,599,474,1576,No Event,baseline,1.0,1827,21158.35
2024-02-07,JP,43436,418,350,696,No Event,baseline,1.0,1308,17248.98
2024-02-07,GLOBAL_WEST,103224,1102,669,2521,No Event,baseline,1.0,3169,25954.11
2024-02-08,KR,61006,584,475,1467,No Event,baseline,1.0,1886,18888.58
2024-02-08,JP,43380,410,295,844,No Event,baseline,1.0,1357,14214.82
2024-02-08,GLOBAL_WEST,102581,1257,587,2520,No Event,baseline,1.0,3149,27772.88
2024-02-09,KR,60817,630,483,1371,No Event,baseline,1.0,1930,19704.4
2024-02-09,JP,43481,451,361,790,No Event,baseline,1.0,1359,16741.77
2024-02-09,GLOBAL_WEST,102293,1214,672,2251,No Event,baseline,1.0,3023,29815.38
2024-02-10,KR,60490,623,516,1300,No Event,baseline,1.0,1829,18987.02
2024-02-10,JP,43352,385,321,825,No Event,baseline,1.0,1377,14728.98
2024-02-10,GLOBAL_WEST,101704,1293,644,2353,No Event,baseline,1.0,3142,35058.29
2024-02-11,KR,60278,583,494,1399,No Event,baseline,1.0,1868,17370.66
2024-02-11,JP,43250,364,321,860,No Event,baseline,1.0,1325,14846.92
2024-02-11,GLOBAL_WEST,100967,1175,681,2474,No Event,baseline,1.0,3214,21294.77
2024-02-12,KR,59877,559,458,1482,No Event,baseline,1.0,1810,14953.24
2024-02-12,JP,43176,399,329,852,No Event,baseline,1.0,1345,16858.17
2024-02-12,GLOBAL_WEST,100233,1194,621,2351,No Event,baseline,1.0,3009,20648.8
2024-02-13,KR,59357,547,470,1409,No Event,baseline,1.0,1793,16044.76
2024-02-13,JP,42874,371,324,849,No Event,baseline,1.0,1367,15424.59
2024-02-13,GLOBAL_WEST,99521,1229,606,2505,No Event,baseline,1.0,2918,29157.52
2024-02-14,KR,59024,558,448,1277,No Event,baseline,1.0,1814,20834.14
2024-02-14,JP,42783,439,367,857,No Event,baseline,1.0,1250,14263.85
2024-02-14,GLOBAL_WEST,99380,1323,630,2466,No Event,baseline,1.0,2925,26679.0
2024-02-15,KR,58912,599,465,1260,No Event,baseline,1.0,1835,15405.5
2024-02-15,JP,42642,399,309,890,No Event,baseline,1.0,1318,11102.76
2024-02-15,GLOBAL_WEST,98701,1280,609,2401,No Event,baseline,1.0,2958,25321.84
2024-02-16,KR,58726,622,472,1278,No Event,baseline,1.0,1816,16566.9
2024-02-16,JP,42659,417,325,798,No Event,baseline,1.0,1263,12920.04
2024-02-16,GLOBAL_WEST,98085,1234,661,2494,No Event,baseline,1.0,2960,25130.58
2024-02-17,KR,58292,544,496,1384,No Event,baseline,1.0,1828,15947.93
2024-02-17,JP,42419,446,325,934,No Event,baseline,1.0,1249,14234.82
2024-02-17,GLOBAL_WEST,97333,1270,646,2454,No Event,baseline,1.0,3101,24480.29
2024-02-18,KR,57894,568,489,1438,No Event,baseline,1.0,1809,17938.19
2024-02-18,JP,42398,405,344,791,No Event,baseline,1.0,1261,13704.43
2024-02-18,GLOBAL_WEST,96612,1229,639,2300,No Event,baseline,1.0,2871,27757.8
2024-02-19,KR,57827,582,462,1278,No Event,baseline,1.0,1771,15606.5
2024-02-19,JP,42185,377,325,911,No Event,baseline,1.0,1376,17644.18
2024-02-19,GLOBAL_WEST,96176,1255,588,2300,No Event,baseline,1.0,2837,24944.22
2024-02-20,KR,57573,634,427,1303,No Event,baseline,1.0,1797,14578.66
2024-02-20,JP,42158,443,318,785,No Event,baseline,1.0,1299,13411.77
2024-02-20,GLOBAL_WEST,95788,1244,625,2345,No Event,baseline,1.0,2915,26366.78
2024-02-21,KR,57200,586,458,1429,No Event,baseline,1.0,1743,14749.56
2024-02-21,JP,42268,439,312,783,No Event,baseline,1.0,1342,13213.31
2024-02-21,GLOBAL_WEST,95173,1244,576,2397,No Event,baseline,1.0,2942,24955.12
2024-02-22,KR,56934,492,514,1279,No Event,baseline,1.0,1662,16102.26
2024-02-22,JP,42170,405,349,765,No Event,baseline,1.0,1353,13874.37
2024-02-22,GLOBAL_WEST,94571,1266,598,2473,No Event,baseline,1.0,2840,19485.33
2024-02-23,KR,56651,532,468,1322,No Event,baseline,1.0,1761,17974.49
2024-02-23,JP,42152,450,346,752,No Event,baseline,1.0,1262,16443.84
2024-02-23,GLOBAL_WEST,94541,1308,622,2251,No Event,baseline,1.0,3004,22324.87
2024-02-24,KR,56140,535,490,1487,No Event,baseline,1.0,1658,18235.2
2024-02-24,JP,42014,440,348,867,No Event,baseline,1.0,1311,14289.05
2024-02-24,GLOBAL_WEST,94199,1282,619,2428,No Event,baseline,1.0,2913,27760.68
2024-02-25,KR,55758,562,451,1397,No Event,baseline,1.0,1686,18938.8
2024-02-25,JP,41916,447,333,818,No Event,baseline,1.0,1312,14067.47
2024-02-25,GLOBAL_WEST,94130,1288,604,2198,No Event,baseline,1.0,2882,21916.45
2024-02-26,KR,55319,525,432,1294,No Event,baseline,1.0,1753,14485.15
2024-02-26,JP,41812,439,308,845,No Event,baseline,1.0,1285,14222.69
2024-02-26,GLOBAL_WEST,93896,1362,574,2433,No Event,baseline,1.0,2822,23228.83
2024-02-27,KR,54937,582,433,1388,No Event,baseline,1.0,1739,14452.86
2024-02-27,JP,41721,448,301,850,No Event,baseline,1.0,1284,13602.64
2024-02-27,GLOBAL_WEST,93850,1320,539,2073,No Event,baseline,1.0,2929,28979.44
2024-02-28,KR,54677,588,452,1265,No Event,baseline,1.0,1601,15132.46
2024-02-28,JP,41598,358,301,728,No Event,baseline,1.0,1253,13325.59
2024-02-28,GLOBAL_WEST,93287,1395,620,2382,No Event,baseline,1.0,2779,27299.9
2024-02-29,KR,54430,538,423,1134,No Event,baseline,1.0,1688,16947.32
2024-02-29,JP,41444,421,272,813,No Event,baseline,1.0,1296,15482.52
2024-02-29,GLOBAL_WEST,92521,1292,601,2457,No Event,baseline,1.0,2821,29532.15
2024-03-01,KR,54268,565,476,1205,No Event,baseline,1.0,1706,16134.55
2024-03-01,JP,41370,354,356,743,No Event,baseline,1.0,1193,14251.09
2024-03-01,GLOBAL_WEST,92160,1304,623,2376,No Event,baseline,1.0,2786,28654.87
2024-03-02,KR,53993,506,495,1123,No Event,baseline,1.0,1695,15281.35
2024-03-02,JP,41341,476,326,776,No Event,baseline,1.0,1263,11572.71
2024-03-02,GLOBAL_WEST,91935,1291,633,2362,No Event,baseline,1.0,2793,23697.03
2024-03-03,KR,53612,532,497,1268,No Event,baseline,1.0,1696,13605.45
2024-03-03,JP,41214,400,323,822,No Event,baseline,1.0,1272,13259.23
2024-03-03,GLOBAL_WEST,91724,1310,644,2064,No Event,baseline,1.0,2864,22886.71
2024-03-04,KR,53296,560,391,1353,No Event,baseline,1.0,1658,17680.43
2024-03-04,JP,41157,445,261,813,No Event,baseline,1.0,1256,14517.17
2024-03-04,GLOBAL_WEST,91817,1328,570,2183,No Event,baseline,1.0,2850,24484.18
2024-03-05,KR,53154,517,423,1127,No Event,baseline,1.0,1637,17091.82
2024-03-05,JP,41143,485,261,814,No Event,baseline,1.0,1260,11006.09
2024-03-05,GLOBAL_WEST,91389,1352,614,2225,No Event,baseline,1.0,2973,24730.46
2024-03-06,KR,52878,517,476,1297,No Event,baseline,1.0,1658,16642.3
2024-03-06,JP,41079,426,269,686,No Event,baseline,1.0,1231,13238.9
2024-03-06,GLOBAL_WEST,90902,1327,583,2220,No Event,baseline,1.0,2808,28738.14
2024-03-07,KR,52733,563,411,1122,No Event,baseline,1.0,1606,17472.21
2024-03-07,JP,40870,376,295,762,No Event,baseline,1.0,1270,14959.14
2024-03-07,GLOBAL_WEST,90628,1310,572,2217,No Event,baseline,1.0,2793,21344.21
2024-03-08,KR,52689,531,461,1160,No Event,baseline,1.0,1642,14320.37
2024-03-08,JP,40863,461,333,784,No Event,baseline,1.0,1270,12239.83
2024-03-08,GLOBAL_WEST,90032,1303,597,2224,No Event,baseline,1.0,2659,24358.61
2024-03-09,KR,52645,540,454,1256,No Event,baseline,1.0,1603,16220.97
2024-03-09,JP,40949,442,318,737,No Event,baseline,1.0,1214,14385.97
2024-03-09,GLOBAL_WEST,89698,1283,595,2162,No Event,baseline,1.0,2888,22849.85
2024-03-10,KR,52474,534,415,1207,No Event,baseline,1.0,1658,12471.83
2024-03-10,JP,40920,426,314,850,No Event,baseline,1.0,1265,16958.81
2024-03-10,GLOBAL_WEST,89199,1318,583,2283,No Event,baseline,1.0,2670,24039.05
2024-03-11,KR,52203,506,393,1232,No Event,baseline,1.0,1682,15748.25
2024-03-11,JP,40751,408,306,860,No Event,baseline,1.0,1238,12160.81
2024-03-11,GLOBAL_WEST,89125,1324,554,2085,No Event,baseline,1.0,2837,27603.21
2024-03-12,KR,52079,588,448,1336,No Event,baseline,1.0,1594,14022.33
2024-03-12,JP,40537,392,301,986,No Event,baseline,1.0,1236,14252.39
2024-03-12,GLOBAL_WEST,88874,1300,593,2041,No Event,baseline,1.0,2813,25313.62
2024-03-13,KR,51698,544,442,1242,No Event,baseline,1.0,1647,14835.42
2024-03-13,JP,40519,447,265,796,No Event,baseline,1.0,1278,15418.95
2024-03-13,GLOBAL_WEST,88543,1308,522,2161,No Event,baseline,1.0,2637,22094.76
2024-03-14,KR,51545,573,390,1141,No Event,baseline,1.0,1560,14221.06
2024-03-14,JP,40473,427,295,789,No Event,baseline,1.0,1227,13622.65
2024-03-14,GLOBAL_WEST,88009,1291,524,2278,No Event,baseline,1.0,2562,28266.06
2024-03-15,KR,51176,468,446,1313,No Event,baseline,1.0,1568,15995.83
2024-03-15,JP,40333,460,291,841,No Event,baseline,1.0,1198,9707.79
2024-03-15,GLOBAL_WEST,87813,1167,584,2211,No Event,baseline,1.0,2696,28511.35
2024-03-16,KR,50973,502,467,1314,No Event,baseline,1.0,1583,15642.37
2024-03-16,JP,40042,400,354,908,No Event,baseline,1.0,1271,15838.8
2024-03-16,GLOBAL_WEST,87435,1320,615,2221,No Event,baseline,1.0,2612,27758.88
2024-03-17,KR,50836,495,432,1115,No Event,baseline,1.0,1524,17017.92
2024-03-17,JP,39988,395,310,773,No Event,baseline,1.0,1262,13603.67
2024-03-17,GLOBAL_WEST,87108,1273,591,2178,No Event,baseline,1.0,2706,21359.62
2024-03-18,KR,50624,483,438,1237,No Event,baseline,1.0,1550,15645.35
2024-03-18,JP,39710,457,288,854,No Event,baseline,1.0,1197,12626.83
2024-03-18,GLOBAL_WEST,86480,1267,509,2169,No Event,baseline,1.0,2761,21070.74
2024-03-19,KR,50406,543,439,1091,No Event,baseline,1.0,1544,17218.65
2024-03-19,JP,39764,413,310,656,No Event,baseline,1.0,1233,15615.72
2024-03-19,GLOBAL_WEST,86021,1252,552,2070,No Event,baseline,1.0,2620,22726.46
2024-03-20,KR,50100,494,412,1148,No Event,baseline,1.0,1597,16210.24
2024-03-20,JP,39651,415,260,748,No Event,baseline,1.0,1210,13395.17
2024-03-20,GLOBAL_WEST,86195,1220,547,1954,No Event,baseline,1.0,2606,18657.61
2024-03-21,KR,49967,536,381,1043,No Event,baseline,1.0,1519,14161.42
2024-03-21,JP,39653,518,306,819,No Event,baseline,1.0,1244,14963.28
2024-03-21,GLOBAL_WEST,86120,1296,544,2007,No Event,baseline,1.0,2610,21934.89
2024-03-22,KR,49549,459,404,1198,No Event,baseline,1.0,1541,11446.88
2024-03-22,JP,39755,504,267,774,No Event,baseline,1.0,1231,12313.99
2024-03-22,GLOBAL_WEST,85812,1263,565,1993,No Event,baseline,1.0,2645,20579.54
2024-03-23,KR,49538,513,462,1144,No Event,baseline,1.0,1540,13579.88
2024-03-23,JP,39577,404,307,889,No Event,baseline,1.0,1187,13159.0
2024-03-23,GLOBAL_WEST,85407,1216,588,1966,No Event,baseline,1.0,2667,17704.53
2024-03-24,KR,49544,538,443,1004,No Event,baseline,1.0,1455,13423.68
2024-03-24,JP,39473,427,360,782,No Event,baseline,1.0,1196,12274.17
2024-03-24,GLOBAL_WEST,85240,1179,620,2028,No Event,baseline,1.0,2581,23380.91
2024-03-25,KR,49528,563,400,1126,No Event,baseline,1.0,1580,17377.29
2024-03-25,JP,39734,411,344,716,No Event,baseline,1.0,1203,15242.91
2024-03-25,GLOBAL_WEST,84844,1223,532,2224,No Event,baseline,1.0,2561,20125.15
2024-03-26,KR,49490,527,382,1116,No Event,baseline,1.0,1502,15086.96
2024-03-26,JP,39879,483,288,747,No Event,baseline,1.0,1238,13806.97
2024-03-26,GLOBAL_WEST,84575,1163,558,2330,No Event,baseline,1.0,2537,18898.39
2024-03-27,KR,49358,541,406,1145,No Event,baseline,1.0,1496,15637.95
2024-03-27,JP,40034,423,321,749,No Event,baseline,1.0,1207,11804.45
2024-03-27,GLOBAL_WEST,84021,1204,517,2090,No Event,baseline,1.0,2631,22019.45
2024-03-28,KR,48970,501,376,1187,No Event,baseline,1.0,1571,16744.85
2024-03-28,JP,40008,440,295,824,No Event,baseline,1.0,1211,13577.6
2024-03-28,GLOBAL_WEST,83752,1107,598,1928,No Event,baseline,1.0,2538,23234.34
2024-03-29,KR,48961,549,508,1129,No Event,baseline,1.0,1549,14908.98
2024-03-29,JP,39905,428,351,856,No Event,baseline,1.0,1211,14241.44
2024-03-29,GLOBAL_WEST,83664,1172,578,2064,No Event,baseline,1.0,2481,22326.25
2024-03-30,KR,48975,622,462,1052,No Event,baseline,1.0,1497,12995.66
2024-03-30,JP,39746,418,294,792,No Event,baseline,1.0,1239,13489.71
2024-03-30,GLOBAL_WEST,83611,1189,604,1981,No Event,baseline,1.0,2714,20818.35
2024-03-31,KR,48934,549,442,1138,No Event,baseline,1.0,1555,14163.25
2024-03-31,JP,39472,422,280,924,No Event,baseline,1.0,1201,9779.94
2024-03-31,GLOBAL_WEST,83343,1154,580,2087,No Event,baseline,1.0,2646,26478.84
2024-04-01,KR,48743,573,409,1151,No Event,baseline,1.0,1513,15480.04
2024-04-01,JP,39323,426,297,819,No Event,baseline,1.0,1239,14733.62
2024-04-01,GLOBAL_WEST,82880,1111,534,2054,No Event,baseline,1.0,2747,22242.68
2024-04-02,KR,48513,535,423,1275,No Event,baseline,1.0,1531,12660.87
2024-04-02,JP,39325,398,316,804,No Event,baseline,1.0,1189,13491.46
2024-04-02,GLOBAL_WEST,82388,1158,513,2157,No Event,baseline,1.0,2493,20938.35
2024-04-03,KR,48306,554,427,1103,No Event,baseline,1.0,1437,12312.7
2024-04-03,JP,39186,481,280,806,No Event,baseline,1.0,1180,14258.81
2024-04-03,GLOBAL_WEST,82030,1113,519,1943,No Event,baseline,1.0,2448,24136.83
2024-04-04,KR,48055,601,414,1112,No Event,baseline,1.0,1530,14815.21
2024-04-04,JP,39215,456,285,836,No Event,baseline,1.0,1178,13113.85
2024-04-04,GLOBAL_WEST,81907,1084,554,1837,No Event,baseline,1.0,2541,18964.73
2024-04-05,KR,48041,555,451,972,No Event,baseline,1.0,1394,13743.03
2024-04-05,JP,39299,451,352,763,No Event,baseline,1.0,1155,14206.45
2024-04-05,GLOBAL_WEST,81734,1070,558,1843,No Event,baseline,1.0,2488,21948.9
2024-04-06,KR,47967,545,460,1024,No Event,baseline,1.0,1442,18191.86
2024-04-06,JP,39178,397,356,874,No Event,baseline,1.0,1180,12517.02
2024-04-06,GLOBAL_WEST,81168,1065,567,2037,No Event,baseline,1.0,2532,20068.64
2024-04-07,KR,47900,542,430,1114,No Event,baseline,1.0,1442,18695.37
2024-04-07,JP,39237,447,335,743,No Event,baseline,1.0,1216,11803.47
2024-04-07,GLOBAL_WEST,81031,1142,599,2009,No Event,baseline,1.0,2495,22381.28
2024-04-08,KR,47900,593,391,1008,No Event,baseline,1.0,1476,13263.35
2024-04-08,JP,39254,439,276,771,No Event,baseline,1.0,1291,13318.19
2024-04-08,GLOBAL_WEST,80626,1095,562,1990,No Event,baseline,1.0,2533,25444.66
2024-04-09,KR,47717,652,378,1022,No Event,baseline,1.0,1447,14478.64
2024-04-09,JP,39335,453,334,754,No Event,baseline,1.0,1180,14299.19
2024-04-09,GLOBAL_WEST,80102,1052,541,1937,No Event,baseline,1.0,2523,23181.62
2024-04-10,KR,47571,587,366,1157,No Event,baseline,1.0,1467,13454.83
2024-04-10,JP,39154,445,310,866,No Event,baseline,1.0,1209,10695.42
2024-04-10,GLOBAL_WEST,79725,1023,508,1870,No Event,baseline,1.0,2428,21475.69
2024-04-11,KR,47270,569,400,1095,No Event,baseline,1.0,1464,13735.61
2024-04-11,JP,39073,393,299,759,No Event,baseline,1.0,1192,11576.65
2024-04-11,GLOBAL_WEST,79362,1006,544,2023,No Event,baseline,1.0,2444,24704.33
2024-04-12,KR,47025,587,475,1193,No Event,baseline,1.0,1500,16440.91
2024-04-12,JP,38954,429,314,783,No Event,baseline,1.0,1146,12195.3
2024-04-12,GLOBAL_WEST,78811,1026,568,2051,No Event,baseline,1.0,2398,20674.16
2024-04-13,KR,46843,540,432,1022,No Event,baseline,1.0,1428,13663.63
2024-04-13,JP,38850,436,305,869,No Event,baseline,1.0,1250,13935.9
2024-04-13,GLOBAL_WEST,78363,1052,570,2008,No Event,baseline,1.0,2274,22557.5
2024-04-14,KR,46521,515,447,1178,No Event,baseline,1.0,1405,14667.59
2024-04-14,JP,38739,425,312,809,No Event,baseline,1.0,1199,12771.6
2024-04-14,GLOBAL_WEST,78215,1046,534,1794,No Event,baseline,1.0,2308,23698.75
2024-04-15,KR,46619,538,406,1025,No Event,baseline,1.0,1404,15940.65
2024-04-15,JP,38716,366,347,731,No Event,baseline,1.0,1159,15309.48
2024-04-15,GLOBAL_WEST,77921,1031,543,1887,No Event,baseline,1.0,2435,26846.66
2024-04-16,KR,46407,575,388,1104,No Event,baseline,1.0,1447,14689.84
2024-04-16,JP,38618,370,268,665,No Event,baseline,1.0,1188,11459.39
2024-04-16,GLOBAL_WEST,77605,1034,507,1924,No Event,baseline,1.0,2348,19049.87
2024-04-17,KR,46235,601,415,1228,No Event,baseline,1.0,1426,11503.74
2024-04-17,JP,38664,468,284,735,No Event,baseline,1.0,1212,12894.14
2024-04-17,GLOBAL_WEST,77307,980,608,1834,No Event,baseline,1.0,2369,25557.94
2024-04-18,KR,46220,628,409,1065,No Event,baseline,1.0,1464,14490.58
2024-04-18,JP,38536,410,309,787,No Event,baseline,1.0,1200,11548.29
2024-04-18,GLOBAL_WEST,77079,974,524,1650,No Event,baseline,1.0,2377,20414.31
2024-04-19,KR,46149,593,409,1070,No Event,baseline,1.0,1404,15719.43
2024-04-19,JP,38406,429,314,767,No Event,baseline,1.0,1175,14537.22
2024-04-19,GLOBAL_WEST,77086,996,555,1823,No Event,baseline,1.0,2382,21937.08
2024-04-20,KR,45906,607,405,1062,No Event,baseline,1.0,1452,13712.85
2024-04-20,JP,38236,359,340,777,No Event,baseline,1.0,1200,16177.53
2024-04-20,GLOBAL_WEST,76575,988,519,1848,No Event,baseline,1.0,2306,17116.6
2024-04-21,KR,45776,575,397,1058,No Event,baseline,1.0,1344,13914.05
2024-04-21,JP,38188,367,298,786,No Event,baseline,1.0,1149,13068.52
2024-04-21,GLOBAL_WEST,76205,1003,576,1987,No Event,baseline,1.0,2457,18237.89
2024-04-22,KR,45710,569,382,1017,No Event,baseline,1.0,1395,10598.85
2024-04-22,JP,38000,436,252,711,No Event,baseline,1.0,1097,12544.26
2024-04-22,GLOBAL_WEST,75695,998,510,1900,No Event,baseline,1.0,2311,22702.14
2024-04-23,KR,45734,604,361,914,No Event,baseline,1.0,1425,14448.05
2024-04-23,JP,38078,423,325,740,No Event,baseline,1.0,1106,11366.01
2024-04-23,GLOBAL_WEST,75291,991,493,2008,No Event,baseline,1.0,2363,17809.13
2024-04-24,KR,45737,598,399,1019,No Event,baseline,1.0,1367,13029.42
2024-04-24,JP,38042,465,290,824,No Event,baseline,1.0,1161,11783.73
2024-04-24,GLOBAL_WEST,74718,990,514,1942,No Event,baseline,1.0,2328,16606.34
2024-04-25,KR,45642,577,417,1081,No Event,baseline,1.0,1366,12783.7
2024-04-25,JP,38165,439,268,746,No Event,baseline,1.0,1117,11924.08
2024-04-25,GLOBAL_WEST,74086,964,531,1830,No Event,baseline,1.0,2096,14259.04
2024-04-26,KR,45614,515,453,1106,No Event,baseline,1.0,1345,12237.86
2024-04-26,JP,38128,372,293,755,No Event,baseline,1.0,1167,10737.9
2024-04-26,GLOBAL_WEST,73884,985,523,1813,No Event,baseline,1.0,2334,18423.97
2024-04-27,KR,45710,652,432,1008,No Event,baseline,1.0,1320,13626.06
2024-04-27,JP,38174,440,329,763,No Event,baseline,1.0,1173,12653.43
2024-04-27,GLOBAL_WEST,73560,973,526,1694,No Event,baseline,1.0,2201,18684.37
2024-04-28,KR,45561,559,414,1072,No Event,baseline,1.0,1393,11255.58
2024-04-28,JP,38086,425,346,721,No Event,baseline,1.0,1187,11670.01
2024-04-28,GLOBAL_WEST,73574,1019,523,1679,No Event,baseline,1.0,2279,26789.71
2024-04-29,KR,45379,569,412,1046,No Event,baseline,1.0,1399,13515.95
2024-04-29,JP,37853,422,243,762,No Event,baseline,1.0,1173,13987.61
2024-04-29,GLOBAL_WEST,73415,1021,489,1748,No Event,baseline,1.0,2289,21097.86
2024-04-30,KR,45456,542,389,967,No Event,baseline,1.0,1315,12549.84
2024-04-30,JP,37887,345,275,756,No Event,baseline,1.0,1143,13444.16
2024-04-30,GLOBAL_WEST,72984,977,506,1761,No Event,baseline,1.0,2159,16718.93
2024-05-01,KR,45498,606,399,1036,No Event,baseline,1.0,1378,17754.47
2024-05-01,JP,37692,345,299,818,No Event,baseline,1.0,1095,12616.88
2024-05-01,GLOBAL_WEST,72766,1032,479,1690,No Event,baseline,1.0,2193,20543.55
2024-05-02,KR,45540,610,367,1009,No Event,baseline,1.0,1419,12298.66
2024-05-02,JP,37634,415,259,746,No Event,baseline,1.0,1101,12802.61
2024-05-02,GLOBAL_WEST,72553,1079,512,1887,No Event,baseline,1.0,2132,23302.88
2024-05-03,KR,45671,604,413,996,No Event,baseline,1.0,1320,13244.58
2024-05-03,JP,37665,387,293,703,No Event,baseline,1.0,1176,10936.57
2024-05-03,GLOBAL_WEST,72143,1004,525,1906,No Event,baseline,1.0,2156,18785.35
2024-05-04,KR,45695,588,423,1016,No Event,baseline,1.0,1378,14194.17
2024-05-04,JP,37517,412,304,765,No Event,baseline,1.0,1159,13671.79
2024-05-04,GLOBAL_WEST,72284,1067,555,1665,No Event,baseline,1.0,2201,17868.78
2024-05-05,KR,45630,597,407,1046,No Event,baseline,1.0,1388,11314.95
2024-05-05,JP,37412,363,307,669,No Event,baseline,1.0,1149,11496.54
2024-05-05,GLOBAL_WEST,71865,1031,500,1779,No Event,baseline,1.0,2196,21698.01
2024-05-06,KR,45744,545,448,1058,No Event,baseline,1.0,1357,14527.99
2024-05-06,JP,37322,420,259,793,No Event,baseline,1.0,1147,14006.69
2024-05-06,GLOBAL_WEST,71422,1036,500,1653,No Event,baseline,1.0,2125,21333.23
2024-05-07,KR,45706,588,372,1024,No Event,baseline,1.0,1397,11650.64
2024-05-07,JP,37290,402,279,745,No Event,baseline,1.0,1113,11036.31
2024-05-07,GLOBAL_WEST,71171,1058,521,1821,No Event,baseline,1.0,2099,17518.76
2024-05-08,KR,45523,502,415,1064,No Event,baseline,1.0,1343,13125.85
2024-05-08,JP,37299,350,261,746,No Event,baseline,1.0,1047,13315.33
2024-05-08,GLOBAL_WEST,70994,1057,476,1710,No Event,baseline,1.0,2232,20617.53
2024-05-09,KR,45394,544,399,1034,No Event,baseline,1.0,1330,12734.72
2024-05-09,JP,37081,348,282,785,No Event,baseline,1.0,1111,11442.47
2024-05-09,GLOBAL_WEST,70657,1044,538,1702,No Event,baseline,1.0,2168,19916.96
2024-05-10,KR,45259,524,440,1078,No Event,baseline,1.0,1384,13528.46
2024-05-10,JP,37132,385,289,693,No Event,baseline,1.0,1122,11130.84
2024-05-10,GLOBAL_WEST,70414,1061,543,1881,No Event,baseline,1.0,2111,19421.46
2024-05-11,KR,45173,520,380,1015,No Event,baseline,1.0,1403,12405.35
2024-05-11,JP,36972,354,337,799,No Event,baseline,1.0,1155,10921.43
2024-05-11,GLOBAL_WEST,70291,1080,563,1658,No Event,baseline,1.0,2237,21289.13
2024-05-12,KR,45414,530,435,908,No Event,baseline,1.0,1331,12951.79
2024-05-12,JP,36975,360,307,736,No Event,baseline,1.0,1114,12611.57
2024-05-12,GLOBAL_WEST,70170,1073,566,1722,No Event,baseline,1.0,2114,18933.49
2024-05-13,KR,45164,496,370,1073,No Event,baseline,1.0,1336,12407.19
2024-05-13,JP,36845,379,266,785,No Event,baseline,1.0,1140,12987.87
2024-05-13,GLOBAL_WEST,70057,1115,495,1891,No Event,baseline,1.0,2115,20992.12
2024-05-14,KR,45273,595,396,959,No Event,baseline,1.0,1398,16299.29
2024-05-14,JP,36882,392,296,765,No Event,baseline,1.0,1090,11851.12
2024-05-14,GLOBAL_WEST,69506,1095,486,1941,No Event,baseline,1.0,1923,16702.23
2024-05-15,KR,44996,529,394,1079,No Event,baseline,1.0,1322,14112.81
2024-05-15,JP,36712,339,298,816,No Event,baseline,1.0,1139,11878.59
2024-05-15,GLOBAL_WEST,69230,1158,483,1841,No Event,baseline,1.0,2071,20992.65
2024-05-16,KR,44770,544,398,1036,No Event,baseline,1.0,1344,12382.63
2024-05-16,JP,36586,413,291,789,No Event,baseline,1.0,1113,11422.78
2024-05-16,GLOBAL_WEST,68961,1101,491,1799,No Event,baseline,1.0,2141,21404.91
2024-05-17,KR,44768,536,418,992,No Event,baseline,1.0,1374,12400.6
2024-05-17,JP,36621,402,308,723,No Event,baseline,1.0,1096,11653.06
2024-05-17,GLOBAL_WEST,69279,1152,551,1764,No Event,baseline,1.0,2102,14749.08
2024-05-18,KR,44572,447,408,1074,No Event,baseline,1.0,1269,12340.75
2024-05-18,JP,36487,367,295,721,No Event,baseline,1.0,1091,10911.91
2024-05-18,GLOBAL_WEST,69328,1102,487,1828,No Event,baseline,1.0,2123,18912.13
2024-05-19,KR,44645,463,412,967,No Event,baseline,1.0,1373,16302.6
2024-05-19,JP,36457,407,291,727,No Event,baseline,1.0,1128,11977.9
2024-05-19,GLOBAL_WEST,68824,1060,531,1814,No Event,baseline,1.0,2124,14386.58
2024-05-20,KR,44371,522,402,1100,No Event,baseline,1.0,1301,10403.63
2024-05-20,JP,36394,365,264,722,No Event,baseline,1.0,1148,10801.63
2024-05-20,GLOBAL_WEST,69015,1167,479,1614,No Event,baseline,1.0,2025,21787.64
2024-05-21,KR,44140,578,423,1037,No Event,baseline,1.0,1375,15129.05
2024-05-21,JP,36416,403,319,644,No Event,baseline,1.0,1106,11830.18
2024-05-21,GLOBAL_WEST,69036,1111,520,1726,No Event,baseline,1.0,2085,17689.87
2024-05-22,KR,44082,509,391,1068,No Event,baseline,1.0,1309,12179.14
2024-05-22,JP,36151,408,247,745,No Event,baseline,1.0,1053,8878.8
2024-05-22,GLOBAL_WEST,69317,1205,492,1377,No Event,baseline,1.0,2106,18083.2
2024-05-23,KR,44121,541,377,997,No Event,baseline,1.0,1312,12932.29
2024-05-23,JP,35992,400,261,749,No Event,baseline,1.0,1105,12229.87
2024-05-23,GLOBAL_WEST,69240,1137,531,1648,No Event,baseline,1.0,2183,19231.34
2024-05-24,KR,44062,467,428,931,No Event,baseline,1.0,1334,10852.79
2024-05-24,JP,36029,384,272,651,No Event,baseline,1.0,1139,12098.25
2024-05-24,GLOBAL_WEST,68815,1134,535,1848,No Event,baseline,1.0,2125,15544.79
2024-05-25,KR,43899,468,423,1085,No Event,baseline,1.0,1332,12536.25
2024-05-25,JP,35899,423,287,791,No Event,baseline,1.0,1081,13637.89
2024-05-25,GLOBAL_WEST,68498,1155,544,1840,No Event,baseline,1.0,2009,19325.87
2024-05-26,KR,43675,517,366,1088,No Event,baseline,1.0,1291,9584.17
2024-05-26,JP,35851,380,280,743,No Event,baseline,1.0,1103,12222.41
2024-05-26,GLOBAL_WEST,68565,1157,504,1619,No Event,baseline,1.0,2129,17246.73
2024-05-27,KR,43506,499,403,973,No Event,baseline,1.0,1304,13476.93
2024-05-27,JP,35952,421,306,657,No Event,baseline,1.0,1089,10031.54
2024-05-27,GLOBAL_WEST,68711,1166,496,1653,No Event,baseline,1.0,2047,18782.46
2024-05-28,KR,43461,498,342,989,No Event,baseline,1.0,1325,13394.93
2024-05-28,JP,35928,386,302,702,No Event,baseline,1.0,1075,11519.06
2024-05-28,GLOBAL_WEST,68447,1162,431,1870,No Event,baseline,1.0,2173,17283.97
2024-05-29,KR,43289,465,407,1021,No Event,baseline,1.0,1324,11904.33
2024-05-29,JP,35772,360,226,684,No Event,baseline,1.0,1073,12595.79
2024-05-29,GLOBAL_WEST,68375,1181,443,1648,No Event,baseline,1.0,2126,17691.23
2024-05-30,KR,43079,495,382,1030,No Event,baseline,1.0,1281,14430.08
2024-05-30,JP,35617,405,270,810,No Event,baseline,1.0,1107,13329.56
2024-05-30,GLOBAL_WEST,68234,1187,472,1759,No Event,baseline,1.0,2070,17969.42
2024-05-31,KR,42851,454,414,1049,No Event,baseline,1.0,1321,13056.24
2024-05-31,JP,35481,432,306,732,No Event,baseline,1.0,1105,12348.78
2024-05-31,GLOBAL_WEST,68027,1248,540,1710,No Event,baseline,1.0,2092,19306.2
2024-06-01,KR,42585,451,415,1092,No Event,baseline,1.0,1286,11446.45
2024-06-01,JP,35527,390,299,686,No Event,baseline,1.0,1092,11832.28
2024-06-01,GLOBAL_WEST,68039,1228,545,1600,No Event,baseline,1.0,2110,18151.22
2024-06-02,KR,42478,435,383,956,No Event,baseline,1.0,1339,13603.56
2024-06-02,JP,35590,399,286,699,No Event,baseline,1.0,1028,10649.7
2024-06-02,GLOBAL_WEST,67981,1186,489,1718,No Event,baseline,1.0,2031,15741.94
2024-06-03,KR,42324,491,378,976,No Event,baseline,1.0,1282,12436.25
2024-06-03,JP,35567,444,315,681,No Event,baseline,1.0,1061,12609.83
2024-06-03,GLOBAL_WEST,68062,1186,507,1852,No Event,baseline,1.0,1987,15219.9
2024-06-04,KR,42114,494,335,1046,No Event,baseline,1.0,1268,12575.27
2024-06-04,JP,35634,408,283,690,No Event,baseline,1.0,1078,10938.25
2024-06-04,GLOBAL_WEST,67628,1154,480,1734,No Event,baseline,1.0,2117,18140.39
2024-06-05,KR,41816,411,383,1011,No Event,baseline,1.0,1332,13659.46
2024-06-05,JP,35653,381,269,652,No Event,baseline,1.0,1060,11487.46
2024-06-05,GLOBAL_WEST,67700,1241,509,1647,No Event,baseline,1.0,2026,19870.92
2024-06-06,KR,41635,445,352,965,No Event,baseline,1.0,1255,11657.07
2024-06-06,JP,35639,397,256,654,No Event,baseline,1.0,1115,11352.98
2024-06-06,GLOBAL_WEST,67830,1209,525,1738,No Event,baseline,1.0,2008,16850.49
2024-06-07,KR,41383,441,377,983,No Event,baseline,1.0,1226,12283.31
2024-06-07,JP,35542,422,334,778,No Event,baseline,1.0,1118,13377.18
2024-06-07,GLOBAL_WEST,67724,1271,545,1767,No Event,baseline,1.0,2051,16816.06
2024-06-08,KR,41298,480,432,950,No Event,baseline,1.0,1240,10952.1
2024-06-08,JP,35527,412,296,702,No Event,baseline,1.0,1070,12127.44
2024-06-08,GLOBAL_WEST,67990,1189,509,1572,No Event,baseline,1.0,2141,22095.47
2024-06-09,KR,41270,444,441,966,No Event,baseline,1.0,1290,13717.99
2024-06-09,JP,35611,385,271,710,No Event,baseline,1.0,1079,11792.81
2024-06-09,GLOBAL_WEST,67898,1210,484,1860,No Event,baseline,1.0,2086,17527.78
2024-06-10,KR,41177,479,368,919,No Event,baseline,1.0,1269,14910.13
2024-06-10,JP,35665,435,295,724,No Event,baseline,1.0,1026,11752.42
2024-06-10,GLOBAL_WEST,67847,1155,462,1747,No Event,baseline,1.0,2066,17412.02
2024-06-11,KR,41117,466,409,999,No Event,baseline,1.0,1255,11596.97
2024-06-11,JP,35482,341,280,754,No Event,baseline,1.0,1058,12744.96
2024-06-11,GLOBAL_WEST,67616,1199,481,1884,No Event,baseline,1.0,2019,17841.5
2024-06-12,KR,41179,454,412,932,No Event,baseline,1.0,1280,9513.21
2024-06-12,JP,35470,396,321,613,No Event,baseline,1.0,1122,15398.35
2024-06-12,GLOBAL_WEST,67543,1196,503,1583,No Event,baseline,1.0,2072,15562.31
2024-06-13,KR,40949,495,390,954,No Event,baseline,1.0,1252,13014.47
2024-06-13,JP,35531,403,319,674,No Event,baseline,1.0,1123,13233.49
2024-06-13,GLOBAL_WEST,67294,1125,474,1687,No Event,baseline,1.0,2068,18317.72
2024-06-14,KR,40838,517,371,956,No Event,baseline,1.0,1200,9437.3
2024-06-14,JP,35516,395,304,715,No Event,baseline,1.0,1087,11661.95
2024-06-14,GLOBAL_WEST,67038,1103,526,1766,No Event,baseline,1.0,2052,17129.78
2024-06-15,KR,40732,511,401,934,No Event,baseline,1.0,1187,9793.45
2024-06-15,JP,35642,440,313,708,No Event,baseline,1.0,1054,13411.15
2024-06-15,GLOBAL_WEST,66971,1141,503,1671,No Event,baseline,1.0,2025,17568.02
2024-06-16,KR,40719,481,397,869,No Event,baseline,1.0,1273,11607.07
2024-06-16,JP,35563,423,275,772,No Event,baseline,1.0,1125,13231.95
2024-06-16,GLOBAL_WEST,66882,1115,470,1657,No Event,baseline,1.0,2002,14927.11
2024-06-17,KR,40633,470,343,860,No Event,baseline,1.0,1171,11623.23
2024-06-17,JP,35785,376,308,648,No Event,baseline,1.0,1074,12154.18
2024-06-17,GLOBAL_WEST,66670,1114,472,1476,No Event,baseline,1.0,2008,13056.42
2024-06-18,KR,40833,483,427,891,No Event,baseline,1.0,1261,12810.81
2024-06-18,JP,35663,378,291,764,No Event,baseline,1.0,1072,10325.62
2024-06-18,GLOBAL_WEST,66541,1158,513,1673,No Event,baseline,1.0,2100,15546.88
2024-06-19,KR,40652,494,392,958,No Event,baseline,1.0,1217,10354.76
2024-06-19,JP,35538,404,251,719,No Event,baseline,1.0,1083,11778.05
2024-06-19,GLOBAL_WEST,66534,1158,446,1724,No Event,baseline,1.0,2057,19369.54
2024-06-20,KR,40391,449,411,952,No Event,baseline,1.0,1241,10230.28
2024-06-20,JP,35268,380,275,748,No Event,baseline,1.0,1106,10907.0
2024-06-20,GLOBAL_WEST,66677,1155,473,1789,No Event,baseline,1.0,1996,16633.68
2024-06-21,KR,40402,501,367,903,No Event,baseline,1.0,1189,9816.56
2024-06-21,JP,35147,384,260,718,No Event,baseline,1.0,1087,13428.09
2024-06-21,GLOBAL_WEST,66580,1117,526,1754,No Event,baseline,1.0,2052,16432.53
2024-06-22,KR,40485,520,408,918,No Event,baseline,1.0,1264,11426.26
2024-06-22,JP,35133,420,325,716,No Event,baseline,1.0,1054,9400.92
2024-06-22,GLOBAL_WEST,66708,1109,500,1676,No Event,baseline,1.0,1974,17417.34
2024-06-23,KR,40498,546,424,933,No Event,baseline,1.0,1190,13951.61
2024-06-23,JP,35022,418,307,653,No Event,baseline,1.0,1048,9206.18
2024-06-23,GLOBAL_WEST,66422,1076,485,1598,No Event,baseline,1.0,2019,19506.9
2024-06-24,KR,40396,465,375,980,No Event,baseline,1.0,1233,14520.6
2024-06-24,JP,35187,408,276,641,No Event,baseline,1.0,1114,9200.59
2024-06-24,GLOBAL_WEST,66485,1062,461,1625,No Event,baseline,1.0,2080,14710.83
2024-06-25,KR,40227,475,349,921,No Event,baseline,1.0,1210,12929.91
2024-06-25,JP,35203,448,272,678,No Event,baseline,1.0,1048,10068.67
2024-06-25,GLOBAL_WEST,66688,1023,489,1595,No Event,baseline,1.0,2060,17214.32
2024-06-26,KR,40587,669,649,802,Half-Anniversary Raid,milestone,1.0,1443,28049.41
2024-06-26,JP,35450,494,397,709,Half-Anniversary Raid,milestone,1.0,1270,27808.46
2024-06-26,GLOBAL_WEST,67894,1598,847,1353,Half-Anniversary Raid,milestone,1.0,2330,45102.18
2024-06-27,KR,41123,662,600,812,Half-Anniversary Raid,milestone,1.0,1498,26978.03
2024-06-27,JP,35528,471,357,706,Half-Anniversary Raid,milestone,1.0,1300,26721.11
2024-06-27,GLOBAL_WEST,68936,1517,873,1347,Half-Anniversary Raid,milestone,1.0,2459,41843.5
2024-06-28,KR,41598,622,654,878,Half-Anniversary Raid,milestone,1.0,1446,25171.23
2024-06-28,JP,35631,494,418,723,Half-Anniversary Raid,milestone,1.0,1256,24767.32
2024-06-28,GLOBAL_WEST,69838,1509,868,1536,Half-Anniversary Raid,milestone,1.0,2477,39844.3
2024-06-29,KR,41946,628,658,835,Half-Anniversary Raid,milestone,1.0,1496,29364.87
2024-06-29,JP,35913,501,383,696,Half-Anniversary Raid,milestone,1.0,1311,24087.02
2024-06-29,GLOBAL_WEST,70741,1500,862,1493,Half-Anniversary Raid,milestone,1.0,2413,39790.35
2024-06-30,KR,42392,727,656,934,Half-Anniversary Raid,milestone,1.0,1498,24514.54
2024-06-30,JP,36170,481,403,693,Half-Anniversary Raid,milestone,1.0,1271,26276.43
2024-06-30,GLOBAL_WEST,71396,1513,928,1578,Half-Anniversary Raid,milestone,1.0,2488,35556.69
2024-07-01,KR,42762,727,672,904,Half-Anniversary Raid,milestone,1.0,1507,26925.93
2024-07-01,JP,36441,547,373,705,Half-Anniversary Raid,milestone,1.0,1277,24952.58
2024-07-01,GLOBAL_WEST,72225,1513,867,1423,Half-Anniversary Raid,milestone,1.0,2602,43869.88
2024-07-02,KR,42933,695,605,953,Half-Anniversary Raid,milestone,1.0,1500,27527.86
2024-07-02,JP,36610,441,374,645,Half-Anniversary Raid,milestone,1.0,1264,24789.49
2024-07-02,GLOBAL_WEST,72914,1507,846,1614,Half-Anniversary Raid,milestone,1.0,2593,44464.58
2024-07-03,KR,43395,718,681,931,Half-Anniversary Raid | KR Summer Check-In,milestone | regional,1.0,1565,30831.03
2024-07-03,JP,36981,507,440,710,Half-Anniversary Raid | JP Star Festival,milestone | regional,1.0,1350,28204.93
2024-07-03,GLOBAL_WEST,73737,1602,994,1388,Half-Anniversary Raid | Global West Summer Celebration,milestone | regional,1.0,2665,51093.72
2024-07-04,KR,43665,768,682,993,Half-Anniversary Raid | KR Summer Check-In,milestone | regional,1.0,1546,28628.76
2024-07-04,JP,37440,589,422,670,Half-Anniversary Raid | JP Star Festival,milestone | regional,1.0,1323,24693.6
2024-07-04,GLOBAL_WEST,74646,1600,976,1611,Half-Anniversary Raid | Global West Summer Celebration,milestone | regional,1.0,2735,47123.07
2024-07-05,KR,44150,660,751,925,Half-Anniversary Raid | KR Summer Check-In,milestone | regional,1.0,1601,28629.21
2024-07-05,JP,37803,554,438,689,Half-Anniversary Raid | JP Star Festival,milestone | regional,1.0,1390,30032.0
2024-07-05,GLOBAL_WEST,75524,1549,1068,1670,Half-Anniversary Raid | Global West Summer Celebration,milestone | regional,1.0,2642,42552.58
2024-07-06,KR,44666,729,766,979,Half-Anniversary Raid | KR Summer Check-In,milestone | regional,1.0,1560,31211.58
2024-07-06,JP,38077,484,485,718,Half-Anniversary Raid | JP Star Festival,milestone | regional,1.0,1355,28623.83
2024-07-06,GLOBAL_WEST,76502,1525,1071,1570,Half-Anniversary Raid | Global West Summer Celebration,milestone | regional,1.0,2766,46364.46
2024-07-07,KR,45026,717,768,894,Half-Anniversary Raid | KR Summer Check-In,milestone | regional,1.0,1610,32256.1
2024-07-07,JP,38371,491,489,718,Half-Anniversary Raid | JP Star Festival,milestone | regional,1.0,1431,28766.2
2024-07-07,GLOBAL_WEST,77595,1550,1060,1635,Half-Anniversary Raid | Global West Summer Celebration,milestone | regional,1.0,2809,53622.06
2024-07-08,KR,45399,723,667,956,Half-Anniversary Raid,milestone,1.0,1689,26416.37
2024-07-08,JP,38573,527,425,778,Half-Anniversary Raid,milestone,1.0,1367,27999.69
2024-07-08,GLOBAL_WEST,78267,1448,924,1706,Half-Anniversary Raid,milestone,1.0,2780,51462.44
2024-07-09,KR,45806,718,650,918,Half-Anniversary Raid,milestone,1.0,1606,32262.63
2024-07-09,JP,38805,482,406,693,Half-Anniversary Raid,milestone,1.0,1417,30731.5
2024-07-09,GLOBAL_WEST,78803,1372,900,1747,Half-Anniversary Raid,milestone,1.0,2876,46710.57
2024-07-10,KR,45244,512,411,1251,No Event,baseline,1.0,1413,14048.08
2024-07-10,JP,38583,383,301,794,No Event,baseline,1.0,1214,14240.18
2024-07-10,GLOBAL_WEST,78479,976,513,1851,No Event,baseline,1.0,2256,19111.15
2024-07-11,KR,44905,464,392,1072,No Event,baseline,1.0,1361,13556.0
2024-07-11,JP,38339,361,329,842,No Event,baseline,1.0,1119,12225.72
2024-07-11,GLOBAL_WEST,77982,981,493,2047,No Event,baseline,1.0,2430,22226.56
2024-07-12,KR,44741,497,386,1042,No Event,baseline,1.0,1340,12895.27
2024-07-12,JP,38349,387,323,787,No Event,baseline,1.0,1129,11393.66
2024-07-12,GLOBAL_WEST,77723,913,558,1768,No Event,baseline,1.0,2445,18295.9
2024-07-13,KR,44898,584,413,986,No Event,baseline,1.0,1338,14891.77
2024-07-13,JP,38395,378,263,651,No Event,baseline,1.0,1137,10272.03
2024-07-13,GLOBAL_WEST,77350,1006,593,1923,No Event,baseline,1.0,2469,21792.58
2024-07-14,KR,44831,527,391,1016,No Event,baseline,1.0,1312,11476.54
2024-07-14,JP,38319,399,348,792,No Event,baseline,1.0,1215,11337.59
2024-07-14,GLOBAL_WEST,76601,938,577,2241,No Event,baseline,1.0,2389,21699.22
2024-07-15,KR,44827,511,392,943,No Event,baseline,1.0,1286,14766.4
2024-07-15,JP,38294,411,334,772,No Event,baseline,1.0,1161,12248.96
2024-07-15,GLOBAL_WEST,76233,974,520,1898,No Event,baseline,1.0,2417,18451.49
2024-07-16,KR,44604,565,378,1110,No Event,baseline,1.0,1333,15165.29
2024-07-16,JP,38218,395,249,723,No Event,baseline,1.0,1239,15287.54
2024-07-16,GLOBAL_WEST,75655,901,486,2112,No Event,baseline,1.0,2362,19931.71
2024-07-17,KR,44358,535,417,1031,No Event,baseline,1.0,1323,13426.85
2024-07-17,JP,38128,346,293,774,No Event,baseline,1.0,1159,11598.59
2024-07-17,GLOBAL_WEST,74981,925,488,2004,No Event,baseline,1.0,2264,18737.99
2024-07-18,KR,44052,501,399,1101,No Event,baseline,1.0,1324,12837.95
2024-07-18,JP,37974,384,315,754,No Event,baseline,1.0,1157,12831.19
2024-07-18,GLOBAL_WEST,74535,890,525,1914,No Event,baseline,1.0,2217,16727.81
2024-07-19,KR,43883,524,380,1022,No Event,baseline,1.0,1347,14589.98
2024-07-19,JP,37820,426,330,829,No Event,baseline,1.0,1096,9460.01
2024-07-19,GLOBAL_WEST,74035,865,521,1807,No Event,baseline,1.0,2220,19801.58
2024-07-20,KR,43878,531,399,936,No Event,baseline,1.0,1386,12801.87
2024-07-20,JP,37839,416,309,722,No Event,baseline,1.0,1187,15582.2
2024-07-20,GLOBAL_WEST,73934,867,566,1874,No Event,baseline,1.0,2220,21520.02
2024-07-21,KR,43824,524,441,1104,No Event,baseline,1.0,1378,12854.82
2024-07-21,JP,37802,465,328,807,No Event,baseline,1.0,1118,12760.61
2024-07-21,GLOBAL_WEST,73311,925,526,2041,No Event,baseline,1.0,2261,23175.71
2024-07-22,KR,43810,471,391,979,No Event,baseline,1.0,1346,12368.36
2024-07-22,JP,37823,387,335,781,No Event,baseline,1.0,1213,13430.12
2024-07-22,GLOBAL_WEST,72530,891,468,1841,No Event,baseline,1.0,2204,18459.42
2024-07-23,KR,43528,572,362,1074,No Event,baseline,1.0,1280,12018.95
2024-07-23,JP,37578,342,299,771,No Event,baseline,1.0,1081,13336.93
2024-07-23,GLOBAL_WEST,72060,898,499,1876,No Event,baseline,1.0,2210,22118.3
2024-07-24,KR,43370,499,374,1004,No Event,baseline,1.0,1315,10831.78
2024-07-24,JP,37730,379,340,723,No Event,baseline,1.0,1170,11992.29
2024-07-24,GLOBAL_WEST,71576,898,471,1811,No Event,baseline,1.0,2098,14269.74
2024-07-25,KR,43361,518,371,930,No Event,baseline,1.0,1271,9487.82
2024-07-25,JP,37815,363,313,628,No Event,baseline,1.0,1105,12481.29
2024-07-25,GLOBAL_WEST,71368,922,518,1787,No Event,baseline,1.0,2221,18889.98
2024-07-26,KR,43186,509,399,945,No Event,baseline,1.0,1347,12261.22
2024-07-26,JP,37703,329,304,702,No Event,baseline,1.0,1112,12114.33
2024-07-26,GLOBAL_WEST,70839,915,536,1823,No Event,baseline,1.0,2160,17841.58
2024-07-27,KR,43179,526,401,1026,No Event,baseline,1.0,1333,14748.43
2024-07-27,JP,37682,353,306,739,No Event,baseline,1.0,1118,13981.41
2024-07-27,GLOBAL_WEST,70591,910,476,1725,No Event,baseline,1.0,2182,21165.99
2024-07-28,KR,43054,517,404,999,No Event,baseline,1.0,1239,11955.53
2024-07-28,JP,37467,375,341,812,No Event,baseline,1.0,1153,13119.57
2024-07-28,GLOBAL_WEST,70015,921,530,1948,No Event,baseline,1.0,2022,17343.17
2024-07-29,KR,42806,497,398,1059,No Event,baseline,1.0,1317,12224.18
2024-07-29,JP,37604,389,297,673,No Event,baseline,1.0,1158,15042.1
2024-07-29,GLOBAL_WEST,69634,908,511,1704,No Event,baseline,1.0,2178,16555.65
2024-07-30,KR,42503,521,380,1078,No Event,baseline,1.0,1322,14598.56
2024-07-30,JP,37516,349,289,686,No Event,baseline,1.0,1163,11731.97
2024-07-30,GLOBAL_WEST,69258,930,514,1877,No Event,baseline,1.0,2036,19508.94
2024-07-31,KR,42304,532,354,985,No Event,baseline,1.0,1240,13879.38
2024-07-31,JP,37376,347,284,753,No Event,baseline,1.0,1163,13484.2
2024-07-31,GLOBAL_WEST,68974,896,510,1665,No Event,baseline,1.0,1979,14370.81
2024-08-01,KR,42350,459,451,950,No Event,baseline,1.0,1320,15653.68
2024-08-01,JP,37160,322,282,860,No Event,baseline,1.0,1139,13175.6
2024-08-01,GLOBAL_WEST,68369,948,482,1692,No Event,baseline,1.0,2041,16794.33
2024-08-02,KR,42169,499,407,947,No Event,baseline,1.0,1262,12848.46
2024-08-02,JP,37177,375,355,660,No Event,baseline,1.0,1131,13165.05
2024-08-02,GLOBAL_WEST,68046,972,503,1665,No Event,baseline,1.0,2059,14562.92
2024-08-03,KR,42431,558,424,950,No Event,baseline,1.0,1265,11816.2
2024-08-03,JP,37346,384,353,657,No Event,baseline,1.0,1092,12836.17
2024-08-03,GLOBAL_WEST,67880,978,514,1800,No Event,baseline,1.0,2065,15204.43
2024-08-04,KR,42366,476,374,965,No Event,baseline,1.0,1281,12593.47
2024-08-04,JP,37174,391,309,778,No Event,baseline,1.0,1120,14216.88
2024-08-04,GLOBAL_WEST,67725,980,505,1736,No Event,baseline,1.0,2005,20281.96
2024-08-05,KR,42228,509,384,1005,No Event,baseline,1.0,1276,12406.46
2024-08-05,JP,37234,328,315,691,No Event,baseline,1.0,1080,12591.1
2024-08-05,GLOBAL_WEST,67279,939,472,1843,No Event,baseline,1.0,2067,20015.86
2024-08-06,KR,42197,478,389,1078,No Event,baseline,1.0,1257,13704.36
2024-08-06,JP,36999,326,301,774,No Event,baseline,1.0,1169,13499.38
2024-08-06,GLOBAL_WEST,67107,970,480,1577,No Event,baseline,1.0,2093,21103.39
2024-08-07,KR,42002,569,355,1038,No Event,baseline,1.0,1323,11615.09
2024-08-07,JP,36869,389,312,724,No Event,baseline,1.0,1134,11967.61
2024-08-07,GLOBAL_WEST,66792,984,462,1770,No Event,baseline,1.0,1975,21524.21
2024-08-08,KR,41933,492,420,1064,No Event,baseline,1.0,1260,13631.32
2024-08-08,JP,36670,394,265,820,No Event,baseline,1.0,1128,12626.56
2024-08-08,GLOBAL_WEST,66527,946,463,1850,No Event,baseline,1.0,1981,19112.85
2024-08-09,KR,41667,497,433,1014,No Event,baseline,1.0,1326,14999.71
2024-08-09,JP,36597,334,305,738,No Event,baseline,1.0,1059,12201.65
2024-08-09,GLOBAL_WEST,65994,977,491,1793,No Event,baseline,1.0,1998,15005.37
2024-08-10,KR,41537,490,392,1007,No Event,baseline,1.0,1271,12796.68
2024-08-10,JP,36366,383,306,825,No Event,baseline,1.0,1119,11697.88
2024-08-10,GLOBAL_WEST,65429,1017,459,1758,No Event,baseline,1.0,1957,19827.01
2024-08-11,KR,41161,456,400,1002,No Event,baseline,1.0,1225,11750.44
2024-08-11,JP,36396,352,355,742,No Event,baseline,1.0,1080,12125.36
2024-08-11,GLOBAL_WEST,65327,1037,514,1600,No Event,baseline,1.0,1911,20030.29
2024-08-12,KR,40829,510,424,1106,No Event,baseline,1.0,1229,13312.65
2024-08-12,JP,36204,309,275,765,No Event,baseline,1.0,1049,9677.62
2024-08-12,GLOBAL_WEST,65034,964,464,1805,No Event,baseline,1.0,1964,16880.75
2024-08-13,KR,40945,492,373,961,No Event,baseline,1.0,1264,11181.48
2024-08-13,JP,36259,415,294,665,No Event,baseline,1.0,1096,11381.32
2024-08-13,GLOBAL_WEST,65116,1027,484,1585,No Event,baseline,1.0,2001,14936.06
2024-08-14,KR,40790,418,370,987,No Event,baseline,1.0,1227,13072.35
2024-08-14,JP,36161,377,258,769,No Event,baseline,1.0,1092,11339.54
2024-08-14,GLOBAL_WEST,64677,993,471,1692,No Event,baseline,1.0,1960,21227.89
2024-08-15,KR,40657,465,366,992,No Event,baseline,1.0,1217,11747.62
2024-08-15,JP,36127,326,309,752,No Event,baseline,1.0,1052,9798.26
2024-08-15,GLOBAL_WEST,64264,996,476,1624,No Event,baseline,1.0,1904,14540.66
2024-08-16,KR,40704,441,401,910,No Event,baseline,1.0,1272,11692.14
2024-08-16,JP,36014,341,269,747,No Event,baseline,1.0,1100,11496.24
2024-08-16,GLOBAL_WEST,64152,1045,508,1547,No Event,baseline,1.0,1907,16680.58
2024-08-17,KR,40541,495,368,939,No Event,baseline,1.0,1218,12377.83
2024-08-17,JP,35906,383,256,732,No Event,baseline,1.0,1029,10125.43
2024-08-17,GLOBAL_WEST,63668,1026,548,1749,No Event,baseline,1.0,1970,16945.26
2024-08-18,KR,40499,468,365,1005,No Event,baseline,1.0,1268,12797.76
2024-08-18,JP,35735,362,303,723,No Event,baseline,1.0,1076,10989.0
2024-08-18,GLOBAL_WEST,63401,1032,501,1574,No Event,baseline,1.0,2007,16561.8
2024-08-19,KR,40248,479,373,1009,No Event,baseline,1.0,1197,13657.86
2024-08-19,JP,35554,362,311,863,No Event,baseline,1.0,1106,13596.27
2024-08-19,GLOBAL_WEST,63304,1095,437,1661,No Event,baseline,1.0,1854,14824.32
2024-08-20,KR,40140,467,392,909,No Event,baseline,1.0,1213,9373.02
2024-08-20,JP,35356,296,292,781,No Event,baseline,1.0,1052,9543.56
2024-08-20,GLOBAL_WEST,63174,1102,442,1591,No Event,baseline,1.0,1852,14851.38
2024-08-21,KR,40083,428,377,875,No Event,baseline,1.0,1194,10762.72
2024-08-21,JP,35218,300,289,725,No Event,baseline,1.0,1070,10771.68
2024-08-21,GLOBAL_WEST,62946,1031,483,1585,No Event,baseline,1.0,1917,17545.91
2024-08-22,KR,39880,470,369,1031,No Event,baseline,1.0,1148,11636.67
2024-08-22,JP,35169,401,264,718,No Event,baseline,1.0,1065,12368.83
2024-08-22,GLOBAL_WEST,62733,1041,476,1561,No Event,baseline,1.0,1973,18301.55
2024-08-23,KR,39799,461,379,986,No Event,baseline,1.0,1212,10024.55
2024-08-23,JP,35121,354,286,663,No Event,baseline,1.0,1053,10929.8
2024-08-23,GLOBAL_WEST,62638,1115,510,1553,No Event,baseline,1.0,1866,16075.41
2024-08-24,KR,39845,418,384,924,No Event,baseline,1.0,1145,10716.22
2024-08-24,JP,35107,333,304,630,No Event,baseline,1.0,1068,10177.64
2024-08-24,GLOBAL_WEST,62800,1083,468,1441,No Event,baseline,1.0,1821,16620.49
2024-08-25,KR,39666,436,382,957,No Event,baseline,1.0,1206,13362.44
2024-08-25,JP,34962,378,279,723,No Event,baseline,1.0,1047,9639.93
2024-08-25,GLOBAL_WEST,62569,1131,517,1516,No Event,baseline,1.0,1887,17117.08
2024-08-26,KR,39533,486,335,920,No Event,baseline,1.0,1195,12899.75
2024-08-26,JP,34757,301,281,720,No Event,baseline,1.0,1060,13181.08
2024-08-26,GLOBAL_WEST,62640,1099,482,1709,No Event,baseline,1.0,1833,16164.99
2024-08-27,KR,39399,434,382,962,No Event,baseline,1.0,1198,11109.99
2024-08-27,JP,34811,361,271,606,No Event,baseline,1.0,1085,11488.47
2024-08-27,GLOBAL_WEST,62466,1106,448,1710,No Event,baseline,1.0,1900,14160.92
2024-08-28,KR,39448,493,401,1010,No Event,baseline,1.0,1136,10715.04
2024-08-28,JP,34827,371,320,802,No Event,baseline,1.0,1054,12131.27
2024-08-28,GLOBAL_WEST,62539,1173,461,1538,No Event,baseline,1.0,1982,14567.89
2024-08-29,KR,39365,395,367,900,No Event,baseline,1.0,1214,12626.56
2024-08-29,JP,34764,323,258,641,No Event,baseline,1.0,1039,13698.88
2024-08-29,GLOBAL_WEST,62708,1098,483,1476,No Event,baseline,1.0,1826,14690.89
2024-08-30,KR,39136,396,387,962,No Event,baseline,1.0,1157,10961.41
2024-08-30,JP,34754,357,287,731,No Event,baseline,1.0,1020,10607.49
2024-08-30,GLOBAL_WEST,62924,1101,495,1521,No Event,baseline,1.0,1824,15591.7
2024-08-31,KR,39010,377,395,904,No Event,baseline,1.0,1134,12343.83
2024-08-31,JP,34692,348,321,674,No Event,baseline,1.0,1035,12467.05
2024-08-31,GLOBAL_WEST,63186,1147,487,1428,No Event,baseline,1.0,1813,16931.25
2024-09-01,KR,38877,426,366,965,No Event,baseline,1.0,1164,12391.42
2024-09-01,JP,34849,387,331,673,No Event,baseline,1.0,1067,10446.66
2024-09-01,GLOBAL_WEST,62895,1146,514,1761,No Event,baseline,1.0,1913,16415.47
2024-09-02,KR,38868,451,389,960,No Event,baseline,1.0,1113,9199.14
2024-09-02,JP,34778,327,270,736,No Event,baseline,1.0,1071,11456.61
2024-09-02,GLOBAL_WEST,62641,1066,439,1660,No Event,baseline,1.0,1796,15616.97
2024-09-03,KR,38648,478,349,955,No Event,baseline,1.0,1174,10682.6
2024-09-03,JP,34651,363,262,773,No Event,baseline,1.0,1046,9540.55
2024-09-03,GLOBAL_WEST,62422,1083,465,1654,No Event,baseline,1.0,1822,15385.62
2024-09-04,KR,39434,949,747,800,Fantasy Saga Crossover,collaboration,1.0,1642,31831.12
2024-09-04,JP,35094,632,451,628,Fantasy Saga Crossover,collaboration,1.0,1451,29334.79
2024-09-04,GLOBAL_WEST,64964,2793,1028,1293,Fantasy Saga Crossover,collaboration,1.0,2665,52275.5
2024-09-05,KR,40388,985,771,760,Fantasy Saga Crossover,collaboration,1.0,1658,34297.46
2024-09-05,JP,35641,669,421,608,Fantasy Saga Crossover,collaboration,1.0,1485,30454.93
2024-09-05,GLOBAL_WEST,67464,2719,1037,1260,Fantasy Saga Crossover,collaboration,1.0,2820,58221.74
2024-09-06,KR,41483,975,831,755,Fantasy Saga Crossover,collaboration,1.0,1703,32119.82
2024-09-06,JP,36168,639,488,679,Fantasy Saga Crossover,collaboration,1.0,1454,27887.65
2024-09-06,GLOBAL_WEST,69780,2753,1149,1349,Fantasy Saga Crossover,collaboration,1.0,2791,55556.66
2024-09-07,KR,42365,961,843,764,Fantasy Saga Crossover,collaboration,1.0,1683,33366.64
2024-09-07,JP,36619,652,489,749,Fantasy Saga Crossover,collaboration,1.0,1500,29778.17
2024-09-07,GLOBAL_WEST,72139,2770,1156,1473,Fantasy Saga Crossover,collaboration,1.0,2874,52842.97
2024-09-08,KR,43409,977,869,777,Fantasy Saga Crossover,collaboration,1.0,1741,37554.47
2024-09-08,JP,37178,657,476,650,Fantasy Saga Crossover,collaboration,1.0,1589,33229.12
2024-09-08,GLOBAL_WEST,74789,2688,1158,1429,Fantasy Saga Crossover,collaboration,1.0,2951,52755.57
2024-09-09,KR,44528,977,801,810,Fantasy Saga Crossover,collaboration,1.0,1877,37857.96
2024-09-09,JP,37571,660,496,713,Fantasy Saga Crossover,collaboration,1.0,1538,32649.81
2024-09-09,GLOBAL_WEST,77273,2712,1163,1499,Fantasy Saga Crossover,collaboration,1.0,3120,63587.05
2024-09-10,KR,45718,1006,862,785,Fantasy Saga Crossover,collaboration,1.0,1860,38889.8
2024-09-10,JP,38034,657,499,712,Fantasy Saga Crossover,collaboration,1.0,1529,31380.3
2024-09-10,GLOBAL_WEST,79795,2645,1160,1532,Fantasy Saga Crossover,collaboration,1.0,3269,56690.44
2024-09-11,KR,46653,884,816,761,Fantasy Saga Crossover,collaboration,1.0,1874,40347.3
2024-09-11,JP,38446,647,484,661,Fantasy Saga Crossover,collaboration,1.0,1581,35189.63
2024-09-11,GLOBAL_WEST,82344,2703,1155,1574,Fantasy Saga Crossover,collaboration,1.0,3494,67277.68
2024-09-12,KR,47671,1026,821,832,Fantasy Saga Crossover,collaboration,1.0,1955,42196.16
2024-09-12,JP,38960,680,471,648,Fantasy Saga Crossover,collaboration,1.0,1595,34768.67
2024-09-12,GLOBAL_WEST,84863,2700,1162,1547,Fantasy Saga Crossover,collaboration,1.0,3541,64935.73
2024-09-13,KR,48655,979,916,928,Fantasy Saga Crossover,collaboration,1.0,1919,39526.61
2024-09-13,JP,39426,657,546,729,Fantasy Saga Crossover,collaboration,1.0,1566,33889.41
2024-09-13,GLOBAL_WEST,87407,2724,1278,1494,Fantasy Saga Crossover,collaboration,1.0,3748,72948.96
2024-09-14,KR,49765,1009,932,953,Fantasy Saga Crossover,collaboration,1.0,2044,40954.97
2024-09-14,JP,39806,614,498,749,Fantasy Saga Crossover,collaboration,1.0,1647,37542.84
2024-09-14,GLOBAL_WEST,89615,2621,1332,1614,Fantasy Saga Crossover,collaboration,1.0,3723,61029.62
2024-09-15,KR,50728,1003,885,876,Fantasy Saga Crossover,collaboration,1.0,2089,41836.73
2024-09-15,JP,40351,704,516,733,Fantasy Saga Crossover,collaboration,1.0,1693,34246.79
2024-09-15,GLOBAL_WEST,91814,2652,1344,1779,Fantasy Saga Crossover,collaboration,1.0,3819,75089.7
2024-09-16,KR,51635,1000,876,963,Fantasy Saga Crossover,collaboration,1.0,2188,44991.25
2024-09-16,JP,40836,707,523,672,Fantasy Saga Crossover,collaboration,1.0,1712,36562.35
2024-09-16,GLOBAL_WEST,94001,2624,1320,1790,Fantasy Saga Crossover,collaboration,1.0,3959,80562.75
2024-09-17,KR,52601,1018,895,993,Fantasy Saga Crossover,collaboration,1.0,2183,41634.41
2024-09-17,JP,41167,651,522,822,Fantasy Saga Crossover,collaboration,1.0,1762,37829.16
2024-09-17,GLOBAL_WEST,95843,2618,1291,1797,Fantasy Saga Crossover,collaboration,1.0,3913,75692.56
2024-09-18,KR,53495,993,917,1009,Fantasy Saga Crossover,collaboration,1.0,2123,42558.59
2024-09-18,JP,41776,640,557,566,Fantasy Saga Crossover,collaboration,1.0,1742,36493.94
2024-09-18,GLOBAL_WEST,98096,2516,1348,1698,Fantasy Saga Crossover,collaboration,1.0,4064,81748.52
2024-09-19,KR,54114,1036,926,1127,Fantasy Saga Crossover,collaboration,1.0,2187,46109.63
2024-09-19,JP,42196,630,499,646,Fantasy Saga Crossover,collaboration,1.0,1778,40662.14
2024-09-19,GLOBAL_WEST,100142,2538,1339,1855,Fantasy Saga Crossover,collaboration,1.0,4058,72981.21
2024-09-20,KR,55068,1017,997,1036,Fantasy Saga Crossover,collaboration,1.0,2318,52054.85
2024-09-20,JP,42354,576,530,769,Fantasy Saga Crossover,collaboration,1.0,1672,39524.09
2024-09-20,GLOBAL_WEST,102404,2548,1441,1675,Fantasy Saga Crossover,collaboration,1.0,4044,79690.91
2024-09-21,KR,55958,974,964,1105,Fantasy Saga Crossover,collaboration,1.0,2342,46951.68
2024-09-21,JP,42992,694,539,661,Fantasy Saga Crossover,collaboration,1.0,1753,40212.36
2024-09-21,GLOBAL_WEST,104043,2530,1436,2014,Fantasy Saga Crossover,collaboration,1.0,4257,79469.15
2024-09-22,KR,56791,1047,1011,1112,Fantasy Saga Crossover,collaboration,1.0,2232,46856.92
2024-09-22,JP,43316,678,560,780,Fantasy Saga Crossover,collaboration,1.0,1813,33599.7
2024-09-22,GLOBAL_WEST,106064,2468,1500,1884,Fantasy Saga Crossover,collaboration,1.0,4440,73911.13
2024-09-23,KR,57482,1014,941,1066,Fantasy Saga Crossover,collaboration,1.0,2321,49275.43
2024-09-23,JP,43609,654,546,866,Fantasy Saga Crossover,collaboration,1.0,1812,38428.47
2024-09-23,GLOBAL_WEST,107926,2492,1412,2187,Fantasy Saga Crossover,collaboration,1.0,4385,94866.91
2024-09-24,KR,58110,992,934,1171,Fantasy Saga Crossover,collaboration,1.0,2350,49621.15
2024-09-24,JP,43892,662,502,839,Fantasy Saga Crossover,collaboration,1.0,1804,33360.02
2024-09-24,GLOBAL_WEST,109394,2444,1395,1901,Fantasy Saga Crossover,collaboration,1.0,4311,83080.64
2024-09-25,KR,58961,1024,966,1059,Fantasy Saga Crossover,collaboration,1.0,2357,49683.01
2024-09-25,JP,44278,667,513,824,Fantasy Saga Crossover,collaboration,1.0,1825,39278.38
2024-09-25,GLOBAL_WEST,111116,2476,1412,2183,Fantasy Saga Crossover,collaboration,1.0,4552,88690.98
2024-09-26,KR,58719,508,581,1330,Regional Autumn Festival,seasonal,1.0,1822,31924.73
2024-09-26,JP,44220,409,373,806,Regional Autumn Festival,seasonal,1.0,1363,27675.8
2024-09-26,GLOBAL_WEST,110342,1122,819,2738,Regional Autumn Festival,seasonal,1.0,3596,52050.35
2024-09-27,KR,58701,498,630,1236,Regional Autumn Festival,seasonal,1.0,1850,27289.19
2024-09-27,JP,44203,358,401,792,Regional Autumn Festival,seasonal,1.0,1434,25167.12
2024-09-27,GLOBAL_WEST,109621,1134,871,2774,Regional Autumn Festival,seasonal,1.0,3567,48040.38
2024-09-28,KR,58786,531,645,1345,Regional Autumn Festival,seasonal,1.0,1741,28946.87
2024-09-28,JP,44067,440,373,865,Regional Autumn Festival,seasonal,1.0,1367,22741.23
2024-09-28,GLOBAL_WEST,108939,1072,907,2509,Regional Autumn Festival,seasonal,1.0,3404,50616.27
2024-09-29,KR,58660,513,633,1266,Regional Autumn Festival,seasonal,1.0,1805,30067.21
2024-09-29,JP,43840,390,353,908,Regional Autumn Festival,seasonal,1.0,1411,28221.63
2024-09-29,GLOBAL_WEST,108283,1055,867,2532,Regional Autumn Festival,seasonal,1.0,3468,53172.12
2024-09-30,KR,58306,513,592,1385,Regional Autumn Festival,seasonal,1.0,1871,32713.41
2024-09-30,JP,43829,425,366,885,Regional Autumn Festival,seasonal,1.0,1409,25309.71
2024-09-30,GLOBAL_WEST,107856,1021,838,2329,Regional Autumn Festival,seasonal,1.0,3347,57198.6
2024-10-01,KR,58079,474,556,1373,Regional Autumn Festival,seasonal,1.0,1836,30581.64
2024-10-01,JP,43744,400,373,896,Regional Autumn Festival,seasonal,1.0,1400,27030.88
2024-10-01,GLOBAL_WEST,106813,1066,799,2610,Regional Autumn Festival,seasonal,1.0,3476,56255.05
2024-10-02,KR,57659,478,599,1349,Regional Autumn Festival,seasonal,1.0,1803,29955.13
2024-10-02,JP,43622,363,367,925,Regional Autumn Festival,seasonal,1.0,1393,22677.3
2024-10-02,GLOBAL_WEST,106212,1031,800,2653,Regional Autumn Festival,seasonal,1.0,3387,51274.32
2024-10-03,KR,57710,554,556,1183,Regional Autumn Festival,seasonal,1.0,1855,32440.36
2024-10-03,JP,43534,379,372,871,Regional Autumn Festival,seasonal,1.0,1408,26437.56
2024-10-03,GLOBAL_WEST,105679,1024,809,2264,Regional Autumn Festival,seasonal,1.0,3354,51215.26
2024-10-04,KR,57399,476,592,1401,Regional Autumn Festival,seasonal,1.0,1788,27217.66
2024-10-04,JP,43573,383,388,854,Regional Autumn Festival,seasonal,1.0,1413,26581.42
2024-10-04,GLOBAL_WEST,105040,1027,863,2479,Regional Autumn Festival,seasonal,1.0,3288,45040.04
2024-10-05,KR,57134,492,647,1319,Regional Autumn Festival,seasonal,1.0,1857,30557.43
2024-10-05,JP,43649,391,419,812,Regional Autumn Festival,seasonal,1.0,1423,24581.38
2024-10-05,GLOBAL_WEST,104467,1039,856,2501,Regional Autumn Festival,seasonal,1.0,3250,49858.07
2024-10-06,KR,56816,521,566,1293,Regional Autumn Festival,seasonal,1.0,1775,27711.1
2024-10-06,JP,43504,372,409,919,Regional Autumn Festival,seasonal,1.0,1403,23722.85
2024-10-06,GLOBAL_WEST,104114,986,840,2325,Regional Autumn Festival,seasonal,1.0,3268,57993.85
2024-10-07,KR,56668,485,530,1182,Regional Autumn Festival,seasonal,1.0,1829,34272.24
2024-10-07,JP,43269,374,358,785,Regional Autumn Festival,seasonal,1.0,1343,23501.22
2024-10-07,GLOBAL_WEST,103801,1013,780,2325,Regional Autumn Festival,seasonal,1.0,3411,57646.92
2024-10-08,KR,56572,510,582,1188,Regional Autumn Festival,seasonal,1.0,1807,32500.34
2024-10-08,JP,43228,401,352,828,Regional Autumn Festival,seasonal,1.0,1347,26652.57
2024-10-08,GLOBAL_WEST,103139,953,764,2533,Regional Autumn Festival,seasonal,1.0,3322,56329.69
2024-10-09,KR,56332,554,554,1261,Regional Autumn Festival,seasonal,1.0,1806,27077.12
2024-10-09,JP,43207,419,363,839,Regional Autumn Festival,seasonal,1.0,1268,21455.38
2024-10-09,GLOBAL_WEST,102378,945,791,2321,Regional Autumn Festival,seasonal,1.0,3163,46411.24
2024-10-10,KR,56206,508,494,1205,No Event,baseline,1.0,1671,18158.68
2024-10-10,JP,42842,301,334,917,No Event,baseline,1.0,1294,15027.97
2024-10-10,GLOBAL_WEST,101352,817,635,2512,No Event,baseline,1.0,2992,26014.19
2024-10-11,KR,55680,428,448,1501,No Event,baseline,1.0,1705,19525.97
2024-10-11,JP,42573,332,353,848,No Event,baseline,1.0,1287,13903.42
2024-10-11,GLOBAL_WEST,100256,867,594,2606,No Event,baseline,1.0,2804,29048.35
2024-10-12,KR,55318,513,442,1214,No Event,baseline,1.0,1613,13266.02
2024-10-12,JP,42297,306,360,851,No Event,baseline,1.0,1187,12091.29
2024-10-12,GLOBAL_WEST,99177,797,671,2615,No Event,baseline,1.0,2867,31708.22
2024-10-13,KR,54937,429,505,1307,No Event,baseline,1.0,1657,18291.39
2024-10-13,JP,42212,374,328,776,No Event,baseline,1.0,1256,11421.28
2024-10-13,GLOBAL_WEST,98284,832,654,2532,No Event,baseline,1.0,3117,25685.56
2024-10-14,KR,54584,458,470,1331,No Event,baseline,1.0,1577,11989.03
2024-10-14,JP,41920,377,279,862,No Event,baseline,1.0,1236,13901.41
2024-10-14,GLOBAL_WEST,97283,784,578,2485,No Event,baseline,1.0,2824,22956.71
2024-10-15,KR,54260,497,459,1264,No Event,baseline,1.0,1607,16265.13
2024-10-15,JP,41540,338,296,852,No Event,baseline,1.0,1234,13463.39
2024-10-15,GLOBAL_WEST,96354,812,548,2371,No Event,baseline,1.0,2873,24613.46
2024-10-16,KR,53967,554,454,1285,No Event,baseline,1.0,1616,15422.3
2024-10-16,JP,41281,339,321,901,No Event,baseline,1.0,1223,13569.43
2024-10-16,GLOBAL_WEST,95175,826,576,2526,No Event,baseline,1.0,2918,22420.68
2024-10-17,KR,53436,495,428,1427,No Event,baseline,1.0,1569,17507.32
2024-10-17,JP,41103,330,313,820,No Event,baseline,1.0,1211,10911.15
2024-10-17,GLOBAL_WEST,94091,804,575,2533,No Event,baseline,1.0,2714,27126.17
2024-10-18,KR,52829,426,461,1418,No Event,baseline,1.0,1578,15587.03
2024-10-18,JP,41057,398,315,856,No Event,baseline,1.0,1236,12742.91
2024-10-18,GLOBAL_WEST,93164,809,621,2310,No Event,baseline,1.0,2603,28447.27
2024-10-19,KR,52483,406,485,1279,No Event,baseline,1.0,1600,19751.45
2024-10-19,JP,40886,372,326,869,No Event,baseline,1.0,1226,13194.51
2024-10-19,GLOBAL_WEST,91983,774,597,2634,No Event,baseline,1.0,2685,20128.79
2024-10-20,KR,52139,456,481,1268,No Event,baseline,1.0,1565,18241.4
2024-10-20,JP,40706,358,335,936,No Event,baseline,1.0,1227,13427.42
2024-10-20,GLOBAL_WEST,90739,799,610,2504,No Event,baseline,1.0,2652,26069.0
2024-10-21,KR,51995,399,414,1106,No Event,baseline,1.0,1580,16264.39
2024-10-21,JP,40327,308,271,846,No Event,baseline,1.0,1171,13478.46
2024-10-21,GLOBAL_WEST,90094,800,557,2413,No Event,baseline,1.0,2649,25872.18
2024-10-22,KR,51760,525,396,1203,No Event,baseline,1.0,1581,18114.6
2024-10-22,JP,40295,336,274,751,No Event,baseline,1.0,1155,13089.72
2024-10-22,GLOBAL_WEST,89234,764,564,2382,No Event,baseline,1.0,2750,24441.29
2024-10-23,KR,51432,529,407,1218,No Event,baseline,1.0,1510,15923.76
2024-10-23,JP,39993,333,312,831,No Event,baseline,1.0,1215,13591.21
2024-10-23,GLOBAL_WEST,88068,791,560,2289,No Event,baseline,1.0,2576,19972.73
2024-10-24,KR,50990,507,406,1344,No Event,baseline,1.0,1530,13006.73
2024-10-24,JP,39927,381,299,795,No Event,baseline,1.0,1182,11864.11
2024-10-24,GLOBAL_WEST,87537,839,575,1983,No Event,baseline,1.0,2528,20599.12
2024-10-25,KR,50674,459,476,1196,No Event,baseline,1.0,1500,17459.62
2024-10-25,JP,39735,336,311,835,No Event,baseline,1.0,1209,14258.08
2024-10-25,GLOBAL_WEST,86804,820,595,2287,No Event,baseline,1.0,2660,23240.75
2024-10-26,KR,50271,493,481,1233,No Event,baseline,1.0,1484,16551.07
2024-10-26,JP,39625,338,303,844,No Event,baseline,1.0,1171,13660.54
2024-10-26,GLOBAL_WEST,85486,797,580,2424,No Event,baseline,1.0,2560,21762.29
2024-10-27,KR,49952,488,468,1259,No Event,baseline,1.0,1439,15804.13
2024-10-27,JP,39347,322,266,890,No Event,baseline,1.0,1139,11162.53
2024-10-27,GLOBAL_WEST,84911,801,627,2130,No Event,baseline,1.0,2470,20153.42
2024-10-28,KR,49651,485,448,1240,No Event,baseline,1.0,1441,16318.15
2024-10-28,JP,39154,293,278,801,No Event,baseline,1.0,1187,11965.32
2024-10-28,GLOBAL_WEST,84166,840,509,2119,No Event,baseline,1.0,2603,22852.71
2024-10-29,KR,49553,504,399,1062,No Event,baseline,1.0,1475,14110.93
2024-10-29,JP,38913,357,306,841,No Event,baseline,1.0,1202,12596.45
2024-10-29,GLOBAL_WEST,83664,849,561,2065,No Event,baseline,1.0,2538,20260.87
2024-10-30,KR,49058,497,402,1199,No Event,baseline,1.0,1468,13156.92
2024-10-30,JP,38771,383,318,769,No Event,baseline,1.0,1157,13158.31
2024-10-30,GLOBAL_WEST,83225,831,551,2117,No Event,baseline,1.0,2394,22548.03
2024-10-31,KR,48746,514,439,1358,No Event,baseline,1.0,1529,14938.95
2024-10-31,JP,38581,407,270,896,No Event,baseline,1.0,1176,15015.43
2024-10-31,GLOBAL_WEST,82383,851,516,2254,No Event,baseline,1.0,2487,23921.22
2024-11-01,KR,48604,462,477,1111,No Event,baseline,1.0,1493,15188.78
2024-11-01,JP,38450,376,316,854,No Event,baseline,1.0,1167,13252.36
2024-11-01,GLOBAL_WEST,81663,783,595,2035,No Event,baseline,1.0,2452,20641.47
2024-11-02,KR,48462,481,435,1135,No Event,baseline,1.0,1435,15219.32
2024-11-02,JP,38389,287,314,744,No Event,baseline,1.0,1147,11341.57
2024-11-02,GLOBAL_WEST,81290,814,546,1923,No Event,baseline,1.0,2345,20506.43
2024-11-03,KR,48237,420,416,1116,No Event,baseline,1.0,1435,13556.97
2024-11-03,JP,38476,324,329,720,No Event,baseline,1.0,1050,13159.77
2024-11-03,GLOBAL_WEST,80694,845,618,2156,No Event,baseline,1.0,2425,17782.09
2024-11-04,KR,48016,440,415,1140,No Event,baseline,1.0,1426,14817.13
2024-11-04,JP,38474,359,256,785,No Event,baseline,1.0,1113,13028.56
2024-11-04,GLOBAL_WEST,79889,835,519,2154,No Event,baseline,1.0,2399,22028.02
2024-11-05,KR,47740,412,412,1170,No Event,baseline,1.0,1406,12339.5
2024-11-05,JP,38258,349,294,779,No Event,baseline,1.0,1196,13493.7
2024-11-05,GLOBAL_WEST,79080,896,495,2197,No Event,baseline,1.0,2333,21352.72
2024-11-06,KR,47309,469,450,1136,No Event,baseline,1.0,1400,12235.33
2024-11-06,JP,38074,306,319,702,No Event,baseline,1.0,1143,13967.51
2024-11-06,GLOBAL_WEST,78222,876,525,2072,No Event,baseline,1.0,2352,18911.61
2024-11-07,KR,47011,467,402,1005,No Event,baseline,1.0,1369,16761.04
2024-11-07,JP,37795,316,296,776,No Event,baseline,1.0,1151,12639.89
2024-11-07,GLOBAL_WEST,77862,884,568,2026,No Event,baseline,1.0,2236,26297.62
2024-11-08,KR,46757,434,412,1095,No Event,baseline,1.0,1366,11996.36
2024-11-08,JP,37341,286,317,900,No Event,baseline,1.0,1170,11534.53
2024-11-08,GLOBAL_WEST,76989,899,588,2127,No Event,baseline,1.0,2264,18743.84
2024-11-09,KR,46568,443,427,1112,No Event,baseline,1.0,1379,12248.53
2024-11-09,JP,37212,304,301,694,No Event,baseline,1.0,1111,11785.15
2024-11-09,GLOBAL_WEST,76461,909,583,1946,No Event,baseline,1.0,2251,15768.53
2024-11-10,KR,46228,446,383,1106,No Event,baseline,1.0,1350,11153.28
2024-11-10,JP,37138,301,319,743,No Event,baseline,1.0,1112,11355.74
2024-11-10,GLOBAL_WEST,75657,889,548,2013,No Event,baseline,1.0,2278,19831.73
2024-11-11,KR,45999,458,412,1121,No Event,baseline,1.0,1382,13093.45
2024-11-11,JP,36968,361,303,835,No Event,baseline,1.0,1114,11937.6
2024-11-11,GLOBAL_WEST,75221,967,483,1945,No Event,baseline,1.0,2179,15080.92
2024-11-12,KR,45770,440,409,1015,No Event,baseline,1.0,1409,15110.94
2024-11-12,JP,36899,406,309,807,No Event,baseline,1.0,1050,12151.8
2024-11-12,GLOBAL_WEST,74583,889,518,1878,No Event,baseline,1.0,2396,18692.66
2024-11-13,KR,45526,426,389,1037,No Event,baseline,1.0,1414,14166.25
2024-11-13,JP,36637,297,278,803,No Event,baseline,1.0,1096,9999.87
2024-11-13,GLOBAL_WEST,74277,889,543,1795,No Event,baseline,1.0,2173,18798.36
2024-11-14,KR,45096,441,366,1189,No Event,baseline,1.0,1315,15088.31
2024-11-14,JP,36505,341,273,717,No Event,baseline,1.0,1101,12684.84
2024-11-14,GLOBAL_WEST,73690,908,517,2002,No Event,baseline,1.0,2249,18546.06
2024-11-15,KR,44800,477,439,1093,No Event,baseline,1.0,1299,14473.28
2024-11-15,JP,36482,352,356,771,No Event,baseline,1.0,1080,11282.12
2024-11-15,GLOBAL_WEST,73078,904,499,2005,No Event,baseline,1.0,2041,18035.83
2024-11-16,KR,44399,422,404,1036,No Event,baseline,1.0,1323,13264.99
2024-11-16,JP,36362,370,264,817,No Event,baseline,1.0,1096,11300.18
2024-11-16,GLOBAL_WEST,72599,940,547,1867,No Event,baseline,1.0,2184,20047.09
2024-11-17,KR,44324,413,382,1094,No Event,baseline,1.0,1289,13593.68
2024-11-17,JP,36443,315,285,676,No Event,baseline,1.0,1052,10484.67
2024-11-17,GLOBAL_WEST,72003,915,539,2055,No Event,baseline,1.0,2196,16914.4
2024-11-18,KR,44052,413,364,1046,No Event,baseline,1.0,1309,12067.87
2024-11-18,JP,36475,305,288,717,No Event,baseline,1.0,1025,13281.44
2024-11-18,GLOBAL_WEST,71651,941,495,1869,No Event,baseline,1.0,2081,16090.86
2024-11-19,KR,43627,349,425,1004,No Event,baseline,1.0,1268,12228.02
2024-11-19,JP,36336,309,307,882,No Event,baseline,1.0,1028,9072.38
2024-11-19,GLOBAL_WEST,70993,933,524,1928,No Event,baseline,1.0,2075,20259.26
2024-11-20,KR,43278,399,375,1104,No Event,baseline,1.0,1286,11555.97
2024-11-20,JP,36065,311,278,777,No Event,baseline,1.0,1088,12331.41
2024-11-20,GLOBAL_WEST,70531,983,535,1812,No Event,baseline,1.0,2102,17420.59
2024-11-21,KR,42999,437,429,1089,No Event,baseline,1.0,1221,14659.52
2024-11-21,JP,36002,359,275,723,No Event,baseline,1.0,1107,12253.43
2024-11-21,GLOBAL_WEST,70044,974,494,1925,No Event,baseline,1.0,2114,14726.86
2024-11-22,KR,42849,383,376,1001,No Event,baseline,1.0,1166,10131.25
2024-11-22,JP,35935,395,310,768,No Event,baseline,1.0,1065,10545.81
2024-11-22,GLOBAL_WEST,69743,966,505,1892,No Event,baseline,1.0,2050,18057.06
2024-11-23,KR,42410,372,411,1105,No Event,baseline,1.0,1256,13159.5
2024-11-23,JP,35719,298,288,821,No Event,baseline,1.0,1064,10211.66
2024-11-23,GLOBAL_WEST,69401,992,513,1830,No Event,baseline,1.0,2045,19363.22
2024-11-24,KR,41984,414,385,1057,No Event,baseline,1.0,1193,12786.08
2024-11-24,JP,35538,266,309,745,No Event,baseline,1.0,1078,9936.66
2024-11-24,GLOBAL_WEST,68829,1001,522,1862,No Event,baseline,1.0,2047,14437.5
2024-11-25,KR,41823,389,408,1033,No Event,baseline,1.0,1302,10418.61
2024-11-25,JP,35429,368,308,785,No Event,baseline,1.0,1054,13667.09
2024-11-25,GLOBAL_WEST,68453,971,525,1798,No Event,baseline,1.0,1985,19153.08
2024-11-26,KR,41558,393,423,1023,No Event,baseline,1.0,1244,13155.15
2024-11-26,JP,35296,343,256,714,No Event,baseline,1.0,1048,11274.16
2024-11-26,GLOBAL_WEST,68461,1036,482,1653,No Event,baseline,1.0,2088,19182.69
2024-11-27,KR,41504,404,367,979,No Event,baseline,1.0,1245,12305.31
2024-11-27,JP,35019,298,275,828,No Event,baseline,1.0,1020,11387.41
2024-11-27,GLOBAL_WEST,68178,955,449,1739,No Event,baseline,1.0,1997,18618.36
2024-11-28,KR,41346,365,424,1028,No Event,baseline,1.0,1224,13013.47
2024-11-28,JP,34671,296,258,745,No Event,baseline,1.0,1034,9457.32
2024-11-28,GLOBAL_WEST,67703,997,498,1869,No Event,baseline,1.0,2075,17656.37
2024-11-29,KR,41183,338,378,1003,No Event,baseline,1.0,1218,10859.0
2024-11-29,JP,34643,302,301,715,No Event,baseline,1.0,1079,10650.04
2024-11-29,GLOBAL_WEST,67301,1000,495,1740,No Event,baseline,1.0,1949,16851.19
2024-11-30,KR,41070,358,417,943,No Event,baseline,1.0,1244,11400.37
2024-11-30,JP,34604,331,331,698,No Event,baseline,1.0,958,9280.65
2024-11-30,GLOBAL_WEST,66893,959,502,1788,No Event,baseline,1.0,1891,16724.81
2024-12-01,KR,40869,343,395,910,No Event,baseline,1.0,1184,10882.7
2024-12-01,JP,34341,336,341,813,No Event,baseline,1.0,1019,10327.92
2024-12-01,GLOBAL_WEST,66585,1051,489,1647,No Event,baseline,1.0,1943,18571.45
2024-12-02,KR,40722,368,351,935,No Event,baseline,1.0,1230,13103.69
2024-12-02,JP,34161,307,317,735,No Event,baseline,1.0,971,12026.21
2024-12-02,GLOBAL_WEST,66043,1042,455,1862,No Event,baseline,1.0,1970,20656.76
2024-12-03,KR,40365,426,415,1015,No Event,baseline,1.0,1200,13143.62
2024-12-03,JP,34056,332,275,652,No Event,baseline,1.0,965,9658.54
2024-12-03,GLOBAL_WEST,65993,901,495,1648,No Event,baseline,1.0,1926,16477.98
2024-12-04,KR,40209,404,353,967,No Event,baseline,1.0,1197,13333.55
2024-12-04,JP,34024,325,298,686,No Event,baseline,1.0,1008,11788.11
2024-12-04,GLOBAL_WEST,65608,992,474,1809,No Event,baseline,1.0,2022,14244.34
2024-12-05,KR,39851,335,366,996,No Event,baseline,1.0,1163,11639.5
2024-12-05,JP,33792,346,269,711,No Event,baseline,1.0,1030,9838.94
2024-12-05,GLOBAL_WEST,65658,1034,500,1626,No Event,baseline,1.0,2025,21926.59
2024-12-06,KR,39825,370,385,910,No Event,baseline,1.0,1184,12586.13
2024-12-06,JP,33834,347,312,677,No Event,baseline,1.0,990,11144.75
2024-12-06,GLOBAL_WEST,65467,959,464,1625,No Event,baseline,1.0,1864,16456.79
2024-12-07,KR,39691,428,412,1000,No Event,baseline,1.0,1195,12389.61
2024-12-07,JP,33737,335,283,703,No Event,baseline,1.0,1050,13084.41
2024-12-07,GLOBAL_WEST,65148,1016,543,1715,No Event,baseline,1.0,2004,19902.34
2024-12-08,KR,39500,355,375,935,No Event,baseline,1.0,1128,12651.84
2024-12-08,JP,33766,354,263,702,No Event,baseline,1.0,983,9927.66
2024-12-08,GLOBAL_WEST,64898,1005,525,1611,No Event,baseline,1.0,1869,19765.59
2024-12-09,KR,39187,400,384,952,No Event,baseline,1.0,1156,11943.35
2024-12-09,JP,33630,311,230,704,No Event,baseline,1.0,962,10389.12
2024-12-09,GLOBAL_WEST,64648,998,461,1599,No Event,baseline,1.0,1888,16417.15
2024-12-10,KR,39071,342,327,966,No Event,baseline,1.0,1143,10462.51
2024-12-10,JP,33657,402,262,661,No Event,baseline,1.0,986,12449.47
2024-12-10,GLOBAL_WEST,64483,943,460,1555,No Event,baseline,1.0,2001,19078.47
2024-12-11,KR,38577,344,350,1006,No Event,baseline,1.0,1164,11452.87
2024-12-11,JP,33591,317,275,733,No Event,baseline,1.0,972,11508.58
2024-12-11,GLOBAL_WEST,64350,970,476,1562,No Event,baseline,1.0,1915,13963.48
2024-12-12,KR,38268,379,359,919,No Event,baseline,1.0,1088,10316.0
2024-12-12,JP,33371,269,284,784,No Event,baseline,1.0,1009,11104.87
2024-12-12,GLOBAL_WEST,64080,982,473,1680,No Event,baseline,1.0,1857,16998.35
2024-12-13,KR,38001,354,431,909,No Event,baseline,1.0,1206,12307.56
2024-12-13,JP,33232,303,263,733,No Event,baseline,1.0,1031,11020.55
2024-12-13,GLOBAL_WEST,64278,976,549,1643,No Event,baseline,1.0,1771,16583.42
2024-12-14,KR,37609,377,376,1006,No Event,baseline,1.0,1127,11258.31
2024-12-14,JP,33036,337,317,749,No Event,baseline,1.0,949,9152.84
2024-12-14,GLOBAL_WEST,64218,989,511,1582,No Event,baseline,1.0,1845,17258.28
2024-12-15,KR,37571,381,442,941,No Event,baseline,1.0,1124,10601.99
2024-12-15,JP,32891,351,273,701,No Event,baseline,1.0,1008,10233.03
2024-12-15,GLOBAL_WEST,63837,896,514,1916,No Event,baseline,1.0,1955,18130.0
2024-12-16,KR,37338,377,328,903,No Event,baseline,1.0,1086,9299.13
2024-12-16,JP,32760,360,317,745,No Event,baseline,1.0,950,9817.66
2024-12-16,GLOBAL_WEST,63655,967,467,1655,No Event,baseline,1.0,1890,13297.39
2024-12-17,KR,37104,372,355,994,No Event,baseline,1.0,1121,11016.49
2024-12-17,JP,32646,343,261,689,No Event,baseline,1.0,940,11875.2
2024-12-17,GLOBAL_WEST,63491,951,482,1666,No Event,baseline,1.0,1887,19325.87
2024-12-18,KR,37288,481,529,802,Christmas Festival 2024,seasonal,1.0,1327,24673.85
2024-12-18,JP,32658,389,311,655,Christmas Festival 2024,seasonal,1.0,1120,19689.62
2024-12-18,GLOBAL_WEST,64174,1216,692,1390,Christmas Festival 2024,seasonal,1.0,2289,42852.23
2024-12-19,KR,37372,471,468,877,Christmas Festival 2024,seasonal,1.0,1301,25967.47
2024-12-19,JP,32690,420,311,667,Christmas Festival 2024,seasonal,1.0,1147,19279.29
2024-12-19,GLOBAL_WEST,64895,1241,734,1434,Christmas Festival 2024,seasonal,1.0,2264,39355.14
2024-12-20,KR,37583,419,550,809,Christmas Festival 2024,seasonal,1.0,1239,21734.44
2024-12-20,JP,32786,428,387,601,Christmas Festival 2024,seasonal,1.0,1164,22882.06
2024-12-20,GLOBAL_WEST,65308,1179,723,1477,Christmas Festival 2024,seasonal,1.0,2284,38864.98
2024-12-21,KR,37679,440,578,850,Christmas Festival 2024,seasonal,1.0,1314,24724.76
2024-12-21,JP,32798,386,347,637,Christmas Festival 2024,seasonal,1.0,1148,20951.99
2024-12-21,GLOBAL_WEST,65316,1166,689,1572,Christmas Festival 2024,seasonal,1.0,2247,43513.06
2024-12-22,KR,37828,522,541,818,Christmas Festival 2024,seasonal,1.0,1329,21980.38
2024-12-22,JP,32878,358,381,597,Christmas Festival 2024,seasonal,1.0,1130,21165.5
2024-12-22,GLOBAL_WEST,65793,1091,720,1537,Christmas Festival 2024,seasonal,1.0,2188,38362.71
2024-12-23,KR,37935,535,537,831,Christmas Festival 2024,seasonal,1.0,1359,25715.52
2024-12-23,JP,32907,371,328,604,Christmas Festival 2024,seasonal,1.0,1073,20498.79
2024-12-23,GLOBAL_WEST,66069,1164,715,1594,Christmas Festival 2024,seasonal,1.0,2282,33807.94
2024-12-24,KR,38158,496,483,835,Christmas Festival 2024,seasonal,1.0,1294,22616.98
2024-12-24,JP,33110,385,355,631,Christmas Festival 2024,seasonal,1.0,1134,21147.41
2024-12-24,GLOBAL_WEST,66303,1093,727,1574,Christmas Festival 2024,seasonal,1.0,2244,36421.49
2024-12-25,KR,38351,478,492,765,Christmas Festival 2024,seasonal,1.0,1368,22089.16
2024-12-25,JP,33120,423,336,703,Christmas Festival 2024,seasonal,1.0,1132,19767.72
2024-12-25,GLOBAL_WEST,66777,1127,700,1531,Christmas Festival 2024,seasonal,1.0,2282,37572.46
2024-12-26,KR,38494,475,563,862,Christmas Festival 2024,seasonal,1.0,1375,25142.76
2024-12-26,JP,33210,403,302,717,Christmas Festival 2024,seasonal,1.0,1123,23104.37
2024-12-26,GLOBAL_WEST,67226,1143,743,1468,Christmas Festival 2024,seasonal,1.0,2316,39119.69
2024-12-27,KR,38614,455,549,875,Christmas Festival 2024,seasonal,1.0,1359,23776.77
2024-12-27,JP,33421,450,320,611,Christmas Festival 2024,seasonal,1.0,1108,19680.4
2024-12-27,GLOBAL_WEST,67763,1078,759,1419,Christmas Festival 2024,seasonal,1.0,2365,37180.32
2024-12-28,KR,38865,538,537,819,Christmas Festival 2024,seasonal,1.0,1340,27029.37
2024-12-28,JP,33519,378,342,648,Christmas Festival 2024,seasonal,1.0,1145,22388.43
2024-12-28,GLOBAL_WEST,68087,1155,798,1661,Christmas Festival 2024,seasonal,1.0,2420,42495.05
2024-12-29,KR,39105,546,543,941,Christmas Festival 2024,seasonal,1.0,1338,24250.85
2024-12-29,JP,33519,384,342,591,Christmas Festival 2024,seasonal,1.0,1171,22560.21
2024-12-29,GLOBAL_WEST,68769,1039,756,1497,Christmas Festival 2024,seasonal,1.0,2374,43422.44
2024-12-30,KR,39297,527,518,813,Christmas Festival 2024,seasonal,1.0,1334,27767.83
2024-12-30,JP,33673,467,366,635,Christmas Festival 2024,seasonal,1.0,1166,22913.13
2024-12-30,GLOBAL_WEST,68879,1052,683,1527,Christmas Festival 2024,seasonal,1.0,2375,44947.62
2024-12-31,KR,39484,564,496,873,Christmas Festival 2024,seasonal,1.0,1444,27135.77
2024-12-31,JP,33822,414,350,650,Christmas Festival 2024,seasonal,1.0,1168,21940.44
2024-12-31,GLOBAL_WEST,69240,1095,724,1535,Christmas Festival 2024,seasonal,1.0,2374,34224.8
2025-01-01,KR,39572,427,495,884,New Year Festival 2025,seasonal,1.0,1257,23259.05
2025-01-01,JP,33889,303,362,610,New Year Festival 2025,seasonal,1.0,1136,19625.69
2025-01-01,GLOBAL_WEST,69083,948,680,1746,New Year Festival 2025,seasonal,1.0,2156,35194.81
2025-01-02,KR,39615,484,493,878,New Year Festival 2025,seasonal,1.0,1280,22202.21
2025-01-02,JP,33860,346,325,749,New Year Festival 2025,seasonal,1.0,1055,20296.18
2025-01-02,GLOBAL_WEST,69188,1023,662,1636,New Year Festival 2025,seasonal,1.0,2286,37995.75
2025-01-03,KR,39628,452,534,913,New Year Festival 2025,seasonal,1.0,1238,23346.62
2025-01-03,JP,33850,356,344,673,New Year Festival 2025,seasonal,1.0,1125,20763.86
2025-01-03,GLOBAL_WEST,69157,986,708,1723,New Year Festival 2025,seasonal,1.0,2174,32028.72
2025-01-04,KR,39671,478,525,872,New Year Festival 2025,seasonal,1.0,1309,24742.11
2025-01-04,JP,34006,382,387,729,New Year Festival 2025,seasonal,1.0,1105,20314.09
2025-01-04,GLOBAL_WEST,69516,981,738,1573,New Year Festival 2025,seasonal,1.0,2270,43073.17
2025-01-05,KR,39896,502,540,884,New Year Festival 2025,seasonal,1.0,1308,21777.7
2025-01-05,JP,34175,352,391,631,New Year Festival 2025,seasonal,1.0,1157,20958.96
2025-01-05,GLOBAL_WEST,69751,963,715,1570,New Year Festival 2025,seasonal,1.0,2343,35114.99
2025-01-06,KR,39995,495,501,1005,New Year Festival 2025,seasonal,1.0,1286,23167.9
2025-01-06,JP,34353,466,306,678,New Year Festival 2025,seasonal,1.0,1100,21665.97
2025-01-06,GLOBAL_WEST,69704,1007,701,1653,New Year Festival 2025,seasonal,1.0,2283,32356.31
2025-01-07,KR,40166,428,513,946,New Year Festival 2025,seasonal,1.0,1310,21396.45
2025-01-07,JP,34541,377,366,666,New Year Festival 2025,seasonal,1.0,1123,19025.26
2025-01-07,GLOBAL_WEST,69663,931,699,1701,New Year Festival 2025,seasonal,1.0,2269,35289.82
2025-01-08,KR,41471,1110,906,727,First Anniversary,anniversary,1.0,1790,37447.9
2025-01-08,JP,35046,658,529,593,First Anniversary,anniversary,1.0,1494,31528.35
2025-01-08,GLOBAL_WEST,72083,2239,1275,1075,First Anniversary,anniversary,1.0,3051,59795.13
2025-01-09,KR,42714,1115,964,796,First Anniversary,anniversary,1.0,1861,39964.2
2025-01-09,JP,35657,682,499,566,First Anniversary,anniversary,1.0,1520,35330.08
2025-01-09,GLOBAL_WEST,74205,2245,1300,1322,First Anniversary,anniversary,1.0,3205,67141.5
2025-01-10,KR,43933,1130,986,828,First Anniversary,anniversary,1.0,1880,40187.88
2025-01-10,JP,36172,645,554,632,First Anniversary,anniversary,1.0,1597,33885.22
2025-01-10,GLOBAL_WEST,76178,2203,1416,1445,First Anniversary,anniversary,1.0,3272,68065.6
2025-01-11,KR,45227,1061,1025,862,First Anniversary,anniversary,1.0,1929,40962.06
2025-01-11,JP,36586,580,532,622,First Anniversary,anniversary,1.0,1545,31908.93
2025-01-11,GLOBAL_WEST,78402,2197,1465,1397,First Anniversary,anniversary,1.0,3514,73953.54
2025-01-12,KR,46548,1125,1029,832,First Anniversary,anniversary,1.0,2051,45392.1
2025-01-12,JP,37061,613,538,677,First Anniversary,anniversary,1.0,1612,35164.68
2025-01-12,GLOBAL_WEST,80226,2184,1474,1503,First Anniversary,anniversary,1.0,3490,70298.68
2025-01-13,KR,47913,1109,974,838,First Anniversary,anniversary,1.0,2119,41021.5
2025-01-13,JP,37595,631,526,696,First Anniversary,anniversary,1.0,1607,38936.35
2025-01-13,GLOBAL_WEST,82287,2210,1374,1605,First Anniversary,anniversary,1.0,3584,69401.89
2025-01-14,KR,49082,1145,902,831,First Anniversary,anniversary,1.0,2069,40575.59
2025-01-14,JP,38129,599,530,641,First Anniversary,anniversary,1.0,1653,36759.2
2025-01-14,GLOBAL_WEST,84244,2184,1428,1700,First Anniversary,anniversary,1.0,3641,66205.33
2025-01-15,KR,50061,1046,1029,983,First Anniversary,anniversary,1.0,2194,52394.68
2025-01-15,JP,38461,641,530,639,First Anniversary,anniversary,1.0,1681,37189.57
2025-01-15,GLOBAL_WEST,86425,2196,1484,1627,First Anniversary,anniversary,1.0,3868,80666.02
2025-01-16,KR,51325,1146,1036,1040,First Anniversary,anniversary,1.0,2139,48646.41
2025-01-16,JP,39005,663,555,716,First Anniversary,anniversary,1.0,1672,37228.38
2025-01-16,GLOBAL_WEST,88145,2114,1455,1859,First Anniversary,anniversary,1.0,3913,79273.89
2025-01-17,KR,52726,1168,1090,920,First Anniversary,anniversary,1.0,2235,44034.6
2025-01-17,JP,39454,617,599,752,First Anniversary,anniversary,1.0,1735,34971.27
2025-01-17,GLOBAL_WEST,89872,2181,1570,1941,First Anniversary,anniversary,1.0,3873,67370.4
2025-01-18,KR,54085,1132,1061,918,First Anniversary,anniversary,1.0,2286,51245.0
2025-01-18,JP,40110,634,590,632,First Anniversary,anniversary,1.0,1702,39030.46
2025-01-18,GLOBAL_WEST,92097,2154,1556,1644,First Anniversary,anniversary,1.0,4071,77367.37
2025-01-19,KR,55270,1123,1117,997,First Anniversary,anniversary,1.0,2286,48166.92
2025-01-19,JP,40623,608,617,729,First Anniversary,anniversary,1.0,1749,38008.12
2025-01-19,GLOBAL_WEST,93893,2160,1566,1678,First Anniversary,anniversary,1.0,4024,78246.96
2025-01-20,KR,56371,1084,1095,1006,First Anniversary,anniversary,1.0,2465,50326.98
2025-01-20,JP,41114,647,579,773,First Anniversary,anniversary,1.0,1809,40771.3
2025-01-20,GLOBAL_WEST,96109,2106,1514,1629,First Anniversary,anniversary,1.0,4065,82958.97
2025-01-21,KR,57601,1195,1116,1055,First Anniversary,anniversary,1.0,2519,53579.72
2025-01-21,JP,41444,645,594,793,First Anniversary,anniversary,1.0,1788,33154.62
2025-01-21,GLOBAL_WEST,97895,2108,1505,1779,First Anniversary,anniversary,1.0,4353,89996.34
2025-01-22,KR,58636,1164,1116,1106,First Anniversary,anniversary,1.0,2565,49997.19
2025-01-22,JP,41932,631,574,721,First Anniversary,anniversary,1.0,1856,40510.92
2025-01-22,GLOBAL_WEST,100132,2158,1575,1726,First Anniversary,anniversary,1.0,4176,81069.74
2025-01-23,KR,59807,1184,1156,1107,First Anniversary,anniversary,1.0,2612,55049.25
2025-01-23,JP,42431,671,625,685,First Anniversary,anniversary,1.0,1825,42723.18
2025-01-23,GLOBAL_WEST,101929,2148,1633,2031,First Anniversary,anniversary,1.0,4488,92634.41
2025-01-24,KR,60939,1099,1176,1102,First Anniversary,anniversary,1.0,2701,58756.31
2025-01-24,JP,42857,623,591,940,First Anniversary,anniversary,1.0,1878,37932.44
2025-01-24,GLOBAL_WEST,104000,2210,1680,1693,First Anniversary,anniversary,1.0,4492,95784.63
2025-01-25,KR,62123,1109,1212,1151,First Anniversary,anniversary,1.0,2707,54519.43
2025-01-25,JP,43236,594,604,731,First Anniversary,anniversary,1.0,1870,39049.91
2025-01-25,GLOBAL_WEST,105761,2145,1681,1898,First Anniversary,anniversary,1.0,4648,91066.62
2025-01-26,KR,63399,1135,1233,1123,First Anniversary,anniversary,1.0,2741,55957.0
2025-01-26,JP,43819,644,571,703,First Anniversary,anniversary,1.0,1910,40694.22
2025-01-26,GLOBAL_WEST,107593,2188,1712,2081,First Anniversary,anniversary,1.0,4655,98666.55
2025-01-27,KR,64446,1061,1184,1275,First Anniversary,anniversary,1.0,2741,58279.03
2025-01-27,JP,44106,616,582,796,First Anniversary,anniversary,1.0,1932,37981.57
2025-01-27,GLOBAL_WEST,109508,2239,1676,1968,First Anniversary,anniversary,1.0,4825,99968.71
2025-01-28,KR,65418,1123,1167,1326,First Anniversary,anniversary,1.0,2829,58623.4
2025-01-28,JP,44529,616,592,846,First Anniversary,anniversary,1.0,1967,41940.49
2025-01-28,GLOBAL_WEST,111516,2267,1670,1963,First Anniversary,anniversary,1.0,4907,101232.39
2025-01-29,KR,66548,1083,1175,1250,First Anniversary,anniversary,1.0,2985,62966.61
2025-01-29,JP,45076,619,610,683,First Anniversary,anniversary,1.0,1906,41403.58
2025-01-29,GLOBAL_WEST,113342,2234,1709,1968,First Anniversary,anniversary,1.0,4911,90716.77
2025-01-30,KR,67430,1082,1209,1385,First Anniversary,anniversary,1.0,2947,58354.73
2025-01-30,JP,45600,573,614,844,First Anniversary,anniversary,1.0,1935,37386.7
2025-01-30,GLOBAL_WEST,115117,2244,1732,2240,First Anniversary,anniversary,1.0,4907,91662.63
2025-01-31,KR,68848,1081,1328,1115,First Anniversary,anniversary,1.0,2999,65536.26
2025-01-31,JP,46127,601,635,726,First Anniversary,anniversary,1.0,2039,44871.13
2025-01-31,GLOBAL_WEST,117059,2227,1845,2028,First Anniversary,anniversary,1.0,5097,103991.26
2025-02-01,KR,68035,394,523,1662,No Event,baseline,1.0,1962,23309.1
2025-02-01,JP,45993,320,318,851,No Event,baseline,1.0,1355,12155.12
2025-02-01,GLOBAL_WEST,115131,680,702,3170,No Event,baseline,1.0,3358,29964.45
2025-02-02,KR,67497,485,508,1693,No Event,baseline,1.0,1925,15466.45
2025-02-02,JP,45706,222,363,1001,No Event,baseline,1.0,1327,16362.89
2025-02-02,GLOBAL_WEST,113372,714,684,3089,No Event,baseline,1.0,3362,24237.3
2025-02-03,KR,66494,336,508,1723,No Event,baseline,1.0,1858,19645.21
2025-02-03,JP,45352,294,307,958,No Event,baseline,1.0,1386,14470.88
2025-02-03,GLOBAL_WEST,111706,826,666,3097,No Event,baseline,1.0,3333,33175.71
2025-02-04,KR,65712,421,484,1630,No Event,baseline,1.0,1882,17105.25
2025-02-04,JP,45031,272,325,912,No Event,baseline,1.0,1348,14845.08
2025-02-04,GLOBAL_WEST,110375,753,657,2910,No Event,baseline,1.0,3210,30825.21
2025-02-05,KR,65160,401,480,1497,No Event,baseline,1.0,1961,17740.04
2025-02-05,JP,44760,319,368,898,No Event,baseline,1.0,1348,17434.04
2025-02-05,GLOBAL_WEST,108626,751,634,3077,No Event,baseline,1.0,3062,25024.02
2025-02-06,KR,64535,428,467,1549,No Event,baseline,1.0,1820,13870.12
2025-02-06,JP,44610,331,324,843,No Event,baseline,1.0,1263,15817.38
2025-02-06,GLOBAL_WEST,107210,774,590,2886,No Event,baseline,1.0,3111,32054.59
2025-02-07,KR,63785,356,514,1689,No Event,baseline,1.0,1870,17027.94
2025-02-07,JP,44342,248,353,945,No Event,baseline,1.0,1269,14170.71
2025-02-07,GLOBAL_WEST,105795,807,691,2966,No Event,baseline,1.0,3152,23413.77
2025-02-08,KR,62909,365,487,1645,No Event,baseline,1.0,1796,17427.35
2025-02-08,JP,43769,247,336,1035,No Event,baseline,1.0,1298,14754.93
2025-02-08,GLOBAL_WEST,104409,818,664,2903,No Event,baseline,1.0,3086,23046.86
2025-02-09,KR,62243,394,506,1590,No Event,baseline,1.0,1792,14858.14
2025-02-09,JP,43538,302,301,917,No Event,baseline,1.0,1260,11912.73
2025-02-09,GLOBAL_WEST,103192,762,647,2713,No Event,baseline,1.0,3049,26574.47
2025-02-10,KR,61604,401,457,1563,No Event,baseline,1.0,1779,19132.82
2025-02-10,JP,43034,261,313,1059,No Event,baseline,1.0,1252,12378.72
2025-02-10,GLOBAL_WEST,101901,862,604,2880,No Event,baseline,1.0,3084,26902.32
2025-02-11,KR,60940,357,510,1495,No Event,baseline,1.0,1779,19442.33
2025-02-11,JP,42579,247,281,933,No Event,baseline,1.0,1256,11967.46
2025-02-11,GLOBAL_WEST,100536,853,586,2575,No Event,baseline,1.0,2968,24472.11
2025-02-12,KR,60225,392,454,1546,No Event,baseline,1.0,1799,19222.52
2025-02-12,JP,42354,325,323,860,No Event,baseline,1.0,1228,11897.04
2025-02-12,GLOBAL_WEST,99191,864,607,3005,No Event,baseline,1.0,2858,24167.61
2025-02-13,KR,59658,380,457,1495,No Event,baseline,1.0,1722,13602.43
2025-02-13,JP,41880,297,282,909,No Event,baseline,1.0,1246,15066.99
2025-02-13,GLOBAL_WEST,97595,847,612,2926,No Event,baseline,1.0,2679,19842.67
2025-02-14,KR,58768,339,434,1582,No Event,baseline,1.0,1713,18190.03
2025-02-14,JP,41310,321,328,987,No Event,baseline,1.0,1244,14171.7
2025-02-14,GLOBAL_WEST,96642,867,678,2674,No Event,baseline,1.0,2902,26653.97
2025-02-15,KR,58280,419,477,1546,No Event,baseline,1.0,1714,14567.65
2025-02-15,JP,41105,380,301,841,No Event,baseline,1.0,1192,13523.34
2025-02-15,GLOBAL_WEST,95578,901,594,2776,No Event,baseline,1.0,2850,25576.18
2025-02-16,KR,57719,404,486,1364,No Event,baseline,1.0,1711,19426.83
2025-02-16,JP,40881,364,308,839,No Event,baseline,1.0,1206,13882.12
2025-02-16,GLOBAL_WEST,94492,845,583,2541,No Event,baseline,1.0,2838,23891.52
2025-02-17,KR,57033,348,503,1434,No Event,baseline,1.0,1612,15850.19
2025-02-17,JP,40647,286,326,840,No Event,baseline,1.0,1177,13059.9
2025-02-17,GLOBAL_WEST,93762,905,581,2386,No Event,baseline,1.0,2717,24878.42
2025-02-18,KR,56320,375,427,1453,No Event,baseline,1.0,1724,17140.14
2025-02-18,JP,40269,238,270,872,No Event,baseline,1.0,1253,11750.03
2025-02-18,GLOBAL_WEST,92647,875,621,2602,No Event,baseline,1.0,2747,25301.57
2025-02-19,KR,55607,377,439,1369,No Event,baseline,1.0,1637,16411.01
2025-02-19,JP,39976,295,289,934,No Event,baseline,1.0,1138,11507.57
2025-02-19,GLOBAL_WEST,91439,896,596,2471,No Event,baseline,1.0,2670,26082.36
2025-02-20,KR,54960,361,451,1414,No Event,baseline,1.0,1694,20449.97
2025-02-20,JP,39621,263,324,870,No Event,baseline,1.0,1198,12553.09
2025-02-20,GLOBAL_WEST,90366,866,540,2499,No Event,baseline,1.0,2681,28673.6
2025-02-21,KR,54137,396,437,1501,No Event,baseline,1.0,1503,13324.77
2025-02-21,JP,39411,272,318,835,No Event,baseline,1.0,1169,12859.05
2025-02-21,GLOBAL_WEST,89622,889,564,2408,No Event,baseline,1.0,2764,26363.0
2025-02-22,KR,53689,410,461,1265,No Event,baseline,1.0,1558,15944.49
2025-02-22,JP,39169,307,318,888,No Event,baseline,1.0,1153,11582.45
2025-02-22,GLOBAL_WEST,88567,851,568,2341,No Event,baseline,1.0,2643,26619.42
2025-02-23,KR,53165,355,436,1365,No Event,baseline,1.0,1494,16464.36
2025-02-23,JP,38845,285,319,887,No Event,baseline,1.0,1158,13000.16
2025-02-23,GLOBAL_WEST,87657,906,539,2382,No Event,baseline,1.0,2627,19431.22
2025-02-24,KR,52795,313,475,1301,No Event,baseline,1.0,1553,15657.84
2025-02-24,JP,38642,275,286,850,No Event,baseline,1.0,1098,12854.93
2025-02-24,GLOBAL_WEST,86774,851,574,2285,No Event,baseline,1.0,2523,16486.98
2025-02-25,KR,52187,287,395,1340,No Event,baseline,1.0,1641,15611.61
2025-02-25,JP,38158,210,314,802,No Event,baseline,1.0,1118,10799.79
2025-02-25,GLOBAL_WEST,85663,834,590,2326,No Event,baseline,1.0,2524,26670.87
2025-02-26,KR,51629,349,425,1240,No Event,baseline,1.0,1521,14453.35
2025-02-26,JP,37951,271,283,817,No Event,baseline,1.0,1098,12260.6
2025-02-26,GLOBAL_WEST,84816,833,558,2268,No Event,baseline,1.0,2399,24087.17
2025-02-27,KR,51205,380,404,1213,No Event,baseline,1.0,1534,15773.13
2025-02-27,JP,37881,291,340,691,No Event,baseline,1.0,1071,12164.03
2025-02-27,GLOBAL_WEST,84023,883,537,2154,No Event,baseline,1.0,2397,21588.94
2025-02-28,KR,50696,402,419,1237,No Event,baseline,1.0,1451,11839.53
2025-02-28,JP,37797,344,317,803,No Event,baseline,1.0,1119,11733.57
2025-02-28,GLOBAL_WEST,82765,915,578,2270,No Event,baseline,1.0,2372,21496.81
2025-03-01,KR,50114,289,436,1222,No Event,baseline,1.0,1386,14823.71
2025-03-01,JP,37685,317,344,847,No Event,baseline,1.0,1157,9963.79
2025-03-01,GLOBAL_WEST,82043,955,560,2155,No Event,baseline,1.0,2340,18769.95
2025-03-02,KR,49698,361,438,1245,No Event,baseline,1.0,1478,16928.27
2025-03-02,JP,37353,265,276,785,No Event,baseline,1.0,1097,12738.06
2025-03-02,GLOBAL_WEST,81228,845,581,2122,No Event,baseline,1.0,2401,21955.1
2025-03-03,KR,49250,337,438,1235,No Event,baseline,1.0,1367,12012.78
2025-03-03,JP,37214,329,339,803,No Event,baseline,1.0,1059,11486.26
2025-03-03,GLOBAL_WEST,80674,906,545,2256,No Event,baseline,1.0,2368,23723.72
2025-03-04,KR,48801,325,405,1181,No Event,baseline,1.0,1460,12466.69
2025-03-04,JP,37186,324,285,774,No Event,baseline,1.0,1082,10500.9
2025-03-04,GLOBAL_WEST,80052,976,525,2213,No Event,baseline,1.0,2289,25208.75
2025-03-05,KR,48519,389,423,1094,No Event,baseline,1.0,1399,11363.84
2025-03-05,JP,36785,277,216,786,No Event,baseline,1.0,1126,13851.0
2025-03-05,GLOBAL_WEST,79057,861,529,2206,No Event,baseline,1.0,2314,20827.2
2025-03-06,KR,48181,303,422,1160,No Event,baseline,1.0,1428,14944.47
2025-03-06,JP,36606,304,270,826,No Event,baseline,1.0,1059,11911.1
2025-03-06,GLOBAL_WEST,78251,914,544,2237,No Event,baseline,1.0,2228,21192.74
2025-03-07,KR,47591,325,458,1231,No Event,baseline,1.0,1369,11612.44
2025-03-07,JP,36387,301,301,831,No Event,baseline,1.0,1098,11928.23
2025-03-07,GLOBAL_WEST,77448,907,567,2340,No Event,baseline,1.0,2217,19611.09
2025-03-08,KR,47036,332,437,1163,No Event,baseline,1.0,1432,13539.2
2025-03-08,JP,36123,248,302,789,No Event,baseline,1.0,1014,9312.31
2025-03-08,GLOBAL_WEST,76667,935,573,2238,No Event,baseline,1.0,2194,17884.25
2025-03-09,KR,46887,363,397,1052,No Event,baseline,1.0,1379,11948.76
2025-03-09,JP,35999,297,261,787,No Event,baseline,1.0,1073,12162.74
2025-03-09,GLOBAL_WEST,75952,881,547,1992,No Event,baseline,1.0,2207,23293.9
2025-03-10,KR,46443,324,431,1209,No Event,baseline,1.0,1301,11538.66
2025-03-10,JP,35682,299,253,766,No Event,baseline,1.0,1037,11691.51
2025-03-10,GLOBAL_WEST,74866,864,524,2355,No Event,baseline,1.0,2200,20675.15
2025-03-11,KR,45966,287,429,1165,No Event,baseline,1.0,1371,12603.66
2025-03-11,JP,35567,360,261,736,No Event,baseline,1.0,1006,12223.25
2025-03-11,GLOBAL_WEST,74357,878,520,2017,No Event,baseline,1.0,2176,20521.7
2025-03-12,KR,45342,265,408,1145,No Event,baseline,1.0,1337,12457.28
2025-03-12,JP,35469,345,331,735,No Event,baseline,1.0,1020,9230.3
2025-03-12,GLOBAL_WEST,73877,901,499,1990,No Event,baseline,1.0,2097,17887.9
2025-03-13,KR,45128,366,358,1107,No Event,baseline,1.0,1245,11262.0
2025-03-13,JP,35223,299,284,760,No Event,baseline,1.0,1048,9933.91
2025-03-13,GLOBAL_WEST,73495,876,525,2043,No Event,baseline,1.0,2197,18102.74
2025-03-14,KR,44742,289,409,1072,No Event,baseline,1.0,1329,12249.65
2025-03-14,JP,35127,294,284,794,No Event,baseline,1.0,1007,12829.98
2025-03-14,GLOBAL_WEST,73237,859,527,2056,No Event,baseline,1.0,2128,16805.55
2025-03-15,KR,44206,353,393,1131,No Event,baseline,1.0,1251,11751.83
2025-03-15,JP,35165,343,286,704,No Event,baseline,1.0,1044,9592.07
2025-03-15,GLOBAL_WEST,72958,844,529,2005,No Event,baseline,1.0,2155,19662.68
2025-03-16,KR,43881,362,401,1054,No Event,baseline,1.0,1324,12065.12
2025-03-16,JP,35046,326,306,766,No Event,baseline,1.0,1020,13007.12
2025-03-16,GLOBAL_WEST,72519,802,542,1921,No Event,baseline,1.0,2159,15731.17
2025-03-17,KR,43365,340,356,1169,No Event,baseline,1.0,1338,13864.01
2025-03-17,JP,35005,357,272,706,No Event,baseline,1.0,997,9387.69
2025-03-17,GLOBAL_WEST,71811,814,537,1891,No Event,baseline,1.0,2187,18179.15
2025-03-18,KR,43029,402,395,1040,No Event,baseline,1.0,1275,13099.18
2025-03-18,JP,34915,359,272,781,No Event,baseline,1.0,1054,12201.09
2025-03-18,GLOBAL_WEST,71391,823,475,1780,No Event,baseline,1.0,2091,17834.9
2025-03-19,KR,42519,273,325,1015,No Event,baseline,1.0,1243,11687.94
2025-03-19,JP,34682,276,243,746,No Event,baseline,1.0,1020,10010.38
2025-03-19,GLOBAL_WEST,70743,774,515,1829,No Event,baseline,1.0,2080,14941.91
2025-03-20,KR,41744,224,279,1453,Spring Content Gap,content_gap,1.0,1076,12174.4
2025-03-20,JP,34208,282,223,878,Spring Content Gap,content_gap,1.0,848,7517.93
2025-03-20,GLOBAL_WEST,69027,350,273,2507,Spring Content Gap,content_gap,1.0,1745,14756.21
2025-03-21,KR,40667,269,253,1487,Spring Content Gap,content_gap,1.0,1061,8680.28
2025-03-21,JP,33723,271,228,978,Spring Content Gap,content_gap,1.0,881,10897.7
2025-03-21,GLOBAL_WEST,67528,384,378,2401,Spring Content Gap,content_gap,1.0,1704,15807.62
2025-03-22,KR,39858,200,251,1420,Spring Content Gap,content_gap,1.0,975,7621.16
2025-03-22,JP,33153,218,203,843,Spring Content Gap,content_gap,1.0,868,9987.28
2025-03-22,GLOBAL_WEST,65911,410,302,2483,Spring Content Gap,content_gap,1.0,1664,15261.55
2025-03-23,KR,38926,183,272,1310,Spring Content Gap,content_gap,1.0,1030,10120.16
2025-03-23,JP,32721,175,236,844,Spring Content Gap,content_gap,1.0,755,6546.36
2025-03-23,GLOBAL_WEST,64034,372,321,2468,Spring Content Gap,content_gap,1.0,1653,12784.01
2025-03-24,KR,38235,186,240,1246,Spring Content Gap,content_gap,1.0,1011,7659.18
2025-03-24,JP,32304,166,160,902,Spring Content Gap,content_gap,1.0,809,8883.15
2025-03-24,GLOBAL_WEST,62529,358,316,2330,Spring Content Gap,content_gap,1.0,1533,12792.16
2025-03-25,KR,37372,241,229,1291,Spring Content Gap,content_gap,1.0,994,10263.29
2025-03-25,JP,32056,289,212,800,Spring Content Gap,content_gap,1.0,777,8556.56
2025-03-25,GLOBAL_WEST,61069,383,298,2194,Spring Content Gap,content_gap,1.0,1596,14624.3
2025-03-26,KR,36290,184,206,1219,Spring Content Gap,content_gap,1.0,904,6865.55
2025-03-26,JP,31550,227,207,853,Spring Content Gap,content_gap,1.0,774,9302.63
2025-03-26,GLOBAL_WEST,59640,391,287,2201,Spring Content Gap,content_gap,1.0,1481,12282.94
2025-03-27,KR,35425,179,253,1181,Spring Content Gap,content_gap,1.0,889,7936.5
2025-03-27,JP,31319,287,201,750,Spring Content Gap,content_gap,1.0,773,6672.06
2025-03-27,GLOBAL_WEST,58256,439,283,2258,Spring Content Gap,content_gap,1.0,1425,13205.13
2025-03-28,KR,34588,221,218,1181,Spring Content Gap,content_gap,1.0,838,9400.75
2025-03-28,JP,30888,218,231,793,Spring Content Gap,content_gap,1.0,775,7072.76
2025-03-28,GLOBAL_WEST,56750,411,308,2129,Spring Content Gap,content_gap,1.0,1442,10447.35
2025-03-29,KR,33806,206,231,1189,Spring Content Gap,content_gap,1.0,868,8496.03
2025-03-29,JP,30444,207,217,819,Spring Content Gap,content_gap,1.0,752,8334.81
2025-03-29,GLOBAL_WEST,55421,339,335,1962,Spring Content Gap,content_gap,1.0,1363,10220.71
2025-03-30,KR,33323,211,283,1091,Spring Content Gap,content_gap,1.0,808,8018.4
2025-03-30,JP,30096,213,236,798,Spring Content Gap,content_gap,1.0,787,8510.5
2025-03-30,GLOBAL_WEST,53911,352,275,2022,Spring Content Gap,content_gap,1.0,1355,9047.84
2025-03-31,KR,32858,215,236,1084,Spring Content Gap,content_gap,1.0,857,8060.87
2025-03-31,JP,29734,207,201,759,Spring Content Gap,content_gap,1.0,746,7310.05
2025-03-31,GLOBAL_WEST,52792,377,305,1923,Spring Content Gap,content_gap,1.0,1351,12018.65
2025-04-01,KR,32287,226,249,1102,Spring Content Gap,content_gap,1.0,798,7022.2
2025-04-01,JP,29325,204,228,749,Spring Content Gap,content_gap,1.0,775,7968.54
2025-04-01,GLOBAL_WEST,51276,385,231,1941,Spring Content Gap,content_gap,1.0,1261,12772.32
2025-04-02,KR,31678,141,254,1094,Spring Content Gap,content_gap,1.0,737,8978.65
2025-04-02,JP,28926,221,230,744,Spring Content Gap,content_gap,1.0,710,7449.39
2025-04-02,GLOBAL_WEST,49936,313,291,1794,Spring Content Gap,content_gap,1.0,1243,10045.71
2025-04-03,KR,31095,150,286,1033,Spring Content Gap,content_gap,1.0,813,8875.1
2025-04-03,JP,28587,248,244,733,Spring Content Gap,content_gap,1.0,711,8604.15
2025-04-03,GLOBAL_WEST,48554,282,271,1885,Spring Content Gap,content_gap,1.0,1261,11157.77
2025-04-04,KR,30475,242,242,1026,Spring Content Gap,content_gap,1.0,772,6706.78
2025-04-04,JP,28269,213,256,747,Spring Content Gap,content_gap,1.0,706,7618.4
2025-04-04,GLOBAL_WEST,47437,369,301,1740,Spring Content Gap,content_gap,1.0,1178,12531.51
2025-04-05,KR,29983,229,237,1007,Spring Content Gap,content_gap,1.0,734,6975.9
2025-04-05,JP,28014,184,215,729,Spring Content Gap,content_gap,1.0,655,6241.87
2025-04-05,GLOBAL_WEST,46078,366,270,1767,Spring Content Gap,content_gap,1.0,1247,9870.13
2025-04-06,KR,29293,160,201,1063,Spring Content Gap,content_gap,1.0,718,5700.45
2025-04-06,JP,27883,237,271,688,Spring Content Gap,content_gap,1.0,728,7039.5
2025-04-06,GLOBAL_WEST,45131,352,262,1671,Spring Content Gap,content_gap,1.0,1122,8776.96
2025-04-07,KR,28569,183,215,1000,Spring Content Gap,content_gap,1.0,695,5682.16
2025-04-07,JP,27605,232,166,750,Spring Content Gap,content_gap,1.0,723,8433.85
2025-04-07,GLOBAL_WEST,44102,406,245,1736,Spring Content Gap,content_gap,1.0,1082,8321.86
2025-04-08,KR,27991,249,211,977,Spring Content Gap,content_gap,1.0,688,6454.86
2025-04-08,JP,27271,165,214,710,Spring Content Gap,content_gap,1.0,683,7354.54
2025-04-08,GLOBAL_WEST,43263,379,220,1608,Spring Content Gap,content_gap,1.0,1141,8397.17
2025-04-09,KR,27499,206,209,876,Spring Content Gap,content_gap,1.0,691,6608.61
2025-04-09,JP,27153,239,169,583,Spring Content Gap,content_gap,1.0,715,7849.06
2025-04-09,GLOBAL_WEST,42153,325,241,1603,Spring Content Gap,content_gap,1.0,1064,8070.05
2025-04-10,KR,27008,262,201,899,Spring Content Gap,content_gap,1.0,698,6120.51
2025-04-10,JP,26827,224,178,661,Spring Content Gap,content_gap,1.0,667,7417.09
2025-04-10,GLOBAL_WEST,41182,391,228,1624,Spring Content Gap,content_gap,1.0,1058,9266.57
2025-04-11,KR,26460,197,175,885,Spring Content Gap,content_gap,1.0,682,6110.46
2025-04-11,JP,26543,224,183,704,Spring Content Gap,content_gap,1.0,676,7390.7
2025-04-11,GLOBAL_WEST,40330,372,289,1508,Spring Content Gap,content_gap,1.0,1015,9088.86
2025-04-12,KR,26114,240,266,888,Spring Content Gap,content_gap,1.0,692,6507.36
2025-04-12,JP,26316,184,251,663,Spring Content Gap,content_gap,1.0,682,7072.9
2025-04-12,GLOBAL_WEST,39492,374,247,1489,Spring Content Gap,content_gap,1.0,1001,10267.88
2025-04-13,KR,25815,236,245,791,Spring Content Gap,content_gap,1.0,660,7109.41
2025-04-13,JP,26099,294,198,652,Spring Content Gap,content_gap,1.0,661,7845.53
2025-04-13,GLOBAL_WEST,38481,320,252,1457,Spring Content Gap,content_gap,1.0,994,10914.23
2025-04-14,KR,25344,186,245,838,Spring Content Gap,content_gap,1.0,661,6487.49
2025-04-14,JP,25774,279,153,702,Spring Content Gap,content_gap,1.0,625,7749.02
2025-04-14,GLOBAL_WEST,37774,393,265,1382,Spring Content Gap,content_gap,1.0,902,6969.78
2025-04-15,KR,25017,214,223,855,Spring Content Gap,content_gap,1.0,641,6312.82
2025-04-15,JP,25530,194,197,613,Spring Content Gap,content_gap,1.0,623,5129.54
2025-04-15,GLOBAL_WEST,37064,377,254,1300,Spring Content Gap,content_gap,1.0,880,7178.1
2025-04-16,KR,24558,276,179,865,Spring Content Gap,content_gap,1.0,580,4406.84
2025-04-16,JP,25325,264,171,695,Spring Content Gap,content_gap,1.0,647,7167.89
2025-04-16,GLOBAL_WEST,36256,334,252,1296,Spring Content Gap,content_gap,1.0,914,8430.67
2025-04-17,KR,24157,212,235,805,Spring Content Gap,content_gap,1.0,611,7235.96
2025-04-17,JP,25109,251,156,651,Spring Content Gap,content_gap,1.0,663,7127.8
2025-04-17,GLOBAL_WEST,35518,333,212,1281,Spring Content Gap,content_gap,1.0,856,8091.77
2025-04-18,KR,23898,252,251,826,Spring Content Gap,content_gap,1.0,590,6170.37
2025-04-18,JP,24840,211,209,597,Spring Content Gap,content_gap,1.0,621,5802.49
2025-04-18,GLOBAL_WEST,34876,294,270,1258,Spring Content Gap,content_gap,1.0,897,8768.37
2025-04-19,KR,23615,221,245,813,Spring Content Gap,content_gap,1.0,606,5114.4
2025-04-19,JP,24793,264,201,649,Spring Content Gap,content_gap,1.0,644,6285.26
2025-04-19,GLOBAL_WEST,34269,344,273,1250,Spring Content Gap,content_gap,1.0,866,7947.62
2025-04-20,KR,23189,225,242,800,Spring Content Gap,content_gap,1.0,587,6306.19
2025-04-20,JP,24493,188,198,621,Spring Content Gap,content_gap,1.0,620,5671.66
2025-04-20,GLOBAL_WEST,33753,349,255,1269,Spring Content Gap,content_gap,1.0,862,7341.81
2025-04-21,KR,22820,213,211,787,Spring Content Gap,content_gap,1.0,556,6935.49
2025-04-21,JP,24340,248,198,632,Spring Content Gap,content_gap,1.0,620,6387.19
2025-04-21,GLOBAL_WEST,33134,356,233,1220,Spring Content Gap,content_gap,1.0,823,5942.21
2025-04-22,KR,22765,294,207,715,Spring Content Gap,content_gap,1.0,580,5501.61
2025-04-22,JP,24199,248,211,653,Spring Content Gap,content_gap,1.0,629,6447.87
2025-04-22,GLOBAL_WEST,32709,365,222,1332,Spring Content Gap,content_gap,1.0,816,6553.33
2025-04-23,KR,22526,257,229,771,Spring Content Gap,content_gap,1.0,554,4344.86
2025-04-23,JP,23814,206,162,656,Spring Content Gap,content_gap,1.0,589,5635.89
2025-04-23,GLOBAL_WEST,32342,407,215,1192,Spring Content Gap,content_gap,1.0,809,6966.28
2025-04-24,KR,22054,224,204,786,Spring Content Gap,content_gap,1.0,551,4959.83
2025-04-24,JP,23554,207,175,608,Spring Content Gap,content_gap,1.0,592,5605.61
2025-04-24,GLOBAL_WEST,31653,302,223,1178,Spring Content Gap,content_gap,1.0,811,6978.58
2025-04-25,KR,21617,195,173,758,Spring Content Gap,content_gap,1.0,548,4939.86
2025-04-25,JP,23109,204,210,710,Spring Content Gap,content_gap,1.0,576,6243.7
2025-04-25,GLOBAL_WEST,31063,256,258,1239,Spring Content Gap,content_gap,1.0,766,6320.46
2025-04-26,KR,21241,296,181,671,Spring Content Gap,content_gap,1.0,531,4004.33
2025-04-26,JP,22876,211,180,613,Spring Content Gap,content_gap,1.0,558,6478.61
2025-04-26,GLOBAL_WEST,30637,333,262,1073,Spring Content Gap,content_gap,1.0,735,4891.16
2025-04-27,KR,20820,185,251,766,Spring Content Gap,content_gap,1.0,543,3845.05
2025-04-27,JP,22733,200,189,596,Spring Content Gap,content_gap,1.0,544,5747.35
2025-04-27,GLOBAL_WEST,29966,340,256,1113,Spring Content Gap,content_gap,1.0,762,6074.63
2025-04-28,KR,20339,184,140,701,Spring Content Gap,content_gap,1.0,540,5599.53
2025-04-28,JP,22520,162,244,583,Spring Content Gap,content_gap,1.0,559,6418.07
2025-04-28,GLOBAL_WEST,29403,296,261,1154,Spring Content Gap,content_gap,1.0,717,6503.72
2025-04-29,KR,20107,135,193,707,Spring Content Gap,content_gap,1.0,524,4036.48
2025-04-29,JP,22250,257,181,568,Spring Content Gap,content_gap,1.0,576,5305.06
2025-04-29,GLOBAL_WEST,28865,274,211,1122,Spring Content Gap,content_gap,1.0,721,6318.9
2025-04-30,KR,19666,224,191,705,Spring Content Gap,content_gap,1.0,490,3637.43
2025-04-30,JP,22076,228,220,571,Spring Content Gap,content_gap,1.0,547,6114.75
2025-04-30,GLOBAL_WEST,28453,390,258,1055,Spring Content Gap,content_gap,1.0,696,5907.09
2025-05-01,KR,19827,381,294,504,No Event,baseline,1.0,552,5040.75
2025-05-01,JP,22079,350,205,469,No Event,baseline,1.0,613,6260.99
2025-05-01,GLOBAL_WEST,28875,698,345,881,No Event,baseline,1.0,844,7101.63
2025-05-02,KR,19784,394,287,496,No Event,baseline,1.0,580,6290.24
2025-05-02,JP,22181,268,246,456,No Event,baseline,1.0,658,7170.41
2025-05-02,GLOBAL_WEST,29003,656,427,787,No Event,baseline,1.0,828,6190.21
2025-05-03,KR,19929,378,285,492,No Event,baseline,1.0,600,6356.85
2025-05-03,JP,22267,269,279,449,No Event,baseline,1.0,658,6506.2
2025-05-03,GLOBAL_WEST,29524,679,353,765,No Event,baseline,1.0,849,8095.69
2025-05-04,KR,20147,413,305,525,No Event,baseline,1.0,592,5902.29
2025-05-04,JP,22352,311,221,475,No Event,baseline,1.0,667,6764.94
2025-05-04,GLOBAL_WEST,29870,770,385,747,No Event,baseline,1.0,884,6503.74
2025-05-05,KR,20299,393,256,470,No Event,baseline,1.0,593,6351.01
2025-05-05,JP,22320,234,227,479,No Event,baseline,1.0,668,7835.84
2025-05-05,GLOBAL_WEST,30293,746,321,787,No Event,baseline,1.0,855,6296.01
2025-05-06,KR,20607,360,289,476,No Event,baseline,1.0,596,7450.59
2025-05-06,JP,22424,320,243,444,No Event,baseline,1.0,624,7040.87
2025-05-06,GLOBAL_WEST,30641,705,378,812,No Event,baseline,1.0,875,8270.13
2025-05-07,KR,20634,309,279,542,No Event,baseline,1.0,572,5229.37
2025-05-07,JP,22400,236,288,482,No Event,baseline,1.0,644,6911.77
2025-05-07,GLOBAL_WEST,30879,778,337,839,No Event,baseline,1.0,896,6104.71
2025-05-08,KR,20772,384,335,556,No Event,baseline,1.0,603,6176.96
2025-05-08,JP,22377,339,209,505,No Event,baseline,1.0,636,7137.66
2025-05-08,GLOBAL_WEST,31189,748,356,807,No Event,baseline,1.0,893,7618.0
2025-05-09,KR,20713,337,282,570,No Event,baseline,1.0,591,6112.05
2025-05-09,JP,22332,238,263,480,No Event,baseline,1.0,657,6692.32
2025-05-09,GLOBAL_WEST,31252,722,379,842,No Event,baseline,1.0,894,7268.59
2025-05-10,KR,20786,344,294,538,No Event,baseline,1.0,604,6230.09
2025-05-10,JP,22230,245,256,492,No Event,baseline,1.0,624,6367.38
2025-05-10,GLOBAL_WEST,31685,740,397,878,No Event,baseline,1.0,909,8680.79
2025-05-11,KR,20979,411,341,517,No Event,baseline,1.0,578,4882.43
2025-05-11,JP,22133,271,248,485,No Event,baseline,1.0,607,5420.57
2025-05-11,GLOBAL_WEST,31912,716,377,870,No Event,baseline,1.0,917,6749.34
2025-05-12,KR,21126,285,330,514,No Event,baseline,1.0,618,5966.69
2025-05-12,JP,22226,327,221,477,No Event,baseline,1.0,645,7204.45
2025-05-12,GLOBAL_WEST,32465,741,350,906,No Event,baseline,1.0,943,7275.93
2025-05-13,KR,21191,344,245,556,No Event,baseline,1.0,633,6416.52
2025-05-13,JP,22411,264,247,492,No Event,baseline,1.0,644,5711.05
2025-05-13,GLOBAL_WEST,32635,714,329,966,No Event,baseline,1.0,996,8338.21
2025-05-14,KR,21416,326,275,568,No Event,baseline,1.0,596,5823.09
2025-05-14,JP,22412,227,288,471,No Event,baseline,1.0,653,7342.8
2025-05-14,GLOBAL_WEST,32649,786,368,940,No Event,baseline,1.0,977,9418.41
2025-05-15,KR,21433,336,276,560,PvE Growth Subscription Launch,bm_launch,1.0,740,8656.72
2025-05-15,JP,22301,301,242,546,PvE Growth Subscription Launch,bm_launch,1.0,820,11364.93
2025-05-15,GLOBAL_WEST,33064,868,403,771,PvE Growth Subscription Launch,bm_launch,1.0,1166,10652.17
2025-05-16,KR,21616,358,408,537,PvE Growth Subscription Launch,bm_launch,1.0,776,8827.61
2025-05-16,JP,22315,316,242,531,PvE Growth Subscription Launch,bm_launch,1.0,769,9392.28
2025-05-16,GLOBAL_WEST,33646,818,384,808,PvE Growth Subscription Launch,bm_launch,1.0,1174,11563.64
2025-05-17,KR,21790,361,339,532,PvE Growth Subscription Launch,bm_launch,1.0,743,7306.75
2025-05-17,JP,22380,299,241,504,PvE Growth Subscription Launch,bm_launch,1.0,771,9170.47
2025-05-17,GLOBAL_WEST,33991,789,429,818,PvE Growth Subscription Launch,bm_launch,1.0,1218,10476.61
2025-05-18,KR,22115,353,369,532,PvE Growth Subscription Launch,bm_launch,1.0,777,9928.37
2025-05-18,JP,22431,317,270,490,PvE Growth Subscription Launch,bm_launch,1.0,781,10010.2
2025-05-18,GLOBAL_WEST,34491,873,444,887,PvE Growth Subscription Launch,bm_launch,1.0,1216,14549.01
2025-05-19,KR,22102,382,320,585,PvE Growth Subscription Launch,bm_launch,1.0,809,7648.37
2025-05-19,JP,22511,257,273,510,PvE Growth Subscription Launch,bm_launch,1.0,770,8440.18
2025-05-19,GLOBAL_WEST,34900,830,443,888,PvE Growth Subscription Launch,bm_launch,1.0,1279,15001.55
2025-05-20,KR,22161,352,328,570,PvE Growth Subscription Launch,bm_launch,1.0,807,9230.99
2025-05-20,JP,22570,327,261,452,PvE Growth Subscription Launch,bm_launch,1.0,787,10094.33
2025-05-20,GLOBAL_WEST,35328,846,426,910,PvE Growth Subscription Launch,bm_launch,1.0,1226,10336.47
2025-05-21,KR,22178,281,313,609,PvE Growth Subscription Launch,bm_launch,1.0,753,9529.39
2025-05-21,JP,22535,333,256,480,PvE Growth Subscription Launch,bm_launch,1.0,796,10997.07
2025-05-21,GLOBAL_WEST,35849,903,439,895,PvE Growth Subscription Launch,bm_launch,1.0,1288,13855.16
2025-05-22,KR,22140,278,317,560,PvE Growth Subscription Launch,bm_launch,1.0,773,9112.37
2025-05-22,JP,22529,235,250,441,PvE Growth Subscription Launch,bm_launch,1.0,783,10062.2
2025-05-22,GLOBAL_WEST,36021,827,439,927,PvE Growth Subscription Launch,bm_launch,1.0,1285,12805.05
2025-05-23,KR,22229,327,362,597,PvE Growth Subscription Launch,bm_launch,1.0,773,8225.55
2025-05-23,JP,22565,305,247,497,PvE Growth Subscription Launch,bm_launch,1.0,808,10798.47
2025-05-23,GLOBAL_WEST,36187,859,444,1022,PvE Growth Subscription Launch,bm_launch,1.0,1233,13933.37
2025-05-24,KR,22295,361,339,537,PvE Growth Subscription Launch,bm_launch,1.0,801,9451.62
2025-05-24,JP,22699,270,299,499,PvE Growth Subscription Launch,bm_launch,1.0,784,9252.83
2025-05-24,GLOBAL_WEST,36796,797,466,962,PvE Growth Subscription Launch,bm_launch,1.0,1346,14780.35
2025-05-25,KR,22270,307,340,586,PvE Growth Subscription Launch,bm_launch,1.0,775,7704.46
2025-05-25,JP,22667,272,283,507,PvE Growth Subscription Launch,bm_launch,1.0,810,10411.51
2025-05-25,GLOBAL_WEST,36715,902,463,1030,PvE Growth Subscription Launch,bm_launch,1.0,1367,15355.37
2025-05-26,KR,22323,354,316,561,PvE Growth Subscription Launch,bm_launch,1.0,803,8902.69
2025-05-26,JP,22633,270,243,459,PvE Growth Subscription Launch,bm_launch,1.0,788,10451.7
2025-05-26,GLOBAL_WEST,36723,798,452,965,PvE Growth Subscription Launch,bm_launch,1.0,1302,13663.17
2025-05-27,KR,22427,342,300,531,PvE Growth Subscription Launch,bm_launch,1.0,814,9869.5
2025-05-27,JP,22792,324,228,527,PvE Growth Subscription Launch,bm_launch,1.0,843,12482.53
2025-05-27,GLOBAL_WEST,37079,814,419,915,PvE Growth Subscription Launch,bm_launch,1.0,1301,14753.76
2025-05-28,KR,22341,346,276,573,PvE Growth Subscription Launch,bm_launch,1.0,797,9096.62
2025-05-28,JP,22560,227,208,527,PvE Growth Subscription Launch,bm_launch,1.0,829,10227.97
2025-05-28,GLOBAL_WEST,37455,865,422,950,PvE Growth Subscription Launch,bm_launch,1.0,1320,13315.68
2025-05-29,KR,22478,355,395,573,PvE Growth Subscription Launch,bm_launch,1.0,764,7602.75
2025-05-29,JP,22800,254,257,408,PvE Growth Subscription Launch,bm_launch,1.0,824,11954.02
2025-05-29,GLOBAL_WEST,37692,866,447,1027,PvE Growth Subscription Launch,bm_launch,1.0,1312,11029.08
2025-05-30,KR,22661,384,371,529,PvE Growth Subscription Launch,bm_launch,1.0,815,8607.89
2025-05-30,JP,22922,331,276,505,PvE Growth Subscription Launch,bm_launch,1.0,847,10025.79
2025-05-30,GLOBAL_WEST,38217,928,475,1001,PvE Growth Subscription Launch,bm_launch,1.0,1320,12132.51
2025-05-31,KR,22683,323,384,553,PvE Growth Subscription Launch,bm_launch,1.0,793,8974.37
2025-05-31,JP,23137,342,266,483,PvE Growth Subscription Launch,bm_launch,1.0,817,8845.77
2025-05-31,GLOBAL_WEST,38537,894,487,998,PvE Growth Subscription Launch,bm_launch,1.0,1287,12969.27
2025-06-01,KR,22638,313,327,583,PvE Growth Subscription Launch,bm_launch,1.0,828,8417.99
2025-06-01,JP,23188,244,264,490,PvE Growth Subscription Launch,bm_launch,1.0,838,9439.26
2025-06-01,GLOBAL_WEST,38817,880,473,1053,PvE Growth Subscription Launch,bm_launch,1.0,1376,14840.09
2025-06-02,KR,22639,306,320,565,PvE Growth Subscription Launch,bm_launch,1.0,808,8197.27
2025-06-02,JP,23177,291,285,497,PvE Growth Subscription Launch,bm_launch,1.0,811,10846.23
2025-06-02,GLOBAL_WEST,39001,831,430,1160,PvE Growth Subscription Launch,bm_launch,1.0,1341,14787.29
2025-06-03,KR,22630,363,286,589,PvE Growth Subscription Launch,bm_launch,1.0,778,9285.12
2025-06-03,JP,23145,321,238,469,PvE Growth Subscription Launch,bm_launch,1.0,837,9537.54
2025-06-03,GLOBAL_WEST,39265,899,449,1075,PvE Growth Subscription Launch,bm_launch,1.0,1422,14303.15
2025-06-04,KR,22775,335,319,624,PvE Growth Subscription Launch,bm_launch,1.0,786,7642.78
2025-06-04,JP,23157,262,243,477,PvE Growth Subscription Launch,bm_launch,1.0,805,9392.7
2025-06-04,GLOBAL_WEST,39611,856,432,1126,PvE Growth Subscription Launch,bm_launch,1.0,1426,13313.59
2025-06-05,KR,22572,301,329,568,PvE Growth Subscription Launch,bm_launch,1.0,799,10498.79
2025-06-05,JP,23241,323,238,500,PvE Growth Subscription Launch,bm_launch,1.0,834,8900.82
2025-06-05,GLOBAL_WEST,39649,864,437,1100,PvE Growth Subscription Launch,bm_launch,1.0,1413,13396.88
2025-06-06,KR,22619,339,322,594,PvE Growth Subscription Launch,bm_launch,1.0,827,10616.57
2025-06-06,JP,23361,296,259,513,PvE Growth Subscription Launch,bm_launch,1.0,820,11601.6
2025-06-06,GLOBAL_WEST,39989,791,475,1074,PvE Growth Subscription Launch,bm_launch,1.0,1396,14858.67
2025-06-07,KR,22564,338,346,576,PvE Growth Subscription Launch,bm_launch,1.0,798,10388.17
2025-06-07,JP,23658,299,287,510,PvE Growth Subscription Launch,bm_launch,1.0,872,10237.41
2025-06-07,GLOBAL_WEST,40399,867,422,1110,PvE Growth Subscription Launch,bm_launch,1.0,1402,12803.87
2025-06-08,KR,22521,251,320,554,PvE Growth Subscription Launch,bm_launch,1.0,813,8146.12
2025-06-08,JP,23572,257,239,502,PvE Growth Subscription Launch,bm_launch,1.0,800,10639.16
2025-06-08,GLOBAL_WEST,40634,829,502,962,PvE Growth Subscription Launch,bm_launch,1.0,1501,15191.66
2025-06-09,KR,22625,292,341,551,PvE Growth Subscription Launch,bm_launch,1.0,755,8378.45
2025-06-09,JP,23648,280,284,523,PvE Growth Subscription Launch,bm_launch,1.0,847,9593.79
2025-06-09,GLOBAL_WEST,40621,872,421,1072,PvE Growth Subscription Launch,bm_launch,1.0,1447,14616.38
2025-06-10,KR,22805,261,304,569,PvE Growth Subscription Launch,bm_launch,1.0,784,8146.53
2025-06-10,JP,23600,245,281,485,PvE Growth Subscription Launch,bm_launch,1.0,815,8972.53
2025-06-10,GLOBAL_WEST,41006,895,442,1094,PvE Growth Subscription Launch,bm_launch,1.0,1542,17235.17
2025-06-11,KR,22738,260,324,543,PvE Growth Subscription Launch,bm_launch,1.0,801,9793.95
2025-06-11,JP,23794,322,307,497,PvE Growth Subscription Launch,bm_launch,1.0,850,8636.7
2025-06-11,GLOBAL_WEST,41123,842,506,1078,PvE Growth Subscription Launch,bm_launch,1.0,1433,13321.06
2025-06-12,KR,22811,365,345,620,PvE Growth Subscription Launch,bm_launch,1.0,806,9027.18
2025-06-12,JP,23896,272,244,469,PvE Growth Subscription Launch,bm_launch,1.0,863,12212.34
2025-06-12,GLOBAL_WEST,40920,748,459,1111,PvE Growth Subscription Launch,bm_launch,1.0,1461,16935.33
2025-06-13,KR,22906,281,371,528,PvE Growth Subscription Launch,bm_launch,1.0,832,10084.66
2025-06-13,JP,23944,241,308,560,PvE Growth Subscription Launch,bm_launch,1.0,846,9745.9
2025-06-13,GLOBAL_WEST,41342,894,514,1106,PvE Growth Subscription Launch,bm_launch,1.0,1433,17279.67
2025-06-14,KR,23058,334,338,553,PvE Growth Subscription Launch,bm_launch,1.0,785,9390.04
2025-06-14,JP,24155,276,286,499,PvE Growth Subscription Launch,bm_launch,1.0,843,9027.86
2025-06-14,GLOBAL_WEST,41553,746,484,1164,PvE Growth Subscription Launch,bm_launch,1.0,1468,17310.22
2025-06-15,KR,23165,284,300,574,No Event,baseline,1.0,721,6366.0
2025-06-15,JP,24108,283,215,520,No Event,baseline,1.0,773,9421.45
2025-06-15,GLOBAL_WEST,41463,794,404,1031,No Event,baseline,1.0,1261,11042.02
2025-06-16,KR,23068,276,239,585,No Event,baseline,1.0,714,8441.41
2025-06-16,JP,24203,307,224,523,No Event,baseline,1.0,781,9184.4
2025-06-16,GLOBAL_WEST,41388,791,395,1099,No Event,baseline,1.0,1269,12476.65
2025-06-17,KR,23101,324,303,597,No Event,baseline,1.0,691,7126.0
2025-06-17,JP,24482,312,245,520,No Event,baseline,1.0,758,7999.71
2025-06-17,GLOBAL_WEST,41190,759,353,1190,No Event,baseline,1.0,1253,10257.96
2025-06-18,KR,23053,301,236,655,No Event,baseline,1.0,723,8153.8
2025-06-18,JP,24597,328,211,526,No Event,baseline,1.0,768,8229.74
2025-06-18,GLOBAL_WEST,41016,756,408,1133,No Event,baseline,1.0,1271,11290.71
2025-06-19,KR,23030,350,285,560,No Event,baseline,1.0,695,7516.17
2025-06-19,JP,24670,347,240,500,No Event,baseline,1.0,788,7991.32
2025-06-19,GLOBAL_WEST,41002,713,352,1075,No Event,baseline,1.0,1299,11789.51
2025-06-20,KR,23105,295,334,573,No Event,baseline,1.0,691,7002.56
2025-06-20,JP,24638,247,293,569,No Event,baseline,1.0,760,9341.09
2025-06-20,GLOBAL_WEST,41032,763,400,1056,No Event,baseline,1.0,1319,10661.96
2025-06-21,KR,23287,290,310,584,No Event,baseline,1.0,735,8026.25
2025-06-21,JP,24603,289,304,585,No Event,baseline,1.0,771,8194.42
2025-06-21,GLOBAL_WEST,41132,748,447,1125,No Event,baseline,1.0,1361,10919.84
2025-06-22,KR,23286,262,312,642,No Event,baseline,1.0,740,7956.11
2025-06-22,JP,24672,261,298,491,No Event,baseline,1.0,759,8117.92
2025-06-22,GLOBAL_WEST,41135,769,421,1205,No Event,baseline,1.0,1263,12565.96
2025-06-23,KR,23041,270,292,630,No Event,baseline,1.0,726,7361.11
2025-06-23,JP,24791,314,241,556,No Event,baseline,1.0,792,9284.9
2025-06-23,GLOBAL_WEST,40905,689,372,1204,No Event,baseline,1.0,1256,13892.46
2025-06-24,KR,23102,373,254,581,No Event,baseline,1.0,680,6247.0
2025-06-24,JP,24794,302,252,571,No Event,baseline,1.0,787,8176.26
2025-06-24,GLOBAL_WEST,40753,730,402,1136,No Event,baseline,1.0,1326,12770.29
2025-06-25,KR,22875,297,275,601,No Event,baseline,1.0,754,7364.04
2025-06-25,JP,24821,301,252,538,No Event,baseline,1.0,764,8917.18
2025-06-25,GLOBAL_WEST,40648,726,415,1164,No Event,baseline,1.0,1257,12356.06
2025-06-26,KR,23006,314,296,628,No Event,baseline,1.0,736,8441.39
2025-06-26,JP,24949,313,264,525,No Event,baseline,1.0,767,10083.03
2025-06-26,GLOBAL_WEST,40391,669,365,1103,No Event,baseline,1.0,1261,12681.24
2025-06-27,KR,22952,348,296,639,No Event,baseline,1.0,712,6347.75
2025-06-27,JP,24911,299,221,558,No Event,baseline,1.0,797,8902.18
2025-06-27,GLOBAL_WEST,40221,680,404,1154,No Event,baseline,1.0,1236,12531.11
2025-06-28,KR,22925,291,308,594,No Event,baseline,1.0,698,8061.64
2025-06-28,JP,24770,272,267,558,No Event,baseline,1.0,775,7988.32
2025-06-28,GLOBAL_WEST,40050,727,410,1192,No Event,baseline,1.0,1237,12985.46
2025-06-29,KR,22984,329,347,607,No Event,baseline,1.0,741,7505.49
2025-06-29,JP,24866,273,250,516,No Event,baseline,1.0,774,8524.41
2025-06-29,GLOBAL_WEST,40168,697,439,1144,No Event,baseline,1.0,1200,11255.21
2025-06-30,KR,22824,268,305,619,No Event,baseline,1.0,736,7129.54
2025-06-30,JP,24719,247,227,551,No Event,baseline,1.0,766,8167.7
2025-06-30,GLOBAL_WEST,40038,652,409,1100,No Event,baseline,1.0,1196,10370.09
2025-07-01,KR,22650,288,322,618,No Event,baseline,1.0,726,7290.42
2025-07-01,JP,24663,270,234,626,No Event,baseline,1.0,759,9415.43
2025-07-01,GLOBAL_WEST,39918,667,348,1060,No Event,baseline,1.0,1253,11886.13
2025-07-02,KR,22713,300,294,561,No Event,baseline,1.0,728,7346.74
2025-07-02,JP,24839,313,266,543,No Event,baseline,1.0,771,7483.96
2025-07-02,GLOBAL_WEST,39932,692,354,1078,No Event,baseline,1.0,1245,10525.77
2025-07-03,KR,22810,346,313,544,No Event,baseline,1.0,726,7490.9
2025-07-03,JP,24649,277,263,569,No Event,baseline,1.0,813,8815.25
2025-07-03,GLOBAL_WEST,39631,682,349,1041,No Event,baseline,1.0,1298,10662.92
2025-07-04,KR,22714,342,294,641,No Event,baseline,1.0,692,7094.19
2025-07-04,JP,24737,306,261,535,No Event,baseline,1.0,784,8400.77
2025-07-04,GLOBAL_WEST,39394,663,398,1085,No Event,baseline,1.0,1248,10784.0
2025-07-05,KR,22788,324,336,546,No Event,baseline,1.0,683,7738.15
2025-07-05,JP,24716,301,235,620,No Event,baseline,1.0,796,10405.46
2025-07-05,GLOBAL_WEST,39365,642,407,1031,No Event,baseline,1.0,1264,10011.65
2025-07-06,KR,22785,337,270,687,No Event,baseline,1.0,736,7856.28
2025-07-06,JP,24602,315,254,584,No Event,baseline,1.0,768,9040.83
2025-07-06,GLOBAL_WEST,38974,668,381,1185,No Event,baseline,1.0,1239,11981.93
2025-07-07,KR,22694,253,289,568,No Event,baseline,1.0,743,5877.0
2025-07-07,JP,24581,322,224,577,No Event,baseline,1.0,779,9499.35
2025-07-07,GLOBAL_WEST,38572,567,329,1083,No Event,baseline,1.0,1223,11304.65
2025-07-08,KR,22753,364,295,601,No Event,baseline,1.0,740,8213.21
2025-07-08,JP,24489,312,230,546,No Event,baseline,1.0,784,7114.8
2025-07-08,GLOBAL_WEST,38594,600,379,996,No Event,baseline,1.0,1271,10236.88
2025-07-09,KR,23220,704,422,608,Astra Heroes Crossover,collaboration,1.0,947,20415.43
2025-07-09,JP,24658,489,298,549,Astra Heroes Crossover,collaboration,1.0,969,19752.84
2025-07-09,GLOBAL_WEST,39346,1342,575,1154,Astra Heroes Crossover,collaboration,1.0,1479,27969.93
2025-07-10,KR,23547,676,419,588,Astra Heroes Crossover,collaboration,1.0,929,19930.13
2025-07-10,JP,24891,433,283,541,Astra Heroes Crossover,collaboration,1.0,972,20399.25
2025-07-10,GLOBAL_WEST,40184,1355,581,1211,Astra Heroes Crossover,collaboration,1.0,1529,28020.17
2025-07-11,KR,24037,715,419,636,Astra Heroes Crossover,collaboration,1.0,949,20453.01
2025-07-11,JP,25032,457,292,563,Astra Heroes Crossover,collaboration,1.0,991,20744.33
2025-07-11,GLOBAL_WEST,40991,1372,628,1159,Astra Heroes Crossover,collaboration,1.0,1591,28552.8
2025-07-12,KR,24488,643,483,670,Astra Heroes Crossover,collaboration,1.0,957,18428.9
2025-07-12,JP,25002,461,303,611,Astra Heroes Crossover,collaboration,1.0,1003,20429.29
2025-07-12,GLOBAL_WEST,41903,1320,569,1265,Astra Heroes Crossover,collaboration,1.0,1674,29102.07
2025-07-13,KR,24948,647,414,702,Astra Heroes Crossover,collaboration,1.0,1000,21721.13
2025-07-13,JP,25286,444,292,573,Astra Heroes Crossover,collaboration,1.0,981,21433.82
2025-07-13,GLOBAL_WEST,42372,1248,589,1266,Astra Heroes Crossover,collaboration,1.0,1634,28546.16
2025-07-14,KR,25298,596,443,691,Astra Heroes Crossover,collaboration,1.0,983,20789.32
2025-07-14,JP,25364,458,297,605,Astra Heroes Crossover,collaboration,1.0,1008,23815.98
2025-07-14,GLOBAL_WEST,43045,1298,612,1262,Astra Heroes Crossover,collaboration,1.0,1666,31985.63
2025-07-15,KR,25731,625,423,687,Astra Heroes Crossover,collaboration,1.0,1022,22617.9
2025-07-15,JP,25482,412,306,599,Astra Heroes Crossover,collaboration,1.0,1021,20955.39
2025-07-15,GLOBAL_WEST,43906,1315,577,1244,Astra Heroes Crossover,collaboration,1.0,1758,36898.32
2025-07-16,KR,26235,667,447,695,Astra Heroes Crossover,collaboration,1.0,1092,23534.33
2025-07-16,JP,25623,429,307,630,Astra Heroes Crossover,collaboration,1.0,1001,20192.1
2025-07-16,GLOBAL_WEST,44521,1322,570,1426,Astra Heroes Crossover,collaboration,1.0,1771,29873.46
2025-07-17,KR,26634,652,503,708,Astra Heroes Crossover,collaboration,1.0,1033,21182.98
2025-07-17,JP,25756,432,327,612,Astra Heroes Crossover,collaboration,1.0,1025,23875.29
2025-07-17,GLOBAL_WEST,45160,1290,615,1351,Astra Heroes Crossover,collaboration,1.0,1738,31327.71
2025-07-18,KR,26897,653,496,732,Astra Heroes Crossover,collaboration,1.0,1040,21429.4
2025-07-18,JP,25743,458,332,631,Astra Heroes Crossover,collaboration,1.0,1035,22665.78
2025-07-18,GLOBAL_WEST,45721,1307,681,1485,Astra Heroes Crossover,collaboration,1.0,1782,36328.41
2025-07-19,KR,27181,633,465,765,Astra Heroes Crossover,collaboration,1.0,1090,21784.4
2025-07-19,JP,25894,410,279,601,Astra Heroes Crossover,collaboration,1.0,1035,21786.47
2025-07-19,GLOBAL_WEST,46457,1280,623,1412,Astra Heroes Crossover,collaboration,1.0,1865,32756.2
2025-07-20,KR,27441,696,478,834,Astra Heroes Crossover,collaboration,1.0,1039,21639.93
2025-07-20,JP,25989,456,362,663,Astra Heroes Crossover,collaboration,1.0,1054,22609.04
2025-07-20,GLOBAL_WEST,46953,1320,698,1501,Astra Heroes Crossover,collaboration,1.0,1797,36982.23
2025-07-21,KR,27947,676,431,764,Astra Heroes Crossover,collaboration,1.0,1098,22621.77
2025-07-21,JP,25984,384,331,587,Astra Heroes Crossover,collaboration,1.0,1022,20504.61
2025-07-21,GLOBAL_WEST,47131,1257,624,1521,Astra Heroes Crossover,collaboration,1.0,1830,35353.55
2025-07-22,KR,28182,631,462,850,Astra Heroes Crossover,collaboration,1.0,1107,21116.52
2025-07-22,JP,26005,410,283,584,Astra Heroes Crossover,collaboration,1.0,1008,23231.71
2025-07-22,GLOBAL_WEST,47721,1266,595,1416,Astra Heroes Crossover,collaboration,1.0,1866,33828.99
2025-07-23,KR,28364,655,456,863,Astra Heroes Crossover,collaboration,1.0,1118,21905.46
2025-07-23,JP,26331,528,295,561,Astra Heroes Crossover,collaboration,1.0,1042,23989.04
2025-07-23,GLOBAL_WEST,48369,1276,648,1454,Astra Heroes Crossover,collaboration,1.0,1892,34881.21
2025-07-24,KR,28488,702,453,861,Astra Heroes Crossover,collaboration,1.0,1075,21435.95
2025-07-24,JP,26471,454,284,660,Astra Heroes Crossover,collaboration,1.0,1080,23789.53
2025-07-24,GLOBAL_WEST,48812,1274,579,1453,Astra Heroes Crossover,collaboration,1.0,1835,34278.01
2025-07-25,KR,29085,721,491,795,Astra Heroes Crossover,collaboration,1.0,1131,25238.87
2025-07-25,JP,26506,436,292,690,Astra Heroes Crossover,collaboration,1.0,1052,21272.4
2025-07-25,GLOBAL_WEST,49338,1264,629,1663,Astra Heroes Crossover,collaboration,1.0,1931,40160.4
2025-07-26,KR,29396,689,488,850,Astra Heroes Crossover,collaboration,1.0,1150,23092.1
2025-07-26,JP,26583,411,331,645,Astra Heroes Crossover,collaboration,1.0,1027,21509.69
2025-07-26,GLOBAL_WEST,49675,1342,628,1471,Astra Heroes Crossover,collaboration,1.0,1872,34693.26
2025-07-27,KR,29369,595,494,915,Astra Heroes Crossover,collaboration,1.0,1145,23873.2
2025-07-27,JP,26648,416,320,598,Astra Heroes Crossover,collaboration,1.0,1022,22563.35
2025-07-27,GLOBAL_WEST,50261,1264,667,1567,Astra Heroes Crossover,collaboration,1.0,1960,36115.64
2025-07-28,KR,29619,657,474,911,Astra Heroes Crossover,collaboration,1.0,1149,23767.17
2025-07-28,JP,26848,357,336,609,Astra Heroes Crossover,collaboration,1.0,1025,22153.54
2025-07-28,GLOBAL_WEST,50505,1362,640,1529,Astra Heroes Crossover,collaboration,1.0,1997,38900.29
2025-07-29,KR,30125,670,435,817,Astra Heroes Crossover,collaboration,1.0,1175,21636.17
2025-07-29,JP,27044,408,312,661,Astra Heroes Crossover,collaboration,1.0,1044,21645.1
2025-07-29,GLOBAL_WEST,50739,1337,566,1623,Astra Heroes Crossover,collaboration,1.0,1991,38885.31
2025-07-30,KR,30147,653,431,879,Astra Heroes Crossover,collaboration,1.0,1220,24581.58
2025-07-30,JP,26987,390,323,661,Astra Heroes Crossover,collaboration,1.0,1048,21162.01
2025-07-30,GLOBAL_WEST,51099,1333,632,1658,Astra Heroes Crossover,collaboration,1.0,2007,36386.83
2025-07-31,KR,30075,389,353,802,No Event,baseline,1.0,949,9884.46
2025-07-31,JP,27020,320,258,576,No Event,baseline,1.0,889,8938.34
2025-07-31,GLOBAL_WEST,50636,632,378,1414,No Event,baseline,1.0,1609,12512.04
2025-08-01,KR,29985,348,312,831,No Event,baseline,1.0,967,9327.75
2025-08-01,JP,26910,254,241,688,No Event,baseline,1.0,870,11774.65
2025-08-01,GLOBAL_WEST,50187,691,435,1538,No Event,baseline,1.0,1570,13735.95
2025-08-02,KR,29892,292,369,806,No Event,baseline,1.0,935,8780.77
2025-08-02,JP,26803,282,257,658,No Event,baseline,1.0,849,9747.38
2025-08-02,GLOBAL_WEST,49420,661,432,1577,No Event,baseline,1.0,1535,13017.18
2025-08-03,KR,29692,327,300,870,No Event,baseline,1.0,948,8957.52
2025-08-03,JP,26785,267,245,593,No Event,baseline,1.0,811,8850.91
2025-08-03,GLOBAL_WEST,48893,592,438,1540,No Event,baseline,1.0,1580,15387.79
2025-08-04,KR,29521,392,318,804,No Event,baseline,1.0,936,8761.56
2025-08-04,JP,26640,267,252,637,No Event,baseline,1.0,810,9388.12
2025-08-04,GLOBAL_WEST,48642,625,380,1307,No Event,baseline,1.0,1420,14280.51
2025-08-05,KR,29291,287,346,758,No Event,baseline,1.0,909,9308.21
2025-08-05,JP,26669,254,278,565,No Event,baseline,1.0,838,10782.56
2025-08-05,GLOBAL_WEST,48280,650,410,1418,No Event,baseline,1.0,1552,12626.43
2025-08-06,KR,29067,263,350,777,No Event,baseline,1.0,881,8309.1
2025-08-06,JP,26490,241,274,625,No Event,baseline,1.0,836,10877.67
2025-08-06,GLOBAL_WEST,48120,617,382,1381,No Event,baseline,1.0,1543,13790.23
2025-08-07,KR,28955,400,300,777,No Event,baseline,1.0,918,10022.9
2025-08-07,JP,26443,341,241,625,No Event,baseline,1.0,823,10061.37
2025-08-07,GLOBAL_WEST,47762,624,401,1389,No Event,baseline,1.0,1545,11804.11
2025-08-08,KR,28964,302,378,772,No Event,baseline,1.0,892,10118.72
2025-08-08,JP,26319,236,268,617,No Event,baseline,1.0,837,9385.54
2025-08-08,GLOBAL_WEST,47487,664,431,1390,No Event,baseline,1.0,1478,13453.77
2025-08-09,KR,28856,369,306,731,No Event,baseline,1.0,906,9309.74
2025-08-09,JP,26349,244,317,568,No Event,baseline,1.0,818,9055.79
2025-08-09,GLOBAL_WEST,47262,690,440,1406,No Event,baseline,1.0,1462,11702.59
2025-08-10,KR,28734,346,339,861,No Event,baseline,1.0,866,7950.69
2025-08-10,JP,26230,175,287,611,No Event,baseline,1.0,819,10578.49
2025-08-10,GLOBAL_WEST,47098,628,422,1443,No Event,baseline,1.0,1464,13561.8
2025-08-11,KR,28569,315,312,806,No Event,baseline,1.0,901,7565.43
2025-08-11,JP,26224,232,234,601,No Event,baseline,1.0,830,9954.5
2025-08-11,GLOBAL_WEST,46805,621,429,1358,No Event,baseline,1.0,1487,12841.41
2025-08-12,KR,0,0,0,0,Data Center Outage,incident,0.0,0,0.0
2025-08-12,JP,0,0,0,0,Data Center Outage,incident,0.0,0,0.0
2025-08-12,GLOBAL_WEST,0,0,0,0,Data Center Outage,incident,0.0,0,0.0
2025-08-13,KR,13549,43,67,1724,Partial Service Restoration,incident_response,0.5,237,532.64
2025-08-13,JP,12640,131,55,1058,Partial Service Restoration,incident_response,0.5,244,351.58
2025-08-13,GLOBAL_WEST,21970,103,11,3277,Partial Service Restoration,incident_response,0.5,417,418.56
2025-08-14,KR,21465,172,196,1313,Delayed Initial Response,incident_response,0.82,483,661.27
2025-08-14,JP,20353,187,241,799,Delayed Initial Response,incident_response,0.82,460,1091.65
2025-08-14,GLOBAL_WEST,34214,248,197,2501,Delayed Initial Response,incident_response,0.82,788,1511.81
2025-08-15,KR,20761,131,188,1308,Delayed Initial Response,incident_response,0.82,435,1397.82
2025-08-15,JP,19957,182,181,808,Delayed Initial Response,incident_response,0.82,439,934.02
2025-08-15,GLOBAL_WEST,32649,265,191,2398,Delayed Initial Response,incident_response,0.82,750,963.66
2025-08-16,KR,19989,154,201,1290,Delayed Initial Response,incident_response,0.82,439,1091.19
2025-08-16,JP,19619,153,217,808,Delayed Initial Response,incident_response,0.82,440,1443.61
2025-08-16,GLOBAL_WEST,31261,305,190,2279,Delayed Initial Response,incident_response,0.82,668,2011.5
2025-08-17,KR,25345,408,1066,523,Extraordinary Compensation,recovery,1.0,696,4010.85
2025-08-17,JP,24451,281,614,506,Extraordinary Compensation,recovery,1.0,705,5445.54
2025-08-17,GLOBAL_WEST,39443,891,1408,850,Extraordinary Compensation,recovery,1.0,1123,6615.12
2025-08-18,KR,26160,397,958,517,Extraordinary Compensation,recovery,1.0,728,4522.55
2025-08-18,JP,24825,194,556,541,Extraordinary Compensation,recovery,1.0,690,5347.96
2025-08-18,GLOBAL_WEST,40406,892,1281,801,Extraordinary Compensation,recovery,1.0,1144,5947.38
2025-08-19,KR,27032,345,971,569,Extraordinary Compensation,recovery,1.0,759,5323.08
2025-08-19,JP,25121,203,519,527,Extraordinary Compensation,recovery,1.0,703,6125.6
2025-08-19,GLOBAL_WEST,41594,837,1324,973,Extraordinary Compensation,recovery,1.0,1228,8080.62
2025-08-20,KR,27600,383,957,614,Extraordinary Compensation,recovery,1.0,763,3901.16
2025-08-20,JP,25317,318,590,552,Extraordinary Compensation,recovery,1.0,693,4958.51
2025-08-20,GLOBAL_WEST,43038,866,1341,973,Extraordinary Compensation,recovery,1.0,1193,8063.98
2025-08-21,KR,28325,355,979,622,Extraordinary Compensation,recovery,1.0,779,4989.5
2025-08-21,JP,25656,292,536,525,Extraordinary Compensation,recovery,1.0,716,5372.22
2025-08-21,GLOBAL_WEST,44421,923,1340,932,Extraordinary Compensation,recovery,1.0,1264,9204.55
2025-08-22,KR,29222,375,1046,561,Extraordinary Compensation,recovery,1.0,830,5366.79
2025-08-22,JP,25861,318,591,541,Extraordinary Compensation,recovery,1.0,776,7176.82
2025-08-22,GLOBAL_WEST,45838,966,1507,995,Extraordinary Compensation,recovery,1.0,1274,6332.06
2025-08-23,KR,29852,335,1085,573,Extraordinary Compensation,recovery,1.0,848,3893.33
2025-08-23,JP,26151,233,604,535,Extraordinary Compensation,recovery,1.0,749,6166.35
2025-08-23,GLOBAL_WEST,47261,874,1497,1103,Extraordinary Compensation,recovery,1.0,1325,9814.06
2025-08-24,KR,29836,362,534,730,Postmortem and Trust Recovery,recovery,1.0,975,7374.71
2025-08-24,JP,26099,323,326,638,Postmortem and Trust Recovery,recovery,1.0,859,7728.7
2025-08-24,GLOBAL_WEST,47752,797,692,1243,Postmortem and Trust Recovery,recovery,1.0,1556,10500.75
2025-08-25,KR,29779,314,523,720,Postmortem and Trust Recovery,recovery,1.0,937,8127.48
2025-08-25,JP,26195,264,311,531,Postmortem and Trust Recovery,recovery,1.0,872,9304.44
2025-08-25,GLOBAL_WEST,47751,802,617,1298,Postmortem and Trust Recovery,recovery,1.0,1557,10259.77
2025-08-26,KR,29826,251,490,689,Postmortem and Trust Recovery,recovery,1.0,975,8362.26
2025-08-26,JP,26226,317,331,602,Postmortem and Trust Recovery,recovery,1.0,846,7416.53
2025-08-26,GLOBAL_WEST,47751,817,612,1268,Postmortem and Trust Recovery,recovery,1.0,1532,8444.31
2025-08-27,KR,29700,307,525,764,Postmortem and Trust Recovery,recovery,1.0,956,7218.86
2025-08-27,JP,26137,265,301,614,Postmortem and Trust Recovery,recovery,1.0,822,7203.15
2025-08-27,GLOBAL_WEST,47906,841,658,1272,Postmortem and Trust Recovery,recovery,1.0,1517,12401.12
2025-08-28,KR,29875,351,497,764,Postmortem and Trust Recovery,recovery,1.0,948,6914.45
2025-08-28,JP,26093,195,314,547,Postmortem and Trust Recovery,recovery,1.0,844,7170.1
2025-08-28,GLOBAL_WEST,48276,769,651,1261,Postmortem and Trust Recovery,recovery,1.0,1551,12350.21
2025-08-29,KR,29782,331,476,774,Postmortem and Trust Recovery,recovery,1.0,974,9258.34
2025-08-29,JP,26142,237,348,525,Postmortem and Trust Recovery,recovery,1.0,856,8597.32
2025-08-29,GLOBAL_WEST,48592,787,713,1238,Postmortem and Trust Recovery,recovery,1.0,1518,7835.87
2025-08-30,KR,29843,343,515,761,Postmortem and Trust Recovery,recovery,1.0,959,6882.19
2025-08-30,JP,26371,336,354,527,Postmortem and Trust Recovery,recovery,1.0,834,7165.84
2025-08-30,GLOBAL_WEST,48660,776,662,1328,Postmortem and Trust Recovery,recovery,1.0,1554,12060.54
2025-08-31,KR,29847,284,574,712,Postmortem and Trust Recovery,recovery,1.0,916,9064.9
2025-08-31,JP,26600,300,326,581,Postmortem and Trust Recovery,recovery,1.0,864,6690.52
2025-08-31,GLOBAL_WEST,48881,849,657,1257,Postmortem and Trust Recovery,recovery,1.0,1528,10326.11
2025-09-01,KR,29904,277,523,717,Postmortem and Trust Recovery,recovery,1.0,939,7879.4
2025-09-01,JP,26669,268,294,574,Postmortem and Trust Recovery,recovery,1.0,823,7274.97
2025-09-01,GLOBAL_WEST,49226,802,710,1358,Postmortem and Trust Recovery,recovery,1.0,1572,11730.78
2025-09-02,KR,29856,263,473,748,Postmortem and Trust Recovery,recovery,1.0,970,6295.95
2025-09-02,JP,26669,242,313,555,Postmortem and Trust Recovery,recovery,1.0,856,8325.14
2025-09-02,GLOBAL_WEST,49366,863,647,1398,Postmortem and Trust Recovery,recovery,1.0,1581,12886.2
2025-09-03,KR,30076,275,523,756,Postmortem and Trust Recovery,recovery,1.0,981,6277.22
2025-09-03,JP,26680,255,316,607,Postmortem and Trust Recovery,recovery,1.0,877,6878.61
2025-09-03,GLOBAL_WEST,49362,816,676,1418,Postmortem and Trust Recovery,recovery,1.0,1517,11379.92
2025-09-04,KR,29948,308,495,745,Postmortem and Trust Recovery,recovery,1.0,969,7228.68
2025-09-04,JP,26786,278,301,612,Postmortem and Trust Recovery,recovery,1.0,846,6589.62
2025-09-04,GLOBAL_WEST,49276,821,683,1362,Postmortem and Trust Recovery,recovery,1.0,1553,8505.26
2025-09-05,KR,30046,244,514,784,Postmortem and Trust Recovery,recovery,1.0,987,5773.07
2025-09-05,JP,26791,351,378,595,Postmortem and Trust Recovery,recovery,1.0,864,8093.93
2025-09-05,GLOBAL_WEST,49116,847,675,1273,Postmortem and Trust Recovery,recovery,1.0,1580,8826.9
2025-09-06,KR,30180,258,518,723,Postmortem and Trust Recovery,recovery,1.0,985,6747.2
2025-09-06,JP,26759,269,330,566,Postmortem and Trust Recovery,recovery,1.0,883,7086.1
2025-09-06,GLOBAL_WEST,49389,790,710,1282,Postmortem and Trust Recovery,recovery,1.0,1570,10580.29
2025-09-07,KR,30334,304,504,782,Postmortem and Trust Recovery,recovery,1.0,931,7423.36
2025-09-07,JP,26871,390,340,578,Postmortem and Trust Recovery,recovery,1.0,860,6783.46
2025-09-07,GLOBAL_WEST,49803,811,719,1281,Postmortem and Trust Recovery,recovery,1.0,1633,9949.38
2025-09-08,KR,30204,285,481,798,Postmortem and Trust Recovery,recovery,1.0,1013,8311.6
2025-09-08,JP,26780,227,325,656,Postmortem and Trust Recovery,recovery,1.0,876,8594.98
2025-09-08,GLOBAL_WEST,49911,785,654,1337,Postmortem and Trust Recovery,recovery,1.0,1593,12029.62
2025-09-09,KR,30317,275,534,735,Postmortem and Trust Recovery,recovery,1.0,1004,6476.51
2025-09-09,JP,26740,255,288,613,Postmortem and Trust Recovery,recovery,1.0,837,7657.86
2025-09-09,GLOBAL_WEST,50170,826,622,1428,Postmortem and Trust Recovery,recovery,1.0,1602,11890.29
2025-09-10,KR,30215,313,504,830,Postmortem and Trust Recovery,recovery,1.0,951,7438.1
2025-09-10,JP,26750,254,291,558,Postmortem and Trust Recovery,recovery,1.0,895,7781.39
2025-09-10,GLOBAL_WEST,50077,846,653,1387,Postmortem and Trust Recovery,recovery,1.0,1613,8609.31
2025-09-11,KR,30357,280,504,770,Postmortem and Trust Recovery,recovery,1.0,962,5731.16
2025-09-11,JP,26669,269,291,604,Postmortem and Trust Recovery,recovery,1.0,848,7667.85
2025-09-11,GLOBAL_WEST,50449,780,705,1323,Postmortem and Trust Recovery,recovery,1.0,1635,9080.51
2025-09-12,KR,30310,304,506,821,Postmortem and Trust Recovery,recovery,1.0,990,6430.58
2025-09-12,JP,26701,272,367,581,Postmortem and Trust Recovery,recovery,1.0,848,6348.02
2025-09-12,GLOBAL_WEST,50788,823,716,1389,Postmortem and Trust Recovery,recovery,1.0,1649,12815.89
2025-09-13,KR,30294,248,538,764,Postmortem and Trust Recovery,recovery,1.0,972,8019.64
2025-09-13,JP,26691,284,334,614,Postmortem and Trust Recovery,recovery,1.0,828,6618.9
2025-09-13,GLOBAL_WEST,51026,777,683,1263,Postmortem and Trust Recovery,recovery,1.0,1610,12848.21
2025-09-14,KR,30201,387,470,800,Postmortem and Trust Recovery,recovery,1.0,982,7162.57
2025-09-14,JP,26817,266,352,590,Postmortem and Trust Recovery,recovery,1.0,853,5693.36
2025-09-14,GLOBAL_WEST,51237,788,732,1317,Postmortem and Trust Recovery,recovery,1.0,1635,9309.34
2025-09-15,KR,30077,282,470,836,Postmortem and Trust Recovery,recovery,1.0,1003,6145.65
2025-09-15,JP,26879,288,310,614,Postmortem and Trust Recovery,recovery,1.0,878,8080.99
2025-09-15,GLOBAL_WEST,50888,748,683,1374,Postmortem and Trust Recovery,recovery,1.0,1655,11766.43
2025-09-16,KR,30142,343,520,827,Postmortem and Trust Recovery,recovery,1.0,1007,7519.15
2025-09-16,JP,26981,295,348,586,Postmortem and Trust Recovery,recovery,1.0,913,8147.94
2025-09-16,GLOBAL_WEST,51101,781,677,1415,Postmortem and Trust Recovery,recovery,1.0,1688,9430.58
2025-09-17,KR,30233,343,458,813,Postmortem and Trust Recovery,recovery,1.0,980,7267.52
2025-09-17,JP,26882,250,290,639,Postmortem and Trust Recovery,recovery,1.0,841,7591.88
2025-09-17,GLOBAL_WEST,51209,746,636,1239,Postmortem and Trust Recovery,recovery,1.0,1635,9813.35
2025-09-18,KR,30344,293,508,767,Postmortem and Trust Recovery,recovery,1.0,973,6942.66
2025-09-18,JP,26902,285,366,642,Postmortem and Trust Recovery,recovery,1.0,893,8381.83
2025-09-18,GLOBAL_WEST,51015,741,661,1315,Postmortem and Trust Recovery,recovery,1.0,1603,12269.11
2025-09-19,KR,30516,343,519,789,Postmortem and Trust Recovery,recovery,1.0,972,9193.35
2025-09-19,JP,26714,290,341,623,Postmortem and Trust Recovery,recovery,1.0,839,5940.35
2025-09-19,GLOBAL_WEST,50817,730,697,1419,Postmortem and Trust Recovery,recovery,1.0,1587,11226.71
2025-09-20,KR,30647,261,508,773,Postmortem and Trust Recovery,recovery,1.0,977,7541.09
2025-09-20,JP,26703,230,336,597,Postmortem and Trust Recovery,recovery,1.0,838,7806.35
2025-09-20,GLOBAL_WEST,50940,739,750,1363,Postmortem and Trust Recovery,recovery,1.0,1703,11344.16
2025-09-21,KR,30475,271,407,879,No Event,baseline,1.0,898,6302.15
2025-09-21,JP,26659,247,284,586,No Event,baseline,1.0,831,9093.8
2025-09-21,GLOBAL_WEST,50643,685,433,1593,No Event,baseline,1.0,1502,11958.25
2025-09-22,KR,30153,323,333,869,No Event,baseline,1.0,892,7275.6
2025-09-22,JP,26460,258,259,673,No Event,baseline,1.0,776,9132.61
2025-09-22,GLOBAL_WEST,50112,675,413,1542,No Event,baseline,1.0,1480,14176.16
2025-09-23,KR,29853,259,317,838,No Event,baseline,1.0,921,8601.29
2025-09-23,JP,26447,299,230,614,No Event,baseline,1.0,769,7911.56
2025-09-23,GLOBAL_WEST,49880,708,419,1429,No Event,baseline,1.0,1532,11422.64
2025-09-24,KR,29578,289,362,892,No Event,baseline,1.0,890,8447.21
2025-09-24,JP,26555,281,252,653,No Event,baseline,1.0,802,8146.61
2025-09-24,GLOBAL_WEST,49650,576,401,1529,No Event,baseline,1.0,1453,15031.07
2025-09-25,KR,29491,343,314,844,No Event,baseline,1.0,888,7531.78
2025-09-25,JP,26495,219,270,631,No Event,baseline,1.0,806,9609.02
2025-09-25,GLOBAL_WEST,48935,651,443,1397,No Event,baseline,1.0,1549,11550.19
2025-09-26,KR,29141,325,358,820,No Event,baseline,1.0,885,7413.61
2025-09-26,JP,26506,288,270,648,No Event,baseline,1.0,805,9204.25
2025-09-26,GLOBAL_WEST,48340,636,380,1447,No Event,baseline,1.0,1435,14171.43
2025-09-27,KR,28947,266,312,828,No Event,baseline,1.0,903,10341.07
2025-09-27,JP,26615,339,254,646,No Event,baseline,1.0,789,9251.05
2025-09-27,GLOBAL_WEST,47725,602,453,1496,No Event,baseline,1.0,1438,12404.67
2025-09-28,KR,28868,237,353,806,No Event,baseline,1.0,868,7927.54
2025-09-28,JP,26512,262,248,688,No Event,baseline,1.0,790,9113.14
2025-09-28,GLOBAL_WEST,47411,619,396,1560,No Event,baseline,1.0,1472,11440.13
2025-09-29,KR,28703,288,317,821,No Event,baseline,1.0,853,9427.32
2025-09-29,JP,26468,278,256,676,No Event,baseline,1.0,784,10440.57
2025-09-29,GLOBAL_WEST,47088,573,415,1395,No Event,baseline,1.0,1391,11003.05
2025-09-30,KR,28512,294,324,823,No Event,baseline,1.0,856,8277.22
2025-09-30,JP,26258,293,208,699,No Event,baseline,1.0,788,8519.24
2025-09-30,GLOBAL_WEST,46545,593,419,1482,No Event,baseline,1.0,1367,11160.1
2025-10-01,KR,28397,297,438,734,Regional Autumn Festival,seasonal,1.0,880,15524.63
2025-10-01,JP,26331,321,311,583,Regional Autumn Festival,seasonal,1.0,838,15864.66
2025-10-01,GLOBAL_WEST,46599,651,609,1192,Regional Autumn Festival,seasonal,1.0,1477,25080.98
2025-10-02,KR,28371,349,430,783,Regional Autumn Festival,seasonal,1.0,892,13634.66
2025-10-02,JP,26278,360,279,604,Regional Autumn Festival,seasonal,1.0,868,15503.73
2025-10-02,GLOBAL_WEST,46692,672,549,1282,Regional Autumn Festival,seasonal,1.0,1411,21129.19
2025-10-03,KR,28445,333,422,640,Regional Autumn Festival,seasonal,1.0,958,15470.2
2025-10-03,JP,26083,233,295,616,Regional Autumn Festival,seasonal,1.0,847,15819.49
2025-10-03,GLOBAL_WEST,46664,661,629,1321,Regional Autumn Festival,seasonal,1.0,1497,21111.57
2025-10-04,KR,28463,389,439,750,Regional Autumn Festival,seasonal,1.0,921,15219.57
2025-10-04,JP,26061,291,326,586,Regional Autumn Festival,seasonal,1.0,813,14980.91
2025-10-04,GLOBAL_WEST,46382,704,564,1269,Regional Autumn Festival,seasonal,1.0,1494,19561.46
2025-10-05,KR,28488,278,426,772,Regional Autumn Festival,seasonal,1.0,898,15245.43
2025-10-05,JP,25990,313,267,604,Regional Autumn Festival,seasonal,1.0,832,16655.92
2025-10-05,GLOBAL_WEST,46465,702,632,1220,Regional Autumn Festival,seasonal,1.0,1415,24667.07
2025-10-06,KR,28563,388,429,725,Regional Autumn Festival,seasonal,1.0,883,16285.69
2025-10-06,JP,25892,270,259,585,Regional Autumn Festival,seasonal,1.0,809,15728.1
2025-10-06,GLOBAL_WEST,46609,714,548,1191,Regional Autumn Festival,seasonal,1.0,1428,20652.25
2025-10-07,KR,28630,330,420,761,Regional Autumn Festival,seasonal,1.0,903,15400.54
2025-10-07,JP,25719,275,290,626,Regional Autumn Festival,seasonal,1.0,809,14426.43
2025-10-07,GLOBAL_WEST,46903,709,540,1249,Regional Autumn Festival,seasonal,1.0,1560,21475.99
2025-10-08,KR,28613,344,402,735,Regional Autumn Festival,seasonal,1.0,881,17033.93
2025-10-08,JP,25756,340,226,620,Regional Autumn Festival,seasonal,1.0,825,14919.98
2025-10-08,GLOBAL_WEST,46737,726,563,1301,Regional Autumn Festival,seasonal,1.0,1420,24560.3
2025-10-09,KR,28576,280,440,743,Regional Autumn Festival,seasonal,1.0,894,15543.2
2025-10-09,JP,25584,251,286,582,Regional Autumn Festival,seasonal,1.0,816,16166.01
2025-10-09,GLOBAL_WEST,46679,704,577,1324,Regional Autumn Festival,seasonal,1.0,1472,20085.64
2025-10-10,KR,28751,411,491,845,Regional Autumn Festival,seasonal,1.0,938,18583.42
2025-10-10,JP,25474,227,334,609,Regional Autumn Festival,seasonal,1.0,808,14175.72
2025-10-10,GLOBAL_WEST,46952,694,594,1282,Regional Autumn Festival,seasonal,1.0,1507,21426.72
2025-10-11,KR,28678,391,458,802,Regional Autumn Festival,seasonal,1.0,938,16222.77
2025-10-11,JP,25459,318,336,658,Regional Autumn Festival,seasonal,1.0,792,17014.36
2025-10-11,GLOBAL_WEST,46833,664,595,1360,Regional Autumn Festival,seasonal,1.0,1450,22344.17
2025-10-12,KR,28761,302,409,722,Regional Autumn Festival,seasonal,1.0,914,16629.15
2025-10-12,JP,25568,301,349,596,Regional Autumn Festival,seasonal,1.0,802,14930.64
2025-10-12,GLOBAL_WEST,46885,670,622,1419,Regional Autumn Festival,seasonal,1.0,1463,25942.72
2025-10-13,KR,28890,369,391,658,Regional Autumn Festival,seasonal,1.0,902,15452.45
2025-10-13,JP,25456,249,310,617,Regional Autumn Festival,seasonal,1.0,783,13469.45
2025-10-13,GLOBAL_WEST,46746,637,565,1205,Regional Autumn Festival,seasonal,1.0,1546,23159.11
2025-10-14,KR,28717,310,437,766,Regional Autumn Festival,seasonal,1.0,898,13434.45
2025-10-14,JP,25369,228,274,620,Regional Autumn Festival,seasonal,1.0,803,14858.1
2025-10-14,GLOBAL_WEST,46276,593,535,1260,Regional Autumn Festival,seasonal,1.0,1507,22763.08
2025-10-15,KR,28406,277,357,836,No Event,baseline,1.0,825,9279.78
2025-10-15,JP,25224,254,256,665,No Event,baseline,1.0,772,9163.38
2025-10-15,GLOBAL_WEST,45711,534,392,1502,No Event,baseline,1.0,1361,11995.02
2025-10-16,KR,28330,318,333,842,No Event,baseline,1.0,847,9096.63
2025-10-16,JP,25107,249,228,594,No Event,baseline,1.0,751,8255.81
2025-10-16,GLOBAL_WEST,45123,491,415,1356,No Event,baseline,1.0,1309,12239.74
2025-10-17,KR,28101,217,357,833,No Event,baseline,1.0,844,7595.14
2025-10-17,JP,25016,241,275,633,No Event,baseline,1.0,712,7410.28
2025-10-17,GLOBAL_WEST,44526,504,441,1274,No Event,baseline,1.0,1338,10933.61
2025-10-18,KR,27794,282,328,780,No Event,baseline,1.0,839,9792.62
2025-10-18,JP,24985,237,282,621,No Event,baseline,1.0,722,7442.74
2025-10-18,GLOBAL_WEST,44092,536,405,1325,No Event,baseline,1.0,1298,9797.78
2025-10-19,KR,27507,307,338,813,No Event,baseline,1.0,792,6059.12
2025-10-19,JP,24864,268,289,597,No Event,baseline,1.0,754,9423.25
2025-10-19,GLOBAL_WEST,43751,502,434,1326,No Event,baseline,1.0,1265,11212.71
2025-10-20,KR,27454,322,315,822,No Event,baseline,1.0,843,9362.12
2025-10-20,JP,24737,227,252,632,No Event,baseline,1.0,700,8007.35
2025-10-20,GLOBAL_WEST,43189,501,378,1429,No Event,baseline,1.0,1269,10085.78
2025-10-21,KR,27295,292,298,759,No Event,baseline,1.0,781,8059.95
2025-10-21,JP,24666,224,175,588,No Event,baseline,1.0,718,7070.15
2025-10-21,GLOBAL_WEST,42957,506,380,1288,No Event,baseline,1.0,1273,12124.56
2025-10-22,KR,27051,291,294,758,No Event,baseline,1.0,759,7759.42
2025-10-22,JP,24543,232,196,605,No Event,baseline,1.0,728,6928.2
2025-10-22,GLOBAL_WEST,42738,536,408,1216,No Event,baseline,1.0,1287,12909.36
2025-10-23,KR,26761,259,312,754,No Event,baseline,1.0,848,9666.32
2025-10-23,JP,24262,221,218,606,No Event,baseline,1.0,694,7365.53
2025-10-23,GLOBAL_WEST,42358,506,403,1368,No Event,baseline,1.0,1234,11553.52
2025-10-24,KR,26833,306,363,747,No Event,baseline,1.0,789,7030.23
2025-10-24,JP,24182,284,236,626,No Event,baseline,1.0,766,9142.3
2025-10-24,GLOBAL_WEST,42294,579,459,1214,No Event,baseline,1.0,1288,11468.07
2025-10-25,KR,26597,327,370,822,No Event,baseline,1.0,758,9130.14
2025-10-25,JP,23930,235,253,639,No Event,baseline,1.0,690,7720.52
2025-10-25,GLOBAL_WEST,41796,614,401,1238,No Event,baseline,1.0,1213,10896.88
2025-10-26,KR,26372,281,324,752,No Event,baseline,1.0,789,8653.75
2025-10-26,JP,23878,244,222,572,No Event,baseline,1.0,703,8476.96
2025-10-26,GLOBAL_WEST,41447,558,409,1250,No Event,baseline,1.0,1279,12975.13
2025-10-27,KR,26306,268,276,745,No Event,baseline,1.0,790,8005.16
2025-10-27,JP,23733,216,252,587,No Event,baseline,1.0,699,6957.15
2025-10-27,GLOBAL_WEST,41230,540,399,1250,No Event,baseline,1.0,1164,8273.97
2025-10-28,KR,26344,303,278,750,No Event,baseline,1.0,797,9247.88
2025-10-28,JP,23538,186,227,585,No Event,baseline,1.0,703,8610.96
2025-10-28,GLOBAL_WEST,40961,573,432,1346,No Event,baseline,1.0,1222,10340.81
2025-10-29,KR,26163,295,342,739,No Event,baseline,1.0,778,8602.0
2025-10-29,JP,23552,258,272,575,No Event,baseline,1.0,690,8000.78
2025-10-29,GLOBAL_WEST,40435,577,408,1238,No Event,baseline,1.0,1199,12794.55
2025-10-30,KR,26006,295,314,775,No Event,baseline,1.0,810,6485.44
2025-10-30,JP,23342,266,185,588,No Event,baseline,1.0,682,6277.68
2025-10-30,GLOBAL_WEST,40333,582,347,1223,No Event,baseline,1.0,1210,11702.75
2025-10-31,KR,26009,355,305,796,No Event,baseline,1.0,797,9238.44
2025-10-31,JP,23195,182,231,575,No Event,baseline,1.0,691,6965.71
2025-10-31,GLOBAL_WEST,40052,549,416,1192,No Event,baseline,1.0,1232,10603.59
2025-11-01,KR,25815,291,347,695,No Event,baseline,1.0,768,6043.7
2025-11-01,JP,23035,263,229,569,No Event,baseline,1.0,701,6521.42
2025-11-01,GLOBAL_WEST,39633,540,399,1263,No Event,baseline,1.0,1242,10864.77
2025-11-02,KR,25594,239,303,769,No Event,baseline,1.0,735,8003.38
2025-11-02,JP,22992,207,289,560,No Event,baseline,1.0,694,7556.72
2025-11-02,GLOBAL_WEST,39495,580,386,1179,No Event,baseline,1.0,1114,10116.5
2025-11-03,KR,25308,240,288,743,No Event,baseline,1.0,726,8346.27
2025-11-03,JP,22844,249,221,583,No Event,baseline,1.0,671,8163.12
2025-11-03,GLOBAL_WEST,38892,567,369,1252,No Event,baseline,1.0,1122,8147.26
2025-11-04,KR,25159,293,288,730,No Event,baseline,1.0,764,9043.72
2025-11-04,JP,22671,178,210,572,No Event,baseline,1.0,676,7326.3
2025-11-04,GLOBAL_WEST,38691,591,358,1207,No Event,baseline,1.0,1174,9895.83
2025-11-05,KR,25138,287,305,730,No Event,baseline,1.0,739,7997.56
2025-11-05,JP,22532,176,212,529,No Event,baseline,1.0,686,9314.95
2025-11-05,GLOBAL_WEST,38302,601,419,1286,No Event,baseline,1.0,1115,8752.05
2025-11-06,KR,24967,246,308,723,No Event,baseline,1.0,725,7764.03
2025-11-06,JP,22459,233,223,559,No Event,baseline,1.0,666,6933.49
2025-11-06,GLOBAL_WEST,37992,587,386,1167,No Event,baseline,1.0,1096,8469.61
2025-11-07,KR,24927,351,336,696,No Event,baseline,1.0,767,7349.63
2025-11-07,JP,22376,221,252,540,No Event,baseline,1.0,684,7040.71
2025-11-07,GLOBAL_WEST,38054,621,406,1168,No Event,baseline,1.0,1144,11858.04
2025-11-08,KR,24813,347,321,756,No Event,baseline,1.0,749,8694.49
2025-11-08,JP,22353,218,307,537,No Event,baseline,1.0,671,6615.05
2025-11-08,GLOBAL_WEST,37868,548,410,1146,No Event,baseline,1.0,1125,9232.34
2025-11-09,KR,24737,315,319,733,No Event,baseline,1.0,722,6675.21
2025-11-09,JP,22223,224,236,575,No Event,baseline,1.0,625,7030.06
2025-11-09,GLOBAL_WEST,37623,577,350,1134,No Event,baseline,1.0,1167,11670.65
2025-11-10,KR,24574,281,321,743,No Event,baseline,1.0,721,6335.13
2025-11-10,JP,22151,253,188,569,No Event,baseline,1.0,642,7230.64
2025-11-10,GLOBAL_WEST,37208,631,371,1203,No Event,baseline,1.0,1069,9070.62
2025-11-11,KR,24348,284,266,719,No Event,baseline,1.0,697,7750.08
2025-11-11,JP,21975,214,249,560,No Event,baseline,1.0,650,7805.44
2025-11-11,GLOBAL_WEST,37057,643,368,1121,No Event,baseline,1.0,1071,10081.3
2025-11-12,KR,24157,265,316,712,No Event,baseline,1.0,729,7297.43
2025-11-12,JP,21834,292,218,583,No Event,baseline,1.0,693,7120.32
2025-11-12,GLOBAL_WEST,37149,642,366,1101,No Event,baseline,1.0,1061,9695.23
2025-11-13,KR,23969,268,323,735,No Event,baseline,1.0,697,7839.03
2025-11-13,JP,21830,274,246,522,No Event,baseline,1.0,645,8357.66
2025-11-13,GLOBAL_WEST,36575,592,411,1190,No Event,baseline,1.0,1100,11059.41
2025-11-14,KR,23731,267,281,746,No Event,baseline,1.0,734,9013.93
2025-11-14,JP,21779,239,202,524,No Event,baseline,1.0,665,7667.1
2025-11-14,GLOBAL_WEST,36282,665,416,1059,No Event,baseline,1.0,1032,10396.11
2025-11-15,KR,23722,248,348,697,No Event,baseline,1.0,697,7858.71
2025-11-15,JP,21768,245,229,557,No Event,baseline,1.0,617,7225.04
2025-11-15,GLOBAL_WEST,36152,661,364,1104,No Event,baseline,1.0,1076,10608.41
2025-11-16,KR,23639,297,306,699,No Event,baseline,1.0,693,5648.78
2025-11-16,JP,21645,253,245,560,No Event,baseline,1.0,626,6313.38
2025-11-16,GLOBAL_WEST,35992,674,422,1046,No Event,baseline,1.0,1034,9948.98
2025-11-17,KR,23570,253,310,653,No Event,baseline,1.0,665,7583.41
2025-11-17,JP,21581,220,231,554,No Event,baseline,1.0,675,7150.7
2025-11-17,GLOBAL_WEST,36020,632,360,1211,No Event,baseline,1.0,1074,8639.61
2025-11-18,KR,23430,280,296,698,No Event,baseline,1.0,691,6676.13
2025-11-18,JP,21510,217,264,511,No Event,baseline,1.0,658,7004.93
2025-11-18,GLOBAL_WEST,36046,636,374,990,No Event,baseline,1.0,1041,8291.75
2025-11-19,KR,23333,264,344,634,No Event,baseline,1.0,724,6059.29
2025-11-19,JP,21392,206,193,552,No Event,baseline,1.0,654,6638.92
2025-11-19,GLOBAL_WEST,35843,642,382,1120,No Event,baseline,1.0,1066,10205.8
2025-11-20,KR,23153,288,308,690,No Event,baseline,1.0,666,5740.02
2025-11-20,JP,21280,190,224,525,No Event,baseline,1.0,615,7538.63
2025-11-20,GLOBAL_WEST,35745,675,348,1145,No Event,baseline,1.0,1064,8231.98
2025-11-21,KR,23077,245,322,664,No Event,baseline,1.0,699,6591.53
2025-11-21,JP,21184,304,210,534,No Event,baseline,1.0,619,6800.59
2025-11-21,GLOBAL_WEST,35620,627,393,1089,No Event,baseline,1.0,1065,8415.76
2025-11-22,KR,22969,256,278,632,No Event,baseline,1.0,652,6926.66
2025-11-22,JP,21227,301,282,509,No Event,baseline,1.0,632,6442.38
2025-11-22,GLOBAL_WEST,35510,637,385,1127,No Event,baseline,1.0,1070,9354.57
2025-11-23,KR,22680,247,252,697,No Event,baseline,1.0,680,6244.36
2025-11-23,JP,21173,167,265,492,No Event,baseline,1.0,630,8210.67
2025-11-23,GLOBAL_WEST,35859,664,359,1096,No Event,baseline,1.0,1047,10267.05
2025-11-24,KR,22379,208,306,638,No Event,baseline,1.0,666,7200.53
2025-11-24,JP,21154,215,238,538,No Event,baseline,1.0,655,6716.91
2025-11-24,GLOBAL_WEST,35726,675,394,1091,No Event,baseline,1.0,1001,9864.98
2025-11-25,KR,22183,215,260,598,No Event,baseline,1.0,676,8377.82
2025-11-25,JP,21155,249,263,516,No Event,baseline,1.0,641,7142.69
2025-11-25,GLOBAL_WEST,35572,742,412,1084,No Event,baseline,1.0,1023,8113.17
2025-11-26,KR,22160,207,300,639,No Event,baseline,1.0,641,6273.04
2025-11-26,JP,21204,262,237,492,No Event,baseline,1.0,647,7478.0
2025-11-26,GLOBAL_WEST,35128,691,362,1128,No Event,baseline,1.0,1020,9304.16
2025-11-27,KR,22035,255,312,583,No Event,baseline,1.0,658,5727.36
2025-11-27,JP,21287,282,242,488,No Event,baseline,1.0,620,6952.04
2025-11-27,GLOBAL_WEST,35072,712,400,1078,No Event,baseline,1.0,1044,9953.64
2025-11-28,KR,22038,311,302,657,No Event,baseline,1.0,657,7764.41
2025-11-28,JP,21437,307,250,533,No Event,baseline,1.0,629,6911.0
2025-11-28,GLOBAL_WEST,35466,731,441,1076,No Event,baseline,1.0,1000,8933.01
2025-11-29,KR,21974,256,358,619,No Event,baseline,1.0,639,6162.85
2025-11-29,JP,21380,245,284,580,No Event,baseline,1.0,643,6856.69
2025-11-29,GLOBAL_WEST,35743,694,394,1138,No Event,baseline,1.0,1084,8222.63
2025-11-30,KR,22181,284,342,574,No Event,baseline,1.0,648,5344.83
2025-11-30,JP,21208,222,273,548,No Event,baseline,1.0,616,6912.07
2025-11-30,GLOBAL_WEST,35716,693,383,1187,No Event,baseline,1.0,1035,9696.97
2025-12-01,KR,22080,182,320,644,No Event,baseline,1.0,658,7074.61
2025-12-01,JP,21096,228,176,518,No Event,baseline,1.0,639,6692.8
2025-12-01,GLOBAL_WEST,35493,623,409,1062,No Event,baseline,1.0,1081,9918.09
2025-12-02,KR,21973,261,299,627,No Event,baseline,1.0,599,5692.97
2025-12-02,JP,21109,191,247,565,No Event,baseline,1.0,617,6391.37
2025-12-02,GLOBAL_WEST,35298,680,345,1050,No Event,baseline,1.0,1020,9345.6
2025-12-03,KR,21891,182,287,606,No Event,baseline,1.0,624,6430.9
2025-12-03,JP,21044,167,217,506,No Event,baseline,1.0,611,6758.07
2025-12-03,GLOBAL_WEST,35311,669,407,1135,No Event,baseline,1.0,1029,8578.15
2025-12-04,KR,21872,269,321,599,No Event,baseline,1.0,649,5192.96
2025-12-04,JP,20956,197,205,535,No Event,baseline,1.0,610,6685.25
2025-12-04,GLOBAL_WEST,35631,726,399,1030,No Event,baseline,1.0,1067,7785.89
2025-12-05,KR,22024,279,321,616,No Event,baseline,1.0,683,6311.45
2025-12-05,JP,20974,310,213,506,No Event,baseline,1.0,596,6023.2
2025-12-05,GLOBAL_WEST,35768,693,407,1111,No Event,baseline,1.0,1012,10396.39
2025-12-06,KR,21790,171,324,671,No Event,baseline,1.0,621,6346.72
2025-12-06,JP,20853,279,244,501,No Event,baseline,1.0,648,7299.55
2025-12-06,GLOBAL_WEST,35751,647,389,1103,No Event,baseline,1.0,1090,8648.62
2025-12-07,KR,21669,274,279,636,No Event,baseline,1.0,629,6330.28
2025-12-07,JP,21008,264,246,456,No Event,baseline,1.0,617,6394.26
2025-12-07,GLOBAL_WEST,35454,665,373,1211,No Event,baseline,1.0,1046,8697.84
2025-12-08,KR,21507,224,238,594,No Event,baseline,1.0,634,7093.32
2025-12-08,JP,20895,227,177,544,No Event,baseline,1.0,613,6656.59
2025-12-08,GLOBAL_WEST,35543,673,377,1119,No Event,baseline,1.0,1053,9318.58
2025-12-09,KR,21513,310,301,572,No Event,baseline,1.0,634,6263.51
2025-12-09,JP,20858,254,191,586,No Event,baseline,1.0,607,7013.19
2025-12-09,GLOBAL_WEST,35572,638,360,1123,No Event,baseline,1.0,1055,9097.58
2025-12-10,KR,21282,184,296,631,No Event,baseline,1.0,634,6342.32
2025-12-10,JP,20829,249,227,522,No Event,baseline,1.0,593,6421.93
2025-12-10,GLOBAL_WEST,35375,627,358,1136,No Event,baseline,1.0,988,7424.54
2025-12-11,KR,21475,263,339,587,No Event,baseline,1.0,617,6351.91
2025-12-11,JP,20669,201,197,508,No Event,baseline,1.0,593,7748.43
2025-12-11,GLOBAL_WEST,35306,650,379,1058,No Event,baseline,1.0,1024,10376.16
2025-12-12,KR,21293,271,341,649,No Event,baseline,1.0,624,6040.78
2025-12-12,JP,20571,254,216,518,No Event,baseline,1.0,605,5359.81
2025-12-12,GLOBAL_WEST,34948,629,426,1062,No Event,baseline,1.0,1038,9286.14
2025-12-13,KR,21146,266,273,628,No Event,baseline,1.0,629,5177.91
2025-12-13,JP,20612,275,242,517,No Event,baseline,1.0,642,8684.05
2025-12-13,GLOBAL_WEST,34890,652,437,1125,No Event,baseline,1.0,1045,7152.83
2025-12-14,KR,21042,145,329,610,No Event,baseline,1.0,620,6120.82
2025-12-14,JP,20575,175,185,501,No Event,baseline,1.0,623,8179.34
2025-12-14,GLOBAL_WEST,34811,699,409,1038,No Event,baseline,1.0,1045,11121.34
2025-12-15,KR,20987,287,282,594,No Event,baseline,1.0,637,6206.07
2025-12-15,JP,20593,244,238,424,No Event,baseline,1.0,597,6691.52
2025-12-15,GLOBAL_WEST,34422,650,386,1144,No Event,baseline,1.0,1016,7653.18
2025-12-16,KR,20880,217,323,625,No Event,baseline,1.0,611,5431.87
2025-12-16,JP,20606,245,247,520,No Event,baseline,1.0,641,6677.02
2025-12-16,GLOBAL_WEST,34239,579,321,1122,No Event,baseline,1.0,1025,8997.48
2025-12-17,KR,21104,326,425,520,Christmas Festival 2025,seasonal,1.0,697,13832.83
2025-12-17,JP,20637,302,281,453,Christmas Festival 2025,seasonal,1.0,658,13896.75
2025-12-17,GLOBAL_WEST,34576,820,498,1066,Christmas Festival 2025,seasonal,1.0,1191,17515.2
2025-12-18,KR,21380,363,383,587,Christmas Festival 2025,seasonal,1.0,712,12425.36
2025-12-18,JP,20751,279,286,492,Christmas Festival 2025,seasonal,1.0,716,14683.72
2025-12-18,GLOBAL_WEST,34973,763,539,916,Christmas Festival 2025,seasonal,1.0,1130,21073.06
2025-12-19,KR,21720,375,436,527,Christmas Festival 2025,seasonal,1.0,680,13637.24
2025-12-19,JP,20762,309,313,484,Christmas Festival 2025,seasonal,1.0,706,14673.31
2025-12-19,GLOBAL_WEST,35189,842,575,960,Christmas Festival 2025,seasonal,1.0,1150,21020.29
2025-12-20,KR,21845,303,461,575,Christmas Festival 2025,seasonal,1.0,738,13165.62
2025-12-20,JP,20896,286,268,486,Christmas Festival 2025,seasonal,1.0,689,12485.76
2025-12-20,GLOBAL_WEST,35564,791,568,896,Christmas Festival 2025,seasonal,1.0,1139,17422.47
2025-12-21,KR,21889,279,380,595,Christmas Festival 2025,seasonal,1.0,736,14299.42
2025-12-21,JP,20916,333,302,506,Christmas Festival 2025,seasonal,1.0,708,13834.32
2025-12-21,GLOBAL_WEST,36157,795,548,960,Christmas Festival 2025,seasonal,1.0,1226,20121.44
2025-12-22,KR,22197,341,412,601,Christmas Festival 2025,seasonal,1.0,743,13086.07
2025-12-22,JP,21051,315,269,533,Christmas Festival 2025,seasonal,1.0,732,15353.85
2025-12-22,GLOBAL_WEST,36462,835,549,946,Christmas Festival 2025,seasonal,1.0,1243,23212.93
2025-12-23,KR,22128,299,420,619,Christmas Festival 2025,seasonal,1.0,753,13955.87
2025-12-23,JP,21002,286,288,484,Christmas Festival 2025,seasonal,1.0,697,13191.31
2025-12-23,GLOBAL_WEST,36983,790,545,951,Christmas Festival 2025,seasonal,1.0,1238,19056.45
2025-12-24,KR,22340,276,415,546,Christmas Festival 2025,seasonal,1.0,742,14052.13
2025-12-24,JP,21089,342,278,480,Christmas Festival 2025,seasonal,1.0,723,13972.07
2025-12-24,GLOBAL_WEST,37440,777,524,1037,Christmas Festival 2025,seasonal,1.0,1255,21139.25
2025-12-25,KR,22370,307,383,606,Christmas Festival 2025,seasonal,1.0,730,13018.93
2025-12-25,JP,21109,244,273,463,Christmas Festival 2025,seasonal,1.0,707,14295.39
2025-12-25,GLOBAL_WEST,37799,737,546,1018,Christmas Festival 2025,seasonal,1.0,1220,19997.56
2025-12-26,KR,22418,394,448,624,Christmas Festival 2025,seasonal,1.0,789,14260.08
2025-12-26,JP,21229,267,274,462,Christmas Festival 2025,seasonal,1.0,697,13338.54
2025-12-26,GLOBAL_WEST,38064,690,539,1002,Christmas Festival 2025,seasonal,1.0,1268,19336.66
2025-12-27,KR,22594,334,441,590,Christmas Festival 2025,seasonal,1.0,746,13556.71
2025-12-27,JP,21202,299,289,545,Christmas Festival 2025,seasonal,1.0,727,13488.19
2025-12-27,GLOBAL_WEST,38167,707,566,1105,Christmas Festival 2025,seasonal,1.0,1253,19685.76
2025-12-28,KR,22632,268,494,560,Christmas Festival 2025,seasonal,1.0,738,14467.5
2025-12-28,JP,21407,279,330,524,Christmas Festival 2025,seasonal,1.0,689,13283.64
2025-12-28,GLOBAL_WEST,38450,727,646,1076,Christmas Festival 2025,seasonal,1.0,1247,19538.2
2025-12-29,KR,22891,386,475,582,Christmas Festival 2025,seasonal,1.0,759,12327.76
2025-12-29,JP,21565,266,299,491,Christmas Festival 2025,seasonal,1.0,722,13051.31
2025-12-29,GLOBAL_WEST,38546,724,531,1026,Christmas Festival 2025,seasonal,1.0,1271,20066.53
2025-12-30,KR,22850,377,420,641,Christmas Festival 2025,seasonal,1.0,725,12700.91
2025-12-30,JP,21751,322,287,523,Christmas Festival 2025,seasonal,1.0,659,12006.34
2025-12-30,GLOBAL_WEST,38718,741,558,1140,Christmas Festival 2025,seasonal,1.0,1304,22907.08
2025-12-31,KR,23081,343,429,563,Christmas Festival 2025,seasonal,1.0,744,12783.72
2025-12-31,JP,21699,338,268,534,Christmas Festival 2025,seasonal,1.0,720,12886.22
2025-12-31,GLOBAL_WEST,38846,739,551,1144,Christmas Festival 2025,seasonal,1.0,1313,21670.64
