date,region,product_id,purchasers,units_sold,gross_revenue_usd
2024-01-01,KR,P001,379,409,404.91
2024-01-01,KR,P002,208,229,1142.71
2024-01-01,KR,P003,154,173,2593.27
2024-01-01,KR,P005,198,222,1773.78
2024-01-01,KR,P006,138,147,3673.53
2024-01-01,KR,P007,120,134,1338.66
2024-01-01,KR,P009,0,0,0.0
2024-01-01,KR,P010,103,111,553.89
2024-01-01,KR,P011,55,56,1119.44
2024-01-01,KR,P012,35,38,3039.62
2024-01-01,JP,P001,283,313,309.87
2024-01-01,JP,P002,143,145,723.55
2024-01-01,JP,P003,140,150,2248.5
2024-01-01,JP,P005,177,190,1518.1
2024-01-01,JP,P006,82,90,2249.1
2024-01-01,JP,P007,150,151,1508.49
2024-01-01,JP,P009,0,0,0.0
2024-01-01,JP,P010,116,124,618.76
2024-01-01,JP,P011,51,57,1139.43
2024-01-01,JP,P012,19,19,1519.81
2024-01-01,GLOBAL_WEST,P001,522,538,532.62
2024-01-01,GLOBAL_WEST,P002,262,285,1422.15
2024-01-01,GLOBAL_WEST,P003,317,340,5096.6
2024-01-01,GLOBAL_WEST,P005,297,312,2492.88
2024-01-01,GLOBAL_WEST,P006,125,135,3373.65
2024-01-01,GLOBAL_WEST,P007,183,197,1968.03
2024-01-01,GLOBAL_WEST,P009,0,0,0.0
2024-01-01,GLOBAL_WEST,P010,112,122,608.78
2024-01-01,GLOBAL_WEST,P011,119,125,2498.75
2024-01-01,GLOBAL_WEST,P012,71,73,5839.27
2024-01-02,KR,P001,394,433,428.67
2024-01-02,KR,P002,196,205,1022.95
2024-01-02,KR,P003,210,233,3492.67
2024-01-02,KR,P005,232,247,1973.53
2024-01-02,KR,P006,120,131,3273.69
2024-01-02,KR,P007,152,154,1538.46
2024-01-02,KR,P009,0,0,0.0
2024-01-02,KR,P010,136,154,768.46
2024-01-02,KR,P011,83,91,1819.09
2024-01-02,KR,P012,9,10,799.9
2024-01-02,JP,P001,307,333,329.67
2024-01-02,JP,P002,139,152,758.48
2024-01-02,JP,P003,177,196,2938.04
2024-01-02,JP,P005,167,168,1342.32
2024-01-02,JP,P006,89,92,2299.08
2024-01-02,JP,P007,134,138,1378.62
2024-01-02,JP,P009,0,0,0.0
2024-01-02,JP,P010,110,116,578.84
2024-01-02,JP,P011,22,25,499.75
2024-01-02,JP,P012,18,20,1599.8
2024-01-02,GLOBAL_WEST,P001,560,609,602.91
2024-01-02,GLOBAL_WEST,P002,288,309,1541.91
2024-01-02,GLOBAL_WEST,P003,292,311,4661.89
2024-01-02,GLOBAL_WEST,P005,307,321,2564.79
2024-01-02,GLOBAL_WEST,P006,157,167,4173.33
2024-01-02,GLOBAL_WEST,P007,225,243,2427.57
2024-01-02,GLOBAL_WEST,P009,0,0,0.0
2024-01-02,GLOBAL_WEST,P010,210,227,1132.73
2024-01-02,GLOBAL_WEST,P011,119,125,2498.75
2024-01-02,GLOBAL_WEST,P012,59,66,5279.34
2024-01-03,KR,P001,412,438,433.62
2024-01-03,KR,P002,180,200,998.0
2024-01-03,KR,P003,182,206,3087.94
2024-01-03,KR,P005,205,217,1733.83
2024-01-03,KR,P006,93,99,2474.01
2024-01-03,KR,P007,112,126,1258.74
2024-01-03,KR,P009,0,0,0.0
2024-01-03,KR,P010,67,72,359.28
2024-01-03,KR,P011,49,49,979.51
2024-01-03,KR,P012,23,23,1839.77
2024-01-03,JP,P001,323,353,349.47
2024-01-03,JP,P002,153,169,843.31
2024-01-03,JP,P003,178,190,2848.1
2024-01-03,JP,P005,164,178,1422.22
2024-01-03,JP,P006,90,98,2449.02
2024-01-03,JP,P007,141,149,1488.51
2024-01-03,JP,P009,0,0,0.0
2024-01-03,JP,P010,66,68,339.32
2024-01-03,JP,P011,50,54,1079.46
2024-01-03,JP,P012,22,23,1839.77
2024-01-03,GLOBAL_WEST,P001,605,659,652.41
2024-01-03,GLOBAL_WEST,P002,369,402,2005.98
2024-01-03,GLOBAL_WEST,P003,296,323,4841.77
2024-01-03,GLOBAL_WEST,P005,407,444,3547.56
2024-01-03,GLOBAL_WEST,P006,178,178,4448.22
2024-01-03,GLOBAL_WEST,P007,224,241,2407.59
2024-01-03,GLOBAL_WEST,P009,0,0,0.0
2024-01-03,GLOBAL_WEST,P010,182,191,953.09
2024-01-03,GLOBAL_WEST,P011,116,128,2558.72
2024-01-03,GLOBAL_WEST,P012,114,117,9358.83
2024-01-04,KR,P001,396,410,405.9
2024-01-04,KR,P002,210,213,1062.87
2024-01-04,KR,P003,183,192,2878.08
2024-01-04,KR,P005,252,260,2077.4
2024-01-04,KR,P006,125,134,3348.66
2024-01-04,KR,P007,148,152,1518.48
2024-01-04,KR,P009,0,0,0.0
2024-01-04,KR,P010,132,148,738.52
2024-01-04,KR,P011,79,81,1619.19
2024-01-04,KR,P012,25,26,2079.74
2024-01-04,JP,P001,329,342,338.58
2024-01-04,JP,P002,184,197,983.03
2024-01-04,JP,P003,168,184,2758.16
2024-01-04,JP,P005,218,230,1837.7
2024-01-04,JP,P006,95,102,2548.98
2024-01-04,JP,P007,108,113,1128.87
2024-01-04,JP,P009,0,0,0.0
2024-01-04,JP,P010,94,94,469.06
2024-01-04,JP,P011,66,71,1419.29
2024-01-04,JP,P012,46,51,4079.49
2024-01-04,GLOBAL_WEST,P001,585,643,636.57
2024-01-04,GLOBAL_WEST,P002,269,285,1422.15
2024-01-04,GLOBAL_WEST,P003,293,313,4691.87
2024-01-04,GLOBAL_WEST,P005,365,378,3020.22
2024-01-04,GLOBAL_WEST,P006,159,174,4348.26
2024-01-04,GLOBAL_WEST,P007,202,226,2257.74
2024-01-04,GLOBAL_WEST,P009,0,0,0.0
2024-01-04,GLOBAL_WEST,P010,153,162,808.38
2024-01-04,GLOBAL_WEST,P011,65,71,1419.29
2024-01-04,GLOBAL_WEST,P012,0,0,0.0
2024-01-05,KR,P001,408,452,447.48
2024-01-05,KR,P002,232,247,1232.53
2024-01-05,KR,P003,230,250,3747.5
2024-01-05,KR,P005,227,243,1941.57
2024-01-05,KR,P006,99,106,2648.94
2024-01-05,KR,P007,127,137,1368.63
2024-01-05,KR,P009,0,0,0.0
2024-01-05,KR,P010,142,147,733.53
2024-01-05,KR,P011,85,92,1839.08
2024-01-05,KR,P012,41,44,3519.56
2024-01-05,JP,P001,330,342,338.58
2024-01-05,JP,P002,157,180,898.2
2024-01-05,JP,P003,146,154,2308.46
2024-01-05,JP,P005,223,247,1973.53
2024-01-05,JP,P006,86,90,2249.1
2024-01-05,JP,P007,126,132,1318.68
2024-01-05,JP,P009,0,0,0.0
2024-01-05,JP,P010,90,98,489.02
2024-01-05,JP,P011,55,56,1119.44
2024-01-05,JP,P012,41,43,3439.57
2024-01-05,GLOBAL_WEST,P001,630,666,659.34
2024-01-05,GLOBAL_WEST,P002,337,389,1941.11
2024-01-05,GLOBAL_WEST,P003,285,309,4631.91
2024-01-05,GLOBAL_WEST,P005,426,450,3595.5
2024-01-05,GLOBAL_WEST,P006,187,199,4973.01
2024-01-05,GLOBAL_WEST,P007,226,234,2337.66
2024-01-05,GLOBAL_WEST,P009,0,0,0.0
2024-01-05,GLOBAL_WEST,P010,199,224,1117.76
2024-01-05,GLOBAL_WEST,P011,129,134,2678.66
2024-01-05,GLOBAL_WEST,P012,71,78,6239.22
2024-01-06,KR,P001,439,451,446.49
2024-01-06,KR,P002,235,279,1392.21
2024-01-06,KR,P003,204,216,3237.84
2024-01-06,KR,P005,238,256,2045.44
2024-01-06,KR,P006,101,109,2723.91
2024-01-06,KR,P007,166,185,1848.15
2024-01-06,KR,P009,0,0,0.0
2024-01-06,KR,P010,149,164,818.36
2024-01-06,KR,P011,37,38,759.62
2024-01-06,KR,P012,38,39,3119.61
2024-01-06,JP,P001,354,384,380.16
2024-01-06,JP,P002,189,203,1012.97
2024-01-06,JP,P003,183,187,2803.13
2024-01-06,JP,P005,195,207,1653.93
2024-01-06,JP,P006,97,109,2723.91
2024-01-06,JP,P007,135,155,1548.45
2024-01-06,JP,P009,0,0,0.0
2024-01-06,JP,P010,76,81,404.19
2024-01-06,JP,P011,68,75,1499.25
2024-01-06,JP,P012,33,36,2879.64
2024-01-06,GLOBAL_WEST,P001,685,719,711.81
2024-01-06,GLOBAL_WEST,P002,436,456,2275.44
2024-01-06,GLOBAL_WEST,P003,346,378,5666.22
2024-01-06,GLOBAL_WEST,P005,398,435,3475.65
2024-01-06,GLOBAL_WEST,P006,224,246,6147.54
2024-01-06,GLOBAL_WEST,P007,299,320,3196.8
2024-01-06,GLOBAL_WEST,P009,0,0,0.0
2024-01-06,GLOBAL_WEST,P010,216,238,1187.62
2024-01-06,GLOBAL_WEST,P011,90,99,1979.01
2024-01-06,GLOBAL_WEST,P012,60,64,5119.36
2024-01-07,KR,P001,474,492,487.08
2024-01-07,KR,P002,231,238,1187.62
2024-01-07,KR,P003,194,208,3117.92
2024-01-07,KR,P005,240,262,2093.38
2024-01-07,KR,P006,135,149,3723.51
2024-01-07,KR,P007,131,140,1398.6
2024-01-07,KR,P009,0,0,0.0
2024-01-07,KR,P010,130,144,718.56
2024-01-07,KR,P011,75,79,1579.21
2024-01-07,KR,P012,51,53,4239.47
2024-01-07,JP,P001,354,388,384.12
2024-01-07,JP,P002,168,175,873.25
2024-01-07,JP,P003,160,175,2623.25
2024-01-07,JP,P005,220,235,1877.65
2024-01-07,JP,P006,71,78,1949.22
2024-01-07,JP,P007,159,169,1688.31
2024-01-07,JP,P009,0,0,0.0
2024-01-07,JP,P010,89,99,494.01
2024-01-07,JP,P011,74,83,1659.17
2024-01-07,JP,P012,32,35,2799.65
2024-01-07,GLOBAL_WEST,P001,749,767,759.33
2024-01-07,GLOBAL_WEST,P002,423,459,2290.41
2024-01-07,GLOBAL_WEST,P003,358,385,5771.15
2024-01-07,GLOBAL_WEST,P005,442,483,3859.17
2024-01-07,GLOBAL_WEST,P006,171,186,4648.14
2024-01-07,GLOBAL_WEST,P007,321,346,3456.54
2024-01-07,GLOBAL_WEST,P009,0,0,0.0
2024-01-07,GLOBAL_WEST,P010,271,295,1472.05
2024-01-07,GLOBAL_WEST,P011,125,137,2738.63
2024-01-07,GLOBAL_WEST,P012,46,50,3999.5
2024-01-08,KR,P001,441,462,457.38
2024-01-08,KR,P002,198,218,1087.82
2024-01-08,KR,P003,225,244,3657.56
2024-01-08,KR,P005,248,264,2109.36
2024-01-08,KR,P006,155,165,4123.35
2024-01-08,KR,P007,137,145,1448.55
2024-01-08,KR,P009,0,0,0.0
2024-01-08,KR,P010,121,127,633.73
2024-01-08,KR,P011,104,104,2078.96
2024-01-08,KR,P012,38,40,3199.6
2024-01-08,JP,P001,339,358,354.42
2024-01-08,JP,P002,186,198,988.02
2024-01-08,JP,P003,173,192,2878.08
2024-01-08,JP,P005,211,230,1837.7
2024-01-08,JP,P006,112,124,3098.76
2024-01-08,JP,P007,128,142,1418.58
2024-01-08,JP,P009,0,0,0.0
2024-01-08,JP,P010,98,107,533.93
2024-01-08,JP,P011,76,82,1639.18
2024-01-08,JP,P012,18,18,1439.82
2024-01-08,GLOBAL_WEST,P001,711,769,761.31
2024-01-08,GLOBAL_WEST,P002,296,324,1616.76
2024-01-08,GLOBAL_WEST,P003,426,450,6745.5
2024-01-08,GLOBAL_WEST,P005,470,531,4242.69
2024-01-08,GLOBAL_WEST,P006,230,240,5997.6
2024-01-08,GLOBAL_WEST,P007,305,323,3226.77
2024-01-08,GLOBAL_WEST,P009,0,0,0.0
2024-01-08,GLOBAL_WEST,P010,216,235,1172.65
2024-01-08,GLOBAL_WEST,P011,147,159,3178.41
2024-01-08,GLOBAL_WEST,P012,42,46,3679.54
2024-01-09,KR,P001,443,480,475.2
2024-01-09,KR,P002,205,219,1092.81
2024-01-09,KR,P003,250,279,4182.21
2024-01-09,KR,P005,289,313,2500.87
2024-01-09,KR,P006,83,91,2274.09
2024-01-09,KR,P007,131,141,1408.59
2024-01-09,KR,P009,0,0,0.0
2024-01-09,KR,P010,153,163,813.37
2024-01-09,KR,P011,64,69,1379.31
2024-01-09,KR,P012,56,62,4959.38
2024-01-09,JP,P001,367,390,386.1
2024-01-09,JP,P002,171,180,898.2
2024-01-09,JP,P003,171,180,2698.2
2024-01-09,JP,P005,204,210,1677.9
2024-01-09,JP,P006,99,109,2723.91
2024-01-09,JP,P007,137,147,1468.53
2024-01-09,JP,P009,0,0,0.0
2024-01-09,JP,P010,132,142,708.58
2024-01-09,JP,P011,55,58,1159.42
2024-01-09,JP,P012,47,51,4079.49
2024-01-09,GLOBAL_WEST,P001,785,866,857.34
2024-01-09,GLOBAL_WEST,P002,367,408,2035.92
2024-01-09,GLOBAL_WEST,P003,375,399,5981.01
2024-01-09,GLOBAL_WEST,P005,421,452,3611.48
2024-01-09,GLOBAL_WEST,P006,247,277,6922.23
2024-01-09,GLOBAL_WEST,P007,301,329,3286.71
2024-01-09,GLOBAL_WEST,P009,0,0,0.0
2024-01-09,GLOBAL_WEST,P010,223,243,1212.57
2024-01-09,GLOBAL_WEST,P011,115,123,2458.77
2024-01-09,GLOBAL_WEST,P012,38,41,3279.59
2024-01-10,KR,P001,444,471,466.29
2024-01-10,KR,P002,234,245,1222.55
2024-01-10,KR,P003,286,288,4317.12
2024-01-10,KR,P005,293,316,2524.84
2024-01-10,KR,P006,102,116,2898.84
2024-01-10,KR,P007,191,203,2027.97
2024-01-10,KR,P009,0,0,0.0
2024-01-10,KR,P010,151,169,843.31
2024-01-10,KR,P011,108,115,2298.85
2024-01-10,KR,P012,79,87,6959.13
2024-01-10,JP,P001,400,423,418.77
2024-01-10,JP,P002,160,169,843.31
2024-01-10,JP,P003,205,223,3342.77
2024-01-10,JP,P005,225,245,1957.55
2024-01-10,JP,P006,116,125,3123.75
2024-01-10,JP,P007,122,134,1338.66
2024-01-10,JP,P009,0,0,0.0
2024-01-10,JP,P010,138,148,738.52
2024-01-10,JP,P011,56,59,1179.41
2024-01-10,JP,P012,22,23,1839.77
2024-01-10,GLOBAL_WEST,P001,770,832,823.68
2024-01-10,GLOBAL_WEST,P002,436,480,2395.2
2024-01-10,GLOBAL_WEST,P003,355,369,5531.31
2024-01-10,GLOBAL_WEST,P005,433,471,3763.29
2024-01-10,GLOBAL_WEST,P006,245,269,6722.31
2024-01-10,GLOBAL_WEST,P007,311,319,3186.81
2024-01-10,GLOBAL_WEST,P009,0,0,0.0
2024-01-10,GLOBAL_WEST,P010,167,177,883.23
2024-01-10,GLOBAL_WEST,P011,153,169,3378.31
2024-01-10,GLOBAL_WEST,P012,46,51,4079.49
2024-01-11,KR,P001,463,504,498.96
2024-01-11,KR,P002,250,266,1327.34
2024-01-11,KR,P003,205,221,3312.79
2024-01-11,KR,P005,287,309,2468.91
2024-01-11,KR,P006,112,122,3048.78
2024-01-11,KR,P007,152,166,1658.34
2024-01-11,KR,P009,0,0,0.0
2024-01-11,KR,P010,169,181,903.19
2024-01-11,KR,P011,105,114,2278.86
2024-01-11,KR,P012,53,56,4479.44
2024-01-11,JP,P001,401,443,438.57
2024-01-11,JP,P002,164,173,863.27
2024-01-11,JP,P003,207,220,3297.8
2024-01-11,JP,P005,220,232,1853.68
2024-01-11,JP,P006,130,148,3698.52
2024-01-11,JP,P007,153,168,1678.32
2024-01-11,JP,P009,0,0,0.0
2024-01-11,JP,P010,102,109,543.91
2024-01-11,JP,P011,83,87,1739.13
2024-01-11,JP,P012,26,29,2319.71
2024-01-11,GLOBAL_WEST,P001,758,817,808.83
2024-01-11,GLOBAL_WEST,P002,421,467,2330.33
2024-01-11,GLOBAL_WEST,P003,448,490,7345.1
2024-01-11,GLOBAL_WEST,P005,484,525,4194.75
2024-01-11,GLOBAL_WEST,P006,227,253,6322.47
2024-01-11,GLOBAL_WEST,P007,219,240,2397.6
2024-01-11,GLOBAL_WEST,P009,0,0,0.0
2024-01-11,GLOBAL_WEST,P010,221,235,1172.65
2024-01-11,GLOBAL_WEST,P011,135,141,2818.59
2024-01-11,GLOBAL_WEST,P012,123,128,10238.72
2024-01-12,KR,P001,544,587,581.13
2024-01-12,KR,P002,238,267,1332.33
2024-01-12,KR,P003,221,243,3642.57
2024-01-12,KR,P005,279,305,2436.95
2024-01-12,KR,P006,153,168,4198.32
2024-01-12,KR,P007,236,241,2407.59
2024-01-12,KR,P009,0,0,0.0
2024-01-12,KR,P010,109,117,583.83
2024-01-12,KR,P011,134,145,2898.55
2024-01-12,KR,P012,20,22,1759.78
2024-01-12,JP,P001,359,375,371.25
2024-01-12,JP,P002,218,238,1187.62
2024-01-12,JP,P003,176,194,2908.06
2024-01-12,JP,P005,230,241,1925.59
2024-01-12,JP,P006,85,92,2299.08
2024-01-12,JP,P007,151,171,1708.29
2024-01-12,JP,P009,0,0,0.0
2024-01-12,JP,P010,88,97,484.03
2024-01-12,JP,P011,91,100,1999.0
2024-01-12,JP,P012,24,25,1999.75
2024-01-12,GLOBAL_WEST,P001,806,929,919.71
2024-01-12,GLOBAL_WEST,P002,453,481,2400.19
2024-01-12,GLOBAL_WEST,P003,408,436,6535.64
2024-01-12,GLOBAL_WEST,P005,518,518,4138.82
2024-01-12,GLOBAL_WEST,P006,221,243,6072.57
2024-01-12,GLOBAL_WEST,P007,272,297,2967.03
2024-01-12,GLOBAL_WEST,P009,0,0,0.0
2024-01-12,GLOBAL_WEST,P010,211,222,1107.78
2024-01-12,GLOBAL_WEST,P011,216,229,4577.71
2024-01-12,GLOBAL_WEST,P012,70,75,5999.25
2024-01-13,KR,P001,489,521,515.79
2024-01-13,KR,P002,228,239,1192.61
2024-01-13,KR,P003,250,262,3927.38
2024-01-13,KR,P005,302,326,2604.74
2024-01-13,KR,P006,159,172,4298.28
2024-01-13,KR,P007,171,186,1858.14
2024-01-13,KR,P009,0,0,0.0
2024-01-13,KR,P010,145,156,778.44
2024-01-13,KR,P011,130,140,2798.6
2024-01-13,KR,P012,27,28,2239.72
2024-01-13,JP,P001,361,381,377.19
2024-01-13,JP,P002,212,236,1177.64
2024-01-13,JP,P003,205,216,3237.84
2024-01-13,JP,P005,229,247,1973.53
2024-01-13,JP,P006,132,149,3723.51
2024-01-13,JP,P007,184,201,2007.99
2024-01-13,JP,P009,0,0,0.0
2024-01-13,JP,P010,148,166,828.34
2024-01-13,JP,P011,74,76,1519.24
2024-01-13,JP,P012,42,45,3599.55
2024-01-13,GLOBAL_WEST,P001,873,956,946.44
2024-01-13,GLOBAL_WEST,P002,458,478,2385.22
2024-01-13,GLOBAL_WEST,P003,387,428,6415.72
2024-01-13,GLOBAL_WEST,P005,475,519,4146.81
2024-01-13,GLOBAL_WEST,P006,310,335,8371.65
2024-01-13,GLOBAL_WEST,P007,324,351,3506.49
2024-01-13,GLOBAL_WEST,P009,0,0,0.0
2024-01-13,GLOBAL_WEST,P010,222,224,1117.76
2024-01-13,GLOBAL_WEST,P011,158,167,3338.33
2024-01-13,GLOBAL_WEST,P012,0,0,0.0
2024-01-14,KR,P001,479,509,503.91
2024-01-14,KR,P002,245,273,1362.27
2024-01-14,KR,P003,262,284,4257.16
2024-01-14,KR,P005,301,323,2580.77
2024-01-14,KR,P006,162,172,4298.28
2024-01-14,KR,P007,178,199,1988.01
2024-01-14,KR,P009,0,0,0.0
2024-01-14,KR,P010,109,116,578.84
2024-01-14,KR,P011,99,110,2198.9
2024-01-14,KR,P012,19,21,1679.79
2024-01-14,JP,P001,376,415,410.85
2024-01-14,JP,P002,215,228,1137.72
2024-01-14,JP,P003,187,210,3147.9
2024-01-14,JP,P005,229,254,2029.46
2024-01-14,JP,P006,122,132,3298.68
2024-01-14,JP,P007,172,185,1848.15
2024-01-14,JP,P009,0,0,0.0
2024-01-14,JP,P010,135,136,678.64
2024-01-14,JP,P011,58,58,1159.42
2024-01-14,JP,P012,18,20,1599.8
2024-01-14,GLOBAL_WEST,P001,918,1015,1004.85
2024-01-14,GLOBAL_WEST,P002,417,446,2225.54
2024-01-14,GLOBAL_WEST,P003,416,445,6670.55
2024-01-14,GLOBAL_WEST,P005,560,598,4778.02
2024-01-14,GLOBAL_WEST,P006,273,296,7397.04
2024-01-14,GLOBAL_WEST,P007,303,316,3156.84
2024-01-14,GLOBAL_WEST,P009,0,0,0.0
2024-01-14,GLOBAL_WEST,P010,248,270,1347.3
2024-01-14,GLOBAL_WEST,P011,201,217,4337.83
2024-01-14,GLOBAL_WEST,P012,124,133,10638.67
2024-01-15,KR,P001,539,539,533.61
2024-01-15,KR,P002,291,313,1561.87
2024-01-15,KR,P003,262,289,4332.11
2024-01-15,KR,P005,373,407,3251.93
2024-01-15,KR,P006,111,117,2923.83
2024-01-15,KR,P007,230,243,2427.57
2024-01-15,KR,P009,0,0,0.0
2024-01-15,KR,P010,172,188,938.12
2024-01-15,KR,P011,157,172,3438.28
2024-01-15,KR,P012,49,52,4159.48
2024-01-15,JP,P001,409,452,447.48
2024-01-15,JP,P002,183,192,958.08
2024-01-15,JP,P003,183,190,2848.1
2024-01-15,JP,P005,242,265,2117.35
2024-01-15,JP,P006,84,93,2324.07
2024-01-15,JP,P007,146,157,1568.43
2024-01-15,JP,P009,0,0,0.0
2024-01-15,JP,P010,127,141,703.59
2024-01-15,JP,P011,61,64,1279.36
2024-01-15,JP,P012,8,8,639.92
2024-01-15,GLOBAL_WEST,P001,936,1014,1003.86
2024-01-15,GLOBAL_WEST,P002,466,515,2569.85
2024-01-15,GLOBAL_WEST,P003,415,441,6610.59
2024-01-15,GLOBAL_WEST,P005,499,548,4378.52
2024-01-15,GLOBAL_WEST,P006,204,217,5422.83
2024-01-15,GLOBAL_WEST,P007,393,418,4175.82
2024-01-15,GLOBAL_WEST,P009,0,0,0.0
2024-01-15,GLOBAL_WEST,P010,208,219,1092.81
2024-01-15,GLOBAL_WEST,P011,129,137,2738.63
2024-01-15,GLOBAL_WEST,P012,64,70,5599.3
2024-01-16,KR,P001,553,592,586.08
2024-01-16,KR,P002,273,296,1477.04
2024-01-16,KR,P003,300,320,4796.8
2024-01-16,KR,P005,367,376,3004.24
2024-01-16,KR,P006,190,203,5072.97
2024-01-16,KR,P007,220,227,2267.73
2024-01-16,KR,P009,0,0,0.0
2024-01-16,KR,P010,161,170,848.3
2024-01-16,KR,P011,126,141,2818.59
2024-01-16,KR,P012,56,62,4959.38
2024-01-16,JP,P001,425,458,453.42
2024-01-16,JP,P002,203,221,1102.79
2024-01-16,JP,P003,244,262,3927.38
2024-01-16,JP,P005,249,272,2173.28
2024-01-16,JP,P006,98,104,2598.96
2024-01-16,JP,P007,142,148,1478.52
2024-01-16,JP,P009,0,0,0.0
2024-01-16,JP,P010,132,137,683.63
2024-01-16,JP,P011,91,100,1999.0
2024-01-16,JP,P012,46,49,3919.51
2024-01-16,GLOBAL_WEST,P001,893,925,915.75
2024-01-16,GLOBAL_WEST,P002,410,445,2220.55
2024-01-16,GLOBAL_WEST,P003,443,453,6790.47
2024-01-16,GLOBAL_WEST,P005,486,517,4130.83
2024-01-16,GLOBAL_WEST,P006,249,255,6372.45
2024-01-16,GLOBAL_WEST,P007,335,355,3546.45
2024-01-16,GLOBAL_WEST,P009,0,0,0.0
2024-01-16,GLOBAL_WEST,P010,247,266,1327.34
2024-01-16,GLOBAL_WEST,P011,133,147,2938.53
2024-01-16,GLOBAL_WEST,P012,15,15,1199.85
2024-01-17,KR,P001,576,613,606.87
2024-01-17,KR,P002,278,308,1536.92
2024-01-17,KR,P003,264,291,4362.09
2024-01-17,KR,P005,266,282,2253.18
2024-01-17,KR,P006,169,176,4398.24
2024-01-17,KR,P007,265,294,2937.06
2024-01-17,KR,P009,0,0,0.0
2024-01-17,KR,P010,182,197,983.03
2024-01-17,KR,P011,160,170,3398.3
2024-01-17,KR,P012,10,10,799.9
2024-01-17,JP,P001,416,476,471.24
2024-01-17,JP,P002,232,256,1277.44
2024-01-17,JP,P003,215,230,3447.7
2024-01-17,JP,P005,245,261,2085.39
2024-01-17,JP,P006,120,129,3223.71
2024-01-17,JP,P007,167,174,1738.26
2024-01-17,JP,P009,0,0,0.0
2024-01-17,JP,P010,128,133,663.67
2024-01-17,JP,P011,81,89,1779.11
2024-01-17,JP,P012,22,24,1919.76
2024-01-17,GLOBAL_WEST,P001,946,995,985.05
2024-01-17,GLOBAL_WEST,P002,411,442,2205.58
2024-01-17,GLOBAL_WEST,P003,475,517,7749.83
2024-01-17,GLOBAL_WEST,P005,533,588,4698.12
2024-01-17,GLOBAL_WEST,P006,238,248,6197.52
2024-01-17,GLOBAL_WEST,P007,261,286,2857.14
2024-01-17,GLOBAL_WEST,P009,0,0,0.0
2024-01-17,GLOBAL_WEST,P010,342,371,1851.29
2024-01-17,GLOBAL_WEST,P011,201,215,4297.85
2024-01-17,GLOBAL_WEST,P012,29,31,2479.69
2024-01-18,KR,P001,572,621,614.79
2024-01-18,KR,P002,298,311,1551.89
2024-01-18,KR,P003,318,352,5276.48
2024-01-18,KR,P005,321,359,2868.41
2024-01-18,KR,P006,162,175,4373.25
2024-01-18,KR,P007,241,275,2747.25
2024-01-18,KR,P009,0,0,0.0
2024-01-18,KR,P010,184,196,978.04
2024-01-18,KR,P011,108,116,2318.84
2024-01-18,KR,P012,39,39,3119.61
2024-01-18,JP,P001,427,463,458.37
2024-01-18,JP,P002,204,205,1022.95
2024-01-18,JP,P003,224,231,3462.69
2024-01-18,JP,P005,244,269,2149.31
2024-01-18,JP,P006,139,153,3823.47
2024-01-18,JP,P007,179,198,1978.02
2024-01-18,JP,P009,0,0,0.0
2024-01-18,JP,P010,115,123,613.77
2024-01-18,JP,P011,88,97,1939.03
2024-01-18,JP,P012,33,36,2879.64
2024-01-18,GLOBAL_WEST,P001,965,1023,1012.77
2024-01-18,GLOBAL_WEST,P002,377,408,2035.92
2024-01-18,GLOBAL_WEST,P003,430,457,6850.43
2024-01-18,GLOBAL_WEST,P005,555,577,4610.23
2024-01-18,GLOBAL_WEST,P006,252,282,7047.18
2024-01-18,GLOBAL_WEST,P007,323,332,3316.68
2024-01-18,GLOBAL_WEST,P009,0,0,0.0
2024-01-18,GLOBAL_WEST,P010,272,297,1482.03
2024-01-18,GLOBAL_WEST,P011,177,187,3738.13
2024-01-18,GLOBAL_WEST,P012,92,98,7839.02
2024-01-19,KR,P001,634,726,718.74
2024-01-19,KR,P002,284,313,1561.87
2024-01-19,KR,P003,346,366,5486.34
2024-01-19,KR,P005,350,377,3012.23
2024-01-19,KR,P006,177,183,4573.17
2024-01-19,KR,P007,187,197,1968.03
2024-01-19,KR,P009,0,0,0.0
2024-01-19,KR,P010,169,185,923.15
2024-01-19,KR,P011,147,162,3238.38
2024-01-19,KR,P012,70,76,6079.24
2024-01-19,JP,P001,425,451,446.49
2024-01-19,JP,P002,201,213,1062.87
2024-01-19,JP,P003,240,258,3867.42
2024-01-19,JP,P005,256,284,2269.16
2024-01-19,JP,P006,165,191,4773.09
2024-01-19,JP,P007,165,186,1858.14
2024-01-19,JP,P009,0,0,0.0
2024-01-19,JP,P010,135,148,738.52
2024-01-19,JP,P011,79,83,1659.17
2024-01-19,JP,P012,36,39,3119.61
2024-01-19,GLOBAL_WEST,P001,916,1029,1018.71
2024-01-19,GLOBAL_WEST,P002,326,343,1711.57
2024-01-19,GLOBAL_WEST,P003,497,536,8034.64
2024-01-19,GLOBAL_WEST,P005,486,509,4066.91
2024-01-19,GLOBAL_WEST,P006,302,325,8121.75
2024-01-19,GLOBAL_WEST,P007,328,371,3706.29
2024-01-19,GLOBAL_WEST,P009,0,0,0.0
2024-01-19,GLOBAL_WEST,P010,233,241,1202.59
2024-01-19,GLOBAL_WEST,P011,99,105,2098.95
2024-01-19,GLOBAL_WEST,P012,97,104,8318.96
2024-01-20,KR,P001,546,551,545.49
2024-01-20,KR,P002,299,321,1601.79
2024-01-20,KR,P003,315,320,4796.8
2024-01-20,KR,P005,349,371,2964.29
2024-01-20,KR,P006,209,220,5497.8
2024-01-20,KR,P007,194,217,2167.83
2024-01-20,KR,P009,0,0,0.0
2024-01-20,KR,P010,132,139,693.61
2024-01-20,KR,P011,141,153,3058.47
2024-01-20,KR,P012,59,62,4959.38
2024-01-20,JP,P001,422,476,471.24
2024-01-20,JP,P002,202,210,1047.9
2024-01-20,JP,P003,208,233,3492.67
2024-01-20,JP,P005,241,268,2141.32
2024-01-20,JP,P006,111,121,3023.79
2024-01-20,JP,P007,180,194,1938.06
2024-01-20,JP,P009,0,0,0.0
2024-01-20,JP,P010,117,123,613.77
2024-01-20,JP,P011,87,93,1859.07
2024-01-20,JP,P012,34,35,2799.65
2024-01-20,GLOBAL_WEST,P001,931,1019,1008.81
2024-01-20,GLOBAL_WEST,P002,519,559,2789.41
2024-01-20,GLOBAL_WEST,P003,398,452,6775.48
2024-01-20,GLOBAL_WEST,P005,478,540,4314.6
2024-01-20,GLOBAL_WEST,P006,299,306,7646.94
2024-01-20,GLOBAL_WEST,P007,319,347,3466.53
2024-01-20,GLOBAL_WEST,P009,0,0,0.0
2024-01-20,GLOBAL_WEST,P010,306,319,1591.81
2024-01-20,GLOBAL_WEST,P011,100,110,2198.9
2024-01-20,GLOBAL_WEST,P012,51,56,4479.44
2024-01-21,KR,P001,619,659,652.41
2024-01-21,KR,P002,309,344,1716.56
2024-01-21,KR,P003,262,278,4167.22
2024-01-21,KR,P005,347,370,2956.3
2024-01-21,KR,P006,196,218,5447.82
2024-01-21,KR,P007,263,277,2767.23
2024-01-21,KR,P009,0,0,0.0
2024-01-21,KR,P010,174,187,933.13
2024-01-21,KR,P011,125,134,2678.66
2024-01-21,KR,P012,55,59,4719.41
2024-01-21,JP,P001,437,466,461.34
2024-01-21,JP,P002,219,235,1172.65
2024-01-21,JP,P003,206,224,3357.76
2024-01-21,JP,P005,244,256,2045.44
2024-01-21,JP,P006,128,138,3448.62
2024-01-21,JP,P007,147,158,1578.42
2024-01-21,JP,P009,0,0,0.0
2024-01-21,JP,P010,124,133,663.67
2024-01-21,JP,P011,88,97,1939.03
2024-01-21,JP,P012,14,15,1199.85
2024-01-21,GLOBAL_WEST,P001,955,1053,1042.47
2024-01-21,GLOBAL_WEST,P002,507,573,2859.27
2024-01-21,GLOBAL_WEST,P003,529,602,9023.98
2024-01-21,GLOBAL_WEST,P005,607,651,5201.49
2024-01-21,GLOBAL_WEST,P006,197,217,5422.83
2024-01-21,GLOBAL_WEST,P007,408,435,4345.65
2024-01-21,GLOBAL_WEST,P009,0,0,0.0
2024-01-21,GLOBAL_WEST,P010,273,307,1531.93
2024-01-21,GLOBAL_WEST,P011,122,130,2598.7
2024-01-21,GLOBAL_WEST,P012,17,18,1439.82
2024-01-22,KR,P001,526,564,558.36
2024-01-22,KR,P002,263,272,1357.28
2024-01-22,KR,P003,260,284,4257.16
2024-01-22,KR,P005,277,305,2436.95
2024-01-22,KR,P006,145,151,3773.49
2024-01-22,KR,P007,199,216,2157.84
2024-01-22,KR,P009,0,0,0.0
2024-01-22,KR,P010,168,180,898.2
2024-01-22,KR,P011,72,77,1539.23
2024-01-22,KR,P012,0,0,0.0
2024-01-22,JP,P001,387,400,396.0
2024-01-22,JP,P002,195,209,1042.91
2024-01-22,JP,P003,184,201,3012.99
2024-01-22,JP,P005,217,232,1853.68
2024-01-22,JP,P006,93,97,2424.03
2024-01-22,JP,P007,138,152,1518.48
2024-01-22,JP,P009,0,0,0.0
2024-01-22,JP,P010,97,110,548.9
2024-01-22,JP,P011,78,84,1679.16
2024-01-22,JP,P012,50,55,4399.45
2024-01-22,GLOBAL_WEST,P001,743,809,800.91
2024-01-22,GLOBAL_WEST,P002,385,406,2025.94
2024-01-22,GLOBAL_WEST,P003,307,333,4991.67
2024-01-22,GLOBAL_WEST,P005,471,520,4154.8
2024-01-22,GLOBAL_WEST,P006,268,278,6947.22
2024-01-22,GLOBAL_WEST,P007,329,342,3416.58
2024-01-22,GLOBAL_WEST,P009,0,0,0.0
2024-01-22,GLOBAL_WEST,P010,275,294,1467.06
2024-01-22,GLOBAL_WEST,P011,102,112,2238.88
2024-01-22,GLOBAL_WEST,P012,95,105,8398.95
2024-01-23,KR,P001,511,578,572.22
2024-01-23,KR,P002,229,244,1217.56
2024-01-23,KR,P003,249,265,3972.35
2024-01-23,KR,P005,307,342,2732.58
2024-01-23,KR,P006,145,159,3973.41
2024-01-23,KR,P007,210,231,2307.69
2024-01-23,KR,P009,0,0,0.0
2024-01-23,KR,P010,174,178,888.22
2024-01-23,KR,P011,71,75,1499.25
2024-01-23,KR,P012,15,16,1279.84
2024-01-23,JP,P001,390,421,416.79
2024-01-23,JP,P002,183,201,1002.99
2024-01-23,JP,P003,220,220,3297.8
2024-01-23,JP,P005,215,232,1853.68
2024-01-23,JP,P006,106,107,2673.93
2024-01-23,JP,P007,138,151,1508.49
2024-01-23,JP,P009,0,0,0.0
2024-01-23,JP,P010,123,129,643.71
2024-01-23,JP,P011,64,66,1319.34
2024-01-23,JP,P012,23,24,1919.76
2024-01-23,GLOBAL_WEST,P001,755,774,766.26
2024-01-23,GLOBAL_WEST,P002,381,397,1981.03
2024-01-23,GLOBAL_WEST,P003,370,389,5831.11
2024-01-23,GLOBAL_WEST,P005,474,542,4330.58
2024-01-23,GLOBAL_WEST,P006,212,220,5497.8
2024-01-23,GLOBAL_WEST,P007,230,248,2477.52
2024-01-23,GLOBAL_WEST,P009,0,0,0.0
2024-01-23,GLOBAL_WEST,P010,324,345,1721.55
2024-01-23,GLOBAL_WEST,P011,142,144,2878.56
2024-01-23,GLOBAL_WEST,P012,110,125,9998.75
2024-01-24,KR,P001,457,486,481.14
2024-01-24,KR,P002,273,295,1472.05
2024-01-24,KR,P003,247,268,4017.32
2024-01-24,KR,P005,271,297,2373.03
2024-01-24,KR,P006,117,131,3273.69
2024-01-24,KR,P007,130,140,1398.6
2024-01-24,KR,P009,0,0,0.0
2024-01-24,KR,P010,175,183,913.17
2024-01-24,KR,P011,90,94,1879.06
2024-01-24,KR,P012,0,0,0.0
2024-01-24,JP,P001,358,381,377.19
2024-01-24,JP,P002,193,208,1037.92
2024-01-24,JP,P003,175,194,2908.06
2024-01-24,JP,P005,201,224,1789.76
2024-01-24,JP,P006,94,98,2449.02
2024-01-24,JP,P007,122,132,1318.68
2024-01-24,JP,P009,0,0,0.0
2024-01-24,JP,P010,78,82,409.18
2024-01-24,JP,P011,77,80,1599.2
2024-01-24,JP,P012,8,9,719.91
2024-01-24,GLOBAL_WEST,P001,769,845,836.55
2024-01-24,GLOBAL_WEST,P002,327,347,1731.53
2024-01-24,GLOBAL_WEST,P003,401,450,6745.5
2024-01-24,GLOBAL_WEST,P005,395,426,3403.74
2024-01-24,GLOBAL_WEST,P006,184,196,4898.04
2024-01-24,GLOBAL_WEST,P007,316,335,3346.65
2024-01-24,GLOBAL_WEST,P009,0,0,0.0
2024-01-24,GLOBAL_WEST,P010,279,287,1432.13
2024-01-24,GLOBAL_WEST,P011,86,94,1879.06
2024-01-24,GLOBAL_WEST,P012,61,67,5359.33
2024-01-25,KR,P001,441,471,466.29
2024-01-25,KR,P002,241,242,1207.58
2024-01-25,KR,P003,247,271,4062.29
2024-01-25,KR,P005,243,264,2109.36
2024-01-25,KR,P006,101,111,2773.89
2024-01-25,KR,P007,168,181,1808.19
2024-01-25,KR,P009,0,0,0.0
2024-01-25,KR,P010,83,89,444.11
2024-01-25,KR,P011,90,99,1979.01
2024-01-25,KR,P012,38,41,3279.59
2024-01-25,JP,P001,375,412,407.88
2024-01-25,JP,P002,181,192,958.08
2024-01-25,JP,P003,163,177,2653.23
2024-01-25,JP,P005,210,214,1709.86
2024-01-25,JP,P006,79,84,2099.16
2024-01-25,JP,P007,124,130,1298.7
2024-01-25,JP,P009,0,0,0.0
2024-01-25,JP,P010,128,135,673.65
2024-01-25,JP,P011,52,54,1079.46
2024-01-25,JP,P012,33,35,2799.65
2024-01-25,GLOBAL_WEST,P001,745,838,829.62
2024-01-25,GLOBAL_WEST,P002,385,423,2110.77
2024-01-25,GLOBAL_WEST,P003,382,417,6250.83
2024-01-25,GLOBAL_WEST,P005,497,543,4338.57
2024-01-25,GLOBAL_WEST,P006,233,248,6197.52
2024-01-25,GLOBAL_WEST,P007,261,276,2757.24
2024-01-25,GLOBAL_WEST,P009,0,0,0.0
2024-01-25,GLOBAL_WEST,P010,232,264,1317.36
2024-01-25,GLOBAL_WEST,P011,123,129,2578.71
2024-01-25,GLOBAL_WEST,P012,7,7,559.93
2024-01-26,KR,P001,465,498,493.02
2024-01-26,KR,P002,222,253,1262.47
2024-01-26,KR,P003,232,251,3762.49
2024-01-26,KR,P005,265,280,2237.2
2024-01-26,KR,P006,113,113,2823.87
2024-01-26,KR,P007,190,198,1978.02
2024-01-26,KR,P009,0,0,0.0
2024-01-26,KR,P010,159,170,848.3
2024-01-26,KR,P011,54,59,1179.41
2024-01-26,KR,P012,2,2,159.98
2024-01-26,JP,P001,344,388,384.12
2024-01-26,JP,P002,191,206,1027.94
2024-01-26,JP,P003,186,198,2968.02
2024-01-26,JP,P005,220,236,1885.64
2024-01-26,JP,P006,108,116,2898.84
2024-01-26,JP,P007,126,133,1328.67
2024-01-26,JP,P009,0,0,0.0
2024-01-26,JP,P010,146,147,733.53
2024-01-26,JP,P011,71,75,1499.25
2024-01-26,JP,P012,31,34,2719.66
2024-01-26,GLOBAL_WEST,P001,770,838,829.62
2024-01-26,GLOBAL_WEST,P002,320,333,1661.67
2024-01-26,GLOBAL_WEST,P003,388,425,6370.75
2024-01-26,GLOBAL_WEST,P005,495,516,4122.84
2024-01-26,GLOBAL_WEST,P006,296,323,8071.77
2024-01-26,GLOBAL_WEST,P007,359,379,3786.21
2024-01-26,GLOBAL_WEST,P009,0,0,0.0
2024-01-26,GLOBAL_WEST,P010,192,208,1037.92
2024-01-26,GLOBAL_WEST,P011,199,208,4157.92
2024-01-26,GLOBAL_WEST,P012,66,72,5759.28
2024-01-27,KR,P001,479,512,506.88
2024-01-27,KR,P002,233,260,1297.4
2024-01-27,KR,P003,209,219,3282.81
2024-01-27,KR,P005,274,308,2460.92
2024-01-27,KR,P006,109,114,2848.86
2024-01-27,KR,P007,232,249,2487.51
2024-01-27,KR,P009,0,0,0.0
2024-01-27,KR,P010,124,132,658.68
2024-01-27,KR,P011,98,103,2058.97
2024-01-27,KR,P012,67,73,5839.27
2024-01-27,JP,P001,371,400,396.0
2024-01-27,JP,P002,197,210,1047.9
2024-01-27,JP,P003,186,205,3072.95
2024-01-27,JP,P005,228,248,1981.52
2024-01-27,JP,P006,111,121,3023.79
2024-01-27,JP,P007,129,146,1458.54
2024-01-27,JP,P009,0,0,0.0
2024-01-27,JP,P010,126,137,683.63
2024-01-27,JP,P011,41,43,859.57
2024-01-27,JP,P012,48,50,3999.5
2024-01-27,GLOBAL_WEST,P001,812,870,861.3
2024-01-27,GLOBAL_WEST,P002,440,467,2330.33
2024-01-27,GLOBAL_WEST,P003,381,413,6190.87
2024-01-27,GLOBAL_WEST,P005,549,619,4945.81
2024-01-27,GLOBAL_WEST,P006,221,236,5897.64
2024-01-27,GLOBAL_WEST,P007,393,446,4455.54
2024-01-27,GLOBAL_WEST,P009,0,0,0.0
2024-01-27,GLOBAL_WEST,P010,201,217,1082.83
2024-01-27,GLOBAL_WEST,P011,165,175,3498.25
2024-01-27,GLOBAL_WEST,P012,18,20,1599.8
2024-01-28,KR,P001,503,527,521.73
2024-01-28,KR,P002,245,267,1332.33
2024-01-28,KR,P003,304,340,5096.6
2024-01-28,KR,P005,242,259,2069.41
2024-01-28,KR,P006,143,159,3973.41
2024-01-28,KR,P007,161,177,1768.23
2024-01-28,KR,P009,0,0,0.0
2024-01-28,KR,P010,149,154,768.46
2024-01-28,KR,P011,70,76,1519.24
2024-01-28,KR,P012,50,56,4479.44
2024-01-28,JP,P001,373,408,403.92
2024-01-28,JP,P002,181,201,1002.99
2024-01-28,JP,P003,188,200,2998.0
2024-01-28,JP,P005,201,208,1661.92
2024-01-28,JP,P006,118,119,2973.81
2024-01-28,JP,P007,107,111,1108.89
2024-01-28,JP,P009,0,0,0.0
2024-01-28,JP,P010,97,110,548.9
2024-01-28,JP,P011,76,84,1679.16
2024-01-28,JP,P012,54,57,4559.43
2024-01-28,GLOBAL_WEST,P001,743,818,809.82
2024-01-28,GLOBAL_WEST,P002,378,408,2035.92
2024-01-28,GLOBAL_WEST,P003,314,339,5081.61
2024-01-28,GLOBAL_WEST,P005,480,531,4242.69
2024-01-28,GLOBAL_WEST,P006,201,213,5322.87
2024-01-28,GLOBAL_WEST,P007,215,233,2327.67
2024-01-28,GLOBAL_WEST,P009,0,0,0.0
2024-01-28,GLOBAL_WEST,P010,154,168,838.32
2024-01-28,GLOBAL_WEST,P011,154,173,3458.27
2024-01-28,GLOBAL_WEST,P012,32,34,2719.66
2024-01-29,KR,P001,491,526,520.74
2024-01-29,KR,P002,224,242,1207.58
2024-01-29,KR,P003,203,225,3372.75
2024-01-29,KR,P005,288,305,2436.95
2024-01-29,KR,P006,125,130,3248.7
2024-01-29,KR,P007,167,183,1828.17
2024-01-29,KR,P009,0,0,0.0
2024-01-29,KR,P010,185,197,983.03
2024-01-29,KR,P011,74,82,1639.18
2024-01-29,KR,P012,0,0,0.0
2024-01-29,JP,P001,347,379,375.21
2024-01-29,JP,P002,186,205,1022.95
2024-01-29,JP,P003,212,228,3417.72
2024-01-29,JP,P005,203,210,1677.9
2024-01-29,JP,P006,120,128,3198.72
2024-01-29,JP,P007,139,154,1538.46
2024-01-29,JP,P009,0,0,0.0
2024-01-29,JP,P010,122,133,663.67
2024-01-29,JP,P011,88,95,1899.05
2024-01-29,JP,P012,33,35,2799.65
2024-01-29,GLOBAL_WEST,P001,750,816,807.84
2024-01-29,GLOBAL_WEST,P002,378,432,2155.68
2024-01-29,GLOBAL_WEST,P003,377,404,6055.96
2024-01-29,GLOBAL_WEST,P005,430,455,3635.45
2024-01-29,GLOBAL_WEST,P006,254,270,6747.3
2024-01-29,GLOBAL_WEST,P007,264,278,2777.22
2024-01-29,GLOBAL_WEST,P009,0,0,0.0
2024-01-29,GLOBAL_WEST,P010,189,204,1017.96
2024-01-29,GLOBAL_WEST,P011,124,126,2518.74
2024-01-29,GLOBAL_WEST,P012,96,101,8078.99
2024-01-30,KR,P001,484,510,504.9
2024-01-30,KR,P002,229,252,1257.48
2024-01-30,KR,P003,262,290,4347.1
2024-01-30,KR,P005,284,298,2381.02
2024-01-30,KR,P006,107,115,2873.85
2024-01-30,KR,P007,161,176,1758.24
2024-01-30,KR,P009,0,0,0.0
2024-01-30,KR,P010,117,122,608.78
2024-01-30,KR,P011,117,128,2558.72
2024-01-30,KR,P012,30,31,2479.69
2024-01-30,JP,P001,371,388,384.12
2024-01-30,JP,P002,168,184,918.16
2024-01-30,JP,P003,182,189,2833.11
2024-01-30,JP,P005,210,225,1797.75
2024-01-30,JP,P006,83,90,2249.1
2024-01-30,JP,P007,117,128,1278.72
2024-01-30,JP,P009,0,0,0.0
2024-01-30,JP,P010,83,91,454.09
2024-01-30,JP,P011,59,65,1299.35
2024-01-30,JP,P012,40,42,3359.58
2024-01-30,GLOBAL_WEST,P001,829,916,906.84
2024-01-30,GLOBAL_WEST,P002,390,430,2145.7
2024-01-30,GLOBAL_WEST,P003,399,421,6310.79
2024-01-30,GLOBAL_WEST,P005,386,425,3395.75
2024-01-30,GLOBAL_WEST,P006,207,224,5597.76
2024-01-30,GLOBAL_WEST,P007,262,281,2807.19
2024-01-30,GLOBAL_WEST,P009,0,0,0.0
2024-01-30,GLOBAL_WEST,P010,177,193,963.07
2024-01-30,GLOBAL_WEST,P011,152,163,3258.37
2024-01-30,GLOBAL_WEST,P012,154,174,13918.26
2024-01-31,KR,P001,461,507,501.93
2024-01-31,KR,P002,202,213,1062.87
2024-01-31,KR,P003,270,295,4422.05
2024-01-31,KR,P005,285,302,2412.98
2024-01-31,KR,P006,161,168,4198.32
2024-01-31,KR,P007,161,172,1718.28
2024-01-31,KR,P009,0,0,0.0
2024-01-31,KR,P010,133,141,703.59
2024-01-31,KR,P011,46,51,1019.49
2024-01-31,KR,P012,78,83,6639.17
2024-01-31,JP,P001,405,421,416.79
2024-01-31,JP,P002,170,191,953.09
2024-01-31,JP,P003,162,172,2578.28
2024-01-31,JP,P005,242,254,2029.46
2024-01-31,JP,P006,102,108,2698.92
2024-01-31,JP,P007,163,176,1758.24
2024-01-31,JP,P009,0,0,0.0
2024-01-31,JP,P010,138,145,723.55
2024-01-31,JP,P011,56,59,1179.41
2024-01-31,JP,P012,22,23,1839.77
2024-01-31,GLOBAL_WEST,P001,745,820,811.8
2024-01-31,GLOBAL_WEST,P002,347,386,1926.14
2024-01-31,GLOBAL_WEST,P003,362,402,6025.98
2024-01-31,GLOBAL_WEST,P005,335,371,2964.29
2024-01-31,GLOBAL_WEST,P006,215,230,5747.7
2024-01-31,GLOBAL_WEST,P007,346,379,3786.21
2024-01-31,GLOBAL_WEST,P009,0,0,0.0
2024-01-31,GLOBAL_WEST,P010,245,266,1327.34
2024-01-31,GLOBAL_WEST,P011,135,147,2938.53
2024-01-31,GLOBAL_WEST,P012,50,53,4239.47
2024-02-01,KR,P001,490,550,544.5
2024-02-01,KR,P002,245,273,1362.27
2024-02-01,KR,P003,252,271,4062.29
2024-02-01,KR,P005,288,288,2301.12
2024-02-01,KR,P006,133,137,3423.63
2024-02-01,KR,P007,165,180,1798.2
2024-02-01,KR,P009,0,0,0.0
2024-02-01,KR,P010,107,115,573.85
2024-02-01,KR,P011,80,84,1679.16
2024-02-01,KR,P012,30,30,2399.7
2024-02-01,JP,P001,338,372,368.28
2024-02-01,JP,P002,183,193,963.07
2024-02-01,JP,P003,139,149,2233.51
2024-02-01,JP,P005,216,226,1805.74
2024-02-01,JP,P006,114,124,3098.76
2024-02-01,JP,P007,143,148,1478.52
2024-02-01,JP,P009,0,0,0.0
2024-02-01,JP,P010,107,117,583.83
2024-02-01,JP,P011,77,85,1699.15
2024-02-01,JP,P012,41,44,3519.56
2024-02-01,GLOBAL_WEST,P001,715,797,789.03
2024-02-01,GLOBAL_WEST,P002,354,377,1881.23
2024-02-01,GLOBAL_WEST,P003,353,371,5561.29
2024-02-01,GLOBAL_WEST,P005,368,408,3259.92
2024-02-01,GLOBAL_WEST,P006,234,248,6197.52
2024-02-01,GLOBAL_WEST,P007,309,349,3486.51
2024-02-01,GLOBAL_WEST,P009,0,0,0.0
2024-02-01,GLOBAL_WEST,P010,193,202,1007.98
2024-02-01,GLOBAL_WEST,P011,148,164,3278.36
2024-02-01,GLOBAL_WEST,P012,89,97,7759.03
2024-02-02,KR,P001,479,530,524.7
2024-02-02,KR,P002,208,219,1092.81
2024-02-02,KR,P003,229,241,3612.59
2024-02-02,KR,P005,298,322,2572.78
2024-02-02,KR,P006,84,93,2324.07
2024-02-02,KR,P007,170,182,1818.18
2024-02-02,KR,P009,0,0,0.0
2024-02-02,KR,P010,181,202,1007.98
2024-02-02,KR,P011,108,115,2298.85
2024-02-02,KR,P012,13,13,1039.87
2024-02-02,JP,P001,360,396,392.04
2024-02-02,JP,P002,184,206,1027.94
2024-02-02,JP,P003,188,208,3117.92
2024-02-02,JP,P005,177,200,1598.0
2024-02-02,JP,P006,98,104,2598.96
2024-02-02,JP,P007,121,128,1278.72
2024-02-02,JP,P009,0,0,0.0
2024-02-02,JP,P010,83,87,434.13
2024-02-02,JP,P011,81,88,1759.12
2024-02-02,JP,P012,43,48,3839.52
2024-02-02,GLOBAL_WEST,P001,625,667,660.33
2024-02-02,GLOBAL_WEST,P002,400,449,2240.51
2024-02-02,GLOBAL_WEST,P003,300,320,4796.8
2024-02-02,GLOBAL_WEST,P005,362,398,3180.02
2024-02-02,GLOBAL_WEST,P006,119,128,3198.72
2024-02-02,GLOBAL_WEST,P007,248,275,2747.25
2024-02-02,GLOBAL_WEST,P009,0,0,0.0
2024-02-02,GLOBAL_WEST,P010,286,316,1576.84
2024-02-02,GLOBAL_WEST,P011,102,109,2178.91
2024-02-02,GLOBAL_WEST,P012,0,0,0.0
2024-02-03,KR,P001,483,513,507.87
2024-02-03,KR,P002,237,269,1342.31
2024-02-03,KR,P003,238,243,3642.57
2024-02-03,KR,P005,263,291,2325.09
2024-02-03,KR,P006,101,109,2723.91
2024-02-03,KR,P007,146,149,1488.51
2024-02-03,KR,P009,0,0,0.0
2024-02-03,KR,P010,158,158,788.42
2024-02-03,KR,P011,99,112,2238.88
2024-02-03,KR,P012,26,27,2159.73
2024-02-03,JP,P001,321,342,338.58
2024-02-03,JP,P002,160,175,873.25
2024-02-03,JP,P003,195,205,3072.95
2024-02-03,JP,P005,226,252,2013.48
2024-02-03,JP,P006,70,74,1849.26
2024-02-03,JP,P007,134,146,1458.54
2024-02-03,JP,P009,0,0,0.0
2024-02-03,JP,P010,132,139,693.61
2024-02-03,JP,P011,67,71,1419.29
2024-02-03,JP,P012,0,0,0.0
2024-02-03,GLOBAL_WEST,P001,682,740,732.6
2024-02-03,GLOBAL_WEST,P002,364,387,1931.13
2024-02-03,GLOBAL_WEST,P003,349,382,5726.18
2024-02-03,GLOBAL_WEST,P005,389,439,3507.61
2024-02-03,GLOBAL_WEST,P006,217,242,6047.58
2024-02-03,GLOBAL_WEST,P007,241,268,2677.32
2024-02-03,GLOBAL_WEST,P009,0,0,0.0
2024-02-03,GLOBAL_WEST,P010,158,169,843.31
2024-02-03,GLOBAL_WEST,P011,140,146,2918.54
2024-02-03,GLOBAL_WEST,P012,5,5,399.95
2024-02-04,KR,P001,503,529,523.71
2024-02-04,KR,P002,241,262,1307.38
2024-02-04,KR,P003,213,227,3402.73
2024-02-04,KR,P005,259,276,2205.24
2024-02-04,KR,P006,98,109,2723.91
2024-02-04,KR,P007,167,184,1838.16
2024-02-04,KR,P009,0,0,0.0
2024-02-04,KR,P010,138,150,748.5
2024-02-04,KR,P011,57,60,1199.4
2024-02-04,KR,P012,0,0,0.0
2024-02-04,JP,P001,368,388,384.12
2024-02-04,JP,P002,165,179,893.21
2024-02-04,JP,P003,162,178,2668.22
2024-02-04,JP,P005,212,233,1861.67
2024-02-04,JP,P006,127,144,3598.56
2024-02-04,JP,P007,132,143,1428.57
2024-02-04,JP,P009,0,0,0.0
2024-02-04,JP,P010,95,101,503.99
2024-02-04,JP,P011,52,56,1119.44
2024-02-04,JP,P012,0,0,0.0
2024-02-04,GLOBAL_WEST,P001,725,785,777.15
2024-02-04,GLOBAL_WEST,P002,365,393,1961.07
2024-02-04,GLOBAL_WEST,P003,343,372,5576.28
2024-02-04,GLOBAL_WEST,P005,452,479,3827.21
2024-02-04,GLOBAL_WEST,P006,191,199,4973.01
2024-02-04,GLOBAL_WEST,P007,360,377,3766.23
2024-02-04,GLOBAL_WEST,P009,0,0,0.0
2024-02-04,GLOBAL_WEST,P010,158,176,878.24
2024-02-04,GLOBAL_WEST,P011,123,132,2638.68
2024-02-04,GLOBAL_WEST,P012,76,78,6239.22
2024-02-05,KR,P001,475,479,474.21
2024-02-05,KR,P002,250,260,1297.4
2024-02-05,KR,P003,247,271,4062.29
2024-02-05,KR,P005,273,295,2357.05
2024-02-05,KR,P006,160,174,4348.26
2024-02-05,KR,P007,177,181,1808.19
2024-02-05,KR,P009,0,0,0.0
2024-02-05,KR,P010,136,144,718.56
2024-02-05,KR,P011,66,69,1379.31
2024-02-05,KR,P012,46,49,3919.51
2024-02-05,JP,P001,354,387,383.13
2024-02-05,JP,P002,165,179,893.21
2024-02-05,JP,P003,191,210,3147.9
2024-02-05,JP,P005,212,234,1869.66
2024-02-05,JP,P006,109,115,2873.85
2024-02-05,JP,P007,158,159,1588.41
2024-02-05,JP,P009,0,0,0.0
2024-02-05,JP,P010,107,112,558.88
2024-02-05,JP,P011,51,55,1099.45
2024-02-05,JP,P012,46,48,3839.52
2024-02-05,GLOBAL_WEST,P001,694,722,714.78
2024-02-05,GLOBAL_WEST,P002,342,373,1861.27
2024-02-05,GLOBAL_WEST,P003,319,355,5321.45
2024-02-05,GLOBAL_WEST,P005,423,456,3643.44
2024-02-05,GLOBAL_WEST,P006,247,271,6772.29
2024-02-05,GLOBAL_WEST,P007,256,278,2777.22
2024-02-05,GLOBAL_WEST,P009,0,0,0.0
2024-02-05,GLOBAL_WEST,P010,103,114,568.86
2024-02-05,GLOBAL_WEST,P011,39,42,839.58
2024-02-05,GLOBAL_WEST,P012,47,51,4079.49
2024-02-06,KR,P001,454,508,502.92
2024-02-06,KR,P002,252,275,1372.25
2024-02-06,KR,P003,239,246,3687.54
2024-02-06,KR,P005,265,273,2181.27
2024-02-06,KR,P006,102,108,2698.92
2024-02-06,KR,P007,158,176,1758.24
2024-02-06,KR,P009,0,0,0.0
2024-02-06,KR,P010,150,158,788.42
2024-02-06,KR,P011,63,69,1379.31
2024-02-06,KR,P012,34,35,2799.65
2024-02-06,JP,P001,368,393,389.07
2024-02-06,JP,P002,178,197,983.03
2024-02-06,JP,P003,184,199,2983.01
2024-02-06,JP,P005,205,216,1725.84
2024-02-06,JP,P006,92,100,2499.0
2024-02-06,JP,P007,112,125,1248.75
2024-02-06,JP,P009,0,0,0.0
2024-02-06,JP,P010,126,130,648.7
2024-02-06,JP,P011,86,91,1819.09
2024-02-06,JP,P012,30,32,2559.68
2024-02-06,GLOBAL_WEST,P001,679,717,709.83
2024-02-06,GLOBAL_WEST,P002,487,521,2599.79
2024-02-06,GLOBAL_WEST,P003,371,378,5666.22
2024-02-06,GLOBAL_WEST,P005,305,338,2700.62
2024-02-06,GLOBAL_WEST,P006,144,151,3773.49
2024-02-06,GLOBAL_WEST,P007,318,348,3476.52
2024-02-06,GLOBAL_WEST,P009,0,0,0.0
2024-02-06,GLOBAL_WEST,P010,185,200,998.0
2024-02-06,GLOBAL_WEST,P011,123,133,2658.67
2024-02-06,GLOBAL_WEST,P012,35,36,2879.64
2024-02-07,KR,P001,435,465,460.35
2024-02-07,KR,P002,211,225,1122.75
2024-02-07,KR,P003,220,250,3747.5
2024-02-07,KR,P005,241,259,2069.41
2024-02-07,KR,P006,156,172,4298.28
2024-02-07,KR,P007,173,187,1868.13
2024-02-07,KR,P009,0,0,0.0
2024-02-07,KR,P010,131,139,693.61
2024-02-07,KR,P011,99,109,2178.91
2024-02-07,KR,P012,54,59,4719.41
2024-02-07,JP,P001,365,388,384.12
2024-02-07,JP,P002,181,196,978.04
2024-02-07,JP,P003,174,192,2878.08
2024-02-07,JP,P005,187,212,1693.88
2024-02-07,JP,P006,93,106,2648.94
2024-02-07,JP,P007,127,135,1348.65
2024-02-07,JP,P009,0,0,0.0
2024-02-07,JP,P010,146,156,778.44
2024-02-07,JP,P011,43,47,939.53
2024-02-07,JP,P012,63,70,5599.3
2024-02-07,GLOBAL_WEST,P001,733,806,797.94
2024-02-07,GLOBAL_WEST,P002,339,362,1806.38
2024-02-07,GLOBAL_WEST,P003,413,461,6910.39
2024-02-07,GLOBAL_WEST,P005,430,461,3683.39
2024-02-07,GLOBAL_WEST,P006,191,202,5047.98
2024-02-07,GLOBAL_WEST,P007,230,255,2547.45
2024-02-07,GLOBAL_WEST,P009,0,0,0.0
2024-02-07,GLOBAL_WEST,P010,238,253,1262.47
2024-02-07,GLOBAL_WEST,P011,168,187,3738.13
2024-02-07,GLOBAL_WEST,P012,2,2,159.98
2024-02-08,KR,P001,425,471,466.29
2024-02-08,KR,P002,202,218,1087.82
2024-02-08,KR,P003,222,228,3417.72
2024-02-08,KR,P005,263,285,2277.15
2024-02-08,KR,P006,73,77,1924.23
2024-02-08,KR,P007,141,158,1578.42
2024-02-08,KR,P009,0,0,0.0
2024-02-08,KR,P010,135,148,738.52
2024-02-08,KR,P011,76,86,1719.14
2024-02-08,KR,P012,68,71,5679.29
2024-02-08,JP,P001,365,397,393.03
2024-02-08,JP,P002,202,229,1142.71
2024-02-08,JP,P003,177,194,2908.06
2024-02-08,JP,P005,228,246,1965.54
2024-02-08,JP,P006,101,113,2823.87
2024-02-08,JP,P007,167,178,1778.22
2024-02-08,JP,P009,0,0,0.0
2024-02-08,JP,P010,76,81,404.19
2024-02-08,JP,P011,55,60,1199.4
2024-02-08,JP,P012,17,20,1599.8
2024-02-08,GLOBAL_WEST,P001,615,686,679.14
2024-02-08,GLOBAL_WEST,P002,350,383,1911.17
2024-02-08,GLOBAL_WEST,P003,354,385,5771.15
2024-02-08,GLOBAL_WEST,P005,293,318,2540.82
2024-02-08,GLOBAL_WEST,P006,236,255,6372.45
2024-02-08,GLOBAL_WEST,P007,242,264,2637.36
2024-02-08,GLOBAL_WEST,P009,0,0,0.0
2024-02-08,GLOBAL_WEST,P010,205,221,1102.79
2024-02-08,GLOBAL_WEST,P011,143,154,3078.46
2024-02-08,GLOBAL_WEST,P012,43,46,3679.54
2024-02-09,KR,P001,459,501,495.99
2024-02-09,KR,P002,233,233,1162.67
2024-02-09,KR,P003,232,243,3642.57
2024-02-09,KR,P005,253,279,2229.21
2024-02-09,KR,P006,148,154,3848.46
2024-02-09,KR,P007,170,181,1808.19
2024-02-09,KR,P009,0,0,0.0
2024-02-09,KR,P010,101,108,538.92
2024-02-09,KR,P011,109,115,2298.85
2024-02-09,KR,P012,43,46,3679.54
2024-02-09,JP,P001,367,384,380.16
2024-02-09,JP,P002,175,193,963.07
2024-02-09,JP,P003,168,179,2683.21
2024-02-09,JP,P005,220,236,1885.64
2024-02-09,JP,P006,135,144,3598.56
2024-02-09,JP,P007,142,148,1478.52
2024-02-09,JP,P009,0,0,0.0
2024-02-09,JP,P010,121,131,653.69
2024-02-09,JP,P011,54,59,1179.41
2024-02-09,JP,P012,46,49,3919.51
2024-02-09,GLOBAL_WEST,P001,675,758,750.42
2024-02-09,GLOBAL_WEST,P002,359,402,2005.98
2024-02-09,GLOBAL_WEST,P003,275,295,4422.05
2024-02-09,GLOBAL_WEST,P005,411,447,3571.53
2024-02-09,GLOBAL_WEST,P006,208,221,5522.79
2024-02-09,GLOBAL_WEST,P007,318,357,3566.43
2024-02-09,GLOBAL_WEST,P009,0,0,0.0
2024-02-09,GLOBAL_WEST,P010,133,148,738.52
2024-02-09,GLOBAL_WEST,P011,151,158,3158.42
2024-02-09,GLOBAL_WEST,P012,71,76,6079.24
2024-02-10,KR,P001,404,426,421.74
2024-02-10,KR,P002,216,244,1217.56
2024-02-10,KR,P003,235,258,3867.42
2024-02-10,KR,P005,274,293,2341.07
2024-02-10,KR,P006,148,153,3823.47
2024-02-10,KR,P007,159,176,1758.24
2024-02-10,KR,P009,0,0,0.0
2024-02-10,KR,P010,117,128,638.72
2024-02-10,KR,P011,72,78,1559.22
2024-02-10,KR,P012,41,42,3359.58
2024-02-10,JP,P001,370,409,404.91
2024-02-10,JP,P002,177,193,963.07
2024-02-10,JP,P003,176,190,2848.1
2024-02-10,JP,P005,217,225,1797.75
2024-02-10,JP,P006,124,133,3323.67
2024-02-10,JP,P007,131,145,1448.55
2024-02-10,JP,P009,0,0,0.0
2024-02-10,JP,P010,96,109,543.91
2024-02-10,JP,P011,71,74,1479.26
2024-02-10,JP,P012,24,24,1919.76
2024-02-10,GLOBAL_WEST,P001,632,668,661.32
2024-02-10,GLOBAL_WEST,P002,376,405,2020.95
2024-02-10,GLOBAL_WEST,P003,370,389,5831.11
2024-02-10,GLOBAL_WEST,P005,361,368,2940.32
2024-02-10,GLOBAL_WEST,P006,244,264,6597.36
2024-02-10,GLOBAL_WEST,P007,321,340,3396.6
2024-02-10,GLOBAL_WEST,P009,0,0,0.0
2024-02-10,GLOBAL_WEST,P010,176,195,973.05
2024-02-10,GLOBAL_WEST,P011,102,112,2238.88
2024-02-10,GLOBAL_WEST,P012,122,130,10398.7
2024-02-11,KR,P001,463,493,488.07
2024-02-11,KR,P002,225,237,1182.63
2024-02-11,KR,P003,173,187,2803.13
2024-02-11,KR,P005,240,250,1997.5
2024-02-11,KR,P006,168,176,4398.24
2024-02-11,KR,P007,162,169,1688.31
2024-02-11,KR,P009,0,0,0.0
2024-02-11,KR,P010,106,115,573.85
2024-02-11,KR,P011,69,72,1439.28
2024-02-11,KR,P012,34,35,2799.65
2024-02-11,JP,P001,367,388,384.12
2024-02-11,JP,P002,212,225,1122.75
2024-02-11,JP,P003,164,167,2503.33
2024-02-11,JP,P005,237,253,2021.47
2024-02-11,JP,P006,109,114,2848.86
2024-02-11,JP,P007,124,134,1338.66
2024-02-11,JP,P009,0,0,0.0
2024-02-11,JP,P010,114,122,608.78
2024-02-11,JP,P011,67,73,1459.27
2024-02-11,JP,P012,30,32,2559.68
2024-02-11,GLOBAL_WEST,P001,666,733,725.67
2024-02-11,GLOBAL_WEST,P002,386,404,2015.96
2024-02-11,GLOBAL_WEST,P003,309,338,5066.62
2024-02-11,GLOBAL_WEST,P005,332,356,2844.44
2024-02-11,GLOBAL_WEST,P006,138,154,3848.46
2024-02-11,GLOBAL_WEST,P007,293,323,3226.77
2024-02-11,GLOBAL_WEST,P009,0,0,0.0
2024-02-11,GLOBAL_WEST,P010,164,182,908.18
2024-02-11,GLOBAL_WEST,P011,129,133,2658.67
2024-02-11,GLOBAL_WEST,P012,0,0,0.0
2024-02-12,KR,P001,473,493,488.07
2024-02-12,KR,P002,184,201,1002.99
2024-02-12,KR,P003,201,224,3357.76
2024-02-12,KR,P005,261,289,2309.11
2024-02-12,KR,P006,105,113,2823.87
2024-02-12,KR,P007,139,159,1588.41
2024-02-12,KR,P009,0,0,0.0
2024-02-12,KR,P010,123,133,663.67
2024-02-12,KR,P011,38,40,799.6
2024-02-12,KR,P012,24,24,1919.76
2024-02-12,JP,P001,333,345,341.55
2024-02-12,JP,P002,196,225,1122.75
2024-02-12,JP,P003,180,196,2938.04
2024-02-12,JP,P005,202,216,1725.84
2024-02-12,JP,P006,95,105,2623.95
2024-02-12,JP,P007,126,140,1398.6
2024-02-12,JP,P009,0,0,0.0
2024-02-12,JP,P010,97,106,528.94
2024-02-12,JP,P011,88,97,1939.03
2024-02-12,JP,P012,52,53,4239.47
2024-02-12,GLOBAL_WEST,P001,626,669,662.31
2024-02-12,GLOBAL_WEST,P002,282,313,1561.87
2024-02-12,GLOBAL_WEST,P003,299,317,4751.83
2024-02-12,GLOBAL_WEST,P005,373,408,3259.92
2024-02-12,GLOBAL_WEST,P006,173,186,4648.14
2024-02-12,GLOBAL_WEST,P007,245,270,2697.3
2024-02-12,GLOBAL_WEST,P009,0,0,0.0
2024-02-12,GLOBAL_WEST,P010,154,174,868.26
2024-02-12,GLOBAL_WEST,P011,71,74,1479.26
2024-02-12,GLOBAL_WEST,P012,8,9,719.91
2024-02-13,KR,P001,389,417,412.83
2024-02-13,KR,P002,193,206,1027.94
2024-02-13,KR,P003,211,237,3552.63
2024-02-13,KR,P005,295,295,2357.05
2024-02-13,KR,P006,128,139,3473.61
2024-02-13,KR,P007,157,159,1588.41
2024-02-13,KR,P009,0,0,0.0
2024-02-13,KR,P010,142,151,753.49
2024-02-13,KR,P011,105,112,2238.88
2024-02-13,KR,P012,8,8,639.92
2024-02-13,JP,P001,370,406,401.94
2024-02-13,JP,P002,187,201,1002.99
2024-02-13,JP,P003,168,194,2908.06
2024-02-13,JP,P005,227,238,1901.62
2024-02-13,JP,P006,112,118,2948.82
2024-02-13,JP,P007,131,143,1428.57
2024-02-13,JP,P009,0,0,0.0
2024-02-13,JP,P010,126,135,673.65
2024-02-13,JP,P011,64,72,1439.28
2024-02-13,JP,P012,33,34,2719.66
2024-02-13,GLOBAL_WEST,P001,595,649,642.51
2024-02-13,GLOBAL_WEST,P002,284,312,1556.88
2024-02-13,GLOBAL_WEST,P003,258,274,4107.26
2024-02-13,GLOBAL_WEST,P005,359,413,3299.87
2024-02-13,GLOBAL_WEST,P006,230,254,6347.46
2024-02-13,GLOBAL_WEST,P007,209,229,2287.71
2024-02-13,GLOBAL_WEST,P009,0,0,0.0
2024-02-13,GLOBAL_WEST,P010,146,160,798.4
2024-02-13,GLOBAL_WEST,P011,173,174,3478.26
2024-02-13,GLOBAL_WEST,P012,76,83,6639.17
2024-02-14,KR,P001,421,463,458.37
2024-02-14,KR,P002,264,290,1447.1
2024-02-14,KR,P003,238,263,3942.37
2024-02-14,KR,P005,245,250,1997.5
2024-02-14,KR,P006,132,150,3748.5
2024-02-14,KR,P007,175,188,1878.12
2024-02-14,KR,P009,0,0,0.0
2024-02-14,KR,P010,120,137,683.63
2024-02-14,KR,P011,74,82,1639.18
2024-02-14,KR,P012,56,63,5039.37
2024-02-14,JP,P001,316,319,315.81
2024-02-14,JP,P002,149,167,833.33
2024-02-14,JP,P003,178,196,2938.04
2024-02-14,JP,P005,214,221,1765.79
2024-02-14,JP,P006,81,89,2224.11
2024-02-14,JP,P007,97,102,1018.98
2024-02-14,JP,P009,0,0,0.0
2024-02-14,JP,P010,100,110,548.9
2024-02-14,JP,P011,64,71,1419.29
2024-02-14,JP,P012,37,40,3199.6
2024-02-14,GLOBAL_WEST,P001,724,807,798.93
2024-02-14,GLOBAL_WEST,P002,316,326,1626.74
2024-02-14,GLOBAL_WEST,P003,300,322,4826.78
2024-02-14,GLOBAL_WEST,P005,323,351,2804.49
2024-02-14,GLOBAL_WEST,P006,190,204,5097.96
2024-02-14,GLOBAL_WEST,P007,219,237,2367.63
2024-02-14,GLOBAL_WEST,P009,0,0,0.0
2024-02-14,GLOBAL_WEST,P010,154,156,778.44
2024-02-14,GLOBAL_WEST,P011,112,123,2458.77
2024-02-14,GLOBAL_WEST,P012,68,74,5919.26
2024-02-15,KR,P001,451,476,471.24
2024-02-15,KR,P002,265,284,1417.16
2024-02-15,KR,P003,222,237,3552.63
2024-02-15,KR,P005,277,306,2444.94
2024-02-15,KR,P006,113,126,3148.74
2024-02-15,KR,P007,144,160,1598.4
2024-02-15,KR,P009,0,0,0.0
2024-02-15,KR,P010,157,167,833.33
2024-02-15,KR,P011,87,93,1859.07
2024-02-15,KR,P012,1,1,79.99
2024-02-15,JP,P001,341,368,364.32
2024-02-15,JP,P002,160,173,863.27
2024-02-15,JP,P003,161,167,2503.33
2024-02-15,JP,P005,215,236,1885.64
2024-02-15,JP,P006,106,118,2948.82
2024-02-15,JP,P007,113,117,1168.83
2024-02-15,JP,P009,0,0,0.0
2024-02-15,JP,P010,102,102,508.98
2024-02-15,JP,P011,40,43,859.57
2024-02-15,JP,P012,0,0,0.0
2024-02-15,GLOBAL_WEST,P001,618,686,679.14
2024-02-15,GLOBAL_WEST,P002,400,441,2200.59
2024-02-15,GLOBAL_WEST,P003,289,296,4437.04
2024-02-15,GLOBAL_WEST,P005,393,431,3443.69
2024-02-15,GLOBAL_WEST,P006,164,177,4423.23
2024-02-15,GLOBAL_WEST,P007,264,273,2727.27
2024-02-15,GLOBAL_WEST,P009,0,0,0.0
2024-02-15,GLOBAL_WEST,P010,186,199,993.01
2024-02-15,GLOBAL_WEST,P011,169,177,3538.23
2024-02-15,GLOBAL_WEST,P012,32,36,2879.64
2024-02-16,KR,P001,434,495,490.05
2024-02-16,KR,P002,219,243,1212.57
2024-02-16,KR,P003,238,249,3732.51
2024-02-16,KR,P005,250,258,2061.42
2024-02-16,KR,P006,79,91,2274.09
2024-02-16,KR,P007,154,158,1578.42
2024-02-16,KR,P009,0,0,0.0
2024-02-16,KR,P010,99,112,558.88
2024-02-16,KR,P011,58,61,1219.39
2024-02-16,KR,P012,40,43,3439.57
2024-02-16,JP,P001,352,390,386.1
2024-02-16,JP,P002,174,195,973.05
2024-02-16,JP,P003,188,197,2953.03
2024-02-16,JP,P005,183,198,1582.02
2024-02-16,JP,P006,78,88,2199.12
2024-02-16,JP,P007,127,140,1398.6
2024-02-16,JP,P009,0,0,0.0
2024-02-16,JP,P010,105,114,568.86
2024-02-16,JP,P011,47,51,1019.49
2024-02-16,JP,P012,22,23,1839.77
2024-02-16,GLOBAL_WEST,P001,642,686,679.14
2024-02-16,GLOBAL_WEST,P002,341,364,1816.36
2024-02-16,GLOBAL_WEST,P003,375,403,6040.97
2024-02-16,GLOBAL_WEST,P005,390,402,3211.98
2024-02-16,GLOBAL_WEST,P006,203,219,5472.81
2024-02-16,GLOBAL_WEST,P007,266,283,2827.17
2024-02-16,GLOBAL_WEST,P009,0,0,0.0
2024-02-16,GLOBAL_WEST,P010,120,133,663.67
2024-02-16,GLOBAL_WEST,P011,122,129,2578.71
2024-02-16,GLOBAL_WEST,P012,21,23,1839.77
2024-02-17,KR,P001,418,453,448.47
2024-02-17,KR,P002,186,199,993.01
2024-02-17,KR,P003,258,279,4182.21
2024-02-17,KR,P005,264,279,2229.21
2024-02-17,KR,P006,132,151,3773.49
2024-02-17,KR,P007,130,144,1438.56
2024-02-17,KR,P009,0,0,0.0
2024-02-17,KR,P010,96,101,503.99
2024-02-17,KR,P011,93,95,1899.05
2024-02-17,KR,P012,6,6,479.94
2024-02-17,JP,P001,313,351,347.49
2024-02-17,JP,P002,169,178,888.22
2024-02-17,JP,P003,160,178,2668.22
2024-02-17,JP,P005,187,204,1629.96
2024-02-17,JP,P006,96,99,2474.01
2024-02-17,JP,P007,110,110,1098.9
2024-02-17,JP,P009,0,0,0.0
2024-02-17,JP,P010,86,94,469.06
2024-02-17,JP,P011,58,61,1219.39
2024-02-17,JP,P012,42,43,3439.57
2024-02-17,GLOBAL_WEST,P001,716,785,777.15
2024-02-17,GLOBAL_WEST,P002,321,332,1656.68
2024-02-17,GLOBAL_WEST,P003,318,344,5156.56
2024-02-17,GLOBAL_WEST,P005,389,396,3164.04
2024-02-17,GLOBAL_WEST,P006,214,229,5722.71
2024-02-17,GLOBAL_WEST,P007,293,317,3166.83
2024-02-17,GLOBAL_WEST,P009,0,0,0.0
2024-02-17,GLOBAL_WEST,P010,184,192,958.08
2024-02-17,GLOBAL_WEST,P011,154,170,3398.3
2024-02-17,GLOBAL_WEST,P012,6,6,479.94
2024-02-18,KR,P001,430,464,459.36
2024-02-18,KR,P002,205,222,1107.78
2024-02-18,KR,P003,236,257,3852.43
2024-02-18,KR,P005,257,284,2269.16
2024-02-18,KR,P006,162,175,4373.25
2024-02-18,KR,P007,128,140,1398.6
2024-02-18,KR,P009,0,0,0.0
2024-02-18,KR,P010,121,132,658.68
2024-02-18,KR,P011,71,79,1579.21
2024-02-18,KR,P012,28,28,2239.72
2024-02-18,JP,P001,334,376,372.24
2024-02-18,JP,P002,169,183,913.17
2024-02-18,JP,P003,193,206,3087.94
2024-02-18,JP,P005,197,221,1765.79
2024-02-18,JP,P006,115,126,3148.74
2024-02-18,JP,P007,145,158,1578.42
2024-02-18,JP,P009,0,0,0.0
2024-02-18,JP,P010,97,108,538.92
2024-02-18,JP,P011,66,67,1339.33
2024-02-18,JP,P012,10,12,959.88
2024-02-18,GLOBAL_WEST,P001,657,710,702.9
2024-02-18,GLOBAL_WEST,P002,328,334,1666.66
2024-02-18,GLOBAL_WEST,P003,269,285,4272.15
2024-02-18,GLOBAL_WEST,P005,433,466,3723.34
2024-02-18,GLOBAL_WEST,P006,213,230,5747.7
2024-02-18,GLOBAL_WEST,P007,185,197,1968.03
2024-02-18,GLOBAL_WEST,P009,0,0,0.0
2024-02-18,GLOBAL_WEST,P010,120,124,618.76
2024-02-18,GLOBAL_WEST,P011,78,81,1619.19
2024-02-18,GLOBAL_WEST,P012,87,93,7439.07
2024-02-19,KR,P001,427,455,450.45
2024-02-19,KR,P002,237,261,1302.39
2024-02-19,KR,P003,240,252,3777.48
2024-02-19,KR,P005,248,273,2181.27
2024-02-19,KR,P006,97,101,2523.99
2024-02-19,KR,P007,172,175,1748.25
2024-02-19,KR,P009,0,0,0.0
2024-02-19,KR,P010,101,109,543.91
2024-02-19,KR,P011,102,114,2278.86
2024-02-19,KR,P012,10,10,799.9
2024-02-19,JP,P001,336,365,361.35
2024-02-19,JP,P002,203,221,1102.79
2024-02-19,JP,P003,179,184,2758.16
2024-02-19,JP,P005,176,198,1582.02
2024-02-19,JP,P006,113,123,3073.77
2024-02-19,JP,P007,122,130,1298.7
2024-02-19,JP,P009,0,0,0.0
2024-02-19,JP,P010,106,114,568.86
2024-02-19,JP,P011,79,81,1619.19
2024-02-19,JP,P012,59,66,5279.34
2024-02-19,GLOBAL_WEST,P001,603,669,662.31
2024-02-19,GLOBAL_WEST,P002,290,307,1531.93
2024-02-19,GLOBAL_WEST,P003,348,383,5741.17
2024-02-19,GLOBAL_WEST,P005,393,432,3451.68
2024-02-19,GLOBAL_WEST,P006,200,211,5272.89
2024-02-19,GLOBAL_WEST,P007,221,239,2387.61
2024-02-19,GLOBAL_WEST,P009,0,0,0.0
2024-02-19,GLOBAL_WEST,P010,196,204,1017.96
2024-02-19,GLOBAL_WEST,P011,89,96,1919.04
2024-02-19,GLOBAL_WEST,P012,36,37,2959.63
2024-02-20,KR,P001,469,504,498.96
2024-02-20,KR,P002,218,231,1152.69
2024-02-20,KR,P003,228,251,3762.49
2024-02-20,KR,P005,240,264,2109.36
2024-02-20,KR,P006,129,137,3423.63
2024-02-20,KR,P007,129,140,1398.6
2024-02-20,KR,P009,0,0,0.0
2024-02-20,KR,P010,113,127,633.73
2024-02-20,KR,P011,72,80,1599.2
2024-02-20,KR,P012,0,0,0.0
2024-02-20,JP,P001,375,406,401.94
2024-02-20,JP,P002,163,180,898.2
2024-02-20,JP,P003,151,159,2383.41
2024-02-20,JP,P005,208,235,1877.65
2024-02-20,JP,P006,125,134,3348.66
2024-02-20,JP,P007,108,115,1148.85
2024-02-20,JP,P009,0,0,0.0
2024-02-20,JP,P010,96,99,494.01
2024-02-20,JP,P011,73,79,1579.21
2024-02-20,JP,P012,16,16,1279.84
2024-02-20,GLOBAL_WEST,P001,641,688,681.12
2024-02-20,GLOBAL_WEST,P002,331,354,1766.46
2024-02-20,GLOBAL_WEST,P003,328,358,5366.42
2024-02-20,GLOBAL_WEST,P005,382,434,3467.66
2024-02-20,GLOBAL_WEST,P006,240,257,6422.43
2024-02-20,GLOBAL_WEST,P007,237,265,2647.35
2024-02-20,GLOBAL_WEST,P009,0,0,0.0
2024-02-20,GLOBAL_WEST,P010,249,268,1337.32
2024-02-20,GLOBAL_WEST,P011,169,186,3718.14
2024-02-20,GLOBAL_WEST,P012,12,12,959.88
2024-02-21,KR,P001,406,432,427.68
2024-02-21,KR,P002,232,250,1247.5
2024-02-21,KR,P003,217,222,3327.78
2024-02-21,KR,P005,228,243,1941.57
2024-02-21,KR,P006,94,107,2673.93
2024-02-21,KR,P007,151,169,1688.31
2024-02-21,KR,P009,0,0,0.0
2024-02-21,KR,P010,126,137,683.63
2024-02-21,KR,P011,61,66,1319.34
2024-02-21,KR,P012,17,18,1439.82
2024-02-21,JP,P001,358,374,370.26
2024-02-21,JP,P002,199,199,993.01
2024-02-21,JP,P003,209,223,3342.77
2024-02-21,JP,P005,201,218,1741.82
2024-02-21,JP,P006,130,148,3698.52
2024-02-21,JP,P007,130,142,1418.58
2024-02-21,JP,P009,0,0,0.0
2024-02-21,JP,P010,98,110,548.9
2024-02-21,JP,P011,50,55,1099.45
2024-02-21,JP,P012,0,0,0.0
2024-02-21,GLOBAL_WEST,P001,608,632,625.68
2024-02-21,GLOBAL_WEST,P002,349,361,1801.39
2024-02-21,GLOBAL_WEST,P003,363,387,5801.13
2024-02-21,GLOBAL_WEST,P005,382,420,3355.8
2024-02-21,GLOBAL_WEST,P006,215,234,5847.66
2024-02-21,GLOBAL_WEST,P007,233,252,2517.48
2024-02-21,GLOBAL_WEST,P009,0,0,0.0
2024-02-21,GLOBAL_WEST,P010,233,246,1227.54
2024-02-21,GLOBAL_WEST,P011,137,145,2898.55
2024-02-21,GLOBAL_WEST,P012,11,11,879.89
2024-02-22,KR,P001,406,416,411.84
2024-02-22,KR,P002,155,161,803.39
2024-02-22,KR,P003,199,211,3162.89
2024-02-22,KR,P005,204,224,1789.76
2024-02-22,KR,P006,132,140,3498.6
2024-02-22,KR,P007,153,158,1578.42
2024-02-22,KR,P009,0,0,0.0
2024-02-22,KR,P010,107,120,598.8
2024-02-22,KR,P011,108,121,2418.79
2024-02-22,KR,P012,20,23,1839.77
2024-02-22,JP,P001,343,372,368.28
2024-02-22,JP,P002,207,228,1137.72
2024-02-22,JP,P003,173,186,2788.14
2024-02-22,JP,P005,213,224,1789.76
2024-02-22,JP,P006,104,111,2773.89
2024-02-22,JP,P007,140,146,1458.54
2024-02-22,JP,P009,0,0,0.0
2024-02-22,JP,P010,106,112,558.88
2024-02-22,JP,P011,62,62,1239.38
2024-02-22,JP,P012,20,22,1759.78
2024-02-22,GLOBAL_WEST,P001,625,669,662.31
2024-02-22,GLOBAL_WEST,P002,266,274,1367.26
2024-02-22,GLOBAL_WEST,P003,303,336,5036.64
2024-02-22,GLOBAL_WEST,P005,347,368,2940.32
2024-02-22,GLOBAL_WEST,P006,110,117,2923.83
2024-02-22,GLOBAL_WEST,P007,209,221,2207.79
2024-02-22,GLOBAL_WEST,P009,0,0,0.0
2024-02-22,GLOBAL_WEST,P010,156,174,868.26
2024-02-22,GLOBAL_WEST,P011,84,86,1719.14
2024-02-22,GLOBAL_WEST,P012,21,22,1759.78
2024-02-23,KR,P001,424,458,453.42
2024-02-23,KR,P002,214,221,1102.79
2024-02-23,KR,P003,222,246,3687.54
2024-02-23,KR,P005,241,253,2021.47
2024-02-23,KR,P006,143,149,3723.51
2024-02-23,KR,P007,191,203,2027.97
2024-02-23,KR,P009,0,0,0.0
2024-02-23,KR,P010,131,140,698.6
2024-02-23,KR,P011,36,37,739.63
2024-02-23,KR,P012,42,44,3519.56
2024-02-23,JP,P001,345,367,363.33
2024-02-23,JP,P002,172,192,958.08
2024-02-23,JP,P003,159,167,2503.33
2024-02-23,JP,P005,193,207,1653.93
2024-02-23,JP,P006,106,116,2898.84
2024-02-23,JP,P007,132,140,1398.6
2024-02-23,JP,P009,0,0,0.0
2024-02-23,JP,P010,81,86,429.14
2024-02-23,JP,P011,76,84,1679.16
2024-02-23,JP,P012,52,57,4559.43
2024-02-23,GLOBAL_WEST,P001,668,706,698.94
2024-02-23,GLOBAL_WEST,P002,314,334,1666.66
2024-02-23,GLOBAL_WEST,P003,321,368,5516.32
2024-02-23,GLOBAL_WEST,P005,375,408,3259.92
2024-02-23,GLOBAL_WEST,P006,156,173,4323.27
2024-02-23,GLOBAL_WEST,P007,207,219,2187.81
2024-02-23,GLOBAL_WEST,P009,0,0,0.0
2024-02-23,GLOBAL_WEST,P010,164,175,873.25
2024-02-23,GLOBAL_WEST,P011,104,110,2198.9
2024-02-23,GLOBAL_WEST,P012,19,20,1599.8
2024-02-24,KR,P001,399,437,432.63
2024-02-24,KR,P002,157,171,853.29
2024-02-24,KR,P003,195,206,3087.94
2024-02-24,KR,P005,207,233,1861.67
2024-02-24,KR,P006,110,120,2998.8
2024-02-24,KR,P007,132,143,1428.57
2024-02-24,KR,P009,0,0,0.0
2024-02-24,KR,P010,115,123,613.77
2024-02-24,KR,P011,75,80,1599.2
2024-02-24,KR,P012,61,67,5359.33
2024-02-24,JP,P001,337,360,356.4
2024-02-24,JP,P002,181,190,948.1
2024-02-24,JP,P003,182,201,3012.99
2024-02-24,JP,P005,218,231,1845.69
2024-02-24,JP,P006,88,99,2474.01
2024-02-24,JP,P007,115,130,1298.7
2024-02-24,JP,P009,0,0,0.0
2024-02-24,JP,P010,89,99,494.01
2024-02-24,JP,P011,45,49,979.51
2024-02-24,JP,P012,33,36,2879.64
2024-02-24,GLOBAL_WEST,P001,626,693,686.07
2024-02-24,GLOBAL_WEST,P002,338,359,1791.41
2024-02-24,GLOBAL_WEST,P003,317,345,5171.55
2024-02-24,GLOBAL_WEST,P005,378,410,3275.9
2024-02-24,GLOBAL_WEST,P006,229,246,6147.54
2024-02-24,GLOBAL_WEST,P007,288,302,3016.98
2024-02-24,GLOBAL_WEST,P009,0,0,0.0
2024-02-24,GLOBAL_WEST,P010,167,187,933.13
2024-02-24,GLOBAL_WEST,P011,126,141,2818.59
2024-02-24,GLOBAL_WEST,P012,45,49,3919.51
2024-02-25,KR,P001,420,453,448.47
2024-02-25,KR,P002,194,201,1002.99
2024-02-25,KR,P003,197,206,3087.94
2024-02-25,KR,P005,226,251,2005.49
2024-02-25,KR,P006,143,159,3973.41
2024-02-25,KR,P007,158,173,1728.27
2024-02-25,KR,P009,0,0,0.0
2024-02-25,KR,P010,133,139,693.61
2024-02-25,KR,P011,77,84,1679.16
2024-02-25,KR,P012,51,54,4319.46
2024-02-25,JP,P001,376,409,404.91
2024-02-25,JP,P002,172,189,943.11
2024-02-25,JP,P003,154,164,2458.36
2024-02-25,JP,P005,207,221,1765.79
2024-02-25,JP,P006,119,130,3248.7
2024-02-25,JP,P007,139,149,1488.51
2024-02-25,JP,P009,0,0,0.0
2024-02-25,JP,P010,98,104,518.96
2024-02-25,JP,P011,56,62,1239.38
2024-02-25,JP,P012,22,25,1999.75
2024-02-25,GLOBAL_WEST,P001,625,684,677.16
2024-02-25,GLOBAL_WEST,P002,271,289,1442.11
2024-02-25,GLOBAL_WEST,P003,300,322,4826.78
2024-02-25,GLOBAL_WEST,P005,336,364,2908.36
2024-02-25,GLOBAL_WEST,P006,238,253,6322.47
2024-02-25,GLOBAL_WEST,P007,205,234,2337.66
2024-02-25,GLOBAL_WEST,P009,0,0,0.0
2024-02-25,GLOBAL_WEST,P010,176,185,923.15
2024-02-25,GLOBAL_WEST,P011,114,124,2478.76
2024-02-25,GLOBAL_WEST,P012,0,0,0.0
2024-02-26,KR,P001,433,469,464.31
2024-02-26,KR,P002,200,216,1077.84
2024-02-26,KR,P003,203,219,3282.81
2024-02-26,KR,P005,216,239,1909.61
2024-02-26,KR,P006,109,119,2973.81
2024-02-26,KR,P007,117,123,1228.77
2024-02-26,KR,P009,0,0,0.0
2024-02-26,KR,P010,90,98,489.02
2024-02-26,KR,P011,78,85,1699.15
2024-02-26,KR,P012,16,17,1359.83
2024-02-26,JP,P001,325,354,350.46
2024-02-26,JP,P002,186,199,993.01
2024-02-26,JP,P003,212,213,3192.87
2024-02-26,JP,P005,226,251,2005.49
2024-02-26,JP,P006,95,105,2623.95
2024-02-26,JP,P007,127,136,1358.64
2024-02-26,JP,P009,0,0,0.0
2024-02-26,JP,P010,84,88,439.12
2024-02-26,JP,P011,56,59,1179.41
2024-02-26,JP,P012,24,26,2079.74
2024-02-26,GLOBAL_WEST,P001,617,660,653.4
2024-02-26,GLOBAL_WEST,P002,284,294,1467.06
2024-02-26,GLOBAL_WEST,P003,242,262,3927.38
2024-02-26,GLOBAL_WEST,P005,321,329,2628.71
2024-02-26,GLOBAL_WEST,P006,166,175,4373.25
2024-02-26,GLOBAL_WEST,P007,174,198,1978.02
2024-02-26,GLOBAL_WEST,P009,0,0,0.0
2024-02-26,GLOBAL_WEST,P010,209,225,1122.75
2024-02-26,GLOBAL_WEST,P011,108,114,2278.86
2024-02-26,GLOBAL_WEST,P012,57,60,4799.4
2024-02-27,KR,P001,421,435,430.65
2024-02-27,KR,P002,212,230,1147.7
2024-02-27,KR,P003,208,227,3402.73
2024-02-27,KR,P005,280,285,2277.15
2024-02-27,KR,P006,71,83,2074.17
2024-02-27,KR,P007,209,235,2347.65
2024-02-27,KR,P009,0,0,0.0
2024-02-27,KR,P010,138,151,753.49
2024-02-27,KR,P011,55,57,1139.43
2024-02-27,KR,P012,10,11,879.89
2024-02-27,JP,P001,329,365,361.35
2024-02-27,JP,P002,180,201,1002.99
2024-02-27,JP,P003,185,206,3087.94
2024-02-27,JP,P005,201,214,1709.86
2024-02-27,JP,P006,68,72,1799.28
2024-02-27,JP,P007,145,157,1568.43
2024-02-27,JP,P009,0,0,0.0
2024-02-27,JP,P010,110,119,593.81
2024-02-27,JP,P011,70,78,1559.22
2024-02-27,JP,P012,24,24,1919.76
2024-02-27,GLOBAL_WEST,P001,632,662,655.38
2024-02-27,GLOBAL_WEST,P002,318,347,1731.53
2024-02-27,GLOBAL_WEST,P003,319,341,5111.59
2024-02-27,GLOBAL_WEST,P005,368,376,3004.24
2024-02-27,GLOBAL_WEST,P006,183,192,4798.08
2024-02-27,GLOBAL_WEST,P007,233,257,2567.43
2024-02-27,GLOBAL_WEST,P009,0,0,0.0
2024-02-27,GLOBAL_WEST,P010,130,139,693.61
2024-02-27,GLOBAL_WEST,P011,135,149,2978.51
2024-02-27,GLOBAL_WEST,P012,84,93,7439.07
2024-02-28,KR,P001,384,412,407.88
2024-02-28,KR,P002,183,193,963.07
2024-02-28,KR,P003,204,208,3117.92
2024-02-28,KR,P005,215,242,1933.58
2024-02-28,KR,P006,128,138,3448.62
2024-02-28,KR,P007,165,176,1758.24
2024-02-28,KR,P009,0,0,0.0
2024-02-28,KR,P010,97,101,503.99
2024-02-28,KR,P011,59,62,1239.38
2024-02-28,KR,P012,21,22,1759.78
2024-02-28,JP,P001,312,332,328.68
2024-02-28,JP,P002,186,196,978.04
2024-02-28,JP,P003,178,191,2863.09
2024-02-28,JP,P005,214,229,1829.71
2024-02-28,JP,P006,91,96,2399.04
2024-02-28,JP,P007,88,98,979.02
2024-02-28,JP,P009,0,0,0.0
2024-02-28,JP,P010,111,118,588.82
2024-02-28,JP,P011,49,52,1039.48
2024-02-28,JP,P012,28,29,2319.71
2024-02-28,GLOBAL_WEST,P001,560,610,603.9
2024-02-28,GLOBAL_WEST,P002,263,268,1337.32
2024-02-28,GLOBAL_WEST,P003,291,303,4541.97
2024-02-28,GLOBAL_WEST,P005,375,398,3180.02
2024-02-28,GLOBAL_WEST,P006,200,211,5272.89
2024-02-28,GLOBAL_WEST,P007,257,276,2757.24
2024-02-28,GLOBAL_WEST,P009,0,0,0.0
2024-02-28,GLOBAL_WEST,P010,125,134,668.66
2024-02-28,GLOBAL_WEST,P011,123,131,2618.69
2024-02-28,GLOBAL_WEST,P012,73,79,6319.21
2024-02-29,KR,P001,419,452,447.48
2024-02-29,KR,P002,230,248,1237.52
2024-02-29,KR,P003,202,220,3297.8
2024-02-29,KR,P005,260,269,2149.31
2024-02-29,KR,P006,137,141,3523.59
2024-02-29,KR,P007,145,150,1498.5
2024-02-29,KR,P009,0,0,0.0
2024-02-29,KR,P010,88,91,454.09
2024-02-29,KR,P011,55,57,1139.43
2024-02-29,KR,P012,37,40,3199.6
2024-02-29,JP,P001,355,398,394.02
2024-02-29,JP,P002,140,150,748.5
2024-02-29,JP,P003,166,178,2668.22
2024-02-29,JP,P005,196,213,1701.87
2024-02-29,JP,P006,98,106,2648.94
2024-02-29,JP,P007,169,186,1858.14
2024-02-29,JP,P009,0,0,0.0
2024-02-29,JP,P010,114,117,583.83
2024-02-29,JP,P011,50,52,1039.48
2024-02-29,JP,P012,44,48,3839.52
2024-02-29,GLOBAL_WEST,P001,554,595,589.05
2024-02-29,GLOBAL_WEST,P002,377,427,2130.73
2024-02-29,GLOBAL_WEST,P003,347,375,5621.25
2024-02-29,GLOBAL_WEST,P005,348,368,2940.32
2024-02-29,GLOBAL_WEST,P006,161,171,4273.29
2024-02-29,GLOBAL_WEST,P007,246,263,2627.37
2024-02-29,GLOBAL_WEST,P009,0,0,0.0
2024-02-29,GLOBAL_WEST,P010,231,243,1212.57
2024-02-29,GLOBAL_WEST,P011,138,155,3098.45
2024-02-29,GLOBAL_WEST,P012,79,88,7039.12
2024-03-01,KR,P001,428,470,465.3
2024-03-01,KR,P002,243,258,1287.42
2024-03-01,KR,P003,218,237,3552.63
2024-03-01,KR,P005,246,269,2149.31
2024-03-01,KR,P006,134,136,3398.64
2024-03-01,KR,P007,124,136,1358.64
2024-03-01,KR,P009,0,0,0.0
2024-03-01,KR,P010,129,137,683.63
2024-03-01,KR,P011,73,82,1639.18
2024-03-01,KR,P012,19,20,1599.8
2024-03-01,JP,P001,301,322,318.78
2024-03-01,JP,P002,166,186,928.14
2024-03-01,JP,P003,151,161,2413.39
2024-03-01,JP,P005,189,199,1590.01
2024-03-01,JP,P006,89,90,2249.1
2024-03-01,JP,P007,115,127,1268.73
2024-03-01,JP,P009,0,0,0.0
2024-03-01,JP,P010,70,77,384.23
2024-03-01,JP,P011,81,87,1739.13
2024-03-01,JP,P012,41,42,3359.58
2024-03-01,GLOBAL_WEST,P001,614,670,663.3
2024-03-01,GLOBAL_WEST,P002,335,360,1796.4
2024-03-01,GLOBAL_WEST,P003,277,310,4646.9
2024-03-01,GLOBAL_WEST,P005,319,352,2812.48
2024-03-01,GLOBAL_WEST,P006,165,180,4498.2
2024-03-01,GLOBAL_WEST,P007,204,221,2207.79
2024-03-01,GLOBAL_WEST,P009,0,0,0.0
2024-03-01,GLOBAL_WEST,P010,239,255,1272.45
2024-03-01,GLOBAL_WEST,P011,163,174,3478.26
2024-03-01,GLOBAL_WEST,P012,85,91,7279.09
2024-03-02,KR,P001,360,363,359.37
2024-03-02,KR,P002,222,242,1207.58
2024-03-02,KR,P003,189,208,3117.92
2024-03-02,KR,P005,234,253,2021.47
2024-03-02,KR,P006,101,108,2698.92
2024-03-02,KR,P007,137,146,1458.54
2024-03-02,KR,P009,0,0,0.0
2024-03-02,KR,P010,122,132,658.68
2024-03-02,KR,P011,80,88,1759.12
2024-03-02,KR,P012,24,25,1999.75
2024-03-02,JP,P001,330,342,338.58
2024-03-02,JP,P002,178,186,928.14
2024-03-02,JP,P003,142,143,2143.57
2024-03-02,JP,P005,188,201,1605.99
2024-03-02,JP,P006,85,97,2424.03
2024-03-02,JP,P007,106,114,1138.86
2024-03-02,JP,P009,0,0,0.0
2024-03-02,JP,P010,81,83,414.17
2024-03-02,JP,P011,38,41,819.59
2024-03-02,JP,P012,20,22,1759.78
2024-03-02,GLOBAL_WEST,P001,593,643,636.57
2024-03-02,GLOBAL_WEST,P002,314,314,1566.86
2024-03-02,GLOBAL_WEST,P003,318,341,5111.59
2024-03-02,GLOBAL_WEST,P005,372,381,3044.19
2024-03-02,GLOBAL_WEST,P006,191,209,5222.91
2024-03-02,GLOBAL_WEST,P007,143,152,1518.48
2024-03-02,GLOBAL_WEST,P009,0,0,0.0
2024-03-02,GLOBAL_WEST,P010,191,196,978.04
2024-03-02,GLOBAL_WEST,P011,113,121,2418.79
2024-03-02,GLOBAL_WEST,P012,37,40,3199.6
2024-03-03,KR,P001,397,417,412.83
2024-03-03,KR,P002,175,182,908.18
2024-03-03,KR,P003,190,211,3162.89
2024-03-03,KR,P005,227,238,1901.62
2024-03-03,KR,P006,100,112,2798.88
2024-03-03,KR,P007,148,163,1628.37
2024-03-03,KR,P009,0,0,0.0
2024-03-03,KR,P010,134,147,733.53
2024-03-03,KR,P011,72,79,1579.21
2024-03-03,KR,P012,5,6,479.94
2024-03-03,JP,P001,341,373,369.27
2024-03-03,JP,P002,188,205,1022.95
2024-03-03,JP,P003,177,187,2803.13
2024-03-03,JP,P005,201,215,1717.85
2024-03-03,JP,P006,86,97,2424.03
2024-03-03,JP,P007,108,118,1178.82
2024-03-03,JP,P009,0,0,0.0
2024-03-03,JP,P010,76,81,404.19
2024-03-03,JP,P011,75,79,1579.21
2024-03-03,JP,P012,22,22,1759.78
2024-03-03,GLOBAL_WEST,P001,613,646,639.54
2024-03-03,GLOBAL_WEST,P002,237,259,1292.41
2024-03-03,GLOBAL_WEST,P003,304,344,5156.56
2024-03-03,GLOBAL_WEST,P005,311,323,2580.77
2024-03-03,GLOBAL_WEST,P006,212,232,5797.68
2024-03-03,GLOBAL_WEST,P007,172,183,1828.17
2024-03-03,GLOBAL_WEST,P009,0,0,0.0
2024-03-03,GLOBAL_WEST,P010,214,223,1112.77
2024-03-03,GLOBAL_WEST,P011,78,84,1679.16
2024-03-03,GLOBAL_WEST,P012,33,35,2799.65
2024-03-04,KR,P001,384,418,413.82
2024-03-04,KR,P002,170,180,898.2
2024-03-04,KR,P003,198,211,3162.89
2024-03-04,KR,P005,229,248,1981.52
2024-03-04,KR,P006,137,149,3723.51
2024-03-04,KR,P007,175,186,1858.14
2024-03-04,KR,P009,0,0,0.0
2024-03-04,KR,P010,134,141,703.59
2024-03-04,KR,P011,79,83,1659.17
2024-03-04,KR,P012,37,41,3279.59
2024-03-04,JP,P001,371,400,396.0
2024-03-04,JP,P002,183,190,948.1
2024-03-04,JP,P003,189,206,3087.94
2024-03-04,JP,P005,195,209,1669.91
2024-03-04,JP,P006,94,100,2499.0
2024-03-04,JP,P007,155,158,1578.42
2024-03-04,JP,P009,0,0,0.0
2024-03-04,JP,P010,117,120,598.8
2024-03-04,JP,P011,65,71,1419.29
2024-03-04,JP,P012,28,29,2319.71
2024-03-04,GLOBAL_WEST,P001,654,708,700.92
2024-03-04,GLOBAL_WEST,P002,287,310,1546.9
2024-03-04,GLOBAL_WEST,P003,283,301,4511.99
2024-03-04,GLOBAL_WEST,P005,366,394,3148.06
2024-03-04,GLOBAL_WEST,P006,194,219,5472.81
2024-03-04,GLOBAL_WEST,P007,195,209,2087.91
2024-03-04,GLOBAL_WEST,P009,0,0,0.0
2024-03-04,GLOBAL_WEST,P010,228,244,1217.56
2024-03-04,GLOBAL_WEST,P011,152,166,3318.34
2024-03-04,GLOBAL_WEST,P012,30,31,2479.69
2024-03-05,KR,P001,399,407,402.93
2024-03-05,KR,P002,208,222,1107.78
2024-03-05,KR,P003,215,226,3387.74
2024-03-05,KR,P005,237,257,2053.43
2024-03-05,KR,P006,99,111,2773.89
2024-03-05,KR,P007,145,155,1548.45
2024-03-05,KR,P009,0,0,0.0
2024-03-05,KR,P010,109,112,558.88
2024-03-05,KR,P011,74,83,1659.17
2024-03-05,KR,P012,41,45,3599.55
2024-03-05,JP,P001,310,333,329.67
2024-03-05,JP,P002,179,190,948.1
2024-03-05,JP,P003,155,170,2548.3
2024-03-05,JP,P005,199,207,1653.93
2024-03-05,JP,P006,71,74,1849.26
2024-03-05,JP,P007,121,131,1308.69
2024-03-05,JP,P009,0,0,0.0
2024-03-05,JP,P010,107,118,588.82
2024-03-05,JP,P011,60,61,1219.39
2024-03-05,JP,P012,7,7,559.93
2024-03-05,GLOBAL_WEST,P001,658,724,716.76
2024-03-05,GLOBAL_WEST,P002,333,355,1771.45
2024-03-05,GLOBAL_WEST,P003,333,366,5486.34
2024-03-05,GLOBAL_WEST,P005,368,399,3188.01
2024-03-05,GLOBAL_WEST,P006,146,149,3723.51
2024-03-05,GLOBAL_WEST,P007,223,236,2357.64
2024-03-05,GLOBAL_WEST,P009,0,0,0.0
2024-03-05,GLOBAL_WEST,P010,104,118,588.82
2024-03-05,GLOBAL_WEST,P011,146,161,3218.39
2024-03-05,GLOBAL_WEST,P012,42,46,3679.54
2024-03-06,KR,P001,415,431,426.69
2024-03-06,KR,P002,208,213,1062.87
2024-03-06,KR,P003,215,238,3567.62
2024-03-06,KR,P005,255,276,2205.24
2024-03-06,KR,P006,124,138,3448.62
2024-03-06,KR,P007,115,120,1198.8
2024-03-06,KR,P009,0,0,0.0
2024-03-06,KR,P010,119,131,653.69
2024-03-06,KR,P011,92,96,1919.04
2024-03-06,KR,P012,24,27,2159.73
2024-03-06,JP,P001,360,376,372.24
2024-03-06,JP,P002,158,164,818.36
2024-03-06,JP,P003,146,159,2383.41
2024-03-06,JP,P005,193,207,1653.93
2024-03-06,JP,P006,68,72,1799.28
2024-03-06,JP,P007,131,143,1428.57
2024-03-06,JP,P009,0,0,0.0
2024-03-06,JP,P010,76,85,424.15
2024-03-06,JP,P011,64,66,1319.34
2024-03-06,JP,P012,35,38,3039.62
2024-03-06,GLOBAL_WEST,P001,608,631,624.69
2024-03-06,GLOBAL_WEST,P002,313,336,1676.64
2024-03-06,GLOBAL_WEST,P003,318,339,5081.61
2024-03-06,GLOBAL_WEST,P005,343,366,2924.34
2024-03-06,GLOBAL_WEST,P006,209,228,5697.72
2024-03-06,GLOBAL_WEST,P007,223,242,2417.58
2024-03-06,GLOBAL_WEST,P009,0,0,0.0
2024-03-06,GLOBAL_WEST,P010,229,236,1177.64
2024-03-06,GLOBAL_WEST,P011,114,125,2498.75
2024-03-06,GLOBAL_WEST,P012,79,83,6639.17
2024-03-07,KR,P001,383,407,402.93
2024-03-07,KR,P002,199,209,1042.91
2024-03-07,KR,P003,209,229,3432.71
2024-03-07,KR,P005,234,254,2029.46
2024-03-07,KR,P006,123,127,3173.73
2024-03-07,KR,P007,171,189,1888.11
2024-03-07,KR,P009,0,0,0.0
2024-03-07,KR,P010,134,145,723.55
2024-03-07,KR,P011,79,79,1579.21
2024-03-07,KR,P012,39,40,3199.6
2024-03-07,JP,P001,351,380,376.2
2024-03-07,JP,P002,172,175,873.25
2024-03-07,JP,P003,146,146,2188.54
2024-03-07,JP,P005,174,191,1526.09
2024-03-07,JP,P006,107,114,2848.86
2024-03-07,JP,P007,122,135,1348.65
2024-03-07,JP,P009,0,0,0.0
2024-03-07,JP,P010,97,104,518.96
2024-03-07,JP,P011,88,100,1999.0
2024-03-07,JP,P012,37,41,3279.59
2024-03-07,GLOBAL_WEST,P001,651,707,699.93
2024-03-07,GLOBAL_WEST,P002,358,371,1851.29
2024-03-07,GLOBAL_WEST,P003,272,291,4362.09
2024-03-07,GLOBAL_WEST,P005,316,334,2668.66
2024-03-07,GLOBAL_WEST,P006,205,233,5822.67
2024-03-07,GLOBAL_WEST,P007,206,229,2287.71
2024-03-07,GLOBAL_WEST,P009,0,0,0.0
2024-03-07,GLOBAL_WEST,P010,165,175,873.25
2024-03-07,GLOBAL_WEST,P011,127,139,2778.61
2024-03-07,GLOBAL_WEST,P012,0,0,0.0
2024-03-08,KR,P001,357,376,372.24
2024-03-08,KR,P002,171,186,928.14
2024-03-08,KR,P003,240,257,3852.43
2024-03-08,KR,P005,242,260,2077.4
2024-03-08,KR,P006,81,84,2099.16
2024-03-08,KR,P007,152,158,1578.42
2024-03-08,KR,P009,0,0,0.0
2024-03-08,KR,P010,136,151,753.49
2024-03-08,KR,P011,74,77,1539.23
2024-03-08,KR,P012,14,14,1119.86
2024-03-08,JP,P001,339,364,360.36
2024-03-08,JP,P002,166,173,863.27
2024-03-08,JP,P003,173,184,2758.16
2024-03-08,JP,P005,175,188,1502.12
2024-03-08,JP,P006,53,55,1374.45
2024-03-08,JP,P007,110,115,1148.85
2024-03-08,JP,P009,0,0,0.0
2024-03-08,JP,P010,121,131,653.69
2024-03-08,JP,P011,79,83,1659.17
2024-03-08,JP,P012,22,24,1919.76
2024-03-08,GLOBAL_WEST,P001,572,579,573.21
2024-03-08,GLOBAL_WEST,P002,294,326,1626.74
2024-03-08,GLOBAL_WEST,P003,340,389,5831.11
2024-03-08,GLOBAL_WEST,P005,326,353,2820.47
2024-03-08,GLOBAL_WEST,P006,127,136,3398.64
2024-03-08,GLOBAL_WEST,P007,197,212,2117.88
2024-03-08,GLOBAL_WEST,P009,0,0,0.0
2024-03-08,GLOBAL_WEST,P010,212,231,1152.69
2024-03-08,GLOBAL_WEST,P011,162,170,3398.3
2024-03-08,GLOBAL_WEST,P012,40,43,3439.57
2024-03-09,KR,P001,393,414,409.86
2024-03-09,KR,P002,203,220,1097.8
2024-03-09,KR,P003,178,192,2878.08
2024-03-09,KR,P005,216,221,1765.79
2024-03-09,KR,P006,132,148,3698.52
2024-03-09,KR,P007,143,153,1528.47
2024-03-09,KR,P009,0,0,0.0
2024-03-09,KR,P010,129,137,683.63
2024-03-09,KR,P011,78,88,1759.12
2024-03-09,KR,P012,28,30,2399.7
2024-03-09,JP,P001,308,336,332.64
2024-03-09,JP,P002,153,162,808.38
2024-03-09,JP,P003,167,183,2743.17
2024-03-09,JP,P005,183,196,1566.04
2024-03-09,JP,P006,106,120,2998.8
2024-03-09,JP,P007,105,111,1108.89
2024-03-09,JP,P009,0,0,0.0
2024-03-09,JP,P010,98,102,508.98
2024-03-09,JP,P011,49,52,1039.48
2024-03-09,JP,P012,38,41,3279.59
2024-03-09,GLOBAL_WEST,P001,606,670,663.3
2024-03-09,GLOBAL_WEST,P002,316,362,1806.38
2024-03-09,GLOBAL_WEST,P003,341,384,5756.16
2024-03-09,GLOBAL_WEST,P005,394,417,3331.83
2024-03-09,GLOBAL_WEST,P006,107,113,2823.87
2024-03-09,GLOBAL_WEST,P007,256,282,2817.18
2024-03-09,GLOBAL_WEST,P009,0,0,0.0
2024-03-09,GLOBAL_WEST,P010,193,207,1032.93
2024-03-09,GLOBAL_WEST,P011,153,163,3258.37
2024-03-09,GLOBAL_WEST,P012,16,17,1359.83
2024-03-10,KR,P001,415,432,427.68
2024-03-10,KR,P002,211,218,1087.82
2024-03-10,KR,P003,217,232,3477.68
2024-03-10,KR,P005,182,200,1598.0
2024-03-10,KR,P006,72,80,1999.2
2024-03-10,KR,P007,136,149,1488.51
2024-03-10,KR,P009,0,0,0.0
2024-03-10,KR,P010,112,119,593.81
2024-03-10,KR,P011,80,86,1719.14
2024-03-10,KR,P012,1,1,79.99
2024-03-10,JP,P001,345,382,378.18
2024-03-10,JP,P002,145,153,763.47
2024-03-10,JP,P003,167,179,2683.21
2024-03-10,JP,P005,192,207,1653.93
2024-03-10,JP,P006,95,104,2598.96
2024-03-10,JP,P007,135,144,1438.56
2024-03-10,JP,P009,0,0,0.0
2024-03-10,JP,P010,111,125,623.75
2024-03-10,JP,P011,51,53,1059.47
2024-03-10,JP,P012,67,72,5759.28
2024-03-10,GLOBAL_WEST,P001,587,629,622.71
2024-03-10,GLOBAL_WEST,P002,315,345,1721.55
2024-03-10,GLOBAL_WEST,P003,291,302,4526.98
2024-03-10,GLOBAL_WEST,P005,335,361,2884.39
2024-03-10,GLOBAL_WEST,P006,140,152,3798.48
2024-03-10,GLOBAL_WEST,P007,187,200,1998.0
2024-03-10,GLOBAL_WEST,P009,0,0,0.0
2024-03-10,GLOBAL_WEST,P010,143,150,748.5
2024-03-10,GLOBAL_WEST,P011,69,79,1579.21
2024-03-10,GLOBAL_WEST,P012,71,77,6159.23
2024-03-11,KR,P001,393,410,405.9
2024-03-11,KR,P002,227,240,1197.6
2024-03-11,KR,P003,208,221,3312.79
2024-03-11,KR,P005,233,260,2077.4
2024-03-11,KR,P006,71,74,1849.26
2024-03-11,KR,P007,165,183,1828.17
2024-03-11,KR,P009,0,0,0.0
2024-03-11,KR,P010,141,156,778.44
2024-03-11,KR,P011,95,103,2058.97
2024-03-11,KR,P012,27,28,2239.72
2024-03-11,JP,P001,301,321,317.79
2024-03-11,JP,P002,185,191,953.09
2024-03-11,JP,P003,158,169,2533.31
2024-03-11,JP,P005,197,211,1685.89
2024-03-11,JP,P006,77,81,2024.19
2024-03-11,JP,P007,138,146,1458.54
2024-03-11,JP,P009,0,0,0.0
2024-03-11,JP,P010,112,118,588.82
2024-03-11,JP,P011,64,66,1319.34
2024-03-11,JP,P012,15,16,1279.84
2024-03-11,GLOBAL_WEST,P001,710,750,742.5
2024-03-11,GLOBAL_WEST,P002,311,344,1716.56
2024-03-11,GLOBAL_WEST,P003,274,297,4452.03
2024-03-11,GLOBAL_WEST,P005,361,415,3315.85
2024-03-11,GLOBAL_WEST,P006,121,133,3323.67
2024-03-11,GLOBAL_WEST,P007,299,323,3226.77
2024-03-11,GLOBAL_WEST,P009,0,0,0.0
2024-03-11,GLOBAL_WEST,P010,167,182,908.18
2024-03-11,GLOBAL_WEST,P011,140,148,2958.52
2024-03-11,GLOBAL_WEST,P012,78,87,6959.13
2024-03-12,KR,P001,403,433,428.67
2024-03-12,KR,P002,160,176,878.24
2024-03-12,KR,P003,204,215,3222.85
2024-03-12,KR,P005,242,255,2037.45
2024-03-12,KR,P006,101,112,2798.88
2024-03-12,KR,P007,128,139,1388.61
2024-03-12,KR,P009,0,0,0.0
2024-03-12,KR,P010,128,142,708.58
2024-03-12,KR,P011,80,84,1679.16
2024-03-12,KR,P012,9,11,879.89
2024-03-12,JP,P001,323,348,344.52
2024-03-12,JP,P002,180,197,983.03
2024-03-12,JP,P003,166,177,2653.23
2024-03-12,JP,P005,201,211,1685.89
2024-03-12,JP,P006,87,94,2349.06
2024-03-12,JP,P007,128,137,1368.63
2024-03-12,JP,P009,0,0,0.0
2024-03-12,JP,P010,99,102,508.98
2024-03-12,JP,P011,49,54,1079.46
2024-03-12,JP,P012,38,41,3279.59
2024-03-12,GLOBAL_WEST,P001,620,679,672.21
2024-03-12,GLOBAL_WEST,P002,297,312,1556.88
2024-03-12,GLOBAL_WEST,P003,316,320,4796.8
2024-03-12,GLOBAL_WEST,P005,319,346,2764.54
2024-03-12,GLOBAL_WEST,P006,138,148,3698.52
2024-03-12,GLOBAL_WEST,P007,176,183,1828.17
2024-03-12,GLOBAL_WEST,P009,0,0,0.0
2024-03-12,GLOBAL_WEST,P010,142,156,778.44
2024-03-12,GLOBAL_WEST,P011,93,105,2098.95
2024-03-12,GLOBAL_WEST,P012,83,89,7119.11
2024-03-13,KR,P001,417,446,441.54
2024-03-13,KR,P002,202,214,1067.86
2024-03-13,KR,P003,218,229,3432.71
2024-03-13,KR,P005,237,257,2053.43
2024-03-13,KR,P006,115,124,3098.76
2024-03-13,KR,P007,159,177,1768.23
2024-03-13,KR,P009,0,0,0.0
2024-03-13,KR,P010,104,107,533.93
2024-03-13,KR,P011,95,98,1959.02
2024-03-13,KR,P012,6,6,479.94
2024-03-13,JP,P001,340,363,359.37
2024-03-13,JP,P002,184,197,983.03
2024-03-13,JP,P003,165,181,2713.19
2024-03-13,JP,P005,197,215,1717.85
2024-03-13,JP,P006,117,119,2973.81
2024-03-13,JP,P007,118,126,1258.74
2024-03-13,JP,P009,0,0,0.0
2024-03-13,JP,P010,86,91,454.09
2024-03-13,JP,P011,63,68,1359.32
2024-03-13,JP,P012,40,45,3599.55
2024-03-13,GLOBAL_WEST,P001,564,623,616.77
2024-03-13,GLOBAL_WEST,P002,265,282,1407.18
2024-03-13,GLOBAL_WEST,P003,276,290,4347.1
2024-03-13,GLOBAL_WEST,P005,347,390,3116.1
2024-03-13,GLOBAL_WEST,P006,190,202,5047.98
2024-03-13,GLOBAL_WEST,P007,184,199,1988.01
2024-03-13,GLOBAL_WEST,P009,0,0,0.0
2024-03-13,GLOBAL_WEST,P010,198,219,1092.81
2024-03-13,GLOBAL_WEST,P011,82,84,1679.16
2024-03-13,GLOBAL_WEST,P012,31,35,2799.65
2024-03-14,KR,P001,385,413,408.87
2024-03-14,KR,P002,199,219,1092.81
2024-03-14,KR,P003,167,178,2668.22
2024-03-14,KR,P005,198,206,1645.94
2024-03-14,KR,P006,105,110,2748.9
2024-03-14,KR,P007,162,179,1788.21
2024-03-14,KR,P009,0,0,0.0
2024-03-14,KR,P010,87,90,449.1
2024-03-14,KR,P011,70,75,1499.25
2024-03-14,KR,P012,22,24,1919.76
2024-03-14,JP,P001,308,335,331.65
2024-03-14,JP,P002,148,159,793.41
2024-03-14,JP,P003,171,190,2848.1
2024-03-14,JP,P005,185,197,1574.03
2024-03-14,JP,P006,117,128,3198.72
2024-03-14,JP,P007,109,122,1218.78
2024-03-14,JP,P009,0,0,0.0
2024-03-14,JP,P010,121,132,658.68
2024-03-14,JP,P011,40,46,919.54
2024-03-14,JP,P012,24,26,2079.74
2024-03-14,GLOBAL_WEST,P001,600,664,657.36
2024-03-14,GLOBAL_WEST,P002,298,335,1671.65
2024-03-14,GLOBAL_WEST,P003,267,276,4137.24
2024-03-14,GLOBAL_WEST,P005,348,376,3004.24
2024-03-14,GLOBAL_WEST,P006,183,202,5047.98
2024-03-14,GLOBAL_WEST,P007,253,264,2637.36
2024-03-14,GLOBAL_WEST,P009,0,0,0.0
2024-03-14,GLOBAL_WEST,P010,222,243,1212.57
2024-03-14,GLOBAL_WEST,P011,136,147,2938.53
2024-03-14,GLOBAL_WEST,P012,82,87,6959.13
2024-03-15,KR,P001,362,405,400.95
2024-03-15,KR,P002,175,177,883.23
2024-03-15,KR,P003,188,207,3102.93
2024-03-15,KR,P005,230,247,1973.53
2024-03-15,KR,P006,136,147,3673.53
2024-03-15,KR,P007,113,121,1208.79
2024-03-15,KR,P009,0,0,0.0
2024-03-15,KR,P010,111,119,593.81
2024-03-15,KR,P011,52,56,1119.44
2024-03-15,KR,P012,37,38,3039.62
2024-03-15,JP,P001,342,363,359.37
2024-03-15,JP,P002,148,158,788.42
2024-03-15,JP,P003,147,157,2353.43
2024-03-15,JP,P005,183,204,1629.96
2024-03-15,JP,P006,79,87,2174.13
2024-03-15,JP,P007,92,100,999.0
2024-03-15,JP,P009,0,0,0.0
2024-03-15,JP,P010,97,109,543.91
2024-03-15,JP,P011,40,43,859.57
2024-03-15,JP,P012,0,0,0.0
2024-03-15,GLOBAL_WEST,P001,541,586,580.14
2024-03-15,GLOBAL_WEST,P002,283,303,1511.97
2024-03-15,GLOBAL_WEST,P003,312,335,5021.65
2024-03-15,GLOBAL_WEST,P005,309,323,2580.77
2024-03-15,GLOBAL_WEST,P006,157,173,4323.27
2024-03-15,GLOBAL_WEST,P007,229,233,2327.67
2024-03-15,GLOBAL_WEST,P009,0,0,0.0
2024-03-15,GLOBAL_WEST,P010,150,170,848.3
2024-03-15,GLOBAL_WEST,P011,122,134,2678.66
2024-03-15,GLOBAL_WEST,P012,98,108,8638.92
2024-03-16,KR,P001,384,418,413.82
2024-03-16,KR,P002,151,167,833.33
2024-03-16,KR,P003,198,211,3162.89
2024-03-16,KR,P005,225,255,2037.45
2024-03-16,KR,P006,118,120,2998.8
2024-03-16,KR,P007,167,173,1728.27
2024-03-16,KR,P009,0,0,0.0
2024-03-16,KR,P010,101,114,568.86
2024-03-16,KR,P011,73,75,1499.25
2024-03-16,KR,P012,28,30,2399.7
2024-03-16,JP,P001,339,362,358.38
2024-03-16,JP,P002,156,170,848.3
2024-03-16,JP,P003,165,174,2608.26
2024-03-16,JP,P005,174,192,1534.08
2024-03-16,JP,P006,104,114,2848.86
2024-03-16,JP,P007,140,149,1488.51
2024-03-16,JP,P009,0,0,0.0
2024-03-16,JP,P010,102,107,533.93
2024-03-16,JP,P011,101,109,2178.91
2024-03-16,JP,P012,41,43,3439.57
2024-03-16,GLOBAL_WEST,P001,606,634,627.66
2024-03-16,GLOBAL_WEST,P002,264,295,1472.05
2024-03-16,GLOBAL_WEST,P003,336,359,5381.41
2024-03-16,GLOBAL_WEST,P005,386,435,3475.65
2024-03-16,GLOBAL_WEST,P006,161,167,4173.33
2024-03-16,GLOBAL_WEST,P007,209,231,2307.69
2024-03-16,GLOBAL_WEST,P009,0,0,0.0
2024-03-16,GLOBAL_WEST,P010,163,173,863.27
2024-03-16,GLOBAL_WEST,P011,125,133,2658.67
2024-03-16,GLOBAL_WEST,P012,80,85,6799.15
2024-03-17,KR,P001,353,389,385.11
2024-03-17,KR,P002,174,184,918.16
2024-03-17,KR,P003,187,200,2998.0
2024-03-17,KR,P005,203,218,1741.82
2024-03-17,KR,P006,98,104,2598.96
2024-03-17,KR,P007,144,156,1558.44
2024-03-17,KR,P009,0,0,0.0
2024-03-17,KR,P010,122,128,638.72
2024-03-17,KR,P011,65,69,1379.31
2024-03-17,KR,P012,54,60,4799.4
2024-03-17,JP,P001,329,363,359.37
2024-03-17,JP,P002,153,165,823.35
2024-03-17,JP,P003,173,183,2743.17
2024-03-17,JP,P005,177,183,1462.17
2024-03-17,JP,P006,115,120,2998.8
2024-03-17,JP,P007,126,131,1308.69
2024-03-17,JP,P009,0,0,0.0
2024-03-17,JP,P010,100,106,528.94
2024-03-17,JP,P011,50,53,1059.47
2024-03-17,JP,P012,26,29,2319.71
2024-03-17,GLOBAL_WEST,P001,582,643,636.57
2024-03-17,GLOBAL_WEST,P002,305,332,1656.68
2024-03-17,GLOBAL_WEST,P003,311,349,5231.51
2024-03-17,GLOBAL_WEST,P005,337,345,2756.55
2024-03-17,GLOBAL_WEST,P006,112,118,2948.82
2024-03-17,GLOBAL_WEST,P007,184,200,1998.0
2024-03-17,GLOBAL_WEST,P009,0,0,0.0
2024-03-17,GLOBAL_WEST,P010,160,179,893.21
2024-03-17,GLOBAL_WEST,P011,131,142,2838.58
2024-03-17,GLOBAL_WEST,P012,28,30,2399.7
2024-03-18,KR,P001,383,402,397.98
2024-03-18,KR,P002,184,203,1012.97
2024-03-18,KR,P003,186,206,3087.94
2024-03-18,KR,P005,222,228,1821.72
2024-03-18,KR,P006,135,150,3748.5
2024-03-18,KR,P007,140,158,1578.42
2024-03-18,KR,P009,0,0,0.0
2024-03-18,KR,P010,116,120,598.8
2024-03-18,KR,P011,70,74,1479.26
2024-03-18,KR,P012,24,24,1919.76
2024-03-18,JP,P001,321,340,336.6
2024-03-18,JP,P002,183,199,993.01
2024-03-18,JP,P003,143,151,2263.49
2024-03-18,JP,P005,177,190,1518.1
2024-03-18,JP,P006,106,109,2723.91
2024-03-18,JP,P007,133,139,1388.61
2024-03-18,JP,P009,0,0,0.0
2024-03-18,JP,P010,86,97,484.03
2024-03-18,JP,P011,68,74,1479.26
2024-03-18,JP,P012,17,18,1439.82
2024-03-18,GLOBAL_WEST,P001,623,677,670.23
2024-03-18,GLOBAL_WEST,P002,296,330,1646.7
2024-03-18,GLOBAL_WEST,P003,269,292,4377.08
2024-03-18,GLOBAL_WEST,P005,304,331,2644.69
2024-03-18,GLOBAL_WEST,P006,217,237,5922.63
2024-03-18,GLOBAL_WEST,P007,240,271,2707.29
2024-03-18,GLOBAL_WEST,P009,0,0,0.0
2024-03-18,GLOBAL_WEST,P010,170,177,883.23
2024-03-18,GLOBAL_WEST,P011,103,111,2218.89
2024-03-18,GLOBAL_WEST,P012,0,0,0.0
2024-03-19,KR,P001,341,359,355.41
2024-03-19,KR,P002,194,201,1002.99
2024-03-19,KR,P003,184,203,3042.97
2024-03-19,KR,P005,192,215,1717.85
2024-03-19,KR,P006,131,138,3448.62
2024-03-19,KR,P007,150,164,1638.36
2024-03-19,KR,P009,0,0,0.0
2024-03-19,KR,P010,149,155,773.45
2024-03-19,KR,P011,43,46,919.54
2024-03-19,KR,P012,49,54,4319.46
2024-03-19,JP,P001,344,382,378.18
2024-03-19,JP,P002,151,160,798.4
2024-03-19,JP,P003,157,173,2593.27
2024-03-19,JP,P005,205,221,1765.79
2024-03-19,JP,P006,107,117,2923.83
2024-03-19,JP,P007,114,118,1178.82
2024-03-19,JP,P009,0,0,0.0
2024-03-19,JP,P010,122,132,658.68
2024-03-19,JP,P011,69,78,1559.22
2024-03-19,JP,P012,42,47,3759.53
2024-03-19,GLOBAL_WEST,P001,604,621,614.79
2024-03-19,GLOBAL_WEST,P002,273,294,1467.06
2024-03-19,GLOBAL_WEST,P003,224,240,3597.6
2024-03-19,GLOBAL_WEST,P005,323,344,2748.56
2024-03-19,GLOBAL_WEST,P006,161,187,4673.13
2024-03-19,GLOBAL_WEST,P007,212,225,2247.75
2024-03-19,GLOBAL_WEST,P009,0,0,0.0
2024-03-19,GLOBAL_WEST,P010,123,128,638.72
2024-03-19,GLOBAL_WEST,P011,37,41,819.59
2024-03-19,GLOBAL_WEST,P012,72,74,5919.26
2024-03-20,KR,P001,364,391,387.09
2024-03-20,KR,P002,164,176,878.24
2024-03-20,KR,P003,191,210,3147.9
2024-03-20,KR,P005,242,260,2077.4
2024-03-20,KR,P006,125,136,3398.64
2024-03-20,KR,P007,133,145,1448.55
2024-03-20,KR,P009,0,0,0.0
2024-03-20,KR,P010,109,123,613.77
2024-03-20,KR,P011,96,109,2178.91
2024-03-20,KR,P012,24,26,2079.74
2024-03-20,JP,P001,316,335,331.65
2024-03-20,JP,P002,140,153,763.47
2024-03-20,JP,P003,165,175,2623.25
2024-03-20,JP,P005,202,216,1725.84
2024-03-20,JP,P006,96,105,2623.95
2024-03-20,JP,P007,105,113,1128.87
2024-03-20,JP,P009,0,0,0.0
2024-03-20,JP,P010,92,100,499.0
2024-03-20,JP,P011,52,53,1059.47
2024-03-20,JP,P012,32,33,2639.67
2024-03-20,GLOBAL_WEST,P001,578,631,624.69
2024-03-20,GLOBAL_WEST,P002,326,349,1741.51
2024-03-20,GLOBAL_WEST,P003,243,267,4002.33
2024-03-20,GLOBAL_WEST,P005,329,353,2820.47
2024-03-20,GLOBAL_WEST,P006,127,139,3473.61
2024-03-20,GLOBAL_WEST,P007,244,244,2437.56
2024-03-20,GLOBAL_WEST,P009,0,0,0.0
2024-03-20,GLOBAL_WEST,P010,137,140,698.6
2024-03-20,GLOBAL_WEST,P011,99,107,2138.93
2024-03-20,GLOBAL_WEST,P012,8,9,719.91
2024-03-21,KR,P001,369,397,393.03
2024-03-21,KR,P002,196,213,1062.87
2024-03-21,KR,P003,184,191,2863.09
2024-03-21,KR,P005,207,228,1821.72
2024-03-21,KR,P006,94,101,2523.99
2024-03-21,KR,P007,101,106,1058.94
2024-03-21,KR,P009,0,0,0.0
2024-03-21,KR,P010,103,108,538.92
2024-03-21,KR,P011,84,87,1739.13
2024-03-21,KR,P012,26,27,2159.73
2024-03-21,JP,P001,343,361,357.39
2024-03-21,JP,P002,187,200,998.0
2024-03-21,JP,P003,180,192,2878.08
2024-03-21,JP,P005,214,234,1869.66
2024-03-21,JP,P006,98,104,2598.96
2024-03-21,JP,P007,163,170,1698.3
2024-03-21,JP,P009,0,0,0.0
2024-03-21,JP,P010,102,109,543.91
2024-03-21,JP,P011,64,69,1379.31
2024-03-21,JP,P012,32,33,2639.67
2024-03-21,GLOBAL_WEST,P001,601,672,665.28
2024-03-21,GLOBAL_WEST,P002,284,305,1521.95
2024-03-21,GLOBAL_WEST,P003,243,272,4077.28
2024-03-21,GLOBAL_WEST,P005,292,312,2492.88
2024-03-21,GLOBAL_WEST,P006,151,163,4073.37
2024-03-21,GLOBAL_WEST,P007,170,179,1788.21
2024-03-21,GLOBAL_WEST,P009,0,0,0.0
2024-03-21,GLOBAL_WEST,P010,209,236,1177.64
2024-03-21,GLOBAL_WEST,P011,122,127,2538.73
2024-03-21,GLOBAL_WEST,P012,44,45,3599.55
2024-03-22,KR,P001,364,392,388.08
2024-03-22,KR,P002,181,186,928.14
2024-03-22,KR,P003,180,186,2788.14
2024-03-22,KR,P005,217,238,1901.62
2024-03-22,KR,P006,87,94,2349.06
2024-03-22,KR,P007,125,138,1378.62
2024-03-22,KR,P009,0,0,0.0
2024-03-22,KR,P010,111,123,613.77
2024-03-22,KR,P011,53,55,1099.45
2024-03-22,KR,P012,0,0,0.0
2024-03-22,JP,P001,359,375,371.25
2024-03-22,JP,P002,181,191,953.09
2024-03-22,JP,P003,161,171,2563.29
2024-03-22,JP,P005,193,221,1765.79
2024-03-22,JP,P006,86,93,2324.07
2024-03-22,JP,P007,146,161,1608.39
2024-03-22,JP,P009,0,0,0.0
2024-03-22,JP,P010,93,102,508.98
2024-03-22,JP,P011,73,79,1579.21
2024-03-22,JP,P012,6,8,639.92
2024-03-22,GLOBAL_WEST,P001,595,650,643.5
2024-03-22,GLOBAL_WEST,P002,299,326,1626.74
2024-03-22,GLOBAL_WEST,P003,309,330,4946.7
2024-03-22,GLOBAL_WEST,P005,365,411,3283.89
2024-03-22,GLOBAL_WEST,P006,117,131,3273.69
2024-03-22,GLOBAL_WEST,P007,209,222,2217.78
2024-03-22,GLOBAL_WEST,P009,0,0,0.0
2024-03-22,GLOBAL_WEST,P010,123,134,668.66
2024-03-22,GLOBAL_WEST,P011,115,124,2478.76
2024-03-22,GLOBAL_WEST,P012,15,18,1439.82
2024-03-23,KR,P001,371,384,380.16
2024-03-23,KR,P002,176,193,963.07
2024-03-23,KR,P003,174,184,2758.16
2024-03-23,KR,P005,182,197,1574.03
2024-03-23,KR,P006,116,129,3223.71
2024-03-23,KR,P007,164,185,1848.15
2024-03-23,KR,P009,0,0,0.0
2024-03-23,KR,P010,133,139,693.61
2024-03-23,KR,P011,92,99,1979.01
2024-03-23,KR,P012,2,2,159.98
2024-03-23,JP,P001,320,353,349.47
2024-03-23,JP,P002,159,165,823.35
2024-03-23,JP,P003,157,167,2503.33
2024-03-23,JP,P005,163,188,1502.12
2024-03-23,JP,P006,85,89,2224.11
2024-03-23,JP,P007,119,133,1328.67
2024-03-23,JP,P009,0,0,0.0
2024-03-23,JP,P010,116,122,608.78
2024-03-23,JP,P011,45,47,939.53
2024-03-23,JP,P012,34,36,2879.64
2024-03-23,GLOBAL_WEST,P001,558,575,569.25
2024-03-23,GLOBAL_WEST,P002,290,320,1596.8
2024-03-23,GLOBAL_WEST,P003,304,326,4886.74
2024-03-23,GLOBAL_WEST,P005,302,322,2572.78
2024-03-23,GLOBAL_WEST,P006,136,151,3773.49
2024-03-23,GLOBAL_WEST,P007,113,121,1208.79
2024-03-23,GLOBAL_WEST,P009,0,0,0.0
2024-03-23,GLOBAL_WEST,P010,220,236,1177.64
2024-03-23,GLOBAL_WEST,P011,91,96,1919.04
2024-03-23,GLOBAL_WEST,P012,0,0,0.0
2024-03-24,KR,P001,343,372,368.28
2024-03-24,KR,P002,160,166,828.34
2024-03-24,KR,P003,163,173,2593.27
2024-03-24,KR,P005,168,185,1478.15
2024-03-24,KR,P006,87,93,2324.07
2024-03-24,KR,P007,149,158,1578.42
2024-03-24,KR,P009,0,0,0.0
2024-03-24,KR,P010,94,99,494.01
2024-03-24,KR,P011,48,52,1039.48
2024-03-24,KR,P012,32,34,2719.66
2024-03-24,JP,P001,308,335,331.65
2024-03-24,JP,P002,161,179,893.21
2024-03-24,JP,P003,132,141,2113.59
2024-03-24,JP,P005,182,199,1590.01
2024-03-24,JP,P006,95,100,2499.0
2024-03-24,JP,P007,142,149,1488.51
2024-03-24,JP,P009,0,0,0.0
2024-03-24,JP,P010,101,108,538.92
2024-03-24,JP,P011,46,49,979.51
2024-03-24,JP,P012,20,23,1839.77
2024-03-24,GLOBAL_WEST,P001,573,620,613.8
2024-03-24,GLOBAL_WEST,P002,252,258,1287.42
2024-03-24,GLOBAL_WEST,P003,260,284,4257.16
2024-03-24,GLOBAL_WEST,P005,336,363,2900.37
2024-03-24,GLOBAL_WEST,P006,118,124,3098.76
2024-03-24,GLOBAL_WEST,P007,244,263,2627.37
2024-03-24,GLOBAL_WEST,P009,0,0,0.0
2024-03-24,GLOBAL_WEST,P010,184,204,1017.96
2024-03-24,GLOBAL_WEST,P011,120,131,2618.69
2024-03-24,GLOBAL_WEST,P012,58,62,4959.38
2024-03-25,KR,P001,320,342,338.58
2024-03-25,KR,P002,216,240,1197.6
2024-03-25,KR,P003,191,202,3027.98
2024-03-25,KR,P005,231,252,2013.48
2024-03-25,KR,P006,102,114,2848.86
2024-03-25,KR,P007,134,150,1498.5
2024-03-25,KR,P009,0,0,0.0
2024-03-25,KR,P010,133,143,713.57
2024-03-25,KR,P011,71,75,1499.25
2024-03-25,KR,P012,53,53,4239.47
2024-03-25,JP,P001,315,344,340.56
2024-03-25,JP,P002,164,170,848.3
2024-03-25,JP,P003,184,201,3012.99
2024-03-25,JP,P005,204,221,1765.79
2024-03-25,JP,P006,94,107,2673.93
2024-03-25,JP,P007,139,151,1508.49
2024-03-25,JP,P009,0,0,0.0
2024-03-25,JP,P010,108,111,553.89
2024-03-25,JP,P011,60,63,1259.37
2024-03-25,JP,P012,38,41,3279.59
2024-03-25,GLOBAL_WEST,P001,523,558,552.42
2024-03-25,GLOBAL_WEST,P002,266,274,1367.26
2024-03-25,GLOBAL_WEST,P003,289,322,4826.78
2024-03-25,GLOBAL_WEST,P005,297,318,2540.82
2024-03-25,GLOBAL_WEST,P006,218,232,5797.68
2024-03-25,GLOBAL_WEST,P007,172,180,1798.2
2024-03-25,GLOBAL_WEST,P009,0,0,0.0
2024-03-25,GLOBAL_WEST,P010,175,185,923.15
2024-03-25,GLOBAL_WEST,P011,116,116,2318.84
2024-03-25,GLOBAL_WEST,P012,0,0,0.0
2024-03-26,KR,P001,369,420,415.8
2024-03-26,KR,P002,161,163,813.37
2024-03-26,KR,P003,186,205,3072.95
2024-03-26,KR,P005,230,249,1989.51
2024-03-26,KR,P006,88,93,2324.07
2024-03-26,KR,P007,136,153,1528.47
2024-03-26,KR,P009,0,0,0.0
2024-03-26,KR,P010,136,145,723.55
2024-03-26,KR,P011,31,31,619.69
2024-03-26,KR,P012,43,45,3599.55
2024-03-26,JP,P001,332,363,359.37
2024-03-26,JP,P002,197,212,1057.88
2024-03-26,JP,P003,161,172,2578.28
2024-03-26,JP,P005,189,201,1605.99
2024-03-26,JP,P006,81,88,2199.12
2024-03-26,JP,P007,131,142,1418.58
2024-03-26,JP,P009,0,0,0.0
2024-03-26,JP,P010,96,102,508.98
2024-03-26,JP,P011,90,96,1919.04
2024-03-26,JP,P012,26,27,2159.73
2024-03-26,GLOBAL_WEST,P001,495,536,530.64
2024-03-26,GLOBAL_WEST,P002,241,261,1302.39
2024-03-26,GLOBAL_WEST,P003,263,282,4227.18
2024-03-26,GLOBAL_WEST,P005,335,356,2844.44
2024-03-26,GLOBAL_WEST,P006,168,174,4348.26
2024-03-26,GLOBAL_WEST,P007,200,210,2097.9
2024-03-26,GLOBAL_WEST,P009,0,0,0.0
2024-03-26,GLOBAL_WEST,P010,133,138,688.62
2024-03-26,GLOBAL_WEST,P011,88,91,1819.09
2024-03-26,GLOBAL_WEST,P012,13,13,1039.87
2024-03-27,KR,P001,379,416,411.84
2024-03-27,KR,P002,172,173,863.27
2024-03-27,KR,P003,188,196,2938.04
2024-03-27,KR,P005,211,229,1829.71
2024-03-27,KR,P006,115,125,3123.75
2024-03-27,KR,P007,119,128,1278.72
2024-03-27,KR,P009,0,0,0.0
2024-03-27,KR,P010,105,115,573.85
2024-03-27,KR,P011,83,87,1739.13
2024-03-27,KR,P012,33,36,2879.64
2024-03-27,JP,P001,307,328,324.72
2024-03-27,JP,P002,181,206,1027.94
2024-03-27,JP,P003,161,171,2563.29
2024-03-27,JP,P005,191,205,1637.95
2024-03-27,JP,P006,103,107,2673.93
2024-03-27,JP,P007,136,147,1468.53
2024-03-27,JP,P009,0,0,0.0
2024-03-27,JP,P010,103,114,568.86
2024-03-27,JP,P011,67,77,1539.23
2024-03-27,JP,P012,0,0,0.0
2024-03-27,GLOBAL_WEST,P001,615,652,645.48
2024-03-27,GLOBAL_WEST,P002,255,282,1407.18
2024-03-27,GLOBAL_WEST,P003,276,294,4407.06
2024-03-27,GLOBAL_WEST,P005,289,315,2516.85
2024-03-27,GLOBAL_WEST,P006,192,200,4998.0
2024-03-27,GLOBAL_WEST,P007,192,207,2067.93
2024-03-27,GLOBAL_WEST,P009,0,0,0.0
2024-03-27,GLOBAL_WEST,P010,120,128,638.72
2024-03-27,GLOBAL_WEST,P011,132,147,2938.53
2024-03-27,GLOBAL_WEST,P012,28,30,2399.7
2024-03-28,KR,P001,392,431,426.69
2024-03-28,KR,P002,194,204,1017.96
2024-03-28,KR,P003,184,195,2923.05
2024-03-28,KR,P005,222,240,1917.6
2024-03-28,KR,P006,121,132,3298.68
2024-03-28,KR,P007,145,159,1588.41
2024-03-28,KR,P009,0,0,0.0
2024-03-28,KR,P010,132,143,713.57
2024-03-28,KR,P011,61,67,1339.33
2024-03-28,KR,P012,42,44,3519.56
2024-03-28,JP,P001,320,346,342.54
2024-03-28,JP,P002,142,159,793.41
2024-03-28,JP,P003,147,166,2488.34
2024-03-28,JP,P005,204,225,1797.75
2024-03-28,JP,P006,92,96,2399.04
2024-03-28,JP,P007,136,156,1558.44
2024-03-28,JP,P009,0,0,0.0
2024-03-28,JP,P010,83,88,439.12
2024-03-28,JP,P011,72,76,1519.24
2024-03-28,JP,P012,26,28,2239.72
2024-03-28,GLOBAL_WEST,P001,551,616,609.84
2024-03-28,GLOBAL_WEST,P002,291,324,1616.76
2024-03-28,GLOBAL_WEST,P003,304,322,4826.78
2024-03-28,GLOBAL_WEST,P005,313,344,2748.56
2024-03-28,GLOBAL_WEST,P006,157,171,4273.29
2024-03-28,GLOBAL_WEST,P007,253,287,2867.13
2024-03-28,GLOBAL_WEST,P009,0,0,0.0
2024-03-28,GLOBAL_WEST,P010,139,147,733.53
2024-03-28,GLOBAL_WEST,P011,105,114,2278.86
2024-03-28,GLOBAL_WEST,P012,38,41,3279.59
2024-03-29,KR,P001,403,423,418.77
2024-03-29,KR,P002,177,180,898.2
2024-03-29,KR,P003,179,192,2878.08
2024-03-29,KR,P005,207,222,1773.78
2024-03-29,KR,P006,131,140,3498.6
2024-03-29,KR,P007,143,159,1588.41
2024-03-29,KR,P009,0,0,0.0
2024-03-29,KR,P010,88,95,474.05
2024-03-29,KR,P011,58,65,1299.35
2024-03-29,KR,P012,25,26,2079.74
2024-03-29,JP,P001,343,366,362.34
2024-03-29,JP,P002,168,180,898.2
2024-03-29,JP,P003,175,185,2773.15
2024-03-29,JP,P005,197,213,1701.87
2024-03-29,JP,P006,87,95,2374.05
2024-03-29,JP,P007,111,118,1178.82
2024-03-29,JP,P009,0,0,0.0
2024-03-29,JP,P010,93,99,494.01
2024-03-29,JP,P011,55,59,1179.41
2024-03-29,JP,P012,39,41,3279.59
2024-03-29,GLOBAL_WEST,P001,581,635,628.65
2024-03-29,GLOBAL_WEST,P002,263,280,1397.2
2024-03-29,GLOBAL_WEST,P003,247,255,3822.45
2024-03-29,GLOBAL_WEST,P005,343,368,2940.32
2024-03-29,GLOBAL_WEST,P006,180,185,4623.15
2024-03-29,GLOBAL_WEST,P007,200,218,2177.82
2024-03-29,GLOBAL_WEST,P009,0,0,0.0
2024-03-29,GLOBAL_WEST,P010,159,168,838.32
2024-03-29,GLOBAL_WEST,P011,116,123,2458.77
2024-03-29,GLOBAL_WEST,P012,42,43,3439.57
2024-03-30,KR,P001,339,374,370.26
2024-03-30,KR,P002,182,208,1037.92
2024-03-30,KR,P003,143,161,2413.39
2024-03-30,KR,P005,215,232,1853.68
2024-03-30,KR,P006,77,83,2074.17
2024-03-30,KR,P007,131,137,1368.63
2024-03-30,KR,P009,0,0,0.0
2024-03-30,KR,P010,146,152,758.48
2024-03-30,KR,P011,61,64,1279.36
2024-03-30,KR,P012,20,23,1839.77
2024-03-30,JP,P001,333,358,354.42
2024-03-30,JP,P002,144,148,738.52
2024-03-30,JP,P003,162,181,2713.19
2024-03-30,JP,P005,194,210,1677.9
2024-03-30,JP,P006,102,106,2648.94
2024-03-30,JP,P007,133,140,1398.6
2024-03-30,JP,P009,0,0,0.0
2024-03-30,JP,P010,85,88,439.12
2024-03-30,JP,P011,68,72,1439.28
2024-03-30,JP,P012,25,26,2079.74
2024-03-30,GLOBAL_WEST,P001,640,684,677.16
2024-03-30,GLOBAL_WEST,P002,296,323,1611.77
2024-03-30,GLOBAL_WEST,P003,313,340,5096.6
2024-03-30,GLOBAL_WEST,P005,414,418,3339.82
2024-03-30,GLOBAL_WEST,P006,157,174,4348.26
2024-03-30,GLOBAL_WEST,P007,220,243,2427.57
2024-03-30,GLOBAL_WEST,P009,0,0,0.0
2024-03-30,GLOBAL_WEST,P010,170,184,918.16
2024-03-30,GLOBAL_WEST,P011,87,92,1839.08
2024-03-30,GLOBAL_WEST,P012,6,7,559.93
2024-03-31,KR,P001,364,364,360.36
2024-03-31,KR,P002,211,231,1152.69
2024-03-31,KR,P003,172,178,2668.22
2024-03-31,KR,P005,253,278,2221.22
2024-03-31,KR,P006,103,109,2723.91
2024-03-31,KR,P007,117,123,1228.77
2024-03-31,KR,P009,0,0,0.0
2024-03-31,KR,P010,119,130,648.7
2024-03-31,KR,P011,29,30,599.7
2024-03-31,KR,P012,31,32,2559.68
2024-03-31,JP,P001,324,357,353.43
2024-03-31,JP,P002,143,154,768.46
2024-03-31,JP,P003,161,173,2593.27
2024-03-31,JP,P005,183,200,1598.0
2024-03-31,JP,P006,79,83,2074.17
2024-03-31,JP,P007,103,114,1138.86
2024-03-31,JP,P009,0,0,0.0
2024-03-31,JP,P010,86,87,434.13
2024-03-31,JP,P011,33,37,739.63
2024-03-31,JP,P012,1,1,79.99
2024-03-31,GLOBAL_WEST,P001,520,566,560.34
2024-03-31,GLOBAL_WEST,P002,279,307,1531.93
2024-03-31,GLOBAL_WEST,P003,240,248,3717.52
2024-03-31,GLOBAL_WEST,P005,332,357,2852.43
2024-03-31,GLOBAL_WEST,P006,176,197,4923.03
2024-03-31,GLOBAL_WEST,P007,224,241,2407.59
2024-03-31,GLOBAL_WEST,P009,0,0,0.0
2024-03-31,GLOBAL_WEST,P010,186,198,988.02
2024-03-31,GLOBAL_WEST,P011,111,111,2218.89
2024-03-31,GLOBAL_WEST,P012,84,91,7279.09
2024-04-01,KR,P001,359,397,393.03
2024-04-01,KR,P002,196,215,1072.85
2024-04-01,KR,P003,170,178,2668.22
2024-04-01,KR,P005,244,253,2021.47
2024-04-01,KR,P006,120,128,3198.72
2024-04-01,KR,P007,146,159,1588.41
2024-04-01,KR,P009,0,0,0.0
2024-04-01,KR,P010,111,124,618.76
2024-04-01,KR,P011,114,124,2478.76
2024-04-01,KR,P012,15,18,1439.82
2024-04-01,JP,P001,309,338,334.62
2024-04-01,JP,P002,135,146,728.54
2024-04-01,JP,P003,176,192,2878.08
2024-04-01,JP,P005,192,203,1621.97
2024-04-01,JP,P006,101,113,2823.87
2024-04-01,JP,P007,116,123,1228.77
2024-04-01,JP,P009,0,0,0.0
2024-04-01,JP,P010,105,108,538.92
2024-04-01,JP,P011,71,77,1539.23
2024-04-01,JP,P012,36,38,3039.62
2024-04-01,GLOBAL_WEST,P001,576,645,638.55
2024-04-01,GLOBAL_WEST,P002,271,303,1511.97
2024-04-01,GLOBAL_WEST,P003,239,255,3822.45
2024-04-01,GLOBAL_WEST,P005,341,377,3012.23
2024-04-01,GLOBAL_WEST,P006,117,126,3148.74
2024-04-01,GLOBAL_WEST,P007,203,212,2117.88
2024-04-01,GLOBAL_WEST,P009,0,0,0.0
2024-04-01,GLOBAL_WEST,P010,203,215,1072.85
2024-04-01,GLOBAL_WEST,P011,132,150,2998.5
2024-04-01,GLOBAL_WEST,P012,45,49,3919.51
2024-04-02,KR,P001,399,451,446.49
2024-04-02,KR,P002,192,197,983.03
2024-04-02,KR,P003,185,207,3102.93
2024-04-02,KR,P005,229,240,1917.6
2024-04-02,KR,P006,96,102,2548.98
2024-04-02,KR,P007,142,147,1468.53
2024-04-02,KR,P009,0,0,0.0
2024-04-02,KR,P010,106,111,553.89
2024-04-02,KR,P011,48,50,999.5
2024-04-02,KR,P012,7,8,639.92
2024-04-02,JP,P001,344,364,360.36
2024-04-02,JP,P002,179,182,908.18
2024-04-02,JP,P003,164,178,2668.22
2024-04-02,JP,P005,185,197,1574.03
2024-04-02,JP,P006,102,109,2723.91
2024-04-02,JP,P007,130,134,1338.66
2024-04-02,JP,P009,0,0,0.0
2024-04-02,JP,P010,79,84,419.16
2024-04-02,JP,P011,81,83,1659.17
2024-04-02,JP,P012,21,23,1839.77
2024-04-02,GLOBAL_WEST,P001,556,602,595.98
2024-04-02,GLOBAL_WEST,P002,250,256,1277.44
2024-04-02,GLOBAL_WEST,P003,235,254,3807.46
2024-04-02,GLOBAL_WEST,P005,321,334,2668.66
2024-04-02,GLOBAL_WEST,P006,184,194,4848.06
2024-04-02,GLOBAL_WEST,P007,105,113,1128.87
2024-04-02,GLOBAL_WEST,P009,0,0,0.0
2024-04-02,GLOBAL_WEST,P010,163,179,893.21
2024-04-02,GLOBAL_WEST,P011,76,82,1639.18
2024-04-02,GLOBAL_WEST,P012,48,51,4079.49
2024-04-03,KR,P001,313,341,337.59
2024-04-03,KR,P002,124,128,638.72
2024-04-03,KR,P003,176,196,2938.04
2024-04-03,KR,P005,209,220,1757.8
2024-04-03,KR,P006,102,116,2898.84
2024-04-03,KR,P007,117,120,1198.8
2024-04-03,KR,P009,0,0,0.0
2024-04-03,KR,P010,121,125,623.75
2024-04-03,KR,P011,70,80,1599.2
2024-04-03,KR,P012,4,4,319.96
2024-04-03,JP,P001,309,354,350.46
2024-04-03,JP,P002,162,170,848.3
2024-04-03,JP,P003,150,158,2368.42
2024-04-03,JP,P005,206,211,1685.89
2024-04-03,JP,P006,102,106,2648.94
2024-04-03,JP,P007,106,115,1148.85
2024-04-03,JP,P009,0,0,0.0
2024-04-03,JP,P010,80,86,429.14
2024-04-03,JP,P011,73,79,1579.21
2024-04-03,JP,P012,38,40,3199.6
2024-04-03,GLOBAL_WEST,P001,546,625,618.75
2024-04-03,GLOBAL_WEST,P002,245,265,1322.35
2024-04-03,GLOBAL_WEST,P003,358,375,5621.25
2024-04-03,GLOBAL_WEST,P005,295,318,2540.82
2024-04-03,GLOBAL_WEST,P006,150,153,3823.47
2024-04-03,GLOBAL_WEST,P007,192,197,1968.03
2024-04-03,GLOBAL_WEST,P009,0,0,0.0
2024-04-03,GLOBAL_WEST,P010,154,157,783.43
2024-04-03,GLOBAL_WEST,P011,43,45,899.55
2024-04-03,GLOBAL_WEST,P012,76,82,6559.18
2024-04-04,KR,P001,332,353,349.47
2024-04-04,KR,P002,238,253,1262.47
2024-04-04,KR,P003,196,205,3072.95
2024-04-04,KR,P005,191,206,1645.94
2024-04-04,KR,P006,120,134,3348.66
2024-04-04,KR,P007,184,195,1948.05
2024-04-04,KR,P009,0,0,0.0
2024-04-04,KR,P010,137,154,768.46
2024-04-04,KR,P011,60,65,1299.35
2024-04-04,KR,P012,14,14,1119.86
2024-04-04,JP,P001,329,353,349.47
2024-04-04,JP,P002,130,140,698.6
2024-04-04,JP,P003,166,176,2638.24
2024-04-04,JP,P005,201,218,1741.82
2024-04-04,JP,P006,101,112,2798.88
2024-04-04,JP,P007,116,125,1248.75
2024-04-04,JP,P009,0,0,0.0
2024-04-04,JP,P010,116,120,598.8
2024-04-04,JP,P011,42,44,879.56
2024-04-04,JP,P012,26,27,2159.73
2024-04-04,GLOBAL_WEST,P001,549,569,563.31
2024-04-04,GLOBAL_WEST,P002,244,268,1337.32
2024-04-04,GLOBAL_WEST,P003,288,302,4526.98
2024-04-04,GLOBAL_WEST,P005,297,324,2588.76
2024-04-04,GLOBAL_WEST,P006,134,142,3548.58
2024-04-04,GLOBAL_WEST,P007,215,228,2277.72
2024-04-04,GLOBAL_WEST,P009,0,0,0.0
2024-04-04,GLOBAL_WEST,P010,185,193,963.07
2024-04-04,GLOBAL_WEST,P011,77,82,1639.18
2024-04-04,GLOBAL_WEST,P012,17,19,1519.81
2024-04-05,KR,P001,321,330,326.7
2024-04-05,KR,P002,185,199,993.01
2024-04-05,KR,P003,162,181,2713.19
2024-04-05,KR,P005,181,194,1550.06
2024-04-05,KR,P006,126,141,3523.59
2024-04-05,KR,P007,150,159,1588.41
2024-04-05,KR,P009,0,0,0.0
2024-04-05,KR,P010,112,118,588.82
2024-04-05,KR,P011,56,59,1179.41
2024-04-05,KR,P012,16,16,1279.84
2024-04-05,JP,P001,305,343,339.57
2024-04-05,JP,P002,156,177,883.23
2024-04-05,JP,P003,159,179,2683.21
2024-04-05,JP,P005,191,209,1669.91
2024-04-05,JP,P006,103,114,2848.86
2024-04-05,JP,P007,114,119,1188.81
2024-04-05,JP,P009,0,0,0.0
2024-04-05,JP,P010,105,115,573.85
2024-04-05,JP,P011,64,65,1299.35
2024-04-05,JP,P012,32,34,2719.66
2024-04-05,GLOBAL_WEST,P001,587,631,624.69
2024-04-05,GLOBAL_WEST,P002,243,265,1322.35
2024-04-05,GLOBAL_WEST,P003,178,188,2818.12
2024-04-05,GLOBAL_WEST,P005,325,350,2796.5
2024-04-05,GLOBAL_WEST,P006,154,163,4073.37
2024-04-05,GLOBAL_WEST,P007,224,224,2237.76
2024-04-05,GLOBAL_WEST,P009,0,0,0.0
2024-04-05,GLOBAL_WEST,P010,189,192,958.08
2024-04-05,GLOBAL_WEST,P011,138,144,2878.56
2024-04-05,GLOBAL_WEST,P012,52,53,4239.47
2024-04-06,KR,P001,334,361,357.39
2024-04-06,KR,P002,157,168,838.32
2024-04-06,KR,P003,158,169,2533.31
2024-04-06,KR,P005,222,232,1853.68
2024-04-06,KR,P006,107,112,2798.88
2024-04-06,KR,P007,167,174,1738.26
2024-04-06,KR,P009,0,0,0.0
2024-04-06,KR,P010,120,127,633.73
2024-04-06,KR,P011,96,104,2078.96
2024-04-06,KR,P012,62,67,5359.33
2024-04-06,JP,P001,330,348,344.52
2024-04-06,JP,P002,155,167,833.33
2024-04-06,JP,P003,164,176,2638.24
2024-04-06,JP,P005,164,184,1470.16
2024-04-06,JP,P006,103,106,2648.94
2024-04-06,JP,P007,117,123,1228.77
2024-04-06,JP,P009,0,0,0.0
2024-04-06,JP,P010,91,99,494.01
2024-04-06,JP,P011,73,79,1579.21
2024-04-06,JP,P012,16,16,1279.84
2024-04-06,GLOBAL_WEST,P001,562,602,595.98
2024-04-06,GLOBAL_WEST,P002,288,300,1497.0
2024-04-06,GLOBAL_WEST,P003,262,281,4212.19
2024-04-06,GLOBAL_WEST,P005,309,348,2780.52
2024-04-06,GLOBAL_WEST,P006,194,217,5422.83
2024-04-06,GLOBAL_WEST,P007,205,229,2287.71
2024-04-06,GLOBAL_WEST,P009,0,0,0.0
2024-04-06,GLOBAL_WEST,P010,124,135,673.65
2024-04-06,GLOBAL_WEST,P011,110,122,2438.78
2024-04-06,GLOBAL_WEST,P012,2,2,159.98
2024-04-07,KR,P001,347,374,370.26
2024-04-07,KR,P002,169,176,878.24
2024-04-07,KR,P003,201,214,3207.86
2024-04-07,KR,P005,232,254,2029.46
2024-04-07,KR,P006,122,133,3323.67
2024-04-07,KR,P007,132,145,1448.55
2024-04-07,KR,P009,0,0,0.0
2024-04-07,KR,P010,105,112,558.88
2024-04-07,KR,P011,87,92,1839.08
2024-04-07,KR,P012,58,63,5039.37
2024-04-07,JP,P001,347,373,369.27
2024-04-07,JP,P002,152,161,803.39
2024-04-07,JP,P003,172,191,2863.09
2024-04-07,JP,P005,195,208,1661.92
2024-04-07,JP,P006,99,105,2623.95
2024-04-07,JP,P007,126,136,1358.64
2024-04-07,JP,P009,0,0,0.0
2024-04-07,JP,P010,93,97,484.03
2024-04-07,JP,P011,75,82,1639.18
2024-04-07,JP,P012,0,0,0.0
2024-04-07,GLOBAL_WEST,P001,484,531,525.69
2024-04-07,GLOBAL_WEST,P002,262,289,1442.11
2024-04-07,GLOBAL_WEST,P003,245,261,3912.39
2024-04-07,GLOBAL_WEST,P005,365,406,3243.94
2024-04-07,GLOBAL_WEST,P006,185,196,4898.04
2024-04-07,GLOBAL_WEST,P007,209,232,2317.68
2024-04-07,GLOBAL_WEST,P009,0,0,0.0
2024-04-07,GLOBAL_WEST,P010,181,201,1002.99
2024-04-07,GLOBAL_WEST,P011,114,124,2478.76
2024-04-07,GLOBAL_WEST,P012,29,32,2559.68
2024-04-08,KR,P001,347,383,379.17
2024-04-08,KR,P002,203,226,1127.74
2024-04-08,KR,P003,187,205,3072.95
2024-04-08,KR,P005,217,220,1757.8
2024-04-08,KR,P006,85,91,2274.09
2024-04-08,KR,P007,139,153,1528.47
2024-04-08,KR,P009,0,0,0.0
2024-04-08,KR,P010,106,113,563.87
2024-04-08,KR,P011,53,56,1119.44
2024-04-08,KR,P012,16,18,1439.82
2024-04-08,JP,P001,342,374,370.26
2024-04-08,JP,P002,178,198,988.02
2024-04-08,JP,P003,141,150,2248.5
2024-04-08,JP,P005,221,241,1925.59
2024-04-08,JP,P006,84,90,2249.1
2024-04-08,JP,P007,122,132,1318.68
2024-04-08,JP,P009,0,0,0.0
2024-04-08,JP,P010,94,100,499.0
2024-04-08,JP,P011,62,66,1319.34
2024-04-08,JP,P012,28,30,2399.7
2024-04-08,GLOBAL_WEST,P001,602,648,641.52
2024-04-08,GLOBAL_WEST,P002,242,260,1297.4
2024-04-08,GLOBAL_WEST,P003,311,341,5111.59
2024-04-08,GLOBAL_WEST,P005,289,315,2516.85
2024-04-08,GLOBAL_WEST,P006,186,208,5197.92
2024-04-08,GLOBAL_WEST,P007,283,312,3116.88
2024-04-08,GLOBAL_WEST,P009,0,0,0.0
2024-04-08,GLOBAL_WEST,P010,133,145,723.55
2024-04-08,GLOBAL_WEST,P011,25,26,519.74
2024-04-08,GLOBAL_WEST,P012,75,79,6319.21
2024-04-09,KR,P001,365,390,386.1
2024-04-09,KR,P002,177,180,898.2
2024-04-09,KR,P003,170,195,2923.05
2024-04-09,KR,P005,203,216,1725.84
2024-04-09,KR,P006,92,98,2449.02
2024-04-09,KR,P007,141,155,1548.45
2024-04-09,KR,P009,0,0,0.0
2024-04-09,KR,P010,91,98,489.02
2024-04-09,KR,P011,69,71,1419.29
2024-04-09,KR,P012,31,33,2639.67
2024-04-09,JP,P001,329,361,357.39
2024-04-09,JP,P002,150,156,778.44
2024-04-09,JP,P003,157,164,2458.36
2024-04-09,JP,P005,165,182,1454.18
2024-04-09,JP,P006,103,118,2948.82
2024-04-09,JP,P007,111,118,1178.82
2024-04-09,JP,P009,0,0,0.0
2024-04-09,JP,P010,77,85,424.15
2024-04-09,JP,P011,46,51,1019.49
2024-04-09,JP,P012,43,46,3679.54
2024-04-09,GLOBAL_WEST,P001,499,553,547.47
2024-04-09,GLOBAL_WEST,P002,263,290,1447.1
2024-04-09,GLOBAL_WEST,P003,294,308,4616.92
2024-04-09,GLOBAL_WEST,P005,282,290,2317.1
2024-04-09,GLOBAL_WEST,P006,137,144,3598.56
2024-04-09,GLOBAL_WEST,P007,205,217,2167.83
2024-04-09,GLOBAL_WEST,P009,0,0,0.0
2024-04-09,GLOBAL_WEST,P010,139,146,728.54
2024-04-09,GLOBAL_WEST,P011,115,124,2478.76
2024-04-09,GLOBAL_WEST,P012,61,66,5279.34
2024-04-10,KR,P001,347,387,383.13
2024-04-10,KR,P002,178,186,928.14
2024-04-10,KR,P003,184,203,3042.97
2024-04-10,KR,P005,217,224,1789.76
2024-04-10,KR,P006,79,79,1974.21
2024-04-10,KR,P007,139,145,1448.55
2024-04-10,KR,P009,0,0,0.0
2024-04-10,KR,P010,116,122,608.78
2024-04-10,KR,P011,38,40,799.6
2024-04-10,KR,P012,28,31,2479.69
2024-04-10,JP,P001,329,339,335.61
2024-04-10,JP,P002,132,141,703.59
2024-04-10,JP,P003,160,170,2548.3
2024-04-10,JP,P005,201,228,1821.72
2024-04-10,JP,P006,84,88,2199.12
2024-04-10,JP,P007,128,140,1398.6
2024-04-10,JP,P009,0,0,0.0
2024-04-10,JP,P010,90,98,489.02
2024-04-10,JP,P011,46,52,1039.48
2024-04-10,JP,P012,2,2,159.98
2024-04-10,GLOBAL_WEST,P001,518,530,524.7
2024-04-10,GLOBAL_WEST,P002,274,292,1457.08
2024-04-10,GLOBAL_WEST,P003,284,296,4437.04
2024-04-10,GLOBAL_WEST,P005,269,294,2349.06
2024-04-10,GLOBAL_WEST,P006,187,206,5147.94
2024-04-10,GLOBAL_WEST,P007,170,178,1778.22
2024-04-10,GLOBAL_WEST,P009,0,0,0.0
2024-04-10,GLOBAL_WEST,P010,148,157,783.43
2024-04-10,GLOBAL_WEST,P011,146,154,3078.46
2024-04-10,GLOBAL_WEST,P012,23,24,1919.76
2024-04-11,KR,P001,364,396,392.04
2024-04-11,KR,P002,203,223,1112.77
2024-04-11,KR,P003,185,194,2908.06
2024-04-11,KR,P005,186,198,1582.02
2024-04-11,KR,P006,107,113,2823.87
2024-04-11,KR,P007,128,141,1408.59
2024-04-11,KR,P009,0,0,0.0
2024-04-11,KR,P010,93,94,469.06
2024-04-11,KR,P011,53,56,1119.44
2024-04-11,KR,P012,23,24,1919.76
2024-04-11,JP,P001,318,349,345.51
2024-04-11,JP,P002,141,143,713.57
2024-04-11,JP,P003,162,175,2623.25
2024-04-11,JP,P005,162,175,1398.25
2024-04-11,JP,P006,100,107,2673.93
2024-04-11,JP,P007,125,137,1368.63
2024-04-11,JP,P009,0,0,0.0
2024-04-11,JP,P010,71,75,374.25
2024-04-11,JP,P011,60,64,1279.36
2024-04-11,JP,P012,9,10,799.9
2024-04-11,GLOBAL_WEST,P001,544,609,602.91
2024-04-11,GLOBAL_WEST,P002,189,206,1027.94
2024-04-11,GLOBAL_WEST,P003,220,227,3402.73
2024-04-11,GLOBAL_WEST,P005,308,349,2788.51
2024-04-11,GLOBAL_WEST,P006,145,155,3873.45
2024-04-11,GLOBAL_WEST,P007,237,251,2507.49
2024-04-11,GLOBAL_WEST,P009,0,0,0.0
2024-04-11,GLOBAL_WEST,P010,145,157,783.43
2024-04-11,GLOBAL_WEST,P011,111,122,2438.78
2024-04-11,GLOBAL_WEST,P012,84,91,7279.09
2024-04-12,KR,P001,369,399,395.01
2024-04-12,KR,P002,192,201,1002.99
2024-04-12,KR,P003,157,168,2518.32
2024-04-12,KR,P005,207,239,1909.61
2024-04-12,KR,P006,115,120,2998.8
2024-04-12,KR,P007,106,113,1128.87
2024-04-12,KR,P009,0,0,0.0
2024-04-12,KR,P010,126,138,688.62
2024-04-12,KR,P011,69,78,1559.22
2024-04-12,KR,P012,50,53,4239.47
2024-04-12,JP,P001,321,350,346.5
2024-04-12,JP,P002,149,161,803.39
2024-04-12,JP,P003,146,151,2263.49
2024-04-12,JP,P005,180,186,1486.14
2024-04-12,JP,P006,90,98,2449.02
2024-04-12,JP,P007,115,115,1148.85
2024-04-12,JP,P009,0,0,0.0
2024-04-12,JP,P010,106,112,558.88
2024-04-12,JP,P011,72,77,1539.23
2024-04-12,JP,P012,20,20,1599.8
2024-04-12,GLOBAL_WEST,P001,511,556,550.44
2024-04-12,GLOBAL_WEST,P002,241,250,1247.5
2024-04-12,GLOBAL_WEST,P003,221,229,3432.71
2024-04-12,GLOBAL_WEST,P005,312,343,2740.57
2024-04-12,GLOBAL_WEST,P006,194,204,5097.96
2024-04-12,GLOBAL_WEST,P007,197,213,2127.87
2024-04-12,GLOBAL_WEST,P009,0,0,0.0
2024-04-12,GLOBAL_WEST,P010,166,180,898.2
2024-04-12,GLOBAL_WEST,P011,65,69,1379.31
2024-04-12,GLOBAL_WEST,P012,38,40,3199.6
2024-04-13,KR,P001,323,340,336.6
2024-04-13,KR,P002,167,174,868.26
2024-04-13,KR,P003,188,202,3027.98
2024-04-13,KR,P005,175,184,1470.16
2024-04-13,KR,P006,90,94,2349.06
2024-04-13,KR,P007,127,135,1348.65
2024-04-13,KR,P009,0,0,0.0
2024-04-13,KR,P010,101,105,523.95
2024-04-13,KR,P011,69,75,1499.25
2024-04-13,KR,P012,26,28,2239.72
2024-04-13,JP,P001,357,389,385.11
2024-04-13,JP,P002,153,167,833.33
2024-04-13,JP,P003,165,186,2788.14
2024-04-13,JP,P005,208,217,1733.83
2024-04-13,JP,P006,107,115,2873.85
2024-04-13,JP,P007,135,141,1408.59
2024-04-13,JP,P009,0,0,0.0
2024-04-13,JP,P010,97,103,513.97
2024-04-13,JP,P011,65,66,1319.34
2024-04-13,JP,P012,24,26,2079.74
2024-04-13,GLOBAL_WEST,P001,519,548,542.52
2024-04-13,GLOBAL_WEST,P002,216,226,1127.74
2024-04-13,GLOBAL_WEST,P003,317,341,5111.59
2024-04-13,GLOBAL_WEST,P005,276,297,2373.03
2024-04-13,GLOBAL_WEST,P006,192,197,4923.03
2024-04-13,GLOBAL_WEST,P007,239,265,2647.35
2024-04-13,GLOBAL_WEST,P009,0,0,0.0
2024-04-13,GLOBAL_WEST,P010,115,127,633.73
2024-04-13,GLOBAL_WEST,P011,102,112,2238.88
2024-04-13,GLOBAL_WEST,P012,33,37,2959.63
2024-04-14,KR,P001,331,354,350.46
2024-04-14,KR,P002,177,184,918.16
2024-04-14,KR,P003,161,179,2683.21
2024-04-14,KR,P005,190,201,1605.99
2024-04-14,KR,P006,96,103,2573.97
2024-04-14,KR,P007,149,165,1648.35
2024-04-14,KR,P009,0,0,0.0
2024-04-14,KR,P010,115,126,628.74
2024-04-14,KR,P011,93,101,2018.99
2024-04-14,KR,P012,26,28,2239.72
2024-04-14,JP,P001,325,351,347.49
2024-04-14,JP,P002,184,208,1037.92
2024-04-14,JP,P003,172,185,2773.15
2024-04-14,JP,P005,182,188,1502.12
2024-04-14,JP,P006,83,91,2274.09
2024-04-14,JP,P007,144,153,1528.47
2024-04-14,JP,P009,0,0,0.0
2024-04-14,JP,P010,76,82,409.18
2024-04-14,JP,P011,57,61,1219.39
2024-04-14,JP,P012,19,21,1679.79
2024-04-14,GLOBAL_WEST,P001,517,559,553.41
2024-04-14,GLOBAL_WEST,P002,261,283,1412.17
2024-04-14,GLOBAL_WEST,P003,277,303,4541.97
2024-04-14,GLOBAL_WEST,P005,333,347,2772.53
2024-04-14,GLOBAL_WEST,P006,162,170,4248.3
2024-04-14,GLOBAL_WEST,P007,164,177,1768.23
2024-04-14,GLOBAL_WEST,P009,0,0,0.0
2024-04-14,GLOBAL_WEST,P010,90,97,484.03
2024-04-14,GLOBAL_WEST,P011,112,120,2398.8
2024-04-14,GLOBAL_WEST,P012,62,69,5519.31
2024-04-15,KR,P001,329,339,335.61
2024-04-15,KR,P002,165,180,898.2
2024-04-15,KR,P003,163,177,2653.23
2024-04-15,KR,P005,207,227,1813.73
2024-04-15,KR,P006,131,144,3598.56
2024-04-15,KR,P007,142,154,1538.46
2024-04-15,KR,P009,0,0,0.0
2024-04-15,KR,P010,108,113,563.87
2024-04-15,KR,P011,54,59,1179.41
2024-04-15,KR,P012,38,42,3359.58
2024-04-15,JP,P001,323,365,361.35
2024-04-15,JP,P002,151,165,823.35
2024-04-15,JP,P003,146,166,2488.34
2024-04-15,JP,P005,184,196,1566.04
2024-04-15,JP,P006,103,112,2798.88
2024-04-15,JP,P007,92,102,1018.98
2024-04-15,JP,P009,0,0,0.0
2024-04-15,JP,P010,101,103,513.97
2024-04-15,JP,P011,89,95,1899.05
2024-04-15,JP,P012,43,48,3839.52
2024-04-15,GLOBAL_WEST,P001,544,611,604.89
2024-04-15,GLOBAL_WEST,P002,250,268,1337.32
2024-04-15,GLOBAL_WEST,P003,230,246,3687.54
2024-04-15,GLOBAL_WEST,P005,294,316,2524.84
2024-04-15,GLOBAL_WEST,P006,169,183,4573.17
2024-04-15,GLOBAL_WEST,P007,224,244,2437.56
2024-04-15,GLOBAL_WEST,P009,0,0,0.0
2024-04-15,GLOBAL_WEST,P010,152,157,783.43
2024-04-15,GLOBAL_WEST,P011,89,97,1939.03
2024-04-15,GLOBAL_WEST,P012,98,112,8958.88
2024-04-16,KR,P001,355,371,367.29
2024-04-16,KR,P002,175,191,953.09
2024-04-16,KR,P003,197,216,3237.84
2024-04-16,KR,P005,207,216,1725.84
2024-04-16,KR,P006,137,148,3698.52
2024-04-16,KR,P007,104,113,1128.87
2024-04-16,KR,P009,0,0,0.0
2024-04-16,KR,P010,69,80,399.2
2024-04-16,KR,P011,52,55,1099.45
2024-04-16,KR,P012,25,26,2079.74
2024-04-16,JP,P001,330,358,354.42
2024-04-16,JP,P002,182,197,983.03
2024-04-16,JP,P003,149,166,2488.34
2024-04-16,JP,P005,210,225,1797.75
2024-04-16,JP,P006,115,118,2948.82
2024-04-16,JP,P007,108,116,1158.84
2024-04-16,JP,P009,0,0,0.0
2024-04-16,JP,P010,118,126,628.74
2024-04-16,JP,P011,49,55,1099.45
2024-04-16,JP,P012,0,0,0.0
2024-04-16,GLOBAL_WEST,P001,545,564,558.36
2024-04-16,GLOBAL_WEST,P002,265,287,1432.13
2024-04-16,GLOBAL_WEST,P003,260,269,4032.31
2024-04-16,GLOBAL_WEST,P005,305,319,2548.81
2024-04-16,GLOBAL_WEST,P006,161,175,4373.25
2024-04-16,GLOBAL_WEST,P007,221,249,2487.51
2024-04-16,GLOBAL_WEST,P009,0,0,0.0
2024-04-16,GLOBAL_WEST,P010,136,152,758.48
2024-04-16,GLOBAL_WEST,P011,76,83,1659.17
2024-04-16,GLOBAL_WEST,P012,15,15,1199.85
2024-04-17,KR,P001,329,370,366.3
2024-04-17,KR,P002,172,186,928.14
2024-04-17,KR,P003,160,169,2533.31
2024-04-17,KR,P005,176,194,1550.06
2024-04-17,KR,P006,100,106,2648.94
2024-04-17,KR,P007,131,140,1398.6
2024-04-17,KR,P009,0,0,0.0
2024-04-17,KR,P010,70,76,379.24
2024-04-17,KR,P011,77,85,1699.15
2024-04-17,KR,P012,0,0,0.0
2024-04-17,JP,P001,308,334,330.66
2024-04-17,JP,P002,168,184,918.16
2024-04-17,JP,P003,135,139,2083.61
2024-04-17,JP,P005,186,196,1566.04
2024-04-17,JP,P006,112,122,3048.78
2024-04-17,JP,P007,89,94,939.06
2024-04-17,JP,P009,0,0,0.0
2024-04-17,JP,P010,98,106,528.94
2024-04-17,JP,P011,83,90,1799.1
2024-04-17,JP,P012,19,21,1679.79
2024-04-17,GLOBAL_WEST,P001,463,494,489.06
2024-04-17,GLOBAL_WEST,P002,284,305,1521.95
2024-04-17,GLOBAL_WEST,P003,236,266,3987.34
2024-04-17,GLOBAL_WEST,P005,305,327,2612.73
2024-04-17,GLOBAL_WEST,P006,206,213,5322.87
2024-04-17,GLOBAL_WEST,P007,218,228,2277.72
2024-04-17,GLOBAL_WEST,P009,0,0,0.0
2024-04-17,GLOBAL_WEST,P010,184,198,988.02
2024-04-17,GLOBAL_WEST,P011,88,94,1879.06
2024-04-17,GLOBAL_WEST,P012,77,81,6479.19
2024-04-18,KR,P001,391,398,394.02
2024-04-18,KR,P002,180,196,978.04
2024-04-18,KR,P003,186,202,3027.98
2024-04-18,KR,P005,203,209,1669.91
2024-04-18,KR,P006,105,106,2648.94
2024-04-18,KR,P007,107,110,1098.9
2024-04-18,KR,P009,0,0,0.0
2024-04-18,KR,P010,103,115,573.85
2024-04-18,KR,P011,66,73,1459.27
2024-04-18,KR,P012,30,33,2639.67
2024-04-18,JP,P001,328,351,347.49
2024-04-18,JP,P002,139,154,768.46
2024-04-18,JP,P003,176,203,3042.97
2024-04-18,JP,P005,176,190,1518.1
2024-04-18,JP,P006,77,82,2049.18
2024-04-18,JP,P007,108,120,1198.8
2024-04-18,JP,P009,0,0,0.0
2024-04-18,JP,P010,72,77,384.23
2024-04-18,JP,P011,82,88,1759.12
2024-04-18,JP,P012,6,6,479.94
2024-04-18,GLOBAL_WEST,P001,463,494,489.06
2024-04-18,GLOBAL_WEST,P002,248,279,1392.21
2024-04-18,GLOBAL_WEST,P003,248,277,4152.23
2024-04-18,GLOBAL_WEST,P005,266,287,2293.13
2024-04-18,GLOBAL_WEST,P006,160,174,4348.26
2024-04-18,GLOBAL_WEST,P007,175,190,1898.1
2024-04-18,GLOBAL_WEST,P009,0,0,0.0
2024-04-18,GLOBAL_WEST,P010,174,193,963.07
2024-04-18,GLOBAL_WEST,P011,137,152,3038.48
2024-04-18,GLOBAL_WEST,P012,21,23,1839.77
2024-04-19,KR,P001,334,368,364.32
2024-04-19,KR,P002,162,165,823.35
2024-04-19,KR,P003,200,231,3462.69
2024-04-19,KR,P005,195,212,1693.88
2024-04-19,KR,P006,108,118,2948.82
2024-04-19,KR,P007,130,143,1428.57
2024-04-19,KR,P009,0,0,0.0
2024-04-19,KR,P010,87,96,479.04
2024-04-19,KR,P011,83,90,1799.1
2024-04-19,KR,P012,33,34,2719.66
2024-04-19,JP,P001,305,339,335.61
2024-04-19,JP,P002,165,174,868.26
2024-04-19,JP,P003,152,166,2488.34
2024-04-19,JP,P005,169,177,1414.23
2024-04-19,JP,P006,87,94,2349.06
2024-04-19,JP,P007,101,111,1108.89
2024-04-19,JP,P009,0,0,0.0
2024-04-19,JP,P010,74,83,414.17
2024-04-19,JP,P011,77,86,1719.14
2024-04-19,JP,P012,44,48,3839.52
2024-04-19,GLOBAL_WEST,P001,542,593,587.07
2024-04-19,GLOBAL_WEST,P002,288,322,1606.78
2024-04-19,GLOBAL_WEST,P003,270,290,4347.1
2024-04-19,GLOBAL_WEST,P005,334,372,2972.28
2024-04-19,GLOBAL_WEST,P006,120,130,3248.7
2024-04-19,GLOBAL_WEST,P007,172,190,1898.1
2024-04-19,GLOBAL_WEST,P009,0,0,0.0
2024-04-19,GLOBAL_WEST,P010,139,144,718.56
2024-04-19,GLOBAL_WEST,P011,87,92,1839.08
2024-04-19,GLOBAL_WEST,P012,56,59,4719.41
2024-04-20,KR,P001,359,395,391.05
2024-04-20,KR,P002,162,174,868.26
2024-04-20,KR,P003,145,156,2338.44
2024-04-20,KR,P005,213,229,1829.71
2024-04-20,KR,P006,86,99,2474.01
2024-04-20,KR,P007,119,129,1288.71
2024-04-20,KR,P009,0,0,0.0
2024-04-20,KR,P010,105,113,563.87
2024-04-20,KR,P011,90,94,1879.06
2024-04-20,KR,P012,26,26,2079.74
2024-04-20,JP,P001,310,331,327.69
2024-04-20,JP,P002,163,178,888.22
2024-04-20,JP,P003,194,211,3162.89
2024-04-20,JP,P005,214,232,1853.68
2024-04-20,JP,P006,122,132,3298.68
2024-04-20,JP,P007,152,163,1628.37
2024-04-20,JP,P009,0,0,0.0
2024-04-20,JP,P010,79,84,419.16
2024-04-20,JP,P011,72,78,1559.22
2024-04-20,JP,P012,37,38,3039.62
2024-04-20,GLOBAL_WEST,P001,555,578,572.22
2024-04-20,GLOBAL_WEST,P002,206,229,1142.71
2024-04-20,GLOBAL_WEST,P003,249,263,3942.37
2024-04-20,GLOBAL_WEST,P005,359,403,3219.97
2024-04-20,GLOBAL_WEST,P006,139,148,3698.52
2024-04-20,GLOBAL_WEST,P007,143,154,1538.46
2024-04-20,GLOBAL_WEST,P009,0,0,0.0
2024-04-20,GLOBAL_WEST,P010,180,193,963.07
2024-04-20,GLOBAL_WEST,P011,59,62,1239.38
2024-04-20,GLOBAL_WEST,P012,8,10,799.9
2024-04-21,KR,P001,299,325,321.75
2024-04-21,KR,P002,153,156,778.44
2024-04-21,KR,P003,152,165,2473.35
2024-04-21,KR,P005,199,219,1749.81
2024-04-21,KR,P006,126,139,3473.61
2024-04-21,KR,P007,81,85,849.15
2024-04-21,KR,P009,0,0,0.0
2024-04-21,KR,P010,113,122,608.78
2024-04-21,KR,P011,50,51,1019.49
2024-04-21,KR,P012,32,33,2639.67
2024-04-21,JP,P001,294,325,321.75
2024-04-21,JP,P002,156,166,828.34
2024-04-21,JP,P003,147,161,2413.39
2024-04-21,JP,P005,190,207,1653.93
2024-04-21,JP,P006,99,106,2648.94
2024-04-21,JP,P007,80,83,829.17
2024-04-21,JP,P009,0,0,0.0
2024-04-21,JP,P010,107,119,593.81
2024-04-21,JP,P011,42,45,899.55
2024-04-21,JP,P012,33,36,2879.64
2024-04-21,GLOBAL_WEST,P001,525,539,533.61
2024-04-21,GLOBAL_WEST,P002,285,310,1546.9
2024-04-21,GLOBAL_WEST,P003,261,293,4392.07
2024-04-21,GLOBAL_WEST,P005,314,350,2796.5
2024-04-21,GLOBAL_WEST,P006,172,192,4798.08
2024-04-21,GLOBAL_WEST,P007,187,189,1888.11
2024-04-21,GLOBAL_WEST,P009,0,0,0.0
2024-04-21,GLOBAL_WEST,P010,159,173,863.27
2024-04-21,GLOBAL_WEST,P011,58,63,1259.37
2024-04-21,GLOBAL_WEST,P012,2,2,159.98
2024-04-22,KR,P001,313,338,334.62
2024-04-22,KR,P002,156,168,838.32
2024-04-22,KR,P003,158,176,2638.24
2024-04-22,KR,P005,204,231,1845.69
2024-04-22,KR,P006,40,43,1074.57
2024-04-22,KR,P007,117,128,1278.72
2024-04-22,KR,P009,0,0,0.0
2024-04-22,KR,P010,62,66,329.34
2024-04-22,KR,P011,46,49,979.51
2024-04-22,KR,P012,16,16,1279.84
2024-04-22,JP,P001,287,295,292.05
2024-04-22,JP,P002,120,132,658.68
2024-04-22,JP,P003,132,138,2068.62
2024-04-22,JP,P005,186,197,1574.03
2024-04-22,JP,P006,101,113,2823.87
2024-04-22,JP,P007,113,118,1178.82
2024-04-22,JP,P009,0,0,0.0
2024-04-22,JP,P010,75,82,409.18
2024-04-22,JP,P011,66,73,1459.27
2024-04-22,JP,P012,24,26,2079.74
2024-04-22,GLOBAL_WEST,P001,507,565,559.35
2024-04-22,GLOBAL_WEST,P002,241,258,1287.42
2024-04-22,GLOBAL_WEST,P003,292,316,4736.84
2024-04-22,GLOBAL_WEST,P005,331,348,2780.52
2024-04-22,GLOBAL_WEST,P006,113,126,3148.74
2024-04-22,GLOBAL_WEST,P007,203,221,2207.79
2024-04-22,GLOBAL_WEST,P009,0,0,0.0
2024-04-22,GLOBAL_WEST,P010,142,149,743.51
2024-04-22,GLOBAL_WEST,P011,140,150,2998.5
2024-04-22,GLOBAL_WEST,P012,51,53,4239.47
2024-04-23,KR,P001,336,374,370.26
2024-04-23,KR,P002,132,136,678.64
2024-04-23,KR,P003,198,222,3327.78
2024-04-23,KR,P005,186,196,1566.04
2024-04-23,KR,P006,103,108,2698.92
2024-04-23,KR,P007,154,176,1758.24
2024-04-23,KR,P009,0,0,0.0
2024-04-23,KR,P010,76,82,409.18
2024-04-23,KR,P011,68,74,1479.26
2024-04-23,KR,P012,25,27,2159.73
2024-04-23,JP,P001,309,327,323.73
2024-04-23,JP,P002,131,138,688.62
2024-04-23,JP,P003,150,160,2398.4
2024-04-23,JP,P005,173,197,1574.03
2024-04-23,JP,P006,85,93,2324.07
2024-04-23,JP,P007,123,135,1348.65
2024-04-23,JP,P009,0,0,0.0
2024-04-23,JP,P010,77,82,409.18
2024-04-23,JP,P011,48,51,1019.49
2024-04-23,JP,P012,14,16,1279.84
2024-04-23,GLOBAL_WEST,P001,518,556,550.44
2024-04-23,GLOBAL_WEST,P002,271,293,1462.07
2024-04-23,GLOBAL_WEST,P003,277,293,4392.07
2024-04-23,GLOBAL_WEST,P005,296,316,2524.84
2024-04-23,GLOBAL_WEST,P006,128,133,3323.67
2024-04-23,GLOBAL_WEST,P007,220,239,2387.61
2024-04-23,GLOBAL_WEST,P009,0,0,0.0
2024-04-23,GLOBAL_WEST,P010,95,110,548.9
2024-04-23,GLOBAL_WEST,P011,18,19,379.81
2024-04-23,GLOBAL_WEST,P012,27,28,2239.72
2024-04-24,KR,P001,349,397,393.03
2024-04-24,KR,P002,168,182,908.18
2024-04-24,KR,P003,164,182,2728.18
2024-04-24,KR,P005,186,202,1613.98
2024-04-24,KR,P006,100,111,2773.89
2024-04-24,KR,P007,107,114,1138.86
2024-04-24,KR,P009,0,0,0.0
2024-04-24,KR,P010,67,75,374.25
2024-04-24,KR,P011,71,75,1499.25
2024-04-24,KR,P012,20,20,1599.8
2024-04-24,JP,P001,320,339,335.61
2024-04-24,JP,P002,146,157,783.43
2024-04-24,JP,P003,173,186,2788.14
2024-04-24,JP,P005,165,174,1390.26
2024-04-24,JP,P006,62,67,1674.33
2024-04-24,JP,P007,132,143,1428.57
2024-04-24,JP,P009,0,0,0.0
2024-04-24,JP,P010,71,77,384.23
2024-04-24,JP,P011,58,62,1239.38
2024-04-24,JP,P012,20,22,1759.78
2024-04-24,GLOBAL_WEST,P001,521,540,534.6
2024-04-24,GLOBAL_WEST,P002,266,289,1442.11
2024-04-24,GLOBAL_WEST,P003,301,322,4826.78
2024-04-24,GLOBAL_WEST,P005,278,302,2412.98
2024-04-24,GLOBAL_WEST,P006,113,129,3223.71
2024-04-24,GLOBAL_WEST,P007,113,123,1228.77
2024-04-24,GLOBAL_WEST,P009,0,0,0.0
2024-04-24,GLOBAL_WEST,P010,138,152,758.48
2024-04-24,GLOBAL_WEST,P011,101,109,2178.91
2024-04-24,GLOBAL_WEST,P012,0,0,0.0
2024-04-25,KR,P001,290,301,297.99
2024-04-25,KR,P002,162,180,898.2
2024-04-25,KR,P003,188,194,2908.06
2024-04-25,KR,P005,190,197,1574.03
2024-04-25,KR,P006,85,90,2249.1
2024-04-25,KR,P007,145,148,1478.52
2024-04-25,KR,P009,0,0,0.0
2024-04-25,KR,P010,131,144,718.56
2024-04-25,KR,P011,53,57,1139.43
2024-04-25,KR,P012,19,19,1519.81
2024-04-25,JP,P001,287,315,311.85
2024-04-25,JP,P002,127,139,693.61
2024-04-25,JP,P003,151,160,2398.4
2024-04-25,JP,P005,179,192,1534.08
2024-04-25,JP,P006,94,94,2349.06
2024-04-25,JP,P007,100,111,1108.89
2024-04-25,JP,P009,0,0,0.0
2024-04-25,JP,P010,97,102,508.98
2024-04-25,JP,P011,49,55,1099.45
2024-04-25,JP,P012,23,24,1919.76
2024-04-25,GLOBAL_WEST,P001,423,450,445.5
2024-04-25,GLOBAL_WEST,P002,226,246,1227.54
2024-04-25,GLOBAL_WEST,P003,194,206,3087.94
2024-04-25,GLOBAL_WEST,P005,248,272,2173.28
2024-04-25,GLOBAL_WEST,P006,119,136,3398.64
2024-04-25,GLOBAL_WEST,P007,180,193,1928.07
2024-04-25,GLOBAL_WEST,P009,0,0,0.0
2024-04-25,GLOBAL_WEST,P010,123,124,618.76
2024-04-25,GLOBAL_WEST,P011,64,69,1379.31
2024-04-25,GLOBAL_WEST,P012,0,0,0.0
2024-04-26,KR,P001,332,353,349.47
2024-04-26,KR,P002,178,185,923.15
2024-04-26,KR,P003,152,165,2473.35
2024-04-26,KR,P005,206,221,1765.79
2024-04-26,KR,P006,97,109,2723.91
2024-04-26,KR,P007,94,103,1028.97
2024-04-26,KR,P009,0,0,0.0
2024-04-26,KR,P010,76,83,414.17
2024-04-26,KR,P011,77,84,1679.16
2024-04-26,KR,P012,11,11,879.89
2024-04-26,JP,P001,313,328,324.72
2024-04-26,JP,P002,154,165,823.35
2024-04-26,JP,P003,138,148,2218.52
2024-04-26,JP,P005,166,179,1430.21
2024-04-26,JP,P006,95,102,2548.98
2024-04-26,JP,P007,108,121,1208.79
2024-04-26,JP,P009,0,0,0.0
2024-04-26,JP,P010,90,97,484.03
2024-04-26,JP,P011,61,65,1299.35
2024-04-26,JP,P012,5,5,399.95
2024-04-26,GLOBAL_WEST,P001,490,524,518.76
2024-04-26,GLOBAL_WEST,P002,248,277,1382.23
2024-04-26,GLOBAL_WEST,P003,256,279,4182.21
2024-04-26,GLOBAL_WEST,P005,260,280,2237.2
2024-04-26,GLOBAL_WEST,P006,140,156,3898.44
2024-04-26,GLOBAL_WEST,P007,185,197,1968.03
2024-04-26,GLOBAL_WEST,P009,0,0,0.0
2024-04-26,GLOBAL_WEST,P010,142,156,778.44
2024-04-26,GLOBAL_WEST,P011,108,121,2418.79
2024-04-26,GLOBAL_WEST,P012,11,13,1039.87
2024-04-27,KR,P001,322,355,351.45
2024-04-27,KR,P002,145,153,763.47
2024-04-27,KR,P003,170,173,2593.27
2024-04-27,KR,P005,215,223,1781.77
2024-04-27,KR,P006,102,115,2873.85
2024-04-27,KR,P007,99,106,1058.94
2024-04-27,KR,P009,0,0,0.0
2024-04-27,KR,P010,67,69,344.31
2024-04-27,KR,P011,66,69,1379.31
2024-04-27,KR,P012,29,31,2479.69
2024-04-27,JP,P001,331,346,342.54
2024-04-27,JP,P002,160,170,848.3
2024-04-27,JP,P003,165,170,2548.3
2024-04-27,JP,P005,167,180,1438.2
2024-04-27,JP,P006,88,90,2249.1
2024-04-27,JP,P007,106,115,1148.85
2024-04-27,JP,P009,0,0,0.0
2024-04-27,JP,P010,88,96,479.04
2024-04-27,JP,P011,55,60,1199.4
2024-04-27,JP,P012,28,30,2399.7
2024-04-27,GLOBAL_WEST,P001,444,466,461.34
2024-04-27,GLOBAL_WEST,P002,257,283,1412.17
2024-04-27,GLOBAL_WEST,P003,259,294,4407.06
2024-04-27,GLOBAL_WEST,P005,287,321,2564.79
2024-04-27,GLOBAL_WEST,P006,131,138,3448.62
2024-04-27,GLOBAL_WEST,P007,144,155,1548.45
2024-04-27,GLOBAL_WEST,P009,0,0,0.0
2024-04-27,GLOBAL_WEST,P010,154,165,823.35
2024-04-27,GLOBAL_WEST,P011,115,121,2418.79
2024-04-27,GLOBAL_WEST,P012,17,20,1599.8
2024-04-28,KR,P001,316,332,328.68
2024-04-28,KR,P002,176,200,998.0
2024-04-28,KR,P003,162,166,2488.34
2024-04-28,KR,P005,211,229,1829.71
2024-04-28,KR,P006,98,103,2573.97
2024-04-28,KR,P007,135,143,1428.57
2024-04-28,KR,P009,0,0,0.0
2024-04-28,KR,P010,111,118,588.82
2024-04-28,KR,P011,47,51,1019.49
2024-04-28,KR,P012,0,0,0.0
2024-04-28,JP,P001,319,348,344.52
2024-04-28,JP,P002,185,190,948.1
2024-04-28,JP,P003,152,166,2488.34
2024-04-28,JP,P005,186,200,1598.0
2024-04-28,JP,P006,93,97,2424.03
2024-04-28,JP,P007,129,137,1368.63
2024-04-28,JP,P009,0,0,0.0
2024-04-28,JP,P010,96,96,479.04
2024-04-28,JP,P011,49,53,1059.47
2024-04-28,JP,P012,12,12,959.88
2024-04-28,GLOBAL_WEST,P001,497,529,523.71
2024-04-28,GLOBAL_WEST,P002,246,273,1362.27
2024-04-28,GLOBAL_WEST,P003,266,292,4377.08
2024-04-28,GLOBAL_WEST,P005,239,239,1909.61
2024-04-28,GLOBAL_WEST,P006,181,200,4998.0
2024-04-28,GLOBAL_WEST,P007,202,218,2177.82
2024-04-28,GLOBAL_WEST,P009,0,0,0.0
2024-04-28,GLOBAL_WEST,P010,142,145,723.55
2024-04-28,GLOBAL_WEST,P011,119,132,2638.68
2024-04-28,GLOBAL_WEST,P012,94,101,8078.99
2024-04-29,KR,P001,351,382,378.18
2024-04-29,KR,P002,179,184,918.16
2024-04-29,KR,P003,130,144,2158.56
2024-04-29,KR,P005,208,226,1805.74
2024-04-29,KR,P006,107,117,2923.83
2024-04-29,KR,P007,133,145,1448.55
2024-04-29,KR,P009,0,0,0.0
2024-04-29,KR,P010,99,109,543.91
2024-04-29,KR,P011,70,75,1499.25
2024-04-29,KR,P012,21,23,1839.77
2024-04-29,JP,P001,324,351,347.49
2024-04-29,JP,P002,160,163,813.37
2024-04-29,JP,P003,170,183,2743.17
2024-04-29,JP,P005,185,200,1598.0
2024-04-29,JP,P006,87,95,2374.05
2024-04-29,JP,P007,136,147,1468.53
2024-04-29,JP,P009,0,0,0.0
2024-04-29,JP,P010,97,101,503.99
2024-04-29,JP,P011,57,63,1259.37
2024-04-29,JP,P012,33,36,2879.64
2024-04-29,GLOBAL_WEST,P001,512,539,533.61
2024-04-29,GLOBAL_WEST,P002,262,295,1472.05
2024-04-29,GLOBAL_WEST,P003,282,295,4422.05
2024-04-29,GLOBAL_WEST,P005,289,310,2476.9
2024-04-29,GLOBAL_WEST,P006,163,176,4398.24
2024-04-29,GLOBAL_WEST,P007,134,143,1428.57
2024-04-29,GLOBAL_WEST,P009,0,0,0.0
2024-04-29,GLOBAL_WEST,P010,196,210,1047.9
2024-04-29,GLOBAL_WEST,P011,98,106,2118.94
2024-04-29,GLOBAL_WEST,P012,37,40,3199.6
2024-04-30,KR,P001,316,338,334.62
2024-04-30,KR,P002,141,152,758.48
2024-04-30,KR,P003,136,139,2083.61
2024-04-30,KR,P005,178,188,1502.12
2024-04-30,KR,P006,90,93,2324.07
2024-04-30,KR,P007,97,105,1048.95
2024-04-30,KR,P009,0,0,0.0
2024-04-30,KR,P010,85,96,479.04
2024-04-30,KR,P011,68,73,1459.27
2024-04-30,KR,P012,31,32,2559.68
2024-04-30,JP,P001,289,325,321.75
2024-04-30,JP,P002,172,173,863.27
2024-04-30,JP,P003,138,153,2293.47
2024-04-30,JP,P005,201,214,1709.86
2024-04-30,JP,P006,72,79,1974.21
2024-04-30,JP,P007,142,149,1488.51
2024-04-30,JP,P009,0,0,0.0
2024-04-30,JP,P010,88,91,454.09
2024-04-30,JP,P011,54,61,1219.39
2024-04-30,JP,P012,35,39,3119.61
2024-04-30,GLOBAL_WEST,P001,523,551,545.49
2024-04-30,GLOBAL_WEST,P002,260,274,1367.26
2024-04-30,GLOBAL_WEST,P003,205,212,3177.88
2024-04-30,GLOBAL_WEST,P005,303,321,2564.79
2024-04-30,GLOBAL_WEST,P006,137,157,3923.43
2024-04-30,GLOBAL_WEST,P007,216,228,2277.72
2024-04-30,GLOBAL_WEST,P009,0,0,0.0
2024-04-30,GLOBAL_WEST,P010,152,161,803.39
2024-04-30,GLOBAL_WEST,P011,98,103,2058.97
2024-04-30,GLOBAL_WEST,P012,0,0,0.0
2024-05-01,KR,P001,337,373,369.27
2024-05-01,KR,P002,174,182,908.18
2024-05-01,KR,P003,178,196,2938.04
2024-05-01,KR,P005,182,197,1574.03
2024-05-01,KR,P006,128,133,3323.67
2024-05-01,KR,P007,125,127,1268.73
2024-05-01,KR,P009,0,0,0.0
2024-05-01,KR,P010,98,103,513.97
2024-05-01,KR,P011,73,75,1499.25
2024-05-01,KR,P012,62,67,5359.33
2024-05-01,JP,P001,290,321,317.79
2024-05-01,JP,P002,154,163,813.37
2024-05-01,JP,P003,149,158,2368.42
2024-05-01,JP,P005,147,156,1246.44
2024-05-01,JP,P006,90,100,2499.0
2024-05-01,JP,P007,120,131,1308.69
2024-05-01,JP,P009,0,0,0.0
2024-05-01,JP,P010,91,101,503.99
2024-05-01,JP,P011,47,50,999.5
2024-05-01,JP,P012,30,32,2559.68
2024-05-01,GLOBAL_WEST,P001,469,490,485.1
2024-05-01,GLOBAL_WEST,P002,249,275,1372.25
2024-05-01,GLOBAL_WEST,P003,240,254,3807.46
2024-05-01,GLOBAL_WEST,P005,313,358,2860.42
2024-05-01,GLOBAL_WEST,P006,123,128,3198.72
2024-05-01,GLOBAL_WEST,P007,234,244,2437.56
2024-05-01,GLOBAL_WEST,P009,0,0,0.0
2024-05-01,GLOBAL_WEST,P010,121,137,683.63
2024-05-01,GLOBAL_WEST,P011,109,117,2338.83
2024-05-01,GLOBAL_WEST,P012,39,42,3359.58
2024-05-02,KR,P001,359,368,364.32
2024-05-02,KR,P002,181,199,993.01
2024-05-02,KR,P003,164,179,2683.21
2024-05-02,KR,P005,215,230,1837.7
2024-05-02,KR,P006,68,70,1749.3
2024-05-02,KR,P007,134,148,1478.52
2024-05-02,KR,P009,0,0,0.0
2024-05-02,KR,P010,112,123,613.77
2024-05-02,KR,P011,101,113,2258.87
2024-05-02,KR,P012,4,4,319.96
2024-05-02,JP,P001,319,331,327.69
2024-05-02,JP,P002,130,137,683.63
2024-05-02,JP,P003,167,180,2698.2
2024-05-02,JP,P005,170,178,1422.22
2024-05-02,JP,P006,107,113,2823.87
2024-05-02,JP,P007,124,136,1358.64
2024-05-02,JP,P009,0,0,0.0
2024-05-02,JP,P010,78,86,429.14
2024-05-02,JP,P011,51,53,1059.47
2024-05-02,JP,P012,22,25,1999.75
2024-05-02,GLOBAL_WEST,P001,428,478,473.22
2024-05-02,GLOBAL_WEST,P002,209,214,1067.86
2024-05-02,GLOBAL_WEST,P003,227,246,3687.54
2024-05-02,GLOBAL_WEST,P005,291,325,2596.75
2024-05-02,GLOBAL_WEST,P006,200,219,5472.81
2024-05-02,GLOBAL_WEST,P007,171,188,1878.12
2024-05-02,GLOBAL_WEST,P009,0,0,0.0
2024-05-02,GLOBAL_WEST,P010,150,166,828.34
2024-05-02,GLOBAL_WEST,P011,108,113,2258.87
2024-05-02,GLOBAL_WEST,P012,57,63,5039.37
2024-05-03,KR,P001,286,306,302.94
2024-05-03,KR,P002,164,172,858.28
2024-05-03,KR,P003,185,198,2968.02
2024-05-03,KR,P005,204,224,1789.76
2024-05-03,KR,P006,112,117,2923.83
2024-05-03,KR,P007,137,139,1388.61
2024-05-03,KR,P009,0,0,0.0
2024-05-03,KR,P010,103,103,513.97
2024-05-03,KR,P011,61,69,1379.31
2024-05-03,KR,P012,14,14,1119.86
2024-05-03,JP,P001,293,329,325.71
2024-05-03,JP,P002,172,185,923.15
2024-05-03,JP,P003,143,149,2233.51
2024-05-03,JP,P005,169,185,1478.15
2024-05-03,JP,P006,77,86,2149.14
2024-05-03,JP,P007,134,142,1418.58
2024-05-03,JP,P009,0,0,0.0
2024-05-03,JP,P010,91,98,489.02
2024-05-03,JP,P011,56,60,1199.4
2024-05-03,JP,P012,8,9,719.91
2024-05-03,GLOBAL_WEST,P001,480,498,493.02
2024-05-03,GLOBAL_WEST,P002,221,246,1227.54
2024-05-03,GLOBAL_WEST,P003,195,204,3057.96
2024-05-03,GLOBAL_WEST,P005,281,299,2389.01
2024-05-03,GLOBAL_WEST,P006,154,167,4173.33
2024-05-03,GLOBAL_WEST,P007,151,165,1648.35
2024-05-03,GLOBAL_WEST,P009,0,0,0.0
2024-05-03,GLOBAL_WEST,P010,193,216,1077.84
2024-05-03,GLOBAL_WEST,P011,137,148,2958.52
2024-05-03,GLOBAL_WEST,P012,21,22,1759.78
2024-05-04,KR,P001,318,344,340.56
2024-05-04,KR,P002,158,180,898.2
2024-05-04,KR,P003,173,187,2803.13
2024-05-04,KR,P005,198,208,1661.92
2024-05-04,KR,P006,103,112,2798.88
2024-05-04,KR,P007,121,136,1358.64
2024-05-04,KR,P009,0,0,0.0
2024-05-04,KR,P010,81,87,434.13
2024-05-04,KR,P011,95,107,2138.93
2024-05-04,KR,P012,21,22,1759.78
2024-05-04,JP,P001,302,337,333.63
2024-05-04,JP,P002,171,178,888.22
2024-05-04,JP,P003,133,151,2263.49
2024-05-04,JP,P005,164,171,1366.29
2024-05-04,JP,P006,94,99,2474.01
2024-05-04,JP,P007,132,138,1378.62
2024-05-04,JP,P009,0,0,0.0
2024-05-04,JP,P010,117,122,608.78
2024-05-04,JP,P011,89,94,1879.06
2024-05-04,JP,P012,28,31,2479.69
2024-05-04,GLOBAL_WEST,P001,474,526,520.74
2024-05-04,GLOBAL_WEST,P002,232,253,1262.47
2024-05-04,GLOBAL_WEST,P003,269,287,4302.13
2024-05-04,GLOBAL_WEST,P005,253,264,2109.36
2024-05-04,GLOBAL_WEST,P006,130,144,3598.56
2024-05-04,GLOBAL_WEST,P007,183,204,2037.96
2024-05-04,GLOBAL_WEST,P009,0,0,0.0
2024-05-04,GLOBAL_WEST,P010,109,116,578.84
2024-05-04,GLOBAL_WEST,P011,106,113,2258.87
2024-05-04,GLOBAL_WEST,P012,13,15,1199.85
2024-05-05,KR,P001,337,359,355.41
2024-05-05,KR,P002,167,177,883.23
2024-05-05,KR,P003,173,185,2773.15
2024-05-05,KR,P005,197,213,1701.87
2024-05-05,KR,P006,98,104,2598.96
2024-05-05,KR,P007,142,157,1568.43
2024-05-05,KR,P009,0,0,0.0
2024-05-05,KR,P010,68,71,354.29
2024-05-05,KR,P011,33,34,679.66
2024-05-05,KR,P012,5,5,399.95
2024-05-05,JP,P001,301,327,323.73
2024-05-05,JP,P002,149,156,778.44
2024-05-05,JP,P003,158,170,2548.3
2024-05-05,JP,P005,201,214,1709.86
2024-05-05,JP,P006,94,102,2548.98
2024-05-05,JP,P007,109,117,1168.83
2024-05-05,JP,P009,0,0,0.0
2024-05-05,JP,P010,93,100,499.0
2024-05-05,JP,P011,45,48,959.52
2024-05-05,JP,P012,12,12,959.88
2024-05-05,GLOBAL_WEST,P001,467,497,492.03
2024-05-05,GLOBAL_WEST,P002,289,300,1497.0
2024-05-05,GLOBAL_WEST,P003,282,301,4511.99
2024-05-05,GLOBAL_WEST,P005,286,292,2333.08
2024-05-05,GLOBAL_WEST,P006,151,164,4098.36
2024-05-05,GLOBAL_WEST,P007,149,160,1598.4
2024-05-05,GLOBAL_WEST,P009,0,0,0.0
2024-05-05,GLOBAL_WEST,P010,107,114,568.86
2024-05-05,GLOBAL_WEST,P011,108,118,2358.82
2024-05-05,GLOBAL_WEST,P012,51,53,4239.47
2024-05-06,KR,P001,312,335,331.65
2024-05-06,KR,P002,134,144,718.56
2024-05-06,KR,P003,179,195,2923.05
2024-05-06,KR,P005,183,197,1574.03
2024-05-06,KR,P006,88,94,2349.06
2024-05-06,KR,P007,95,103,1028.97
2024-05-06,KR,P009,0,0,0.0
2024-05-06,KR,P010,96,105,523.95
2024-05-06,KR,P011,77,86,1719.14
2024-05-06,KR,P012,40,42,3359.58
2024-05-06,JP,P001,312,327,323.73
2024-05-06,JP,P002,173,184,918.16
2024-05-06,JP,P003,176,195,2923.05
2024-05-06,JP,P005,205,221,1765.79
2024-05-06,JP,P006,61,66,1649.34
2024-05-06,JP,P007,127,141,1408.59
2024-05-06,JP,P009,0,0,0.0
2024-05-06,JP,P010,72,80,399.2
2024-05-06,JP,P011,76,79,1579.21
2024-05-06,JP,P012,33,38,3039.62
2024-05-06,GLOBAL_WEST,P001,472,498,493.02
2024-05-06,GLOBAL_WEST,P002,230,245,1222.55
2024-05-06,GLOBAL_WEST,P003,241,262,3927.38
2024-05-06,GLOBAL_WEST,P005,297,330,2636.7
2024-05-06,GLOBAL_WEST,P006,98,99,2474.01
2024-05-06,GLOBAL_WEST,P007,175,188,1878.12
2024-05-06,GLOBAL_WEST,P009,0,0,0.0
2024-05-06,GLOBAL_WEST,P010,158,177,883.23
2024-05-06,GLOBAL_WEST,P011,100,107,2138.93
2024-05-06,GLOBAL_WEST,P012,66,71,5679.29
2024-05-07,KR,P001,331,354,350.46
2024-05-07,KR,P002,178,186,928.14
2024-05-07,KR,P003,173,184,2758.16
2024-05-07,KR,P005,155,170,1358.3
2024-05-07,KR,P006,113,122,3048.78
2024-05-07,KR,P007,145,154,1538.46
2024-05-07,KR,P009,0,0,0.0
2024-05-07,KR,P010,106,110,548.9
2024-05-07,KR,P011,52,56,1119.44
2024-05-07,KR,P012,0,0,0.0
2024-05-07,JP,P001,290,314,310.86
2024-05-07,JP,P002,138,144,718.56
2024-05-07,JP,P003,138,140,2098.6
2024-05-07,JP,P005,166,173,1382.27
2024-05-07,JP,P006,108,121,3023.79
2024-05-07,JP,P007,115,121,1208.79
2024-05-07,JP,P009,0,0,0.0
2024-05-07,JP,P010,91,103,513.97
2024-05-07,JP,P011,40,41,819.59
2024-05-07,JP,P012,12,12,959.88
2024-05-07,GLOBAL_WEST,P001,444,481,476.19
2024-05-07,GLOBAL_WEST,P002,242,255,1272.45
2024-05-07,GLOBAL_WEST,P003,239,258,3867.42
2024-05-07,GLOBAL_WEST,P005,284,334,2668.66
2024-05-07,GLOBAL_WEST,P006,149,162,4048.38
2024-05-07,GLOBAL_WEST,P007,187,202,2017.98
2024-05-07,GLOBAL_WEST,P009,0,0,0.0
2024-05-07,GLOBAL_WEST,P010,138,150,748.5
2024-05-07,GLOBAL_WEST,P011,63,69,1379.31
2024-05-07,GLOBAL_WEST,P012,13,13,1039.87
2024-05-08,KR,P001,341,364,360.36
2024-05-08,KR,P002,162,177,883.23
2024-05-08,KR,P003,210,234,3507.66
2024-05-08,KR,P005,171,182,1454.18
2024-05-08,KR,P006,92,99,2474.01
2024-05-08,KR,P007,152,165,1648.35
2024-05-08,KR,P009,0,0,0.0
2024-05-08,KR,P010,95,100,499.0
2024-05-08,KR,P011,79,87,1739.13
2024-05-08,KR,P012,7,7,559.93
2024-05-08,JP,P001,280,308,304.92
2024-05-08,JP,P002,130,144,718.56
2024-05-08,JP,P003,161,171,2563.29
2024-05-08,JP,P005,178,195,1558.05
2024-05-08,JP,P006,115,123,3073.77
2024-05-08,JP,P007,130,139,1388.61
2024-05-08,JP,P009,0,0,0.0
2024-05-08,JP,P010,95,102,508.98
2024-05-08,JP,P011,60,60,1199.4
2024-05-08,JP,P012,25,25,1999.75
2024-05-08,GLOBAL_WEST,P001,456,503,497.97
2024-05-08,GLOBAL_WEST,P002,212,225,1122.75
2024-05-08,GLOBAL_WEST,P003,200,213,3192.87
2024-05-08,GLOBAL_WEST,P005,298,306,2444.94
2024-05-08,GLOBAL_WEST,P006,101,107,2673.93
2024-05-08,GLOBAL_WEST,P007,214,232,2317.68
2024-05-08,GLOBAL_WEST,P009,0,0,0.0
2024-05-08,GLOBAL_WEST,P010,73,82,409.18
2024-05-08,GLOBAL_WEST,P011,101,106,2118.94
2024-05-08,GLOBAL_WEST,P012,69,73,5839.27
2024-05-09,KR,P001,319,343,339.57
2024-05-09,KR,P002,163,177,883.23
2024-05-09,KR,P003,182,194,2908.06
2024-05-09,KR,P005,197,210,1677.9
2024-05-09,KR,P006,106,111,2773.89
2024-05-09,KR,P007,123,130,1298.7
2024-05-09,KR,P009,0,0,0.0
2024-05-09,KR,P010,76,83,414.17
2024-05-09,KR,P011,63,66,1319.34
2024-05-09,KR,P012,14,14,1119.86
2024-05-09,JP,P001,293,309,305.91
2024-05-09,JP,P002,136,140,698.6
2024-05-09,JP,P003,132,145,2173.55
2024-05-09,JP,P005,167,175,1398.25
2024-05-09,JP,P006,76,82,2049.18
2024-05-09,JP,P007,104,113,1128.87
2024-05-09,JP,P009,0,0,0.0
2024-05-09,JP,P010,94,102,508.98
2024-05-09,JP,P011,59,63,1259.37
2024-05-09,JP,P012,23,24,1919.76
2024-05-09,GLOBAL_WEST,P001,479,552,546.48
2024-05-09,GLOBAL_WEST,P002,220,234,1167.66
2024-05-09,GLOBAL_WEST,P003,254,281,4212.19
2024-05-09,GLOBAL_WEST,P005,309,345,2756.55
2024-05-09,GLOBAL_WEST,P006,146,161,4023.39
2024-05-09,GLOBAL_WEST,P007,146,160,1598.4
2024-05-09,GLOBAL_WEST,P009,0,0,0.0
2024-05-09,GLOBAL_WEST,P010,96,107,533.93
2024-05-09,GLOBAL_WEST,P011,121,134,2678.66
2024-05-09,GLOBAL_WEST,P012,29,30,2399.7
2024-05-10,KR,P001,346,372,368.28
2024-05-10,KR,P002,130,146,728.54
2024-05-10,KR,P003,166,192,2878.08
2024-05-10,KR,P005,184,210,1677.9
2024-05-10,KR,P006,86,94,2349.06
2024-05-10,KR,P007,147,154,1538.46
2024-05-10,KR,P009,0,0,0.0
2024-05-10,KR,P010,102,110,548.9
2024-05-10,KR,P011,41,44,879.56
2024-05-10,KR,P012,29,32,2559.68
2024-05-10,JP,P001,281,299,296.01
2024-05-10,JP,P002,140,149,743.51
2024-05-10,JP,P003,155,170,2548.3
2024-05-10,JP,P005,184,198,1582.02
2024-05-10,JP,P006,93,100,2499.0
2024-05-10,JP,P007,110,123,1228.77
2024-05-10,JP,P009,0,0,0.0
2024-05-10,JP,P010,81,87,434.13
2024-05-10,JP,P011,87,90,1799.1
2024-05-10,JP,P012,0,0,0.0
2024-05-10,GLOBAL_WEST,P001,479,532,526.68
2024-05-10,GLOBAL_WEST,P002,240,253,1262.47
2024-05-10,GLOBAL_WEST,P003,212,222,3327.78
2024-05-10,GLOBAL_WEST,P005,261,283,2261.17
2024-05-10,GLOBAL_WEST,P006,161,173,4323.27
2024-05-10,GLOBAL_WEST,P007,146,160,1598.4
2024-05-10,GLOBAL_WEST,P009,0,0,0.0
2024-05-10,GLOBAL_WEST,P010,181,193,963.07
2024-05-10,GLOBAL_WEST,P011,90,98,1959.02
2024-05-10,GLOBAL_WEST,P012,37,40,3199.6
2024-05-11,KR,P001,332,354,350.46
2024-05-11,KR,P002,187,202,1007.98
2024-05-11,KR,P003,190,198,2968.02
2024-05-11,KR,P005,166,175,1398.25
2024-05-11,KR,P006,91,100,2499.0
2024-05-11,KR,P007,123,129,1288.71
2024-05-11,KR,P009,0,0,0.0
2024-05-11,KR,P010,116,127,633.73
2024-05-11,KR,P011,69,69,1379.31
2024-05-11,KR,P012,11,11,879.89
2024-05-11,JP,P001,294,308,304.92
2024-05-11,JP,P002,182,209,1042.91
2024-05-11,JP,P003,152,161,2413.39
2024-05-11,JP,P005,197,207,1653.93
2024-05-11,JP,P006,93,99,2474.01
2024-05-11,JP,P007,112,121,1208.79
2024-05-11,JP,P009,0,0,0.0
2024-05-11,JP,P010,76,81,404.19
2024-05-11,JP,P011,63,71,1419.29
2024-05-11,JP,P012,0,0,0.0
2024-05-11,GLOBAL_WEST,P001,474,527,521.73
2024-05-11,GLOBAL_WEST,P002,267,288,1437.12
2024-05-11,GLOBAL_WEST,P003,256,272,4077.28
2024-05-11,GLOBAL_WEST,P005,300,321,2564.79
2024-05-11,GLOBAL_WEST,P006,145,159,3973.41
2024-05-11,GLOBAL_WEST,P007,199,222,2217.78
2024-05-11,GLOBAL_WEST,P009,0,0,0.0
2024-05-11,GLOBAL_WEST,P010,152,164,818.36
2024-05-11,GLOBAL_WEST,P011,80,84,1679.16
2024-05-11,GLOBAL_WEST,P012,45,50,3999.5
2024-05-12,KR,P001,291,329,325.71
2024-05-12,KR,P002,170,187,933.13
2024-05-12,KR,P003,174,181,2713.19
2024-05-12,KR,P005,198,212,1693.88
2024-05-12,KR,P006,85,90,2249.1
2024-05-12,KR,P007,125,137,1368.63
2024-05-12,KR,P009,0,0,0.0
2024-05-12,KR,P010,95,102,508.98
2024-05-12,KR,P011,57,58,1159.42
2024-05-12,KR,P012,24,25,1999.75
2024-05-12,JP,P001,295,322,318.78
2024-05-12,JP,P002,171,183,913.17
2024-05-12,JP,P003,135,138,2068.62
2024-05-12,JP,P005,174,179,1430.21
2024-05-12,JP,P006,101,110,2748.9
2024-05-12,JP,P007,118,122,1218.78
2024-05-12,JP,P009,0,0,0.0
2024-05-12,JP,P010,95,103,513.97
2024-05-12,JP,P011,54,58,1159.42
2024-05-12,JP,P012,27,28,2239.72
2024-05-12,GLOBAL_WEST,P001,472,499,494.01
2024-05-12,GLOBAL_WEST,P002,272,296,1477.04
2024-05-12,GLOBAL_WEST,P003,219,225,3372.75
2024-05-12,GLOBAL_WEST,P005,230,241,1925.59
2024-05-12,GLOBAL_WEST,P006,89,96,2399.04
2024-05-12,GLOBAL_WEST,P007,143,157,1568.43
2024-05-12,GLOBAL_WEST,P009,0,0,0.0
2024-05-12,GLOBAL_WEST,P010,154,172,858.28
2024-05-12,GLOBAL_WEST,P011,94,106,2118.94
2024-05-12,GLOBAL_WEST,P012,57,59,4719.41
2024-05-13,KR,P001,339,356,352.44
2024-05-13,KR,P002,139,153,763.47
2024-05-13,KR,P003,159,167,2503.33
2024-05-13,KR,P005,209,213,1701.87
2024-05-13,KR,P006,76,82,2049.18
2024-05-13,KR,P007,141,152,1518.48
2024-05-13,KR,P009,0,0,0.0
2024-05-13,KR,P010,79,88,439.12
2024-05-13,KR,P011,40,42,839.58
2024-05-13,KR,P012,27,28,2239.72
2024-05-13,JP,P001,308,338,334.62
2024-05-13,JP,P002,157,170,848.3
2024-05-13,JP,P003,144,156,2338.44
2024-05-13,JP,P005,157,174,1390.26
2024-05-13,JP,P006,74,81,2024.19
2024-05-13,JP,P007,103,107,1068.93
2024-05-13,JP,P009,0,0,0.0
2024-05-13,JP,P010,78,85,424.15
2024-05-13,JP,P011,56,60,1199.4
2024-05-13,JP,P012,40,42,3359.58
2024-05-13,GLOBAL_WEST,P001,464,514,508.86
2024-05-13,GLOBAL_WEST,P002,232,247,1232.53
2024-05-13,GLOBAL_WEST,P003,234,257,3852.43
2024-05-13,GLOBAL_WEST,P005,276,286,2285.14
2024-05-13,GLOBAL_WEST,P006,152,160,3998.4
2024-05-13,GLOBAL_WEST,P007,135,142,1418.58
2024-05-13,GLOBAL_WEST,P009,0,0,0.0
2024-05-13,GLOBAL_WEST,P010,193,208,1037.92
2024-05-13,GLOBAL_WEST,P011,110,121,2418.79
2024-05-13,GLOBAL_WEST,P012,50,53,4239.47
2024-05-14,KR,P001,343,366,362.34
2024-05-14,KR,P002,171,183,913.17
2024-05-14,KR,P003,169,180,2698.2
2024-05-14,KR,P005,210,221,1765.79
2024-05-14,KR,P006,89,99,2474.01
2024-05-14,KR,P007,130,146,1458.54
2024-05-14,KR,P009,0,0,0.0
2024-05-14,KR,P010,126,138,688.62
2024-05-14,KR,P011,77,85,1699.15
2024-05-14,KR,P012,49,53,4239.47
2024-05-14,JP,P001,308,342,338.58
2024-05-14,JP,P002,125,138,688.62
2024-05-14,JP,P003,153,159,2383.41
2024-05-14,JP,P005,159,172,1374.28
2024-05-14,JP,P006,79,83,2074.17
2024-05-14,JP,P007,100,111,1108.89
2024-05-14,JP,P009,0,0,0.0
2024-05-14,JP,P010,84,89,444.11
2024-05-14,JP,P011,64,68,1359.32
2024-05-14,JP,P012,25,26,2079.74
2024-05-14,GLOBAL_WEST,P001,417,465,460.35
2024-05-14,GLOBAL_WEST,P002,233,242,1207.58
2024-05-14,GLOBAL_WEST,P003,241,250,3747.5
2024-05-14,GLOBAL_WEST,P005,238,255,2037.45
2024-05-14,GLOBAL_WEST,P006,104,112,2798.88
2024-05-14,GLOBAL_WEST,P007,177,190,1898.1
2024-05-14,GLOBAL_WEST,P009,0,0,0.0
2024-05-14,GLOBAL_WEST,P010,139,151,753.49
2024-05-14,GLOBAL_WEST,P011,80,86,1719.14
2024-05-14,GLOBAL_WEST,P012,24,26,2079.74
2024-05-15,KR,P001,294,307,303.93
2024-05-15,KR,P002,159,176,878.24
2024-05-15,KR,P003,181,201,3012.99
2024-05-15,KR,P005,193,203,1621.97
2024-05-15,KR,P006,136,145,3623.55
2024-05-15,KR,P007,99,105,1048.95
2024-05-15,KR,P009,0,0,0.0
2024-05-15,KR,P010,88,93,464.07
2024-05-15,KR,P011,59,66,1319.34
2024-05-15,KR,P012,22,23,1839.77
2024-05-15,JP,P001,314,318,314.82
2024-05-15,JP,P002,156,165,823.35
2024-05-15,JP,P003,139,155,2323.45
2024-05-15,JP,P005,185,191,1526.09
2024-05-15,JP,P006,75,80,1999.2
2024-05-15,JP,P007,130,140,1398.6
2024-05-15,JP,P009,0,0,0.0
2024-05-15,JP,P010,99,103,513.97
2024-05-15,JP,P011,61,69,1379.31
2024-05-15,JP,P012,20,20,1599.8
2024-05-15,GLOBAL_WEST,P001,440,471,466.29
2024-05-15,GLOBAL_WEST,P002,210,238,1187.62
2024-05-15,GLOBAL_WEST,P003,252,257,3852.43
2024-05-15,GLOBAL_WEST,P005,285,300,2397.0
2024-05-15,GLOBAL_WEST,P006,135,153,3823.47
2024-05-15,GLOBAL_WEST,P007,138,151,1508.49
2024-05-15,GLOBAL_WEST,P009,0,0,0.0
2024-05-15,GLOBAL_WEST,P010,113,124,618.76
2024-05-15,GLOBAL_WEST,P011,65,69,1379.31
2024-05-15,GLOBAL_WEST,P012,67,72,5759.28
2024-05-16,KR,P001,291,309,305.91
2024-05-16,KR,P002,185,203,1012.97
2024-05-16,KR,P003,156,168,2518.32
2024-05-16,KR,P005,184,204,1629.96
2024-05-16,KR,P006,101,111,2773.89
2024-05-16,KR,P007,143,157,1568.43
2024-05-16,KR,P009,0,0,0.0
2024-05-16,KR,P010,116,127,633.73
2024-05-16,KR,P011,43,45,899.55
2024-05-16,KR,P012,13,13,1039.87
2024-05-16,JP,P001,295,320,316.8
2024-05-16,JP,P002,149,167,833.33
2024-05-16,JP,P003,150,159,2383.41
2024-05-16,JP,P005,154,158,1262.42
2024-05-16,JP,P006,84,95,2374.05
2024-05-16,JP,P007,98,106,1058.94
2024-05-16,JP,P009,0,0,0.0
2024-05-16,JP,P010,55,59,294.41
2024-05-16,JP,P011,27,29,579.71
2024-05-16,JP,P012,28,29,2319.71
2024-05-16,GLOBAL_WEST,P001,476,539,533.61
2024-05-16,GLOBAL_WEST,P002,216,234,1167.66
2024-05-16,GLOBAL_WEST,P003,242,269,4032.31
2024-05-16,GLOBAL_WEST,P005,254,262,2093.38
2024-05-16,GLOBAL_WEST,P006,146,159,3973.41
2024-05-16,GLOBAL_WEST,P007,178,200,1998.0
2024-05-16,GLOBAL_WEST,P009,0,0,0.0
2024-05-16,GLOBAL_WEST,P010,171,182,908.18
2024-05-16,GLOBAL_WEST,P011,106,107,2138.93
2024-05-16,GLOBAL_WEST,P012,54,57,4559.43
2024-05-17,KR,P001,343,378,374.22
2024-05-17,KR,P002,178,189,943.11
2024-05-17,KR,P003,137,144,2158.56
2024-05-17,KR,P005,202,222,1773.78
2024-05-17,KR,P006,93,99,2474.01
2024-05-17,KR,P007,131,142,1418.58
2024-05-17,KR,P009,0,0,0.0
2024-05-17,KR,P010,83,92,459.08
2024-05-17,KR,P011,49,52,1039.48
2024-05-17,KR,P012,20,22,1759.78
2024-05-17,JP,P001,280,297,294.03
2024-05-17,JP,P002,131,141,703.59
2024-05-17,JP,P003,132,144,2158.56
2024-05-17,JP,P005,173,186,1486.14
2024-05-17,JP,P006,87,96,2399.04
2024-05-17,JP,P007,123,143,1428.57
2024-05-17,JP,P009,0,0,0.0
2024-05-17,JP,P010,96,105,523.95
2024-05-17,JP,P011,61,65,1299.35
2024-05-17,JP,P012,16,17,1359.83
2024-05-17,GLOBAL_WEST,P001,493,541,535.59
2024-05-17,GLOBAL_WEST,P002,269,284,1417.16
2024-05-17,GLOBAL_WEST,P003,215,228,3417.72
2024-05-17,GLOBAL_WEST,P005,232,252,2013.48
2024-05-17,GLOBAL_WEST,P006,96,99,2474.01
2024-05-17,GLOBAL_WEST,P007,155,162,1618.38
2024-05-17,GLOBAL_WEST,P009,0,0,0.0
2024-05-17,GLOBAL_WEST,P010,115,123,613.77
2024-05-17,GLOBAL_WEST,P011,85,93,1859.07
2024-05-17,GLOBAL_WEST,P012,10,10,799.9
2024-05-18,KR,P001,304,335,331.65
2024-05-18,KR,P002,154,166,828.34
2024-05-18,KR,P003,137,143,2143.57
2024-05-18,KR,P005,177,186,1486.14
2024-05-18,KR,P006,87,90,2249.1
2024-05-18,KR,P007,86,93,929.07
2024-05-18,KR,P009,0,0,0.0
2024-05-18,KR,P010,115,123,613.77
2024-05-18,KR,P011,52,56,1119.44
2024-05-18,KR,P012,32,33,2639.67
2024-05-18,JP,P001,307,324,320.76
2024-05-18,JP,P002,144,152,758.48
2024-05-18,JP,P003,147,153,2293.47
2024-05-18,JP,P005,172,190,1518.1
2024-05-18,JP,P006,73,80,1999.2
2024-05-18,JP,P007,93,96,959.04
2024-05-18,JP,P009,0,0,0.0
2024-05-18,JP,P010,120,129,643.71
2024-05-18,JP,P011,70,73,1459.27
2024-05-18,JP,P012,12,12,959.88
2024-05-18,GLOBAL_WEST,P001,441,456,451.44
2024-05-18,GLOBAL_WEST,P002,196,207,1032.93
2024-05-18,GLOBAL_WEST,P003,265,271,4062.29
2024-05-18,GLOBAL_WEST,P005,289,313,2500.87
2024-05-18,GLOBAL_WEST,P006,151,161,4023.39
2024-05-18,GLOBAL_WEST,P007,130,144,1438.56
2024-05-18,GLOBAL_WEST,P009,0,0,0.0
2024-05-18,GLOBAL_WEST,P010,105,113,563.87
2024-05-18,GLOBAL_WEST,P011,75,82,1639.18
2024-05-18,GLOBAL_WEST,P012,38,40,3199.6
2024-05-19,KR,P001,340,364,360.36
2024-05-19,KR,P002,163,170,848.3
2024-05-19,KR,P003,177,197,2953.03
2024-05-19,KR,P005,182,201,1605.99
2024-05-19,KR,P006,129,144,3598.56
2024-05-19,KR,P007,135,142,1418.58
2024-05-19,KR,P009,0,0,0.0
2024-05-19,KR,P010,106,116,578.84
2024-05-19,KR,P011,54,59,1179.41
2024-05-19,KR,P012,45,47,3759.53
2024-05-19,JP,P001,293,306,302.94
2024-05-19,JP,P002,151,168,838.32
2024-05-19,JP,P003,152,160,2398.4
2024-05-19,JP,P005,164,178,1422.22
2024-05-19,JP,P006,82,87,2174.13
2024-05-19,JP,P007,106,112,1118.88
2024-05-19,JP,P009,0,0,0.0
2024-05-19,JP,P010,111,113,563.87
2024-05-19,JP,P011,56,62,1239.38
2024-05-19,JP,P012,24,24,1919.76
2024-05-19,GLOBAL_WEST,P001,455,474,469.26
2024-05-19,GLOBAL_WEST,P002,211,227,1132.73
2024-05-19,GLOBAL_WEST,P003,204,218,3267.82
2024-05-19,GLOBAL_WEST,P005,260,283,2261.17
2024-05-19,GLOBAL_WEST,P006,113,121,3023.79
2024-05-19,GLOBAL_WEST,P007,115,123,1228.77
2024-05-19,GLOBAL_WEST,P009,0,0,0.0
2024-05-19,GLOBAL_WEST,P010,116,129,643.71
2024-05-19,GLOBAL_WEST,P011,50,50,999.5
2024-05-19,GLOBAL_WEST,P012,17,17,1359.83
2024-05-20,KR,P001,335,357,353.43
2024-05-20,KR,P002,141,141,703.59
2024-05-20,KR,P003,166,178,2668.22
2024-05-20,KR,P005,163,168,1342.32
2024-05-20,KR,P006,83,93,2324.07
2024-05-20,KR,P007,135,150,1498.5
2024-05-20,KR,P009,0,0,0.0
2024-05-20,KR,P010,96,99,494.01
2024-05-20,KR,P011,47,51,1019.49
2024-05-20,KR,P012,0,0,0.0
2024-05-20,JP,P001,303,317,313.83
2024-05-20,JP,P002,172,188,938.12
2024-05-20,JP,P003,159,168,2518.32
2024-05-20,JP,P005,158,169,1350.31
2024-05-20,JP,P006,78,83,2074.17
2024-05-20,JP,P007,125,128,1278.72
2024-05-20,JP,P009,0,0,0.0
2024-05-20,JP,P010,105,118,588.82
2024-05-20,JP,P011,54,59,1179.41
2024-05-20,JP,P012,7,7,559.93
2024-05-20,GLOBAL_WEST,P001,402,421,416.79
2024-05-20,GLOBAL_WEST,P002,213,236,1177.64
2024-05-20,GLOBAL_WEST,P003,224,237,3552.63
2024-05-20,GLOBAL_WEST,P005,288,320,2556.8
2024-05-20,GLOBAL_WEST,P006,103,106,2648.94
2024-05-20,GLOBAL_WEST,P007,168,194,1938.06
2024-05-20,GLOBAL_WEST,P009,0,0,0.0
2024-05-20,GLOBAL_WEST,P010,111,124,618.76
2024-05-20,GLOBAL_WEST,P011,107,116,2318.84
2024-05-20,GLOBAL_WEST,P012,81,82,6559.18
2024-05-21,KR,P001,364,392,388.08
2024-05-21,KR,P002,143,147,733.53
2024-05-21,KR,P003,163,176,2638.24
2024-05-21,KR,P005,197,207,1653.93
2024-05-21,KR,P006,93,99,2474.01
2024-05-21,KR,P007,127,133,1328.67
2024-05-21,KR,P009,0,0,0.0
2024-05-21,KR,P010,119,127,633.73
2024-05-21,KR,P011,59,64,1279.36
2024-05-21,KR,P012,47,50,3999.5
2024-05-21,JP,P001,310,338,334.62
2024-05-21,JP,P002,135,150,748.5
2024-05-21,JP,P003,152,170,2548.3
2024-05-21,JP,P005,161,173,1382.27
2024-05-21,JP,P006,89,94,2349.06
2024-05-21,JP,P007,94,100,999.0
2024-05-21,JP,P009,0,0,0.0
2024-05-21,JP,P010,75,82,409.18
2024-05-21,JP,P011,45,49,979.51
2024-05-21,JP,P012,24,26,2079.74
2024-05-21,GLOBAL_WEST,P001,421,435,430.65
2024-05-21,GLOBAL_WEST,P002,219,229,1142.71
2024-05-21,GLOBAL_WEST,P003,251,278,4167.22
2024-05-21,GLOBAL_WEST,P005,242,259,2069.41
2024-05-21,GLOBAL_WEST,P006,147,159,3973.41
2024-05-21,GLOBAL_WEST,P007,132,142,1418.58
2024-05-21,GLOBAL_WEST,P009,0,0,0.0
2024-05-21,GLOBAL_WEST,P010,98,110,548.9
2024-05-21,GLOBAL_WEST,P011,66,69,1379.31
2024-05-21,GLOBAL_WEST,P012,29,32,2559.68
2024-05-22,KR,P001,292,303,299.97
2024-05-22,KR,P002,162,170,848.3
2024-05-22,KR,P003,173,184,2758.16
2024-05-22,KR,P005,181,193,1542.07
2024-05-22,KR,P006,103,113,2823.87
2024-05-22,KR,P007,118,126,1258.74
2024-05-22,KR,P009,0,0,0.0
2024-05-22,KR,P010,120,130,648.7
2024-05-22,KR,P011,52,56,1119.44
2024-05-22,KR,P012,11,11,879.89
2024-05-22,JP,P001,264,273,270.27
2024-05-22,JP,P002,122,133,663.67
2024-05-22,JP,P003,139,146,2188.54
2024-05-22,JP,P005,136,142,1134.58
2024-05-22,JP,P006,72,76,1899.24
2024-05-22,JP,P007,82,88,879.12
2024-05-22,JP,P009,0,0,0.0
2024-05-22,JP,P010,84,93,464.07
2024-05-22,JP,P011,63,69,1379.31
2024-05-22,JP,P012,0,0,0.0
2024-05-22,GLOBAL_WEST,P001,487,520,514.8
2024-05-22,GLOBAL_WEST,P002,185,200,998.0
2024-05-22,GLOBAL_WEST,P003,249,265,3972.35
2024-05-22,GLOBAL_WEST,P005,299,319,2548.81
2024-05-22,GLOBAL_WEST,P006,95,104,2598.96
2024-05-22,GLOBAL_WEST,P007,189,191,1908.09
2024-05-22,GLOBAL_WEST,P009,0,0,0.0
2024-05-22,GLOBAL_WEST,P010,117,133,663.67
2024-05-22,GLOBAL_WEST,P011,108,116,2318.84
2024-05-22,GLOBAL_WEST,P012,29,32,2559.68
2024-05-23,KR,P001,305,350,346.5
2024-05-23,KR,P002,142,153,763.47
2024-05-23,KR,P003,160,175,2623.25
2024-05-23,KR,P005,189,205,1637.95
2024-05-23,KR,P006,82,90,2249.1
2024-05-23,KR,P007,111,120,1198.8
2024-05-23,KR,P009,0,0,0.0
2024-05-23,KR,P010,76,83,414.17
2024-05-23,KR,P011,58,65,1299.35
2024-05-23,KR,P012,28,30,2399.7
2024-05-23,JP,P001,299,327,323.73
2024-05-23,JP,P002,145,152,758.48
2024-05-23,JP,P003,148,159,2383.41
2024-05-23,JP,P005,173,175,1398.25
2024-05-23,JP,P006,107,116,2898.84
2024-05-23,JP,P007,112,115,1148.85
2024-05-23,JP,P009,0,0,0.0
2024-05-23,JP,P010,83,88,439.12
2024-05-23,JP,P011,57,60,1199.4
2024-05-23,JP,P012,20,21,1679.79
2024-05-23,GLOBAL_WEST,P001,487,527,521.73
2024-05-23,GLOBAL_WEST,P002,190,204,1017.96
2024-05-23,GLOBAL_WEST,P003,242,246,3687.54
2024-05-23,GLOBAL_WEST,P005,299,333,2660.67
2024-05-23,GLOBAL_WEST,P006,150,162,4048.38
2024-05-23,GLOBAL_WEST,P007,196,210,2097.9
2024-05-23,GLOBAL_WEST,P009,0,0,0.0
2024-05-23,GLOBAL_WEST,P010,139,152,758.48
2024-05-23,GLOBAL_WEST,P011,94,102,2038.98
2024-05-23,GLOBAL_WEST,P012,30,30,2399.7
2024-05-24,KR,P001,330,360,356.4
2024-05-24,KR,P002,140,142,708.58
2024-05-24,KR,P003,148,156,2338.44
2024-05-24,KR,P005,190,205,1637.95
2024-05-24,KR,P006,85,90,2249.1
2024-05-24,KR,P007,100,112,1118.88
2024-05-24,KR,P009,0,0,0.0
2024-05-24,KR,P010,102,109,543.91
2024-05-24,KR,P011,28,31,619.69
2024-05-24,KR,P012,15,16,1279.84
2024-05-24,JP,P001,341,369,365.31
2024-05-24,JP,P002,158,167,833.33
2024-05-24,JP,P003,146,158,2368.42
2024-05-24,JP,P005,182,204,1629.96
2024-05-24,JP,P006,87,92,2299.08
2024-05-24,JP,P007,106,111,1108.89
2024-05-24,JP,P009,0,0,0.0
2024-05-24,JP,P010,99,103,513.97
2024-05-24,JP,P011,42,45,899.55
2024-05-24,JP,P012,23,26,2079.74
2024-05-24,GLOBAL_WEST,P001,472,493,488.07
2024-05-24,GLOBAL_WEST,P002,248,267,1332.33
2024-05-24,GLOBAL_WEST,P003,192,208,3117.92
2024-05-24,GLOBAL_WEST,P005,279,295,2357.05
2024-05-24,GLOBAL_WEST,P006,129,139,3473.61
2024-05-24,GLOBAL_WEST,P007,132,144,1438.56
2024-05-24,GLOBAL_WEST,P009,0,0,0.0
2024-05-24,GLOBAL_WEST,P010,177,184,918.16
2024-05-24,GLOBAL_WEST,P011,74,81,1619.19
2024-05-24,GLOBAL_WEST,P012,10,10,799.9
2024-05-25,KR,P001,336,347,343.53
2024-05-25,KR,P002,154,160,798.4
2024-05-25,KR,P003,176,185,2773.15
2024-05-25,KR,P005,180,194,1550.06
2024-05-25,KR,P006,66,73,1824.27
2024-05-25,KR,P007,128,134,1338.66
2024-05-25,KR,P009,0,0,0.0
2024-05-25,KR,P010,85,94,469.06
2024-05-25,KR,P011,56,60,1199.4
2024-05-25,KR,P012,26,28,2239.72
2024-05-25,JP,P001,283,296,293.04
2024-05-25,JP,P002,142,156,778.44
2024-05-25,JP,P003,146,154,2308.46
2024-05-25,JP,P005,151,168,1342.32
2024-05-25,JP,P006,103,111,2773.89
2024-05-25,JP,P007,104,114,1138.86
2024-05-25,JP,P009,0,0,0.0
2024-05-25,JP,P010,100,109,543.91
2024-05-25,JP,P011,59,63,1259.37
2024-05-25,JP,P012,37,40,3199.6
2024-05-25,GLOBAL_WEST,P001,435,452,447.48
2024-05-25,GLOBAL_WEST,P002,220,240,1197.6
2024-05-25,GLOBAL_WEST,P003,223,240,3597.6
2024-05-25,GLOBAL_WEST,P005,293,314,2508.86
2024-05-25,GLOBAL_WEST,P006,104,110,2748.9
2024-05-25,GLOBAL_WEST,P007,176,199,1988.01
2024-05-25,GLOBAL_WEST,P009,0,0,0.0
2024-05-25,GLOBAL_WEST,P010,106,116,578.84
2024-05-25,GLOBAL_WEST,P011,79,85,1699.15
2024-05-25,GLOBAL_WEST,P012,53,57,4559.43
2024-05-26,KR,P001,307,337,333.63
2024-05-26,KR,P002,138,150,748.5
2024-05-26,KR,P003,134,143,2143.57
2024-05-26,KR,P005,189,203,1621.97
2024-05-26,KR,P006,62,64,1599.36
2024-05-26,KR,P007,100,108,1078.92
2024-05-26,KR,P009,0,0,0.0
2024-05-26,KR,P010,108,116,578.84
2024-05-26,KR,P011,53,58,1159.42
2024-05-26,KR,P012,4,4,319.96
2024-05-26,JP,P001,279,303,299.97
2024-05-26,JP,P002,137,145,723.55
2024-05-26,JP,P003,133,144,2158.56
2024-05-26,JP,P005,158,172,1374.28
2024-05-26,JP,P006,85,92,2299.08
2024-05-26,JP,P007,113,123,1228.77
2024-05-26,JP,P009,0,0,0.0
2024-05-26,JP,P010,82,84,419.16
2024-05-26,JP,P011,63,66,1319.34
2024-05-26,JP,P012,28,30,2399.7
2024-05-26,GLOBAL_WEST,P001,509,545,539.55
2024-05-26,GLOBAL_WEST,P002,242,246,1227.54
2024-05-26,GLOBAL_WEST,P003,275,303,4541.97
2024-05-26,GLOBAL_WEST,P005,265,292,2333.08
2024-05-26,GLOBAL_WEST,P006,127,140,3498.6
2024-05-26,GLOBAL_WEST,P007,187,207,2067.93
2024-05-26,GLOBAL_WEST,P009,0,0,0.0
2024-05-26,GLOBAL_WEST,P010,132,140,698.6
2024-05-26,GLOBAL_WEST,P011,29,33,659.67
2024-05-26,GLOBAL_WEST,P012,20,21,1679.79
2024-05-27,KR,P001,297,336,332.64
2024-05-27,KR,P002,160,177,883.23
2024-05-27,KR,P003,139,145,2173.55
2024-05-27,KR,P005,186,213,1701.87
2024-05-27,KR,P006,78,83,2074.17
2024-05-27,KR,P007,130,142,1418.58
2024-05-27,KR,P009,0,0,0.0
2024-05-27,KR,P010,98,103,513.97
2024-05-27,KR,P011,67,71,1419.29
2024-05-27,KR,P012,34,37,2959.63
2024-05-27,JP,P001,305,332,328.68
2024-05-27,JP,P002,129,140,698.6
2024-05-27,JP,P003,165,189,2833.11
2024-05-27,JP,P005,151,162,1294.38
2024-05-27,JP,P006,88,94,2349.06
2024-05-27,JP,P007,87,91,909.09
2024-05-27,JP,P009,0,0,0.0
2024-05-27,JP,P010,72,76,379.24
2024-05-27,JP,P011,56,62,1239.38
2024-05-27,JP,P012,0,0,0.0
2024-05-27,GLOBAL_WEST,P001,424,483,478.17
2024-05-27,GLOBAL_WEST,P002,232,251,1252.49
2024-05-27,GLOBAL_WEST,P003,176,201,3012.99
2024-05-27,GLOBAL_WEST,P005,287,306,2444.94
2024-05-27,GLOBAL_WEST,P006,112,118,2948.82
2024-05-27,GLOBAL_WEST,P007,172,188,1878.12
2024-05-27,GLOBAL_WEST,P009,0,0,0.0
2024-05-27,GLOBAL_WEST,P010,118,130,648.7
2024-05-27,GLOBAL_WEST,P011,126,134,2678.66
2024-05-27,GLOBAL_WEST,P012,41,43,3439.57
2024-05-28,KR,P001,355,372,368.28
2024-05-28,KR,P002,172,190,948.1
2024-05-28,KR,P003,138,155,2323.45
2024-05-28,KR,P005,176,187,1494.13
2024-05-28,KR,P006,86,98,2449.02
2024-05-28,KR,P007,84,90,899.1
2024-05-28,KR,P009,0,0,0.0
2024-05-28,KR,P010,101,111,553.89
2024-05-28,KR,P011,60,66,1319.34
2024-05-28,KR,P012,36,38,3039.62
2024-05-28,JP,P001,297,336,332.64
2024-05-28,JP,P002,127,136,678.64
2024-05-28,JP,P003,135,148,2218.52
2024-05-28,JP,P005,181,185,1478.15
2024-05-28,JP,P006,83,88,2199.12
2024-05-28,JP,P007,105,106,1058.94
2024-05-28,JP,P009,0,0,0.0
2024-05-28,JP,P010,97,103,513.97
2024-05-28,JP,P011,68,72,1439.28
2024-05-28,JP,P012,18,20,1599.8
2024-05-28,GLOBAL_WEST,P001,451,500,495.0
2024-05-28,GLOBAL_WEST,P002,186,201,1002.99
2024-05-28,GLOBAL_WEST,P003,233,248,3717.52
2024-05-28,GLOBAL_WEST,P005,285,309,2468.91
2024-05-28,GLOBAL_WEST,P006,154,172,4298.28
2024-05-28,GLOBAL_WEST,P007,142,154,1538.46
2024-05-28,GLOBAL_WEST,P009,0,0,0.0
2024-05-28,GLOBAL_WEST,P010,131,149,743.51
2024-05-28,GLOBAL_WEST,P011,41,43,859.57
2024-05-28,GLOBAL_WEST,P012,25,27,2159.73
2024-05-29,KR,P001,338,351,347.49
2024-05-29,KR,P002,152,172,858.28
2024-05-29,KR,P003,138,147,2203.53
2024-05-29,KR,P005,182,197,1574.03
2024-05-29,KR,P006,56,63,1574.37
2024-05-29,KR,P007,112,124,1238.76
2024-05-29,KR,P009,0,0,0.0
2024-05-29,KR,P010,96,102,508.98
2024-05-29,KR,P011,80,88,1759.12
2024-05-29,KR,P012,21,23,1839.77
2024-05-29,JP,P001,297,318,314.82
2024-05-29,JP,P002,145,155,773.45
2024-05-29,JP,P003,150,167,2503.33
2024-05-29,JP,P005,188,195,1558.05
2024-05-29,JP,P006,84,88,2199.12
2024-05-29,JP,P007,99,104,1038.96
2024-05-29,JP,P009,0,0,0.0
2024-05-29,JP,P010,94,98,489.02
2024-05-29,JP,P011,64,66,1319.34
2024-05-29,JP,P012,27,30,2399.7
2024-05-29,GLOBAL_WEST,P001,450,504,498.96
2024-05-29,GLOBAL_WEST,P002,219,244,1217.56
2024-05-29,GLOBAL_WEST,P003,224,256,3837.44
2024-05-29,GLOBAL_WEST,P005,227,242,1933.58
2024-05-29,GLOBAL_WEST,P006,136,149,3723.51
2024-05-29,GLOBAL_WEST,P007,202,227,2267.73
2024-05-29,GLOBAL_WEST,P009,0,0,0.0
2024-05-29,GLOBAL_WEST,P010,137,147,733.53
2024-05-29,GLOBAL_WEST,P011,77,86,1719.14
2024-05-29,GLOBAL_WEST,P012,20,22,1759.78
2024-05-30,KR,P001,300,330,326.7
2024-05-30,KR,P002,184,201,1002.99
2024-05-30,KR,P003,155,169,2533.31
2024-05-30,KR,P005,157,166,1326.34
2024-05-30,KR,P006,109,121,3023.79
2024-05-30,KR,P007,86,93,929.07
2024-05-30,KR,P009,0,0,0.0
2024-05-30,KR,P010,110,122,608.78
2024-05-30,KR,P011,39,42,839.58
2024-05-30,KR,P012,44,48,3839.52
2024-05-30,JP,P001,269,300,297.0
2024-05-30,JP,P002,146,158,788.42
2024-05-30,JP,P003,145,159,2383.41
2024-05-30,JP,P005,160,179,1430.21
2024-05-30,JP,P006,84,91,2274.09
2024-05-30,JP,P007,138,146,1458.54
2024-05-30,JP,P009,0,0,0.0
2024-05-30,JP,P010,97,104,518.96
2024-05-30,JP,P011,68,73,1459.27
2024-05-30,JP,P012,30,34,2719.66
2024-05-30,GLOBAL_WEST,P001,434,487,482.13
2024-05-30,GLOBAL_WEST,P002,254,272,1357.28
2024-05-30,GLOBAL_WEST,P003,187,199,2983.01
2024-05-30,GLOBAL_WEST,P005,254,282,2253.18
2024-05-30,GLOBAL_WEST,P006,134,145,3623.55
2024-05-30,GLOBAL_WEST,P007,182,196,1958.04
2024-05-30,GLOBAL_WEST,P009,0,0,0.0
2024-05-30,GLOBAL_WEST,P010,134,139,693.61
2024-05-30,GLOBAL_WEST,P011,98,107,2138.93
2024-05-30,GLOBAL_WEST,P012,30,31,2479.69
2024-05-31,KR,P001,308,338,334.62
2024-05-31,KR,P002,153,165,823.35
2024-05-31,KR,P003,155,174,2608.26
2024-05-31,KR,P005,216,237,1893.63
2024-05-31,KR,P006,97,106,2648.94
2024-05-31,KR,P007,102,115,1148.85
2024-05-31,KR,P009,0,0,0.0
2024-05-31,KR,P010,67,72,359.28
2024-05-31,KR,P011,35,38,759.62
2024-05-31,KR,P012,30,31,2479.69
2024-05-31,JP,P001,300,332,328.68
2024-05-31,JP,P002,157,170,848.3
2024-05-31,JP,P003,137,143,2143.57
2024-05-31,JP,P005,189,208,1661.92
2024-05-31,JP,P006,93,102,2548.98
2024-05-31,JP,P007,106,115,1148.85
2024-05-31,JP,P009,0,0,0.0
2024-05-31,JP,P010,68,74,369.26
2024-05-31,JP,P011,48,49,979.51
2024-05-31,JP,P012,28,29,2319.71
2024-05-31,GLOBAL_WEST,P001,415,463,458.37
2024-05-31,GLOBAL_WEST,P002,222,242,1207.58
2024-05-31,GLOBAL_WEST,P003,178,192,2878.08
2024-05-31,GLOBAL_WEST,P005,275,292,2333.08
2024-05-31,GLOBAL_WEST,P006,105,107,2673.93
2024-05-31,GLOBAL_WEST,P007,205,223,2227.77
2024-05-31,GLOBAL_WEST,P009,0,0,0.0
2024-05-31,GLOBAL_WEST,P010,122,122,608.78
2024-05-31,GLOBAL_WEST,P011,63,70,1399.3
2024-05-31,GLOBAL_WEST,P012,69,69,5519.31
2024-06-01,KR,P001,291,321,317.79
2024-06-01,KR,P002,141,148,738.52
2024-06-01,KR,P003,143,151,2263.49
2024-06-01,KR,P005,144,154,1230.46
2024-06-01,KR,P006,98,98,2449.02
2024-06-01,KR,P007,97,106,1058.94
2024-06-01,KR,P009,0,0,0.0
2024-06-01,KR,P010,88,94,469.06
2024-06-01,KR,P011,57,62,1239.38
2024-06-01,KR,P012,20,21,1679.79
2024-06-01,JP,P001,317,343,339.57
2024-06-01,JP,P002,135,135,673.65
2024-06-01,JP,P003,147,167,2503.33
2024-06-01,JP,P005,141,147,1174.53
2024-06-01,JP,P006,60,64,1599.36
2024-06-01,JP,P007,116,121,1208.79
2024-06-01,JP,P009,0,0,0.0
2024-06-01,JP,P010,95,103,513.97
2024-06-01,JP,P011,56,59,1179.41
2024-06-01,JP,P012,31,33,2639.67
2024-06-01,GLOBAL_WEST,P001,462,502,496.98
2024-06-01,GLOBAL_WEST,P002,223,241,1202.59
2024-06-01,GLOBAL_WEST,P003,230,240,3597.6
2024-06-01,GLOBAL_WEST,P005,260,279,2229.21
2024-06-01,GLOBAL_WEST,P006,109,116,2898.84
2024-06-01,GLOBAL_WEST,P007,147,162,1618.38
2024-06-01,GLOBAL_WEST,P009,0,0,0.0
2024-06-01,GLOBAL_WEST,P010,107,114,568.86
2024-06-01,GLOBAL_WEST,P011,68,73,1459.27
2024-06-01,GLOBAL_WEST,P012,47,51,4079.49
2024-06-02,KR,P001,320,349,345.51
2024-06-02,KR,P002,148,160,798.4
2024-06-02,KR,P003,159,177,2653.23
2024-06-02,KR,P005,193,206,1645.94
2024-06-02,KR,P006,110,125,3123.75
2024-06-02,KR,P007,125,135,1348.65
2024-06-02,KR,P009,0,0,0.0
2024-06-02,KR,P010,96,106,528.94
2024-06-02,KR,P011,58,62,1239.38
2024-06-02,KR,P012,24,24,1919.76
2024-06-02,JP,P001,278,298,295.02
2024-06-02,JP,P002,141,151,753.49
2024-06-02,JP,P003,138,147,2203.53
2024-06-02,JP,P005,149,161,1286.39
2024-06-02,JP,P006,115,118,2948.82
2024-06-02,JP,P007,109,114,1138.86
2024-06-02,JP,P009,0,0,0.0
2024-06-02,JP,P010,66,69,344.31
2024-06-02,JP,P011,66,68,1359.32
2024-06-02,JP,P012,4,4,319.96
2024-06-02,GLOBAL_WEST,P001,391,391,387.09
2024-06-02,GLOBAL_WEST,P002,232,247,1232.53
2024-06-02,GLOBAL_WEST,P003,207,226,3387.74
2024-06-02,GLOBAL_WEST,P005,235,251,2005.49
2024-06-02,GLOBAL_WEST,P006,120,130,3248.7
2024-06-02,GLOBAL_WEST,P007,174,195,1948.05
2024-06-02,GLOBAL_WEST,P009,0,0,0.0
2024-06-02,GLOBAL_WEST,P010,149,159,793.41
2024-06-02,GLOBAL_WEST,P011,86,97,1939.03
2024-06-02,GLOBAL_WEST,P012,10,10,799.9
2024-06-03,KR,P001,311,340,336.6
2024-06-03,KR,P002,153,164,818.36
2024-06-03,KR,P003,152,168,2518.32
2024-06-03,KR,P005,186,208,1661.92
2024-06-03,KR,P006,85,91,2274.09
2024-06-03,KR,P007,108,116,1158.84
2024-06-03,KR,P009,0,0,0.0
2024-06-03,KR,P010,87,94,469.06
2024-06-03,KR,P011,67,72,1439.28
2024-06-03,KR,P012,20,22,1759.78
2024-06-03,JP,P001,285,310,306.9
2024-06-03,JP,P002,124,131,653.69
2024-06-03,JP,P003,126,134,2008.66
2024-06-03,JP,P005,181,192,1534.08
2024-06-03,JP,P006,81,91,2274.09
2024-06-03,JP,P007,94,104,1038.96
2024-06-03,JP,P009,0,0,0.0
2024-06-03,JP,P010,71,75,374.25
2024-06-03,JP,P011,32,33,659.67
2024-06-03,JP,P012,44,47,3759.53
2024-06-03,GLOBAL_WEST,P001,399,442,437.58
2024-06-03,GLOBAL_WEST,P002,194,204,1017.96
2024-06-03,GLOBAL_WEST,P003,194,216,3237.84
2024-06-03,GLOBAL_WEST,P005,251,278,2221.22
2024-06-03,GLOBAL_WEST,P006,85,90,2249.1
2024-06-03,GLOBAL_WEST,P007,141,148,1478.52
2024-06-03,GLOBAL_WEST,P009,0,0,0.0
2024-06-03,GLOBAL_WEST,P010,124,136,678.64
2024-06-03,GLOBAL_WEST,P011,60,63,1259.37
2024-06-03,GLOBAL_WEST,P012,32,33,2639.67
2024-06-04,KR,P001,303,317,313.83
2024-06-04,KR,P002,145,156,778.44
2024-06-04,KR,P003,149,166,2488.34
2024-06-04,KR,P005,167,180,1438.2
2024-06-04,KR,P006,103,113,2823.87
2024-06-04,KR,P007,118,130,1298.7
2024-06-04,KR,P009,0,0,0.0
2024-06-04,KR,P010,43,43,214.57
2024-06-04,KR,P011,35,37,739.63
2024-06-04,KR,P012,31,31,2479.69
2024-06-04,JP,P001,277,293,290.07
2024-06-04,JP,P002,148,166,828.34
2024-06-04,JP,P003,142,143,2143.57
2024-06-04,JP,P005,183,194,1550.06
2024-06-04,JP,P006,82,90,2249.1
2024-06-04,JP,P007,112,124,1238.76
2024-06-04,JP,P009,0,0,0.0
2024-06-04,JP,P010,104,112,558.88
2024-06-04,JP,P011,34,36,719.64
2024-06-04,JP,P012,14,17,1359.83
2024-06-04,GLOBAL_WEST,P001,471,491,486.09
2024-06-04,GLOBAL_WEST,P002,229,241,1202.59
2024-06-04,GLOBAL_WEST,P003,241,260,3897.4
2024-06-04,GLOBAL_WEST,P005,284,306,2444.94
2024-06-04,GLOBAL_WEST,P006,181,193,4823.07
2024-06-04,GLOBAL_WEST,P007,171,184,1838.16
2024-06-04,GLOBAL_WEST,P009,0,0,0.0
2024-06-04,GLOBAL_WEST,P010,71,78,389.22
2024-06-04,GLOBAL_WEST,P011,89,93,1859.07
2024-06-04,GLOBAL_WEST,P012,15,15,1199.85
2024-06-05,KR,P001,308,326,322.74
2024-06-05,KR,P002,123,129,643.71
2024-06-05,KR,P003,166,171,2563.29
2024-06-05,KR,P005,192,202,1613.98
2024-06-05,KR,P006,108,112,2798.88
2024-06-05,KR,P007,128,137,1368.63
2024-06-05,KR,P009,0,0,0.0
2024-06-05,KR,P010,75,82,409.18
2024-06-05,KR,P011,55,61,1219.39
2024-06-05,KR,P012,32,34,2719.66
2024-06-05,JP,P001,274,297,294.03
2024-06-05,JP,P002,132,140,698.6
2024-06-05,JP,P003,162,169,2533.31
2024-06-05,JP,P005,159,169,1350.31
2024-06-05,JP,P006,79,85,2124.15
2024-06-05,JP,P007,94,103,1028.97
2024-06-05,JP,P009,0,0,0.0
2024-06-05,JP,P010,93,100,499.0
2024-06-05,JP,P011,69,72,1439.28
2024-06-05,JP,P012,18,19,1519.81
2024-06-05,GLOBAL_WEST,P001,396,424,419.76
2024-06-05,GLOBAL_WEST,P002,233,238,1187.62
2024-06-05,GLOBAL_WEST,P003,213,230,3447.7
2024-06-05,GLOBAL_WEST,P005,256,268,2141.32
2024-06-05,GLOBAL_WEST,P006,146,162,4048.38
2024-06-05,GLOBAL_WEST,P007,143,152,1518.48
2024-06-05,GLOBAL_WEST,P009,0,0,0.0
2024-06-05,GLOBAL_WEST,P010,125,130,648.7
2024-06-05,GLOBAL_WEST,P011,30,31,619.69
2024-06-05,GLOBAL_WEST,P012,66,73,5839.27
2024-06-06,KR,P001,282,318,314.82
2024-06-06,KR,P002,132,141,703.59
2024-06-06,KR,P003,174,194,2908.06
2024-06-06,KR,P005,157,172,1374.28
2024-06-06,KR,P006,98,104,2598.96
2024-06-06,KR,P007,127,137,1368.63
2024-06-06,KR,P009,0,0,0.0
2024-06-06,KR,P010,73,78,389.22
2024-06-06,KR,P011,32,32,639.68
2024-06-06,KR,P012,16,17,1359.83
2024-06-06,JP,P001,316,319,315.81
2024-06-06,JP,P002,162,177,883.23
2024-06-06,JP,P003,147,157,2353.43
2024-06-06,JP,P005,177,207,1653.93
2024-06-06,JP,P006,76,81,2024.19
2024-06-06,JP,P007,93,102,1018.98
2024-06-06,JP,P009,0,0,0.0
2024-06-06,JP,P010,68,73,364.27
2024-06-06,JP,P011,66,69,1379.31
2024-06-06,JP,P012,16,17,1359.83
2024-06-06,GLOBAL_WEST,P001,434,441,436.59
2024-06-06,GLOBAL_WEST,P002,213,216,1077.84
2024-06-06,GLOBAL_WEST,P003,218,232,3477.68
2024-06-06,GLOBAL_WEST,P005,273,294,2349.06
2024-06-06,GLOBAL_WEST,P006,105,110,2748.9
2024-06-06,GLOBAL_WEST,P007,150,157,1568.43
2024-06-06,GLOBAL_WEST,P009,0,0,0.0
2024-06-06,GLOBAL_WEST,P010,152,159,793.41
2024-06-06,GLOBAL_WEST,P011,110,116,2318.84
2024-06-06,GLOBAL_WEST,P012,25,26,2079.74
2024-06-07,KR,P001,284,303,299.97
2024-06-07,KR,P002,144,158,788.42
2024-06-07,KR,P003,130,140,2098.6
2024-06-07,KR,P005,150,159,1270.41
2024-06-07,KR,P006,85,91,2274.09
2024-06-07,KR,P007,117,127,1268.73
2024-06-07,KR,P009,0,0,0.0
2024-06-07,KR,P010,76,85,424.15
2024-06-07,KR,P011,73,77,1539.23
2024-06-07,KR,P012,29,29,2319.71
2024-06-07,JP,P001,322,346,342.54
2024-06-07,JP,P002,142,154,768.46
2024-06-07,JP,P003,162,174,2608.26
2024-06-07,JP,P005,166,178,1422.22
2024-06-07,JP,P006,74,80,1999.2
2024-06-07,JP,P007,138,148,1478.52
2024-06-07,JP,P009,0,0,0.0
2024-06-07,JP,P010,91,96,479.04
2024-06-07,JP,P011,63,70,1399.3
2024-06-07,JP,P012,35,36,2879.64
2024-06-07,GLOBAL_WEST,P001,420,456,451.44
2024-06-07,GLOBAL_WEST,P002,207,229,1142.71
2024-06-07,GLOBAL_WEST,P003,177,184,2758.16
2024-06-07,GLOBAL_WEST,P005,278,301,2404.99
2024-06-07,GLOBAL_WEST,P006,133,151,3773.49
2024-06-07,GLOBAL_WEST,P007,177,191,1908.09
2024-06-07,GLOBAL_WEST,P009,0,0,0.0
2024-06-07,GLOBAL_WEST,P010,147,156,778.44
2024-06-07,GLOBAL_WEST,P011,99,108,2158.92
2024-06-07,GLOBAL_WEST,P012,17,18,1439.82
2024-06-08,KR,P001,309,350,346.5
2024-06-08,KR,P002,140,146,728.54
2024-06-08,KR,P003,136,153,2293.47
2024-06-08,KR,P005,172,188,1502.12
2024-06-08,KR,P006,92,97,2424.03
2024-06-08,KR,P007,109,119,1188.81
2024-06-08,KR,P009,0,0,0.0
2024-06-08,KR,P010,71,74,369.26
2024-06-08,KR,P011,45,49,979.51
2024-06-08,KR,P012,13,14,1119.86
2024-06-08,JP,P001,305,320,316.8
2024-06-08,JP,P002,160,177,883.23
2024-06-08,JP,P003,148,157,2353.43
2024-06-08,JP,P005,154,173,1382.27
2024-06-08,JP,P006,63,66,1649.34
2024-06-08,JP,P007,99,105,1048.95
2024-06-08,JP,P009,0,0,0.0
2024-06-08,JP,P010,70,75,374.25
2024-06-08,JP,P011,40,42,839.58
2024-06-08,JP,P012,38,41,3279.59
2024-06-08,GLOBAL_WEST,P001,481,536,530.64
2024-06-08,GLOBAL_WEST,P002,209,233,1162.67
2024-06-08,GLOBAL_WEST,P003,276,295,4422.05
2024-06-08,GLOBAL_WEST,P005,221,240,1917.6
2024-06-08,GLOBAL_WEST,P006,168,177,4423.23
2024-06-08,GLOBAL_WEST,P007,197,208,2077.92
2024-06-08,GLOBAL_WEST,P009,0,0,0.0
2024-06-08,GLOBAL_WEST,P010,169,185,923.15
2024-06-08,GLOBAL_WEST,P011,116,128,2558.72
2024-06-08,GLOBAL_WEST,P012,49,51,4079.49
2024-06-09,KR,P001,308,345,341.55
2024-06-09,KR,P002,157,161,803.39
2024-06-09,KR,P003,172,190,2848.1
2024-06-09,KR,P005,183,187,1494.13
2024-06-09,KR,P006,102,112,2798.88
2024-06-09,KR,P007,149,157,1568.43
2024-06-09,KR,P009,0,0,0.0
2024-06-09,KR,P010,57,61,304.39
2024-06-09,KR,P011,55,58,1159.42
2024-06-09,KR,P012,30,30,2399.7
2024-06-09,JP,P001,305,330,326.7
2024-06-09,JP,P002,148,162,808.38
2024-06-09,JP,P003,150,165,2473.35
2024-06-09,JP,P005,169,185,1478.15
2024-06-09,JP,P006,83,89,2224.11
2024-06-09,JP,P007,94,102,1018.98
2024-06-09,JP,P009,0,0,0.0
2024-06-09,JP,P010,101,105,523.95
2024-06-09,JP,P011,55,59,1179.41
2024-06-09,JP,P012,21,22,1759.78
2024-06-09,GLOBAL_WEST,P001,520,575,569.25
2024-06-09,GLOBAL_WEST,P002,213,225,1122.75
2024-06-09,GLOBAL_WEST,P003,200,219,3282.81
2024-06-09,GLOBAL_WEST,P005,240,252,2013.48
2024-06-09,GLOBAL_WEST,P006,157,166,4148.34
2024-06-09,GLOBAL_WEST,P007,159,168,1678.32
2024-06-09,GLOBAL_WEST,P009,0,0,0.0
2024-06-09,GLOBAL_WEST,P010,110,119,593.81
2024-06-09,GLOBAL_WEST,P011,59,62,1239.38
2024-06-09,GLOBAL_WEST,P012,36,36,2879.64
2024-06-10,KR,P001,305,335,331.65
2024-06-10,KR,P002,144,156,778.44
2024-06-10,KR,P003,169,187,2803.13
2024-06-10,KR,P005,144,151,1206.49
2024-06-10,KR,P006,103,115,2873.85
2024-06-10,KR,P007,105,117,1168.83
2024-06-10,KR,P009,0,0,0.0
2024-06-10,KR,P010,93,98,489.02
2024-06-10,KR,P011,77,83,1659.17
2024-06-10,KR,P012,44,45,3599.55
2024-06-10,JP,P001,279,305,301.95
2024-06-10,JP,P002,131,145,723.55
2024-06-10,JP,P003,106,120,1798.8
2024-06-10,JP,P005,160,173,1382.27
2024-06-10,JP,P006,77,85,2124.15
2024-06-10,JP,P007,102,110,1098.9
2024-06-10,JP,P009,0,0,0.0
2024-06-10,JP,P010,102,109,543.91
2024-06-10,JP,P011,81,85,1699.15
2024-06-10,JP,P012,26,26,2079.74
2024-06-10,GLOBAL_WEST,P001,428,456,451.44
2024-06-10,GLOBAL_WEST,P002,260,298,1487.02
2024-06-10,GLOBAL_WEST,P003,186,203,3042.97
2024-06-10,GLOBAL_WEST,P005,321,343,2740.57
2024-06-10,GLOBAL_WEST,P006,101,108,2698.92
2024-06-10,GLOBAL_WEST,P007,154,160,1598.4
2024-06-10,GLOBAL_WEST,P009,0,0,0.0
2024-06-10,GLOBAL_WEST,P010,104,111,553.89
2024-06-10,GLOBAL_WEST,P011,71,78,1559.22
2024-06-10,GLOBAL_WEST,P012,39,41,3279.59
2024-06-11,KR,P001,276,294,291.06
2024-06-11,KR,P002,160,173,863.27
2024-06-11,KR,P003,161,167,2503.33
2024-06-11,KR,P005,165,185,1478.15
2024-06-11,KR,P006,97,108,2698.92
2024-06-11,KR,P007,107,117,1168.83
2024-06-11,KR,P009,0,0,0.0
2024-06-11,KR,P010,82,87,434.13
2024-06-11,KR,P011,57,60,1199.4
2024-06-11,KR,P012,12,12,959.88
2024-06-11,JP,P001,289,319,315.81
2024-06-11,JP,P002,149,161,803.39
2024-06-11,JP,P003,135,142,2128.58
2024-06-11,JP,P005,189,201,1605.99
2024-06-11,JP,P006,95,106,2648.94
2024-06-11,JP,P007,93,96,959.04
2024-06-11,JP,P009,0,0,0.0
2024-06-11,JP,P010,70,73,364.27
2024-06-11,JP,P011,69,76,1519.24
2024-06-11,JP,P012,28,30,2399.7
2024-06-11,GLOBAL_WEST,P001,455,469,464.31
2024-06-11,GLOBAL_WEST,P002,233,258,1287.42
2024-06-11,GLOBAL_WEST,P003,222,237,3552.63
2024-06-11,GLOBAL_WEST,P005,273,302,2412.98
2024-06-11,GLOBAL_WEST,P006,129,142,3548.58
2024-06-11,GLOBAL_WEST,P007,144,154,1538.46
2024-06-11,GLOBAL_WEST,P009,0,0,0.0
2024-06-11,GLOBAL_WEST,P010,140,148,738.52
2024-06-11,GLOBAL_WEST,P011,104,115,2298.85
2024-06-11,GLOBAL_WEST,P012,22,25,1999.75
2024-06-12,KR,P001,310,341,337.59
2024-06-12,KR,P002,157,170,848.3
2024-06-12,KR,P003,135,141,2113.59
2024-06-12,KR,P005,157,168,1342.32
2024-06-12,KR,P006,94,100,2499.0
2024-06-12,KR,P007,93,102,1018.98
2024-06-12,KR,P009,0,0,0.0
2024-06-12,KR,P010,114,119,593.81
2024-06-12,KR,P011,35,38,759.62
2024-06-12,KR,P012,0,0,0.0
2024-06-12,JP,P001,307,332,328.68
2024-06-12,JP,P002,145,157,783.43
2024-06-12,JP,P003,171,181,2713.19
2024-06-12,JP,P005,166,183,1462.17
2024-06-12,JP,P006,91,97,2424.03
2024-06-12,JP,P007,100,110,1098.9
2024-06-12,JP,P009,0,0,0.0
2024-06-12,JP,P010,87,90,449.1
2024-06-12,JP,P011,47,51,1019.49
2024-06-12,JP,P012,59,64,5119.36
2024-06-12,GLOBAL_WEST,P001,419,459,454.41
2024-06-12,GLOBAL_WEST,P002,212,220,1097.8
2024-06-12,GLOBAL_WEST,P003,231,248,3717.52
2024-06-12,GLOBAL_WEST,P005,276,297,2373.03
2024-06-12,GLOBAL_WEST,P006,113,122,3048.78
2024-06-12,GLOBAL_WEST,P007,158,174,1738.26
2024-06-12,GLOBAL_WEST,P009,0,0,0.0
2024-06-12,GLOBAL_WEST,P010,125,131,653.69
2024-06-12,GLOBAL_WEST,P011,109,116,2318.84
2024-06-12,GLOBAL_WEST,P012,1,2,159.98
2024-06-13,KR,P001,312,347,343.53
2024-06-13,KR,P002,136,147,733.53
2024-06-13,KR,P003,141,159,2383.41
2024-06-13,KR,P005,188,200,1598.0
2024-06-13,KR,P006,81,87,2174.13
2024-06-13,KR,P007,103,106,1058.94
2024-06-13,KR,P009,0,0,0.0
2024-06-13,KR,P010,91,101,503.99
2024-06-13,KR,P011,63,71,1419.29
2024-06-13,KR,P012,32,35,2799.65
2024-06-13,JP,P001,312,343,339.57
2024-06-13,JP,P002,151,156,778.44
2024-06-13,JP,P003,156,165,2473.35
2024-06-13,JP,P005,179,196,1566.04
2024-06-13,JP,P006,74,81,2024.19
2024-06-13,JP,P007,126,133,1328.67
2024-06-13,JP,P009,0,0,0.0
2024-06-13,JP,P010,78,81,404.19
2024-06-13,JP,P011,53,56,1119.44
2024-06-13,JP,P012,38,40,3199.6
2024-06-13,GLOBAL_WEST,P001,448,491,486.09
2024-06-13,GLOBAL_WEST,P002,235,257,1282.43
2024-06-13,GLOBAL_WEST,P003,165,181,2713.19
2024-06-13,GLOBAL_WEST,P005,243,253,2021.47
2024-06-13,GLOBAL_WEST,P006,63,68,1699.32
2024-06-13,GLOBAL_WEST,P007,165,172,1718.28
2024-06-13,GLOBAL_WEST,P009,0,0,0.0
2024-06-13,GLOBAL_WEST,P010,131,144,718.56
2024-06-13,GLOBAL_WEST,P011,81,88,1759.12
2024-06-13,GLOBAL_WEST,P012,72,74,5919.26
2024-06-14,KR,P001,281,297,294.03
2024-06-14,KR,P002,123,133,663.67
2024-06-14,KR,P003,131,140,2098.6
2024-06-14,KR,P005,173,182,1454.18
2024-06-14,KR,P006,57,61,1524.39
2024-06-14,KR,P007,88,97,969.03
2024-06-14,KR,P009,0,0,0.0
2024-06-14,KR,P010,76,83,414.17
2024-06-14,KR,P011,64,69,1379.31
2024-06-14,KR,P012,8,8,639.92
2024-06-14,JP,P001,298,326,322.74
2024-06-14,JP,P002,139,144,718.56
2024-06-14,JP,P003,152,164,2458.36
2024-06-14,JP,P005,171,176,1406.24
2024-06-14,JP,P006,72,78,1949.22
2024-06-14,JP,P007,133,141,1408.59
2024-06-14,JP,P009,0,0,0.0
2024-06-14,JP,P010,91,100,499.0
2024-06-14,JP,P011,50,53,1059.47
2024-06-14,JP,P012,21,23,1839.77
2024-06-14,GLOBAL_WEST,P001,434,451,446.49
2024-06-14,GLOBAL_WEST,P002,207,226,1127.74
2024-06-14,GLOBAL_WEST,P003,237,250,3747.5
2024-06-14,GLOBAL_WEST,P005,243,257,2053.43
2024-06-14,GLOBAL_WEST,P006,84,89,2224.11
2024-06-14,GLOBAL_WEST,P007,179,197,1968.03
2024-06-14,GLOBAL_WEST,P009,0,0,0.0
2024-06-14,GLOBAL_WEST,P010,100,113,563.87
2024-06-14,GLOBAL_WEST,P011,93,102,2038.98
2024-06-14,GLOBAL_WEST,P012,37,37,2959.63
2024-06-15,KR,P001,284,291,288.09
2024-06-15,KR,P002,149,167,833.33
2024-06-15,KR,P003,153,167,2503.33
2024-06-15,KR,P005,175,193,1542.07
2024-06-15,KR,P006,70,77,1924.23
2024-06-15,KR,P007,107,116,1158.84
2024-06-15,KR,P009,0,0,0.0
2024-06-15,KR,P010,86,89,444.11
2024-06-15,KR,P011,53,55,1099.45
2024-06-15,KR,P012,0,0,0.0
2024-06-15,JP,P001,295,329,325.71
2024-06-15,JP,P002,155,172,858.28
2024-06-15,JP,P003,130,134,2008.66
2024-06-15,JP,P005,154,163,1302.37
2024-06-15,JP,P006,80,83,2074.17
2024-06-15,JP,P007,86,90,899.1
2024-06-15,JP,P009,0,0,0.0
2024-06-15,JP,P010,92,97,484.03
2024-06-15,JP,P011,61,65,1299.35
2024-06-15,JP,P012,51,52,4159.48
2024-06-15,GLOBAL_WEST,P001,448,496,491.04
2024-06-15,GLOBAL_WEST,P002,182,188,938.12
2024-06-15,GLOBAL_WEST,P003,196,218,3267.82
2024-06-15,GLOBAL_WEST,P005,272,305,2436.95
2024-06-15,GLOBAL_WEST,P006,128,136,3398.64
2024-06-15,GLOBAL_WEST,P007,174,188,1878.12
2024-06-15,GLOBAL_WEST,P009,0,0,0.0
2024-06-15,GLOBAL_WEST,P010,143,152,758.48
2024-06-15,GLOBAL_WEST,P011,76,80,1599.2
2024-06-15,GLOBAL_WEST,P012,35,35,2799.65
2024-06-16,KR,P001,309,344,340.56
2024-06-16,KR,P002,130,145,723.55
2024-06-16,KR,P003,115,127,1903.73
2024-06-16,KR,P005,186,200,1598.0
2024-06-16,KR,P006,83,88,2199.12
2024-06-16,KR,P007,96,101,1008.99
2024-06-16,KR,P009,0,0,0.0
2024-06-16,KR,P010,96,103,513.97
2024-06-16,KR,P011,53,58,1159.42
2024-06-16,KR,P012,25,27,2159.73
2024-06-16,JP,P001,298,319,315.81
2024-06-16,JP,P002,157,167,833.33
2024-06-16,JP,P003,144,155,2323.45
2024-06-16,JP,P005,180,200,1598.0
2024-06-16,JP,P006,96,110,2748.9
2024-06-16,JP,P007,115,124,1238.76
2024-06-16,JP,P009,0,0,0.0
2024-06-16,JP,P010,62,67,334.33
2024-06-16,JP,P011,18,20,399.8
2024-06-16,JP,P012,38,43,3439.57
2024-06-16,GLOBAL_WEST,P001,434,465,460.35
2024-06-16,GLOBAL_WEST,P002,190,202,1007.98
2024-06-16,GLOBAL_WEST,P003,257,274,4107.26
2024-06-16,GLOBAL_WEST,P005,220,238,1901.62
2024-06-16,GLOBAL_WEST,P006,141,144,3598.56
2024-06-16,GLOBAL_WEST,P007,139,156,1558.44
2024-06-16,GLOBAL_WEST,P009,0,0,0.0
2024-06-16,GLOBAL_WEST,P010,114,127,633.73
2024-06-16,GLOBAL_WEST,P011,77,83,1659.17
2024-06-16,GLOBAL_WEST,P012,0,0,0.0
2024-06-17,KR,P001,299,304,300.96
2024-06-17,KR,P002,164,177,883.23
2024-06-17,KR,P003,125,135,2023.65
2024-06-17,KR,P005,185,207,1653.93
2024-06-17,KR,P006,90,95,2374.05
2024-06-17,KR,P007,98,103,1028.97
2024-06-17,KR,P009,0,0,0.0
2024-06-17,KR,P010,71,80,399.2
2024-06-17,KR,P011,50,52,1039.48
2024-06-17,KR,P012,22,24,1919.76
2024-06-17,JP,P001,311,333,329.67
2024-06-17,JP,P002,165,173,863.27
2024-06-17,JP,P003,153,169,2533.31
2024-06-17,JP,P005,163,176,1406.24
2024-06-17,JP,P006,77,83,2074.17
2024-06-17,JP,P007,117,130,1298.7
2024-06-17,JP,P009,0,0,0.0
2024-06-17,JP,P010,52,54,269.46
2024-06-17,JP,P011,28,29,579.71
2024-06-17,JP,P012,32,35,2799.65
2024-06-17,GLOBAL_WEST,P001,428,463,458.37
2024-06-17,GLOBAL_WEST,P002,224,236,1177.64
2024-06-17,GLOBAL_WEST,P003,220,231,3462.69
2024-06-17,GLOBAL_WEST,P005,236,255,2037.45
2024-06-17,GLOBAL_WEST,P006,107,122,3048.78
2024-06-17,GLOBAL_WEST,P007,200,224,2237.76
2024-06-17,GLOBAL_WEST,P009,0,0,0.0
2024-06-17,GLOBAL_WEST,P010,116,127,633.73
2024-06-17,GLOBAL_WEST,P011,0,0,0.0
2024-06-17,GLOBAL_WEST,P012,0,0,0.0
2024-06-18,KR,P001,293,321,317.79
2024-06-18,KR,P002,132,138,688.62
2024-06-18,KR,P003,160,169,2533.31
2024-06-18,KR,P005,174,184,1470.16
2024-06-18,KR,P006,92,101,2523.99
2024-06-18,KR,P007,103,114,1138.86
2024-06-18,KR,P009,0,0,0.0
2024-06-18,KR,P010,70,76,379.24
2024-06-18,KR,P011,84,92,1839.08
2024-06-18,KR,P012,21,24,1919.76
2024-06-18,JP,P001,288,311,307.89
2024-06-18,JP,P002,134,135,673.65
2024-06-18,JP,P003,142,158,2368.42
2024-06-18,JP,P005,188,202,1613.98
2024-06-18,JP,P006,85,95,2374.05
2024-06-18,JP,P007,99,109,1088.91
2024-06-18,JP,P009,0,0,0.0
2024-06-18,JP,P010,55,60,299.4
2024-06-18,JP,P011,62,64,1279.36
2024-06-18,JP,P012,4,4,319.96
2024-06-18,GLOBAL_WEST,P001,445,468,463.32
2024-06-18,GLOBAL_WEST,P002,223,238,1187.62
2024-06-18,GLOBAL_WEST,P003,232,244,3657.56
2024-06-18,GLOBAL_WEST,P005,295,314,2508.86
2024-06-18,GLOBAL_WEST,P006,108,115,2873.85
2024-06-18,GLOBAL_WEST,P007,175,176,1758.24
2024-06-18,GLOBAL_WEST,P009,0,0,0.0
2024-06-18,GLOBAL_WEST,P010,127,136,678.64
2024-06-18,GLOBAL_WEST,P011,108,121,2418.79
2024-06-18,GLOBAL_WEST,P012,0,0,0.0
2024-06-19,KR,P001,282,302,298.98
2024-06-19,KR,P002,135,147,733.53
2024-06-19,KR,P003,112,126,1888.74
2024-06-19,KR,P005,180,203,1621.97
2024-06-19,KR,P006,87,95,2374.05
2024-06-19,KR,P007,85,92,919.08
2024-06-19,KR,P009,0,0,0.0
2024-06-19,KR,P010,82,84,419.16
2024-06-19,KR,P011,63,65,1299.35
2024-06-19,KR,P012,10,10,799.9
2024-06-19,JP,P001,281,312,308.88
2024-06-19,JP,P002,148,165,823.35
2024-06-19,JP,P003,145,153,2293.47
2024-06-19,JP,P005,170,171,1366.29
2024-06-19,JP,P006,87,92,2299.08
2024-06-19,JP,P007,126,135,1348.65
2024-06-19,JP,P009,0,0,0.0
2024-06-19,JP,P010,90,96,479.04
2024-06-19,JP,P011,45,47,939.53
2024-06-19,JP,P012,22,24,1919.76
2024-06-19,GLOBAL_WEST,P001,453,475,470.25
2024-06-19,GLOBAL_WEST,P002,231,237,1182.63
2024-06-19,GLOBAL_WEST,P003,219,238,3567.62
2024-06-19,GLOBAL_WEST,P005,247,261,2085.39
2024-06-19,GLOBAL_WEST,P006,168,176,4398.24
2024-06-19,GLOBAL_WEST,P007,183,199,1988.01
2024-06-19,GLOBAL_WEST,P009,0,0,0.0
2024-06-19,GLOBAL_WEST,P010,125,132,658.68
2024-06-19,GLOBAL_WEST,P011,82,87,1739.13
2024-06-19,GLOBAL_WEST,P012,39,41,3279.59
2024-06-20,KR,P001,292,315,311.85
2024-06-20,KR,P002,142,155,773.45
2024-06-20,KR,P003,158,163,2443.37
2024-06-20,KR,P005,172,189,1510.11
2024-06-20,KR,P006,82,95,2374.05
2024-06-20,KR,P007,100,102,1018.98
2024-06-20,KR,P009,0,0,0.0
2024-06-20,KR,P010,81,84,419.16
2024-06-20,KR,P011,68,69,1379.31
2024-06-20,KR,P012,0,0,0.0
2024-06-20,JP,P001,299,324,320.76
2024-06-20,JP,P002,140,155,773.45
2024-06-20,JP,P003,148,156,2338.44
2024-06-20,JP,P005,172,195,1558.05
2024-06-20,JP,P006,100,110,2748.9
2024-06-20,JP,P007,100,113,1128.87
2024-06-20,JP,P009,0,0,0.0
2024-06-20,JP,P010,96,100,499.0
2024-06-20,JP,P011,34,37,739.63
2024-06-20,JP,P012,9,10,799.9
2024-06-20,GLOBAL_WEST,P001,442,482,477.18
2024-06-20,GLOBAL_WEST,P002,228,243,1212.57
2024-06-20,GLOBAL_WEST,P003,260,291,4362.09
2024-06-20,GLOBAL_WEST,P005,213,230,1837.7
2024-06-20,GLOBAL_WEST,P006,147,158,3948.42
2024-06-20,GLOBAL_WEST,P007,149,160,1598.4
2024-06-20,GLOBAL_WEST,P009,0,0,0.0
2024-06-20,GLOBAL_WEST,P010,170,184,918.16
2024-06-20,GLOBAL_WEST,P011,70,74,1479.26
2024-06-20,GLOBAL_WEST,P012,10,10,799.9
2024-06-21,KR,P001,276,323,319.77
2024-06-21,KR,P002,142,157,783.43
2024-06-21,KR,P003,121,129,1933.71
2024-06-21,KR,P005,163,175,1398.25
2024-06-21,KR,P006,87,95,2374.05
2024-06-21,KR,P007,139,148,1478.52
2024-06-21,KR,P009,0,0,0.0
2024-06-21,KR,P010,51,54,269.46
2024-06-21,KR,P011,58,63,1259.37
2024-06-21,KR,P012,0,0,0.0
2024-06-21,JP,P001,311,341,337.59
2024-06-21,JP,P002,126,139,693.61
2024-06-21,JP,P003,160,169,2533.31
2024-06-21,JP,P005,184,195,1558.05
2024-06-21,JP,P006,100,109,2723.91
2024-06-21,JP,P007,121,128,1278.72
2024-06-21,JP,P009,0,0,0.0
2024-06-21,JP,P010,92,101,503.99
2024-06-21,JP,P011,78,82,1639.18
2024-06-21,JP,P012,25,27,2159.73
2024-06-21,GLOBAL_WEST,P001,463,502,496.98
2024-06-21,GLOBAL_WEST,P002,219,233,1162.67
2024-06-21,GLOBAL_WEST,P003,202,210,3147.9
2024-06-21,GLOBAL_WEST,P005,244,266,2125.34
2024-06-21,GLOBAL_WEST,P006,112,118,2948.82
2024-06-21,GLOBAL_WEST,P007,171,188,1878.12
2024-06-21,GLOBAL_WEST,P009,0,0,0.0
2024-06-21,GLOBAL_WEST,P010,95,103,513.97
2024-06-21,GLOBAL_WEST,P011,93,100,1999.0
2024-06-21,GLOBAL_WEST,P012,24,27,2159.73
2024-06-22,KR,P001,294,310,306.9
2024-06-22,KR,P002,143,153,763.47
2024-06-22,KR,P003,134,141,2113.59
2024-06-22,KR,P005,152,166,1326.34
2024-06-22,KR,P006,96,107,2673.93
2024-06-22,KR,P007,145,156,1558.44
2024-06-22,KR,P009,0,0,0.0
2024-06-22,KR,P010,79,85,424.15
2024-06-22,KR,P011,35,37,739.63
2024-06-22,KR,P012,16,19,1519.81
2024-06-22,JP,P001,284,308,304.92
2024-06-22,JP,P002,122,131,653.69
2024-06-22,JP,P003,159,170,2548.3
2024-06-22,JP,P005,158,163,1302.37
2024-06-22,JP,P006,84,93,2324.07
2024-06-22,JP,P007,93,100,999.0
2024-06-22,JP,P009,0,0,0.0
2024-06-22,JP,P010,97,106,528.94
2024-06-22,JP,P011,34,37,739.63
2024-06-22,JP,P012,0,0,0.0
2024-06-22,GLOBAL_WEST,P001,444,486,481.14
2024-06-22,GLOBAL_WEST,P002,197,210,1047.9
2024-06-22,GLOBAL_WEST,P003,231,248,3717.52
2024-06-22,GLOBAL_WEST,P005,244,263,2101.37
2024-06-22,GLOBAL_WEST,P006,114,118,2948.82
2024-06-22,GLOBAL_WEST,P007,146,165,1648.35
2024-06-22,GLOBAL_WEST,P009,0,0,0.0
2024-06-22,GLOBAL_WEST,P010,133,139,693.61
2024-06-22,GLOBAL_WEST,P011,97,103,2058.97
2024-06-22,GLOBAL_WEST,P012,31,34,2719.66
2024-06-23,KR,P001,289,313,309.87
2024-06-23,KR,P002,159,177,883.23
2024-06-23,KR,P003,152,159,2383.41
2024-06-23,KR,P005,149,162,1294.38
2024-06-23,KR,P006,89,94,2349.06
2024-06-23,KR,P007,126,137,1368.63
2024-06-23,KR,P009,0,0,0.0
2024-06-23,KR,P010,96,105,523.95
2024-06-23,KR,P011,41,42,839.58
2024-06-23,KR,P012,46,50,3999.5
2024-06-23,JP,P001,260,284,281.16
2024-06-23,JP,P002,138,155,773.45
2024-06-23,JP,P003,141,154,2308.46
2024-06-23,JP,P005,162,166,1326.34
2024-06-23,JP,P006,66,70,1749.3
2024-06-23,JP,P007,112,130,1298.7
2024-06-23,JP,P009,0,0,0.0
2024-06-23,JP,P010,71,74,369.26
2024-06-23,JP,P011,43,47,939.53
2024-06-23,JP,P012,2,2,159.98
2024-06-23,GLOBAL_WEST,P001,460,506,500.94
2024-06-23,GLOBAL_WEST,P002,219,239,1192.61
2024-06-23,GLOBAL_WEST,P003,246,263,3942.37
2024-06-23,GLOBAL_WEST,P005,269,300,2397.0
2024-06-23,GLOBAL_WEST,P006,137,147,3673.53
2024-06-23,GLOBAL_WEST,P007,133,140,1398.6
2024-06-23,GLOBAL_WEST,P009,0,0,0.0
2024-06-23,GLOBAL_WEST,P010,133,141,703.59
2024-06-23,GLOBAL_WEST,P011,129,137,2738.63
2024-06-23,GLOBAL_WEST,P012,36,37,2959.63
2024-06-24,KR,P001,264,276,273.24
2024-06-24,KR,P002,150,165,823.35
2024-06-24,KR,P003,159,172,2578.28
2024-06-24,KR,P005,213,224,1789.76
2024-06-24,KR,P006,111,122,3048.78
2024-06-24,KR,P007,108,120,1198.8
2024-06-24,KR,P009,0,0,0.0
2024-06-24,KR,P010,50,54,269.46
2024-06-24,KR,P011,61,67,1339.33
2024-06-24,KR,P012,39,40,3199.6
2024-06-24,JP,P001,330,369,365.31
2024-06-24,JP,P002,122,132,658.68
2024-06-24,JP,P003,139,152,2278.48
2024-06-24,JP,P005,169,176,1406.24
2024-06-24,JP,P006,76,79,1974.21
2024-06-24,JP,P007,103,112,1118.88
2024-06-24,JP,P009,0,0,0.0
2024-06-24,JP,P010,87,92,459.08
2024-06-24,JP,P011,21,23,459.77
2024-06-24,JP,P012,6,6,479.94
2024-06-24,GLOBAL_WEST,P001,447,492,487.08
2024-06-24,GLOBAL_WEST,P002,181,194,968.06
2024-06-24,GLOBAL_WEST,P003,244,261,3912.39
2024-06-24,GLOBAL_WEST,P005,288,307,2452.93
2024-06-24,GLOBAL_WEST,P006,87,99,2474.01
2024-06-24,GLOBAL_WEST,P007,135,142,1418.58
2024-06-24,GLOBAL_WEST,P009,0,0,0.0
2024-06-24,GLOBAL_WEST,P010,119,128,638.72
2024-06-24,GLOBAL_WEST,P011,80,86,1719.14
2024-06-24,GLOBAL_WEST,P012,8,8,639.92
2024-06-25,KR,P001,289,324,320.76
2024-06-25,KR,P002,153,173,863.27
2024-06-25,KR,P003,127,132,1978.68
2024-06-25,KR,P005,171,181,1446.19
2024-06-25,KR,P006,76,81,2024.19
2024-06-25,KR,P007,88,96,959.04
2024-06-25,KR,P009,0,0,0.0
2024-06-25,KR,P010,94,96,479.04
2024-06-25,KR,P011,81,87,1739.13
2024-06-25,KR,P012,37,39,3119.61
2024-06-25,JP,P001,277,302,298.98
2024-06-25,JP,P002,136,147,733.53
2024-06-25,JP,P003,147,156,2338.44
2024-06-25,JP,P005,161,171,1366.29
2024-06-25,JP,P006,88,95,2374.05
2024-06-25,JP,P007,109,117,1168.83
2024-06-25,JP,P009,0,0,0.0
2024-06-25,JP,P010,91,98,489.02
2024-06-25,JP,P011,38,41,819.59
2024-06-25,JP,P012,5,6,479.94
2024-06-25,GLOBAL_WEST,P001,482,521,515.79
2024-06-25,GLOBAL_WEST,P002,218,236,1177.64
2024-06-25,GLOBAL_WEST,P003,226,249,3732.51
2024-06-25,GLOBAL_WEST,P005,278,304,2428.96
2024-06-25,GLOBAL_WEST,P006,112,128,3198.72
2024-06-25,GLOBAL_WEST,P007,140,155,1548.45
2024-06-25,GLOBAL_WEST,P009,0,0,0.0
2024-06-25,GLOBAL_WEST,P010,141,155,773.45
2024-06-25,GLOBAL_WEST,P011,92,96,1919.04
2024-06-25,GLOBAL_WEST,P012,23,24,1919.76
2024-06-26,KR,P001,404,435,430.65
2024-06-26,KR,P002,147,162,808.38
2024-06-26,KR,P003,210,219,3282.81
2024-06-26,KR,P004,169,179,3578.21
2024-06-26,KR,P005,225,230,1837.7
2024-06-26,KR,P006,130,141,3523.59
2024-06-26,KR,P007,186,201,2007.99
2024-06-26,KR,P009,233,246,7377.54
2024-06-26,KR,P010,123,133,663.67
2024-06-26,KR,P011,67,75,1499.25
2024-06-26,KR,P012,36,38,3039.62
2024-06-26,JP,P001,341,371,367.29
2024-06-26,JP,P002,179,201,1002.99
2024-06-26,JP,P003,192,202,3027.98
2024-06-26,JP,P004,139,144,2878.56
2024-06-26,JP,P005,212,229,1829.71
2024-06-26,JP,P006,150,163,4073.37
2024-06-26,JP,P007,168,189,1888.11
2024-06-26,JP,P009,203,228,6837.72
2024-06-26,JP,P010,103,113,563.87
2024-06-26,JP,P011,61,63,1259.37
2024-06-26,JP,P012,47,51,4079.49
2024-06-26,GLOBAL_WEST,P001,586,637,630.63
2024-06-26,GLOBAL_WEST,P002,268,282,1407.18
2024-06-26,GLOBAL_WEST,P003,316,340,5096.6
2024-06-26,GLOBAL_WEST,P004,201,211,4217.89
2024-06-26,GLOBAL_WEST,P005,367,397,3172.03
2024-06-26,GLOBAL_WEST,P006,215,225,5622.75
2024-06-26,GLOBAL_WEST,P007,209,231,2307.69
2024-06-26,GLOBAL_WEST,P009,327,347,10406.53
2024-06-26,GLOBAL_WEST,P010,180,181,903.19
2024-06-26,GLOBAL_WEST,P011,107,119,2378.81
2024-06-26,GLOBAL_WEST,P012,107,112,8958.88
2024-06-27,KR,P001,395,403,398.97
2024-06-27,KR,P002,210,235,1172.65
2024-06-27,KR,P003,178,185,2773.15
2024-06-27,KR,P004,156,163,3258.37
2024-06-27,KR,P005,221,242,1933.58
2024-06-27,KR,P006,134,141,3523.59
2024-06-27,KR,P007,201,219,2187.81
2024-06-27,KR,P009,222,247,7407.53
2024-06-27,KR,P010,135,141,703.59
2024-06-27,KR,P011,93,101,2018.99
2024-06-27,KR,P012,19,20,1599.8
2024-06-27,JP,P001,373,407,402.93
2024-06-27,JP,P002,205,207,1032.93
2024-06-27,JP,P003,195,202,3027.98
2024-06-27,JP,P004,142,148,2958.52
2024-06-27,JP,P005,244,258,2061.42
2024-06-27,JP,P006,146,154,3848.46
2024-06-27,JP,P007,180,201,2007.99
2024-06-27,JP,P009,208,226,6777.74
2024-06-27,JP,P010,81,89,444.11
2024-06-27,JP,P011,58,60,1199.4
2024-06-27,JP,P012,36,37,2959.63
2024-06-27,GLOBAL_WEST,P001,644,687,680.13
2024-06-27,GLOBAL_WEST,P002,280,302,1506.98
2024-06-27,GLOBAL_WEST,P003,319,336,5036.64
2024-06-27,GLOBAL_WEST,P004,229,258,5157.42
2024-06-27,GLOBAL_WEST,P005,361,383,3060.17
2024-06-27,GLOBAL_WEST,P006,227,236,5897.64
2024-06-27,GLOBAL_WEST,P007,334,360,3596.4
2024-06-27,GLOBAL_WEST,P009,286,308,9236.92
2024-06-27,GLOBAL_WEST,P010,170,187,933.13
2024-06-27,GLOBAL_WEST,P011,137,145,2898.55
2024-06-27,GLOBAL_WEST,P012,45,48,3839.52
2024-06-28,KR,P001,399,433,428.67
2024-06-28,KR,P002,199,218,1087.82
2024-06-28,KR,P003,190,209,3132.91
2024-06-28,KR,P004,133,144,2878.56
2024-06-28,KR,P005,209,236,1885.64
2024-06-28,KR,P006,103,115,2873.85
2024-06-28,KR,P007,179,194,1938.06
2024-06-28,KR,P009,210,221,6627.79
2024-06-28,KR,P010,87,96,479.04
2024-06-28,KR,P011,78,84,1679.16
2024-06-28,KR,P012,26,27,2159.73
2024-06-28,JP,P001,366,401,396.99
2024-06-28,JP,P002,174,184,918.16
2024-06-28,JP,P003,193,209,3132.91
2024-06-28,JP,P004,125,140,2798.6
2024-06-28,JP,P005,186,200,1598.0
2024-06-28,JP,P006,139,153,3823.47
2024-06-28,JP,P007,167,182,1818.18
2024-06-28,JP,P009,162,172,5158.28
2024-06-28,JP,P010,107,113,563.87
2024-06-28,JP,P011,69,76,1519.24
2024-06-28,JP,P012,36,38,3039.62
2024-06-28,GLOBAL_WEST,P001,594,604,597.96
2024-06-28,GLOBAL_WEST,P002,333,342,1706.58
2024-06-28,GLOBAL_WEST,P003,291,320,4796.8
2024-06-28,GLOBAL_WEST,P004,228,243,4857.57
2024-06-28,GLOBAL_WEST,P005,417,472,3771.28
2024-06-28,GLOBAL_WEST,P006,181,193,4823.07
2024-06-28,GLOBAL_WEST,P007,251,267,2667.33
2024-06-28,GLOBAL_WEST,P009,286,294,8817.06
2024-06-28,GLOBAL_WEST,P010,168,174,868.26
2024-06-28,GLOBAL_WEST,P011,92,99,1979.01
2024-06-28,GLOBAL_WEST,P012,56,62,4959.38
2024-06-29,KR,P001,380,416,411.84
2024-06-29,KR,P002,196,202,1007.98
2024-06-29,KR,P003,220,231,3462.69
2024-06-29,KR,P004,129,151,3018.49
2024-06-29,KR,P005,227,235,1877.65
2024-06-29,KR,P006,147,160,3998.4
2024-06-29,KR,P007,179,200,1998.0
2024-06-29,KR,P009,219,241,7227.59
2024-06-29,KR,P010,150,165,823.35
2024-06-29,KR,P011,54,57,1139.43
2024-06-29,KR,P012,49,55,4399.45
2024-06-29,JP,P001,369,381,377.19
2024-06-29,JP,P002,185,206,1027.94
2024-06-29,JP,P003,193,200,2998.0
2024-06-29,JP,P004,159,174,3478.26
2024-06-29,JP,P005,201,210,1677.9
2024-06-29,JP,P006,139,145,3623.55
2024-06-29,JP,P007,177,191,1908.09
2024-06-29,JP,P009,181,196,5878.04
2024-06-29,JP,P010,105,116,578.84
2024-06-29,JP,P011,55,63,1259.37
2024-06-29,JP,P012,16,16,1279.84
2024-06-29,GLOBAL_WEST,P001,586,670,663.3
2024-06-29,GLOBAL_WEST,P002,231,243,1212.57
2024-06-29,GLOBAL_WEST,P003,292,317,4751.83
2024-06-29,GLOBAL_WEST,P004,213,228,4557.72
2024-06-29,GLOBAL_WEST,P005,350,377,3012.23
2024-06-29,GLOBAL_WEST,P006,245,275,6872.25
2024-06-29,GLOBAL_WEST,P007,228,241,2407.59
2024-06-29,GLOBAL_WEST,P009,296,315,9446.85
2024-06-29,GLOBAL_WEST,P010,202,218,1087.82
2024-06-29,GLOBAL_WEST,P011,141,145,2898.55
2024-06-29,GLOBAL_WEST,P012,34,36,2879.64
2024-06-30,KR,P001,403,421,416.79
2024-06-30,KR,P002,228,242,1207.58
2024-06-30,KR,P003,184,194,2908.06
2024-06-30,KR,P004,151,162,3238.38
2024-06-30,KR,P005,237,243,1941.57
2024-06-30,KR,P006,122,137,3423.63
2024-06-30,KR,P007,178,193,1928.07
2024-06-30,KR,P009,211,228,6837.72
2024-06-30,KR,P010,135,151,753.49
2024-06-30,KR,P011,63,69,1379.31
2024-06-30,KR,P012,6,6,479.94
2024-06-30,JP,P001,369,412,407.88
2024-06-30,JP,P002,201,211,1052.89
2024-06-30,JP,P003,183,193,2893.07
2024-06-30,JP,P004,130,137,2738.63
2024-06-30,JP,P005,210,238,1901.62
2024-06-30,JP,P006,105,110,2748.9
2024-06-30,JP,P007,175,183,1828.17
2024-06-30,JP,P009,195,208,6237.92
2024-06-30,JP,P010,116,126,628.74
2024-06-30,JP,P011,81,88,1759.12
2024-06-30,JP,P012,46,51,4079.49
2024-06-30,GLOBAL_WEST,P001,617,636,629.64
2024-06-30,GLOBAL_WEST,P002,288,312,1556.88
2024-06-30,GLOBAL_WEST,P003,318,348,5216.52
2024-06-30,GLOBAL_WEST,P004,219,239,4777.61
2024-06-30,GLOBAL_WEST,P005,368,382,3052.18
2024-06-30,GLOBAL_WEST,P006,198,203,5072.97
2024-06-30,GLOBAL_WEST,P007,318,348,3476.52
2024-06-30,GLOBAL_WEST,P009,274,295,8847.05
2024-06-30,GLOBAL_WEST,P010,152,162,808.38
2024-06-30,GLOBAL_WEST,P011,94,106,2118.94
2024-06-30,GLOBAL_WEST,P012,0,0,0.0
2024-07-01,KR,P001,392,411,406.89
2024-07-01,KR,P002,205,223,1112.77
2024-07-01,KR,P003,232,255,3822.45
2024-07-01,KR,P004,148,165,3298.35
2024-07-01,KR,P005,221,237,1893.63
2024-07-01,KR,P006,171,179,4473.21
2024-07-01,KR,P007,191,209,2087.91
2024-07-01,KR,P009,207,219,6567.81
2024-07-01,KR,P010,99,109,543.91
2024-07-01,KR,P011,81,88,1759.12
2024-07-01,KR,P012,12,12,959.88
2024-07-01,JP,P001,360,387,383.13
2024-07-01,JP,P002,168,182,908.18
2024-07-01,JP,P003,165,175,2623.25
2024-07-01,JP,P004,151,155,3098.45
2024-07-01,JP,P005,241,260,2077.4
2024-07-01,JP,P006,136,144,3598.56
2024-07-01,JP,P007,186,198,1978.02
2024-07-01,JP,P009,213,231,6927.69
2024-07-01,JP,P010,104,108,538.92
2024-07-01,JP,P011,81,89,1779.11
2024-07-01,JP,P012,13,13,1039.87
2024-07-01,GLOBAL_WEST,P001,654,727,719.73
2024-07-01,GLOBAL_WEST,P002,346,358,1786.42
2024-07-01,GLOBAL_WEST,P003,354,369,5531.31
2024-07-01,GLOBAL_WEST,P004,275,289,5777.11
2024-07-01,GLOBAL_WEST,P005,392,426,3403.74
2024-07-01,GLOBAL_WEST,P006,269,290,7247.1
2024-07-01,GLOBAL_WEST,P007,288,317,3166.83
2024-07-01,GLOBAL_WEST,P009,316,328,9836.72
2024-07-01,GLOBAL_WEST,P010,213,229,1142.71
2024-07-01,GLOBAL_WEST,P011,145,151,3018.49
2024-07-01,GLOBAL_WEST,P012,27,28,2239.72
2024-07-02,KR,P001,404,433,428.67
2024-07-02,KR,P002,192,211,1052.89
2024-07-02,KR,P003,189,210,3147.9
2024-07-02,KR,P004,104,114,2278.86
2024-07-02,KR,P005,225,252,2013.48
2024-07-02,KR,P006,145,147,3673.53
2024-07-02,KR,P007,254,277,2767.23
2024-07-02,KR,P009,237,268,8037.32
2024-07-02,KR,P010,105,122,608.78
2024-07-02,KR,P011,45,48,959.52
2024-07-02,KR,P012,30,32,2559.68
2024-07-02,JP,P001,374,417,412.83
2024-07-02,JP,P002,205,217,1082.83
2024-07-02,JP,P003,149,160,2398.4
2024-07-02,JP,P004,142,153,3058.47
2024-07-02,JP,P005,241,264,2109.36
2024-07-02,JP,P006,136,143,3573.57
2024-07-02,JP,P007,176,185,1848.15
2024-07-02,JP,P009,201,216,6477.84
2024-07-02,JP,P010,111,118,588.82
2024-07-02,JP,P011,44,50,999.5
2024-07-02,JP,P012,28,28,2239.72
2024-07-02,GLOBAL_WEST,P001,645,684,677.16
2024-07-02,GLOBAL_WEST,P002,300,321,1601.79
2024-07-02,GLOBAL_WEST,P003,321,332,4976.68
2024-07-02,GLOBAL_WEST,P004,272,287,5737.13
2024-07-02,GLOBAL_WEST,P005,365,388,3100.12
2024-07-02,GLOBAL_WEST,P006,261,284,7097.16
2024-07-02,GLOBAL_WEST,P007,321,342,3416.58
2024-07-02,GLOBAL_WEST,P009,342,377,11306.23
2024-07-02,GLOBAL_WEST,P010,197,211,1052.89
2024-07-02,GLOBAL_WEST,P011,55,63,1259.37
2024-07-02,GLOBAL_WEST,P012,52,53,4239.47
2024-07-03,KR,P001,437,476,471.24
2024-07-03,KR,P002,226,247,1232.53
2024-07-03,KR,P003,222,246,3687.54
2024-07-03,KR,P004,198,212,4237.88
2024-07-03,KR,P005,247,268,2141.32
2024-07-03,KR,P006,198,203,5072.97
2024-07-03,KR,P007,195,203,2027.97
2024-07-03,KR,P009,223,243,7287.57
2024-07-03,KR,P010,132,143,713.57
2024-07-03,KR,P011,131,142,2838.58
2024-07-03,KR,P012,14,14,1119.86
2024-07-03,JP,P001,394,419,414.81
2024-07-03,JP,P002,210,221,1102.79
2024-07-03,JP,P003,189,202,3027.98
2024-07-03,JP,P004,144,153,3058.47
2024-07-03,JP,P005,240,264,2109.36
2024-07-03,JP,P006,152,164,4098.36
2024-07-03,JP,P007,167,176,1758.24
2024-07-03,JP,P009,248,269,8067.31
2024-07-03,JP,P010,114,126,628.74
2024-07-03,JP,P011,76,85,1699.15
2024-07-03,JP,P012,27,28,2239.72
2024-07-03,GLOBAL_WEST,P001,676,717,709.83
2024-07-03,GLOBAL_WEST,P002,316,332,1656.68
2024-07-03,GLOBAL_WEST,P003,364,399,5981.01
2024-07-03,GLOBAL_WEST,P004,300,350,6996.5
2024-07-03,GLOBAL_WEST,P005,399,436,3483.64
2024-07-03,GLOBAL_WEST,P006,202,214,5347.86
2024-07-03,GLOBAL_WEST,P007,300,325,3246.75
2024-07-03,GLOBAL_WEST,P009,366,406,12175.94
2024-07-03,GLOBAL_WEST,P010,187,196,978.04
2024-07-03,GLOBAL_WEST,P011,153,162,3238.38
2024-07-03,GLOBAL_WEST,P012,82,91,7279.09
2024-07-04,KR,P001,436,468,463.32
2024-07-04,KR,P002,236,253,1262.47
2024-07-04,KR,P003,205,221,3312.79
2024-07-04,KR,P004,156,164,3278.36
2024-07-04,KR,P005,231,231,1845.69
2024-07-04,KR,P006,189,200,4998.0
2024-07-04,KR,P007,206,217,2167.83
2024-07-04,KR,P009,248,270,8097.3
2024-07-04,KR,P010,91,93,464.07
2024-07-04,KR,P011,87,97,1939.03
2024-07-04,KR,P012,8,10,799.9
2024-07-04,JP,P001,384,425,420.75
2024-07-04,JP,P002,178,186,928.14
2024-07-04,JP,P003,184,201,3012.99
2024-07-04,JP,P004,132,146,2918.54
2024-07-04,JP,P005,234,261,2085.39
2024-07-04,JP,P006,144,164,4098.36
2024-07-04,JP,P007,181,197,1968.03
2024-07-04,JP,P009,186,202,6057.98
2024-07-04,JP,P010,78,81,404.19
2024-07-04,JP,P011,54,56,1119.44
2024-07-04,JP,P012,19,21,1679.79
2024-07-04,GLOBAL_WEST,P001,666,720,712.8
2024-07-04,GLOBAL_WEST,P002,338,367,1831.33
2024-07-04,GLOBAL_WEST,P003,287,311,4661.89
2024-07-04,GLOBAL_WEST,P004,308,341,6816.59
2024-07-04,GLOBAL_WEST,P005,382,433,3459.67
2024-07-04,GLOBAL_WEST,P006,187,201,5022.99
2024-07-04,GLOBAL_WEST,P007,325,351,3506.49
2024-07-04,GLOBAL_WEST,P009,385,410,12295.9
2024-07-04,GLOBAL_WEST,P010,223,248,1237.52
2024-07-04,GLOBAL_WEST,P011,143,155,3098.45
2024-07-04,GLOBAL_WEST,P012,52,56,4479.44
2024-07-05,KR,P001,426,463,458.37
2024-07-05,KR,P002,215,227,1132.73
2024-07-05,KR,P003,222,239,3582.61
2024-07-05,KR,P004,158,173,3458.27
2024-07-05,KR,P005,227,246,1965.54
2024-07-05,KR,P006,141,155,3873.45
2024-07-05,KR,P007,221,239,2387.61
2024-07-05,KR,P009,238,257,7707.43
2024-07-05,KR,P010,83,85,424.15
2024-07-05,KR,P011,63,66,1319.34
2024-07-05,KR,P012,29,29,2319.71
2024-07-05,JP,P001,395,422,417.78
2024-07-05,JP,P002,184,207,1032.93
2024-07-05,JP,P003,210,223,3342.77
2024-07-05,JP,P004,136,143,2858.57
2024-07-05,JP,P005,225,237,1893.63
2024-07-05,JP,P006,143,154,3848.46
2024-07-05,JP,P007,186,203,2027.97
2024-07-05,JP,P009,250,270,8097.3
2024-07-05,JP,P010,98,107,533.93
2024-07-05,JP,P011,74,79,1579.21
2024-07-05,JP,P012,51,55,4399.45
2024-07-05,GLOBAL_WEST,P001,677,711,703.89
2024-07-05,GLOBAL_WEST,P002,362,376,1876.24
2024-07-05,GLOBAL_WEST,P003,337,354,5306.46
2024-07-05,GLOBAL_WEST,P004,251,269,5377.31
2024-07-05,GLOBAL_WEST,P005,384,395,3156.05
2024-07-05,GLOBAL_WEST,P006,253,279,6972.21
2024-07-05,GLOBAL_WEST,P007,267,287,2867.13
2024-07-05,GLOBAL_WEST,P009,330,363,10886.37
2024-07-05,GLOBAL_WEST,P010,154,170,848.3
2024-07-05,GLOBAL_WEST,P011,100,108,2158.92
2024-07-05,GLOBAL_WEST,P012,27,30,2399.7
2024-07-06,KR,P001,423,441,436.59
2024-07-06,KR,P002,225,240,1197.6
2024-07-06,KR,P003,212,224,3357.76
2024-07-06,KR,P004,175,185,3698.15
2024-07-06,KR,P005,225,241,1925.59
2024-07-06,KR,P006,135,146,3648.54
2024-07-06,KR,P007,225,245,2447.55
2024-07-06,KR,P009,249,277,8307.23
2024-07-06,KR,P010,120,123,613.77
2024-07-06,KR,P011,64,67,1339.33
2024-07-06,KR,P012,50,53,4239.47
2024-07-06,JP,P001,398,442,437.58
2024-07-06,JP,P002,186,193,963.07
2024-07-06,JP,P003,173,195,2923.05
2024-07-06,JP,P004,147,153,3058.47
2024-07-06,JP,P005,253,276,2205.24
2024-07-06,JP,P006,133,143,3573.57
2024-07-06,JP,P007,193,212,2117.88
2024-07-06,JP,P009,196,212,6357.88
2024-07-06,JP,P010,127,142,708.58
2024-07-06,JP,P011,85,94,1879.06
2024-07-06,JP,P012,50,55,4399.45
2024-07-06,GLOBAL_WEST,P001,734,801,792.99
2024-07-06,GLOBAL_WEST,P002,402,432,2155.68
2024-07-06,GLOBAL_WEST,P003,321,328,4916.72
2024-07-06,GLOBAL_WEST,P004,276,306,6116.94
2024-07-06,GLOBAL_WEST,P005,371,393,3140.07
2024-07-06,GLOBAL_WEST,P006,253,264,6597.36
2024-07-06,GLOBAL_WEST,P007,285,293,2927.07
2024-07-06,GLOBAL_WEST,P009,381,407,12205.93
2024-07-06,GLOBAL_WEST,P010,176,195,973.05
2024-07-06,GLOBAL_WEST,P011,68,71,1419.29
2024-07-06,GLOBAL_WEST,P012,59,64,5119.36
2024-07-07,KR,P001,436,463,458.37
2024-07-07,KR,P002,206,214,1067.86
2024-07-07,KR,P003,207,207,3102.93
2024-07-07,KR,P004,147,164,3278.36
2024-07-07,KR,P005,245,257,2053.43
2024-07-07,KR,P006,178,186,4648.14
2024-07-07,KR,P007,197,212,2117.88
2024-07-07,KR,P009,258,285,8547.15
2024-07-07,KR,P010,122,125,623.75
2024-07-07,KR,P011,119,130,2598.7
2024-07-07,KR,P012,44,47,3759.53
2024-07-07,JP,P001,430,472,467.28
2024-07-07,JP,P002,204,212,1057.88
2024-07-07,JP,P003,192,208,3117.92
2024-07-07,JP,P004,159,170,3398.3
2024-07-07,JP,P005,235,252,2013.48
2024-07-07,JP,P006,170,185,4623.15
2024-07-07,JP,P007,188,205,2047.95
2024-07-07,JP,P009,227,239,7167.61
2024-07-07,JP,P010,118,131,653.69
2024-07-07,JP,P011,65,71,1419.29
2024-07-07,JP,P012,34,35,2799.65
2024-07-07,GLOBAL_WEST,P001,694,775,767.25
2024-07-07,GLOBAL_WEST,P002,365,407,2030.93
2024-07-07,GLOBAL_WEST,P003,373,412,6175.88
2024-07-07,GLOBAL_WEST,P004,220,237,4737.63
2024-07-07,GLOBAL_WEST,P005,403,442,3531.58
2024-07-07,GLOBAL_WEST,P006,273,296,7397.04
2024-07-07,GLOBAL_WEST,P007,372,385,3846.15
2024-07-07,GLOBAL_WEST,P009,427,465,13945.35
2024-07-07,GLOBAL_WEST,P010,199,223,1112.77
2024-07-07,GLOBAL_WEST,P011,164,168,3358.32
2024-07-07,GLOBAL_WEST,P012,77,84,6719.16
2024-07-08,KR,P001,472,524,518.76
2024-07-08,KR,P002,220,224,1117.76
2024-07-08,KR,P003,241,245,3672.55
2024-07-08,KR,P004,135,141,2818.59
2024-07-08,KR,P005,261,290,2317.1
2024-07-08,KR,P006,153,154,3848.46
2024-07-08,KR,P007,210,229,2287.71
2024-07-08,KR,P009,239,261,7827.39
2024-07-08,KR,P010,126,126,628.74
2024-07-08,KR,P011,64,69,1379.31
2024-07-08,KR,P012,0,0,0.0
2024-07-08,JP,P001,402,452,447.48
2024-07-08,JP,P002,194,205,1022.95
2024-07-08,JP,P003,167,181,2713.19
2024-07-08,JP,P004,149,159,3178.41
2024-07-08,JP,P005,254,268,2141.32
2024-07-08,JP,P006,130,140,3498.6
2024-07-08,JP,P007,180,194,1938.06
2024-07-08,JP,P009,213,238,7137.62
2024-07-08,JP,P010,145,157,783.43
2024-07-08,JP,P011,90,97,1939.03
2024-07-08,JP,P012,39,40,3199.6
2024-07-08,GLOBAL_WEST,P001,702,738,730.62
2024-07-08,GLOBAL_WEST,P002,385,432,2155.68
2024-07-08,GLOBAL_WEST,P003,335,370,5546.3
2024-07-08,GLOBAL_WEST,P004,260,272,5437.28
2024-07-08,GLOBAL_WEST,P005,407,439,3507.61
2024-07-08,GLOBAL_WEST,P006,213,227,5672.73
2024-07-08,GLOBAL_WEST,P007,343,393,3926.07
2024-07-08,GLOBAL_WEST,P009,396,405,12145.95
2024-07-08,GLOBAL_WEST,P010,192,217,1082.83
2024-07-08,GLOBAL_WEST,P011,160,163,3258.37
2024-07-08,GLOBAL_WEST,P012,87,100,7999.0
2024-07-09,KR,P001,407,431,426.69
2024-07-09,KR,P002,233,252,1257.48
2024-07-09,KR,P003,206,220,3297.8
2024-07-09,KR,P004,140,155,3098.45
2024-07-09,KR,P005,270,285,2277.15
2024-07-09,KR,P006,203,214,5347.86
2024-07-09,KR,P007,197,225,2247.75
2024-07-09,KR,P009,253,269,8067.31
2024-07-09,KR,P010,121,129,643.71
2024-07-09,KR,P011,109,116,2318.84
2024-07-09,KR,P012,38,41,3279.59
2024-07-09,JP,P001,393,428,423.72
2024-07-09,JP,P002,192,221,1102.79
2024-07-09,JP,P003,231,260,3897.4
2024-07-09,JP,P004,144,162,3238.38
2024-07-09,JP,P005,231,257,2053.43
2024-07-09,JP,P006,148,165,4123.35
2024-07-09,JP,P007,200,214,2137.86
2024-07-09,JP,P009,228,236,7077.64
2024-07-09,JP,P010,133,144,718.56
2024-07-09,JP,P011,111,118,2358.82
2024-07-09,JP,P012,43,45,3599.55
2024-07-09,GLOBAL_WEST,P001,685,713,705.87
2024-07-09,GLOBAL_WEST,P002,442,486,2425.14
2024-07-09,GLOBAL_WEST,P003,330,361,5411.39
2024-07-09,GLOBAL_WEST,P004,301,332,6636.68
2024-07-09,GLOBAL_WEST,P005,397,418,3339.82
2024-07-09,GLOBAL_WEST,P006,251,271,6772.29
2024-07-09,GLOBAL_WEST,P007,307,321,3206.79
2024-07-09,GLOBAL_WEST,P009,334,358,10736.42
2024-07-09,GLOBAL_WEST,P010,175,192,958.08
2024-07-09,GLOBAL_WEST,P011,131,146,2918.54
2024-07-09,GLOBAL_WEST,P012,42,45,3599.55
2024-07-10,KR,P001,363,397,393.03
2024-07-10,KR,P002,202,223,1112.77
2024-07-10,KR,P003,191,213,3192.87
2024-07-10,KR,P004,0,0,0.0
2024-07-10,KR,P005,216,232,1853.68
2024-07-10,KR,P006,89,98,2449.02
2024-07-10,KR,P007,104,114,1138.86
2024-07-10,KR,P009,0,0,0.0
2024-07-10,KR,P010,100,110,548.9
2024-07-10,KR,P011,78,84,1679.16
2024-07-10,KR,P012,20,21,1679.79
2024-07-10,JP,P001,323,359,355.41
2024-07-10,JP,P002,174,187,933.13
2024-07-10,JP,P003,176,203,3042.97
2024-07-10,JP,P004,0,0,0.0
2024-07-10,JP,P005,170,180,1438.2
2024-07-10,JP,P006,113,118,2948.82
2024-07-10,JP,P007,113,119,1188.81
2024-07-10,JP,P009,0,0,0.0
2024-07-10,JP,P010,106,115,573.85
2024-07-10,JP,P011,67,72,1439.28
2024-07-10,JP,P012,27,29,2319.71
2024-07-10,GLOBAL_WEST,P001,465,502,496.98
2024-07-10,GLOBAL_WEST,P002,243,256,1277.44
2024-07-10,GLOBAL_WEST,P003,247,261,3912.39
2024-07-10,GLOBAL_WEST,P004,0,0,0.0
2024-07-10,GLOBAL_WEST,P005,264,288,2301.12
2024-07-10,GLOBAL_WEST,P006,147,165,4123.35
2024-07-10,GLOBAL_WEST,P007,188,198,1978.02
2024-07-10,GLOBAL_WEST,P009,0,0,0.0
2024-07-10,GLOBAL_WEST,P010,160,173,863.27
2024-07-10,GLOBAL_WEST,P011,108,120,2398.8
2024-07-10,GLOBAL_WEST,P012,20,22,1759.78
2024-07-11,KR,P001,344,367,363.33
2024-07-11,KR,P002,166,174,868.26
2024-07-11,KR,P003,173,186,2788.14
2024-07-11,KR,P004,0,0,0.0
2024-07-11,KR,P005,190,201,1605.99
2024-07-11,KR,P006,88,96,2399.04
2024-07-11,KR,P007,147,161,1608.39
2024-07-11,KR,P009,0,0,0.0
2024-07-11,KR,P010,110,121,603.79
2024-07-11,KR,P011,68,70,1399.3
2024-07-11,KR,P012,23,24,1919.76
2024-07-11,JP,P001,298,321,317.79
2024-07-11,JP,P002,171,189,943.11
2024-07-11,JP,P003,153,160,2398.4
2024-07-11,JP,P004,0,0,0.0
2024-07-11,JP,P005,162,179,1430.21
2024-07-11,JP,P006,99,107,2673.93
2024-07-11,JP,P007,108,111,1108.89
2024-07-11,JP,P009,0,0,0.0
2024-07-11,JP,P010,68,71,354.29
2024-07-11,JP,P011,66,70,1399.3
2024-07-11,JP,P012,20,20,1599.8
2024-07-11,GLOBAL_WEST,P001,550,585,579.15
2024-07-11,GLOBAL_WEST,P002,249,286,1427.14
2024-07-11,GLOBAL_WEST,P003,243,254,3807.46
2024-07-11,GLOBAL_WEST,P004,0,0,0.0
2024-07-11,GLOBAL_WEST,P005,293,328,2620.72
2024-07-11,GLOBAL_WEST,P006,181,194,4848.06
2024-07-11,GLOBAL_WEST,P007,223,239,2387.61
2024-07-11,GLOBAL_WEST,P009,0,0,0.0
2024-07-11,GLOBAL_WEST,P010,186,204,1017.96
2024-07-11,GLOBAL_WEST,P011,110,113,2258.87
2024-07-11,GLOBAL_WEST,P012,38,41,3279.59
2024-07-12,KR,P001,305,342,338.58
2024-07-12,KR,P002,187,202,1007.98
2024-07-12,KR,P003,177,193,2893.07
2024-07-12,KR,P004,0,0,0.0
2024-07-12,KR,P005,204,214,1709.86
2024-07-12,KR,P006,72,74,1849.26
2024-07-12,KR,P007,153,165,1648.35
2024-07-12,KR,P009,0,0,0.0
2024-07-12,KR,P010,85,94,469.06
2024-07-12,KR,P011,65,69,1379.31
2024-07-12,KR,P012,18,20,1599.8
2024-07-12,JP,P001,309,309,305.91
2024-07-12,JP,P002,121,131,653.69
2024-07-12,JP,P003,181,196,2938.04
2024-07-12,JP,P004,0,0,0.0
2024-07-12,JP,P005,135,137,1094.63
2024-07-12,JP,P006,73,77,1924.23
2024-07-12,JP,P007,121,126,1258.74
2024-07-12,JP,P009,0,0,0.0
2024-07-12,JP,P010,69,76,379.24
2024-07-12,JP,P011,60,62,1239.38
2024-07-12,JP,P012,19,20,1599.8
2024-07-12,GLOBAL_WEST,P001,570,619,612.81
2024-07-12,GLOBAL_WEST,P002,286,314,1566.86
2024-07-12,GLOBAL_WEST,P003,258,283,4242.17
2024-07-12,GLOBAL_WEST,P004,0,0,0.0
2024-07-12,GLOBAL_WEST,P005,255,268,2141.32
2024-07-12,GLOBAL_WEST,P006,148,158,3948.42
2024-07-12,GLOBAL_WEST,P007,244,263,2627.37
2024-07-12,GLOBAL_WEST,P009,0,0,0.0
2024-07-12,GLOBAL_WEST,P010,173,196,978.04
2024-07-12,GLOBAL_WEST,P011,101,109,2178.91
2024-07-12,GLOBAL_WEST,P012,0,0,0.0
2024-07-13,KR,P001,316,344,340.56
2024-07-13,KR,P002,152,161,803.39
2024-07-13,KR,P003,193,199,2983.01
2024-07-13,KR,P004,0,0,0.0
2024-07-13,KR,P005,204,212,1693.88
2024-07-13,KR,P006,92,98,2449.02
2024-07-13,KR,P007,115,125,1248.75
2024-07-13,KR,P009,0,0,0.0
2024-07-13,KR,P010,81,83,414.17
2024-07-13,KR,P011,50,52,1039.48
2024-07-13,KR,P012,43,49,3919.51
2024-07-13,JP,P001,296,312,308.88
2024-07-13,JP,P002,184,195,973.05
2024-07-13,JP,P003,137,150,2248.5
2024-07-13,JP,P004,0,0,0.0
2024-07-13,JP,P005,186,199,1590.01
2024-07-13,JP,P006,78,83,2074.17
2024-07-13,JP,P007,110,124,1238.76
2024-07-13,JP,P009,0,0,0.0
2024-07-13,JP,P010,78,84,419.16
2024-07-13,JP,P011,40,43,859.57
2024-07-13,JP,P012,7,7,559.93
2024-07-13,GLOBAL_WEST,P001,580,623,616.77
2024-07-13,GLOBAL_WEST,P002,286,304,1516.96
2024-07-13,GLOBAL_WEST,P003,285,307,4601.93
2024-07-13,GLOBAL_WEST,P004,0,0,0.0
2024-07-13,GLOBAL_WEST,P005,352,374,2988.26
2024-07-13,GLOBAL_WEST,P006,179,187,4673.13
2024-07-13,GLOBAL_WEST,P007,163,172,1718.28
2024-07-13,GLOBAL_WEST,P009,0,0,0.0
2024-07-13,GLOBAL_WEST,P010,176,180,898.2
2024-07-13,GLOBAL_WEST,P011,43,47,939.53
2024-07-13,GLOBAL_WEST,P012,42,48,3839.52
2024-07-14,KR,P001,335,361,357.39
2024-07-14,KR,P002,135,144,718.56
2024-07-14,KR,P003,159,170,2548.3
2024-07-14,KR,P004,0,0,0.0
2024-07-14,KR,P005,193,216,1725.84
2024-07-14,KR,P006,71,79,1974.21
2024-07-14,KR,P007,101,105,1048.95
2024-07-14,KR,P009,0,0,0.0
2024-07-14,KR,P010,86,89,444.11
2024-07-14,KR,P011,60,65,1299.35
2024-07-14,KR,P012,16,17,1359.83
2024-07-14,JP,P001,333,362,358.38
2024-07-14,JP,P002,177,199,993.01
2024-07-14,JP,P003,141,145,2173.55
2024-07-14,JP,P004,0,0,0.0
2024-07-14,JP,P005,178,193,1542.07
2024-07-14,JP,P006,101,108,2698.92
2024-07-14,JP,P007,122,135,1348.65
2024-07-14,JP,P009,0,0,0.0
2024-07-14,JP,P010,109,117,583.83
2024-07-14,JP,P011,76,82,1639.18
2024-07-14,JP,P012,0,0,0.0
2024-07-14,GLOBAL_WEST,P001,527,566,560.34
2024-07-14,GLOBAL_WEST,P002,292,312,1556.88
2024-07-14,GLOBAL_WEST,P003,292,320,4796.8
2024-07-14,GLOBAL_WEST,P004,0,0,0.0
2024-07-14,GLOBAL_WEST,P005,298,325,2596.75
2024-07-14,GLOBAL_WEST,P006,122,131,3273.69
2024-07-14,GLOBAL_WEST,P007,181,204,2037.96
2024-07-14,GLOBAL_WEST,P009,0,0,0.0
2024-07-14,GLOBAL_WEST,P010,154,164,818.36
2024-07-14,GLOBAL_WEST,P011,96,107,2138.93
2024-07-14,GLOBAL_WEST,P012,46,49,3919.51
2024-07-15,KR,P001,290,302,298.98
2024-07-15,KR,P002,148,166,828.34
2024-07-15,KR,P003,166,181,2713.19
2024-07-15,KR,P004,0,0,0.0
2024-07-15,KR,P005,168,184,1470.16
2024-07-15,KR,P006,122,126,3148.74
2024-07-15,KR,P007,102,112,1118.88
2024-07-15,KR,P009,0,0,0.0
2024-07-15,KR,P010,58,62,309.38
2024-07-15,KR,P011,81,88,1759.12
2024-07-15,KR,P012,37,39,3119.61
2024-07-15,JP,P001,305,324,320.76
2024-07-15,JP,P002,135,144,718.56
2024-07-15,JP,P003,147,157,2353.43
2024-07-15,JP,P004,0,0,0.0
2024-07-15,JP,P005,189,204,1629.96
2024-07-15,JP,P006,100,108,2698.92
2024-07-15,JP,P007,100,105,1048.95
2024-07-15,JP,P009,0,0,0.0
2024-07-15,JP,P010,88,92,459.08
2024-07-15,JP,P011,43,43,859.57
2024-07-15,JP,P012,27,27,2159.73
2024-07-15,GLOBAL_WEST,P001,517,562,556.38
2024-07-15,GLOBAL_WEST,P002,242,254,1267.46
2024-07-15,GLOBAL_WEST,P003,239,265,3972.35
2024-07-15,GLOBAL_WEST,P004,0,0,0.0
2024-07-15,GLOBAL_WEST,P005,273,290,2317.1
2024-07-15,GLOBAL_WEST,P006,96,109,2723.91
2024-07-15,GLOBAL_WEST,P007,178,194,1938.06
2024-07-15,GLOBAL_WEST,P009,0,0,0.0
2024-07-15,GLOBAL_WEST,P010,182,200,998.0
2024-07-15,GLOBAL_WEST,P011,148,158,3158.42
2024-07-15,GLOBAL_WEST,P012,19,19,1519.81
2024-07-16,KR,P001,312,329,325.71
2024-07-16,KR,P002,144,160,798.4
2024-07-16,KR,P003,164,172,2578.28
2024-07-16,KR,P004,0,0,0.0
2024-07-16,KR,P005,191,193,1542.07
2024-07-16,KR,P006,74,77,1924.23
2024-07-16,KR,P007,111,117,1168.83
2024-07-16,KR,P009,0,0,0.0
2024-07-16,KR,P010,91,94,469.06
2024-07-16,KR,P011,62,66,1319.34
2024-07-16,KR,P012,56,63,5039.37
2024-07-16,JP,P001,293,322,318.78
2024-07-16,JP,P002,182,195,973.05
2024-07-16,JP,P003,169,190,2848.1
2024-07-16,JP,P004,0,0,0.0
2024-07-16,JP,P005,172,193,1542.07
2024-07-16,JP,P006,95,101,2523.99
2024-07-16,JP,P007,141,148,1478.52
2024-07-16,JP,P009,0,0,0.0
2024-07-16,JP,P010,90,97,484.03
2024-07-16,JP,P011,45,48,959.52
2024-07-16,JP,P012,49,52,4159.48
2024-07-16,GLOBAL_WEST,P001,493,541,535.59
2024-07-16,GLOBAL_WEST,P002,251,279,1392.21
2024-07-16,GLOBAL_WEST,P003,248,256,3837.44
2024-07-16,GLOBAL_WEST,P004,0,0,0.0
2024-07-16,GLOBAL_WEST,P005,292,292,2333.08
2024-07-16,GLOBAL_WEST,P006,133,143,3573.57
2024-07-16,GLOBAL_WEST,P007,207,226,2257.74
2024-07-16,GLOBAL_WEST,P009,0,0,0.0
2024-07-16,GLOBAL_WEST,P010,160,169,843.31
2024-07-16,GLOBAL_WEST,P011,71,78,1559.22
2024-07-16,GLOBAL_WEST,P012,42,45,3599.55
2024-07-17,KR,P001,307,342,338.58
2024-07-17,KR,P002,156,173,863.27
2024-07-17,KR,P003,193,213,3192.87
2024-07-17,KR,P004,0,0,0.0
2024-07-17,KR,P005,170,181,1446.19
2024-07-17,KR,P006,61,63,1574.37
2024-07-17,KR,P007,137,149,1488.51
2024-07-17,KR,P009,0,0,0.0
2024-07-17,KR,P010,94,105,523.95
2024-07-17,KR,P011,48,52,1039.48
2024-07-17,KR,P012,35,37,2959.63
2024-07-17,JP,P001,304,332,328.68
2024-07-17,JP,P002,142,152,758.48
2024-07-17,JP,P003,156,160,2398.4
2024-07-17,JP,P004,0,0,0.0
2024-07-17,JP,P005,200,218,1741.82
2024-07-17,JP,P006,85,91,2274.09
2024-07-17,JP,P007,93,94,939.06
2024-07-17,JP,P009,0,0,0.0
2024-07-17,JP,P010,96,104,518.96
2024-07-17,JP,P011,74,76,1519.24
2024-07-17,JP,P012,13,14,1119.86
2024-07-17,GLOBAL_WEST,P001,428,450,445.5
2024-07-17,GLOBAL_WEST,P002,253,282,1407.18
2024-07-17,GLOBAL_WEST,P003,227,239,3582.61
2024-07-17,GLOBAL_WEST,P004,0,0,0.0
2024-07-17,GLOBAL_WEST,P005,283,299,2389.01
2024-07-17,GLOBAL_WEST,P006,158,163,4073.37
2024-07-17,GLOBAL_WEST,P007,190,202,2017.98
2024-07-17,GLOBAL_WEST,P009,0,0,0.0
2024-07-17,GLOBAL_WEST,P010,125,133,663.67
2024-07-17,GLOBAL_WEST,P011,107,108,2158.92
2024-07-17,GLOBAL_WEST,P012,24,25,1999.75
2024-07-18,KR,P001,326,358,354.42
2024-07-18,KR,P002,170,180,898.2
2024-07-18,KR,P003,151,161,2413.39
2024-07-18,KR,P004,0,0,0.0
2024-07-18,KR,P005,182,206,1645.94
2024-07-18,KR,P006,77,84,2099.16
2024-07-18,KR,P007,119,128,1278.72
2024-07-18,KR,P009,0,0,0.0
2024-07-18,KR,P010,80,82,409.18
2024-07-18,KR,P011,74,79,1579.21
2024-07-18,KR,P012,25,27,2159.73
2024-07-18,JP,P001,307,322,318.78
2024-07-18,JP,P002,157,174,868.26
2024-07-18,JP,P003,146,160,2398.4
2024-07-18,JP,P004,0,0,0.0
2024-07-18,JP,P005,178,194,1550.06
2024-07-18,JP,P006,84,85,2124.15
2024-07-18,JP,P007,112,124,1238.76
2024-07-18,JP,P009,0,0,0.0
2024-07-18,JP,P010,118,127,633.73
2024-07-18,JP,P011,62,65,1299.35
2024-07-18,JP,P012,29,30,2399.7
2024-07-18,GLOBAL_WEST,P001,508,552,546.48
2024-07-18,GLOBAL_WEST,P002,247,272,1357.28
2024-07-18,GLOBAL_WEST,P003,234,265,3972.35
2024-07-18,GLOBAL_WEST,P004,0,0,0.0
2024-07-18,GLOBAL_WEST,P005,249,260,2077.4
2024-07-18,GLOBAL_WEST,P006,65,71,1774.29
2024-07-18,GLOBAL_WEST,P007,196,221,2207.79
2024-07-18,GLOBAL_WEST,P009,0,0,0.0
2024-07-18,GLOBAL_WEST,P010,155,167,833.33
2024-07-18,GLOBAL_WEST,P011,77,82,1639.18
2024-07-18,GLOBAL_WEST,P012,28,29,2319.71
2024-07-19,KR,P001,318,344,340.56
2024-07-19,KR,P002,162,169,843.31
2024-07-19,KR,P003,161,180,2698.2
2024-07-19,KR,P004,0,0,0.0
2024-07-19,KR,P005,185,198,1582.02
2024-07-19,KR,P006,79,87,2174.13
2024-07-19,KR,P007,84,92,919.08
2024-07-19,KR,P009,0,0,0.0
2024-07-19,KR,P010,104,107,533.93
2024-07-19,KR,P011,72,75,1499.25
2024-07-19,KR,P012,45,50,3999.5
2024-07-19,JP,P001,290,311,307.89
2024-07-19,JP,P002,138,149,743.51
2024-07-19,JP,P003,150,157,2353.43
2024-07-19,JP,P004,0,0,0.0
2024-07-19,JP,P005,160,180,1438.2
2024-07-19,JP,P006,77,80,1999.2
2024-07-19,JP,P007,102,107,1068.93
2024-07-19,JP,P009,0,0,0.0
2024-07-19,JP,P010,47,50,249.5
2024-07-19,JP,P011,59,65,1299.35
2024-07-19,JP,P012,0,0,0.0
2024-07-19,GLOBAL_WEST,P001,500,552,546.48
2024-07-19,GLOBAL_WEST,P002,260,291,1452.09
2024-07-19,GLOBAL_WEST,P003,291,325,4871.75
2024-07-19,GLOBAL_WEST,P004,0,0,0.0
2024-07-19,GLOBAL_WEST,P005,277,280,2237.2
2024-07-19,GLOBAL_WEST,P006,170,178,4448.22
2024-07-19,GLOBAL_WEST,P007,170,183,1828.17
2024-07-19,GLOBAL_WEST,P009,0,0,0.0
2024-07-19,GLOBAL_WEST,P010,140,144,718.56
2024-07-19,GLOBAL_WEST,P011,52,57,1139.43
2024-07-19,GLOBAL_WEST,P012,28,32,2559.68
2024-07-20,KR,P001,357,368,364.32
2024-07-20,KR,P002,171,183,913.17
2024-07-20,KR,P003,124,137,2053.63
2024-07-20,KR,P004,0,0,0.0
2024-07-20,KR,P005,194,194,1550.06
2024-07-20,KR,P006,92,103,2573.97
2024-07-20,KR,P007,124,136,1358.64
2024-07-20,KR,P009,0,0,0.0
2024-07-20,KR,P010,97,106,528.94
2024-07-20,KR,P011,53,57,1139.43
2024-07-20,KR,P012,27,29,2319.71
2024-07-20,JP,P001,308,338,334.62
2024-07-20,JP,P002,182,195,973.05
2024-07-20,JP,P003,173,181,2713.19
2024-07-20,JP,P004,0,0,0.0
2024-07-20,JP,P005,192,211,1685.89
2024-07-20,JP,P006,83,83,2074.17
2024-07-20,JP,P007,126,136,1358.64
2024-07-20,JP,P009,0,0,0.0
2024-07-20,JP,P010,99,109,543.91
2024-07-20,JP,P011,63,71,1419.29
2024-07-20,JP,P012,52,56,4479.44
2024-07-20,GLOBAL_WEST,P001,489,520,514.8
2024-07-20,GLOBAL_WEST,P002,239,268,1337.32
2024-07-20,GLOBAL_WEST,P003,215,237,3552.63
2024-07-20,GLOBAL_WEST,P004,0,0,0.0
2024-07-20,GLOBAL_WEST,P005,297,330,2636.7
2024-07-20,GLOBAL_WEST,P006,190,206,5147.94
2024-07-20,GLOBAL_WEST,P007,190,201,2007.99
2024-07-20,GLOBAL_WEST,P009,0,0,0.0
2024-07-20,GLOBAL_WEST,P010,100,109,543.91
2024-07-20,GLOBAL_WEST,P011,68,73,1459.27
2024-07-20,GLOBAL_WEST,P012,51,54,4319.46
2024-07-21,KR,P001,348,374,370.26
2024-07-21,KR,P002,151,151,753.49
2024-07-21,KR,P003,189,200,2998.0
2024-07-21,KR,P004,0,0,0.0
2024-07-21,KR,P005,214,225,1797.75
2024-07-21,KR,P006,78,82,2049.18
2024-07-21,KR,P007,147,166,1658.34
2024-07-21,KR,P009,0,0,0.0
2024-07-21,KR,P010,106,114,568.86
2024-07-21,KR,P011,89,97,1939.03
2024-07-21,KR,P012,9,9,719.91
2024-07-21,JP,P001,309,323,319.77
2024-07-21,JP,P002,162,173,863.27
2024-07-21,JP,P003,123,130,1948.7
2024-07-21,JP,P004,0,0,0.0
2024-07-21,JP,P005,176,180,1438.2
2024-07-21,JP,P006,81,85,2124.15
2024-07-21,JP,P007,136,143,1428.57
2024-07-21,JP,P009,0,0,0.0
2024-07-21,JP,P010,86,92,459.08
2024-07-21,JP,P011,75,81,1619.19
2024-07-21,JP,P012,32,32,2559.68
2024-07-21,GLOBAL_WEST,P001,506,564,558.36
2024-07-21,GLOBAL_WEST,P002,216,234,1167.66
2024-07-21,GLOBAL_WEST,P003,271,291,4362.09
2024-07-21,GLOBAL_WEST,P004,0,0,0.0
2024-07-21,GLOBAL_WEST,P005,296,336,2684.64
2024-07-21,GLOBAL_WEST,P006,158,168,4198.32
2024-07-21,GLOBAL_WEST,P007,186,201,2007.99
2024-07-21,GLOBAL_WEST,P009,0,0,0.0
2024-07-21,GLOBAL_WEST,P010,122,132,658.68
2024-07-21,GLOBAL_WEST,P011,132,145,2898.55
2024-07-21,GLOBAL_WEST,P012,54,58,4639.42
2024-07-22,KR,P001,360,391,387.09
2024-07-22,KR,P002,173,186,928.14
2024-07-22,KR,P003,142,151,2263.49
2024-07-22,KR,P004,0,0,0.0
2024-07-22,KR,P005,186,202,1613.98
2024-07-22,KR,P006,66,72,1799.28
2024-07-22,KR,P007,136,144,1438.56
2024-07-22,KR,P009,0,0,0.0
2024-07-22,KR,P010,103,116,578.84
2024-07-22,KR,P011,74,80,1599.2
2024-07-22,KR,P012,21,22,1759.78
2024-07-22,JP,P001,340,371,367.29
2024-07-22,JP,P002,144,161,803.39
2024-07-22,JP,P003,169,184,2758.16
2024-07-22,JP,P004,0,0,0.0
2024-07-22,JP,P005,177,189,1510.11
2024-07-22,JP,P006,85,89,2224.11
2024-07-22,JP,P007,102,113,1128.87
2024-07-22,JP,P009,0,0,0.0
2024-07-22,JP,P010,98,104,518.96
2024-07-22,JP,P011,33,34,679.66
2024-07-22,JP,P012,41,43,3439.57
2024-07-22,GLOBAL_WEST,P001,460,486,481.14
2024-07-22,GLOBAL_WEST,P002,261,277,1382.23
2024-07-22,GLOBAL_WEST,P003,218,234,3507.66
2024-07-22,GLOBAL_WEST,P004,0,0,0.0
2024-07-22,GLOBAL_WEST,P005,244,249,1989.51
2024-07-22,GLOBAL_WEST,P006,164,171,4273.29
2024-07-22,GLOBAL_WEST,P007,171,178,1778.22
2024-07-22,GLOBAL_WEST,P009,0,0,0.0
2024-07-22,GLOBAL_WEST,P010,134,150,748.5
2024-07-22,GLOBAL_WEST,P011,76,79,1579.21
2024-07-22,GLOBAL_WEST,P012,32,34,2719.66
2024-07-23,KR,P001,294,321,317.79
2024-07-23,KR,P002,170,185,923.15
2024-07-23,KR,P003,155,158,2368.42
2024-07-23,KR,P004,0,0,0.0
2024-07-23,KR,P005,169,190,1518.1
2024-07-23,KR,P006,93,98,2449.02
2024-07-23,KR,P007,112,123,1228.77
2024-07-23,KR,P009,0,0,0.0
2024-07-23,KR,P010,55,59,294.41
2024-07-23,KR,P011,42,46,919.54
2024-07-23,KR,P012,22,25,1999.75
2024-07-23,JP,P001,297,315,311.85
2024-07-23,JP,P002,133,142,708.58
2024-07-23,JP,P003,145,163,2443.37
2024-07-23,JP,P004,0,0,0.0
2024-07-23,JP,P005,158,168,1342.32
2024-07-23,JP,P006,112,118,2948.82
2024-07-23,JP,P007,102,111,1108.89
2024-07-23,JP,P009,0,0,0.0
2024-07-23,JP,P010,75,83,414.17
2024-07-23,JP,P011,67,75,1499.25
2024-07-23,JP,P012,29,32,2559.68
2024-07-23,GLOBAL_WEST,P001,437,453,448.47
2024-07-23,GLOBAL_WEST,P002,259,274,1367.26
2024-07-23,GLOBAL_WEST,P003,194,211,3162.89
2024-07-23,GLOBAL_WEST,P004,0,0,0.0
2024-07-23,GLOBAL_WEST,P005,293,318,2540.82
2024-07-23,GLOBAL_WEST,P006,168,181,4523.19
2024-07-23,GLOBAL_WEST,P007,134,149,1488.51
2024-07-23,GLOBAL_WEST,P009,0,0,0.0
2024-07-23,GLOBAL_WEST,P010,109,122,608.78
2024-07-23,GLOBAL_WEST,P011,76,83,1659.17
2024-07-23,GLOBAL_WEST,P012,75,79,6319.21
2024-07-24,KR,P001,296,303,299.97
2024-07-24,KR,P002,162,181,903.19
2024-07-24,KR,P003,163,172,2578.28
2024-07-24,KR,P004,0,0,0.0
2024-07-24,KR,P005,169,182,1454.18
2024-07-24,KR,P006,68,68,1699.32
2024-07-24,KR,P007,155,161,1608.39
2024-07-24,KR,P009,0,0,0.0
2024-07-24,KR,P010,87,94,469.06
2024-07-24,KR,P011,46,51,1019.49
2024-07-24,KR,P012,10,10,799.9
2024-07-24,JP,P001,306,334,330.66
2024-07-24,JP,P002,149,160,798.4
2024-07-24,JP,P003,151,173,2593.27
2024-07-24,JP,P004,0,0,0.0
2024-07-24,JP,P005,199,217,1733.83
2024-07-24,JP,P006,102,107,2673.93
2024-07-24,JP,P007,88,94,939.06
2024-07-24,JP,P009,0,0,0.0
2024-07-24,JP,P010,116,117,583.83
2024-07-24,JP,P011,51,53,1059.47
2024-07-24,JP,P012,15,16,1279.84
2024-07-24,GLOBAL_WEST,P001,458,491,486.09
2024-07-24,GLOBAL_WEST,P002,296,309,1541.91
2024-07-24,GLOBAL_WEST,P003,219,240,3597.6
2024-07-24,GLOBAL_WEST,P004,0,0,0.0
2024-07-24,GLOBAL_WEST,P005,238,257,2053.43
2024-07-24,GLOBAL_WEST,P006,95,105,2623.95
2024-07-24,GLOBAL_WEST,P007,139,146,1458.54
2024-07-24,GLOBAL_WEST,P009,0,0,0.0
2024-07-24,GLOBAL_WEST,P010,81,94,469.06
2024-07-24,GLOBAL_WEST,P011,73,78,1559.22
2024-07-24,GLOBAL_WEST,P012,5,6,479.94
2024-07-25,KR,P001,308,331,327.69
2024-07-25,KR,P002,141,156,778.44
2024-07-25,KR,P003,142,148,2218.52
2024-07-25,KR,P004,0,0,0.0
2024-07-25,KR,P005,170,176,1406.24
2024-07-25,KR,P006,55,60,1499.4
2024-07-25,KR,P007,134,135,1348.65
2024-07-25,KR,P009,0,0,0.0
2024-07-25,KR,P010,67,74,369.26
2024-07-25,KR,P011,23,25,499.75
2024-07-25,KR,P012,12,13,1039.87
2024-07-25,JP,P001,293,326,322.74
2024-07-25,JP,P002,135,140,698.6
2024-07-25,JP,P003,155,164,2458.36
2024-07-25,JP,P004,0,0,0.0
2024-07-25,JP,P005,187,206,1645.94
2024-07-25,JP,P006,92,102,2548.98
2024-07-25,JP,P007,118,122,1218.78
2024-07-25,JP,P009,0,0,0.0
2024-07-25,JP,P010,101,110,548.9
2024-07-25,JP,P011,78,84,1679.16
2024-07-25,JP,P012,17,17,1359.83
2024-07-25,GLOBAL_WEST,P001,511,555,549.45
2024-07-25,GLOBAL_WEST,P002,252,279,1392.21
2024-07-25,GLOBAL_WEST,P003,266,286,4287.14
2024-07-25,GLOBAL_WEST,P004,0,0,0.0
2024-07-25,GLOBAL_WEST,P005,343,372,2972.28
2024-07-25,GLOBAL_WEST,P006,115,120,2998.8
2024-07-25,GLOBAL_WEST,P007,185,201,2007.99
2024-07-25,GLOBAL_WEST,P009,0,0,0.0
2024-07-25,GLOBAL_WEST,P010,138,149,743.51
2024-07-25,GLOBAL_WEST,P011,112,121,2418.79
2024-07-25,GLOBAL_WEST,P012,17,19,1519.81
2024-07-26,KR,P001,310,337,333.63
2024-07-26,KR,P002,152,163,813.37
2024-07-26,KR,P003,167,183,2743.17
2024-07-26,KR,P004,0,0,0.0
2024-07-26,KR,P005,178,194,1550.06
2024-07-26,KR,P006,81,85,2124.15
2024-07-26,KR,P007,130,147,1468.53
2024-07-26,KR,P009,0,0,0.0
2024-07-26,KR,P010,75,82,409.18
2024-07-26,KR,P011,65,69,1379.31
2024-07-26,KR,P012,18,18,1439.82
2024-07-26,JP,P001,305,331,327.69
2024-07-26,JP,P002,169,182,908.18
2024-07-26,JP,P003,149,165,2473.35
2024-07-26,JP,P004,0,0,0.0
2024-07-26,JP,P005,164,172,1374.28
2024-07-26,JP,P006,102,105,2623.95
2024-07-26,JP,P007,130,141,1408.59
2024-07-26,JP,P009,0,0,0.0
2024-07-26,JP,P010,96,96,479.04
2024-07-26,JP,P011,54,58,1159.42
2024-07-26,JP,P012,16,17,1359.83
2024-07-26,GLOBAL_WEST,P001,455,502,496.98
2024-07-26,GLOBAL_WEST,P002,228,246,1227.54
2024-07-26,GLOBAL_WEST,P003,220,241,3612.59
2024-07-26,GLOBAL_WEST,P004,0,0,0.0
2024-07-26,GLOBAL_WEST,P005,290,318,2540.82
2024-07-26,GLOBAL_WEST,P006,123,132,3298.68
2024-07-26,GLOBAL_WEST,P007,151,168,1678.32
2024-07-26,GLOBAL_WEST,P009,0,0,0.0
2024-07-26,GLOBAL_WEST,P010,193,210,1047.9
2024-07-26,GLOBAL_WEST,P011,90,101,2018.99
2024-07-26,GLOBAL_WEST,P012,23,24,1919.76
2024-07-27,KR,P001,323,353,349.47
2024-07-27,KR,P002,164,176,878.24
2024-07-27,KR,P003,161,170,2548.3
2024-07-27,KR,P004,0,0,0.0
2024-07-27,KR,P005,210,228,1821.72
2024-07-27,KR,P006,74,83,2074.17
2024-07-27,KR,P007,122,142,1418.58
2024-07-27,KR,P009,0,0,0.0
2024-07-27,KR,P010,85,92,459.08
2024-07-27,KR,P011,59,64,1279.36
2024-07-27,KR,P012,47,49,3919.51
2024-07-27,JP,P001,309,344,340.56
2024-07-27,JP,P002,155,157,783.43
2024-07-27,JP,P003,172,183,2743.17
2024-07-27,JP,P004,0,0,0.0
2024-07-27,JP,P005,152,165,1318.35
2024-07-27,JP,P006,88,88,2199.12
2024-07-27,JP,P007,122,134,1338.66
2024-07-27,JP,P009,0,0,0.0
2024-07-27,JP,P010,88,92,459.08
2024-07-27,JP,P011,47,48,959.52
2024-07-27,JP,P012,45,48,3839.52
2024-07-27,GLOBAL_WEST,P001,436,461,456.39
2024-07-27,GLOBAL_WEST,P002,280,301,1501.99
2024-07-27,GLOBAL_WEST,P003,211,229,3432.71
2024-07-27,GLOBAL_WEST,P004,0,0,0.0
2024-07-27,GLOBAL_WEST,P005,317,345,2756.55
2024-07-27,GLOBAL_WEST,P006,123,133,3323.67
2024-07-27,GLOBAL_WEST,P007,192,211,2107.89
2024-07-27,GLOBAL_WEST,P009,0,0,0.0
2024-07-27,GLOBAL_WEST,P010,161,178,888.22
2024-07-27,GLOBAL_WEST,P011,73,79,1579.21
2024-07-27,GLOBAL_WEST,P012,63,64,5119.36
2024-07-28,KR,P001,293,300,297.0
2024-07-28,KR,P002,155,167,833.33
2024-07-28,KR,P003,155,168,2518.32
2024-07-28,KR,P004,0,0,0.0
2024-07-28,KR,P005,185,206,1645.94
2024-07-28,KR,P006,65,72,1799.28
2024-07-28,KR,P007,126,132,1318.68
2024-07-28,KR,P009,0,0,0.0
2024-07-28,KR,P010,95,105,523.95
2024-07-28,KR,P011,71,79,1579.21
2024-07-28,KR,P012,18,18,1439.82
2024-07-28,JP,P001,299,323,319.77
2024-07-28,JP,P002,174,194,968.06
2024-07-28,JP,P003,161,167,2503.33
2024-07-28,JP,P004,0,0,0.0
2024-07-28,JP,P005,201,225,1797.75
2024-07-28,JP,P006,105,110,2748.9
2024-07-28,JP,P007,113,123,1228.77
2024-07-28,JP,P009,0,0,0.0
2024-07-28,JP,P010,106,115,573.85
2024-07-28,JP,P011,62,65,1299.35
2024-07-28,JP,P012,21,21,1679.79
2024-07-28,GLOBAL_WEST,P001,451,496,491.04
2024-07-28,GLOBAL_WEST,P002,231,240,1197.6
2024-07-28,GLOBAL_WEST,P003,233,249,3732.51
2024-07-28,GLOBAL_WEST,P004,0,0,0.0
2024-07-28,GLOBAL_WEST,P005,256,277,2213.23
2024-07-28,GLOBAL_WEST,P006,130,143,3573.57
2024-07-28,GLOBAL_WEST,P007,179,192,1918.08
2024-07-28,GLOBAL_WEST,P009,0,0,0.0
2024-07-28,GLOBAL_WEST,P010,160,180,898.2
2024-07-28,GLOBAL_WEST,P011,80,86,1719.14
2024-07-28,GLOBAL_WEST,P012,18,20,1599.8
2024-07-29,KR,P001,355,382,378.18
2024-07-29,KR,P002,189,206,1027.94
2024-07-29,KR,P003,169,182,2728.18
2024-07-29,KR,P004,0,0,0.0
2024-07-29,KR,P005,177,187,1494.13
2024-07-29,KR,P006,95,101,2523.99
2024-07-29,KR,P007,127,140,1398.6
2024-07-29,KR,P009,0,0,0.0
2024-07-29,KR,P010,87,91,454.09
2024-07-29,KR,P011,78,87,1739.13
2024-07-29,KR,P012,6,6,479.94
2024-07-29,JP,P001,301,319,315.81
2024-07-29,JP,P002,168,177,883.23
2024-07-29,JP,P003,186,197,2953.03
2024-07-29,JP,P004,0,0,0.0
2024-07-29,JP,P005,177,187,1494.13
2024-07-29,JP,P006,114,128,3198.72
2024-07-29,JP,P007,105,109,1088.91
2024-07-29,JP,P009,0,0,0.0
2024-07-29,JP,P010,67,70,349.3
2024-07-29,JP,P011,55,58,1159.42
2024-07-29,JP,P012,42,45,3599.55
2024-07-29,GLOBAL_WEST,P001,435,470,465.3
2024-07-29,GLOBAL_WEST,P002,227,249,1242.51
2024-07-29,GLOBAL_WEST,P003,248,280,4197.2
2024-07-29,GLOBAL_WEST,P004,0,0,0.0
2024-07-29,GLOBAL_WEST,P005,246,258,2061.42
2024-07-29,GLOBAL_WEST,P006,123,133,3323.67
2024-07-29,GLOBAL_WEST,P007,211,225,2247.75
2024-07-29,GLOBAL_WEST,P009,0,0,0.0
2024-07-29,GLOBAL_WEST,P010,135,144,718.56
2024-07-29,GLOBAL_WEST,P011,57,63,1259.37
2024-07-29,GLOBAL_WEST,P012,13,13,1039.87
2024-07-30,KR,P001,315,348,344.52
2024-07-30,KR,P002,163,188,938.12
2024-07-30,KR,P003,154,155,2323.45
2024-07-30,KR,P004,0,0,0.0
2024-07-30,KR,P005,195,208,1661.92
2024-07-30,KR,P006,108,118,2948.82
2024-07-30,KR,P007,123,131,1308.69
2024-07-30,KR,P009,0,0,0.0
2024-07-30,KR,P010,79,87,434.13
2024-07-30,KR,P011,66,68,1359.32
2024-07-30,KR,P012,37,41,3279.59
2024-07-30,JP,P001,343,359,355.41
2024-07-30,JP,P002,151,158,788.42
2024-07-30,JP,P003,162,168,2518.32
2024-07-30,JP,P004,0,0,0.0
2024-07-30,JP,P005,198,222,1773.78
2024-07-30,JP,P006,96,103,2573.97
2024-07-30,JP,P007,97,104,1038.96
2024-07-30,JP,P009,0,0,0.0
2024-07-30,JP,P010,108,113,563.87
2024-07-30,JP,P011,61,66,1319.34
2024-07-30,JP,P012,9,10,799.9
2024-07-30,GLOBAL_WEST,P001,427,466,461.34
2024-07-30,GLOBAL_WEST,P002,234,254,1267.46
2024-07-30,GLOBAL_WEST,P003,250,270,4047.3
2024-07-30,GLOBAL_WEST,P004,0,0,0.0
2024-07-30,GLOBAL_WEST,P005,282,294,2349.06
2024-07-30,GLOBAL_WEST,P006,135,157,3923.43
2024-07-30,GLOBAL_WEST,P007,149,167,1668.33
2024-07-30,GLOBAL_WEST,P009,0,0,0.0
2024-07-30,GLOBAL_WEST,P010,148,163,813.37
2024-07-30,GLOBAL_WEST,P011,93,97,1939.03
2024-07-30,GLOBAL_WEST,P012,36,38,3039.62
2024-07-31,KR,P001,294,314,310.86
2024-07-31,KR,P002,143,156,778.44
2024-07-31,KR,P003,149,158,2368.42
2024-07-31,KR,P004,0,0,0.0
2024-07-31,KR,P005,179,206,1645.94
2024-07-31,KR,P006,128,137,3423.63
2024-07-31,KR,P007,104,111,1108.89
2024-07-31,KR,P009,0,0,0.0
2024-07-31,KR,P010,87,93,464.07
2024-07-31,KR,P011,52,53,1059.47
2024-07-31,KR,P012,32,34,2719.66
2024-07-31,JP,P001,329,354,350.46
2024-07-31,JP,P002,149,172,858.28
2024-07-31,JP,P003,143,156,2338.44
2024-07-31,JP,P004,0,0,0.0
2024-07-31,JP,P005,184,191,1526.09
2024-07-31,JP,P006,91,101,2523.99
2024-07-31,JP,P007,120,128,1278.72
2024-07-31,JP,P009,0,0,0.0
2024-07-31,JP,P010,72,78,389.22
2024-07-31,JP,P011,59,63,1259.37
2024-07-31,JP,P012,34,37,2959.63
2024-07-31,GLOBAL_WEST,P001,445,486,481.14
2024-07-31,GLOBAL_WEST,P002,182,206,1027.94
2024-07-31,GLOBAL_WEST,P003,221,228,3417.72
2024-07-31,GLOBAL_WEST,P004,0,0,0.0
2024-07-31,GLOBAL_WEST,P005,199,217,1733.83
2024-07-31,GLOBAL_WEST,P006,135,144,3598.56
2024-07-31,GLOBAL_WEST,P007,165,170,1698.3
2024-07-31,GLOBAL_WEST,P009,0,0,0.0
2024-07-31,GLOBAL_WEST,P010,113,119,593.81
2024-07-31,GLOBAL_WEST,P011,35,35,699.65
2024-07-31,GLOBAL_WEST,P012,14,14,1119.86
2024-08-01,KR,P001,311,333,329.67
2024-08-01,KR,P002,150,165,823.35
2024-08-01,KR,P003,140,155,2323.45
2024-08-01,KR,P004,0,0,0.0
2024-08-01,KR,P005,198,218,1741.82
2024-08-01,KR,P006,80,80,1999.2
2024-08-01,KR,P007,128,140,1398.6
2024-08-01,KR,P009,0,0,0.0
2024-08-01,KR,P010,93,96,479.04
2024-08-01,KR,P011,73,84,1679.16
2024-08-01,KR,P012,57,61,4879.39
2024-08-01,JP,P001,331,352,348.48
2024-08-01,JP,P002,173,185,923.15
2024-08-01,JP,P003,176,192,2878.08
2024-08-01,JP,P004,0,0,0.0
2024-08-01,JP,P005,157,164,1310.36
2024-08-01,JP,P006,89,97,2424.03
2024-08-01,JP,P007,134,151,1508.49
2024-08-01,JP,P009,0,0,0.0
2024-08-01,JP,P010,99,109,543.91
2024-08-01,JP,P011,61,66,1319.34
2024-08-01,JP,P012,22,24,1919.76
2024-08-01,GLOBAL_WEST,P001,470,522,516.78
2024-08-01,GLOBAL_WEST,P002,230,233,1162.67
2024-08-01,GLOBAL_WEST,P003,226,243,3642.57
2024-08-01,GLOBAL_WEST,P004,0,0,0.0
2024-08-01,GLOBAL_WEST,P005,244,270,2157.3
2024-08-01,GLOBAL_WEST,P006,112,118,2948.82
2024-08-01,GLOBAL_WEST,P007,144,152,1518.48
2024-08-01,GLOBAL_WEST,P009,0,0,0.0
2024-08-01,GLOBAL_WEST,P010,116,122,608.78
2024-08-01,GLOBAL_WEST,P011,68,72,1439.28
2024-08-01,GLOBAL_WEST,P012,34,35,2799.65
2024-08-02,KR,P001,310,328,324.72
2024-08-02,KR,P002,108,110,548.9
2024-08-02,KR,P003,139,151,2263.49
2024-08-02,KR,P004,0,0,0.0
2024-08-02,KR,P005,207,219,1749.81
2024-08-02,KR,P006,79,87,2174.13
2024-08-02,KR,P007,95,104,1038.96
2024-08-02,KR,P009,0,0,0.0
2024-08-02,KR,P010,56,58,289.42
2024-08-02,KR,P011,50,55,1099.45
2024-08-02,KR,P012,39,42,3359.58
2024-08-02,JP,P001,310,320,316.8
2024-08-02,JP,P002,143,148,738.52
2024-08-02,JP,P003,143,163,2443.37
2024-08-02,JP,P004,0,0,0.0
2024-08-02,JP,P005,186,194,1550.06
2024-08-02,JP,P006,91,100,2499.0
2024-08-02,JP,P007,95,101,1008.99
2024-08-02,JP,P009,0,0,0.0
2024-08-02,JP,P010,82,90,449.1
2024-08-02,JP,P011,33,36,719.64
2024-08-02,JP,P012,40,43,3439.57
2024-08-02,GLOBAL_WEST,P001,428,458,453.42
2024-08-02,GLOBAL_WEST,P002,233,245,1222.55
2024-08-02,GLOBAL_WEST,P003,218,244,3657.56
2024-08-02,GLOBAL_WEST,P004,0,0,0.0
2024-08-02,GLOBAL_WEST,P005,230,249,1989.51
2024-08-02,GLOBAL_WEST,P006,105,119,2973.81
2024-08-02,GLOBAL_WEST,P007,160,161,1608.39
2024-08-02,GLOBAL_WEST,P009,0,0,0.0
2024-08-02,GLOBAL_WEST,P010,139,148,738.52
2024-08-02,GLOBAL_WEST,P011,73,80,1599.2
2024-08-02,GLOBAL_WEST,P012,4,4,319.96
2024-08-03,KR,P001,260,289,286.11
2024-08-03,KR,P002,132,139,693.61
2024-08-03,KR,P003,160,172,2578.28
2024-08-03,KR,P004,0,0,0.0
2024-08-03,KR,P005,181,193,1542.07
2024-08-03,KR,P006,93,104,2598.96
2024-08-03,KR,P007,123,130,1298.7
2024-08-03,KR,P009,0,0,0.0
2024-08-03,KR,P010,77,80,399.2
2024-08-03,KR,P011,53,57,1139.43
2024-08-03,KR,P012,16,16,1279.84
2024-08-03,JP,P001,270,287,284.13
2024-08-03,JP,P002,151,158,788.42
2024-08-03,JP,P003,160,181,2713.19
2024-08-03,JP,P004,0,0,0.0
2024-08-03,JP,P005,158,177,1414.23
2024-08-03,JP,P006,92,99,2474.01
2024-08-03,JP,P007,131,137,1368.63
2024-08-03,JP,P009,0,0,0.0
2024-08-03,JP,P010,56,59,294.41
2024-08-03,JP,P011,54,55,1099.45
2024-08-03,JP,P012,29,30,2399.7
2024-08-03,GLOBAL_WEST,P001,457,491,486.09
2024-08-03,GLOBAL_WEST,P002,200,223,1112.77
2024-08-03,GLOBAL_WEST,P003,189,196,2938.04
2024-08-03,GLOBAL_WEST,P004,0,0,0.0
2024-08-03,GLOBAL_WEST,P005,287,312,2492.88
2024-08-03,GLOBAL_WEST,P006,135,139,3473.61
2024-08-03,GLOBAL_WEST,P007,182,194,1938.06
2024-08-03,GLOBAL_WEST,P009,0,0,0.0
2024-08-03,GLOBAL_WEST,P010,99,109,543.91
2024-08-03,GLOBAL_WEST,P011,82,87,1739.13
2024-08-03,GLOBAL_WEST,P012,6,6,479.94
2024-08-04,KR,P001,287,305,301.95
2024-08-04,KR,P002,138,153,763.47
2024-08-04,KR,P003,162,170,2548.3
2024-08-04,KR,P004,0,0,0.0
2024-08-04,KR,P005,189,207,1653.93
2024-08-04,KR,P006,105,110,2748.9
2024-08-04,KR,P007,113,125,1248.75
2024-08-04,KR,P009,0,0,0.0
2024-08-04,KR,P010,101,106,528.94
2024-08-04,KR,P011,52,56,1119.44
2024-08-04,KR,P012,21,21,1679.79
2024-08-04,JP,P001,306,335,331.65
2024-08-04,JP,P002,148,160,798.4
2024-08-04,JP,P003,165,176,2638.24
2024-08-04,JP,P004,0,0,0.0
2024-08-04,JP,P005,178,200,1598.0
2024-08-04,JP,P006,86,94,2349.06
2024-08-04,JP,P007,118,120,1198.8
2024-08-04,JP,P009,0,0,0.0
2024-08-04,JP,P010,89,97,484.03
2024-08-04,JP,P011,88,93,1859.07
2024-08-04,JP,P012,34,37,2959.63
2024-08-04,GLOBAL_WEST,P001,417,423,418.77
2024-08-04,GLOBAL_WEST,P002,229,255,1272.45
2024-08-04,GLOBAL_WEST,P003,229,245,3672.55
2024-08-04,GLOBAL_WEST,P004,0,0,0.0
2024-08-04,GLOBAL_WEST,P005,294,309,2468.91
2024-08-04,GLOBAL_WEST,P006,117,122,3048.78
2024-08-04,GLOBAL_WEST,P007,197,213,2127.87
2024-08-04,GLOBAL_WEST,P009,0,0,0.0
2024-08-04,GLOBAL_WEST,P010,141,147,733.53
2024-08-04,GLOBAL_WEST,P011,11,11,219.89
2024-08-04,GLOBAL_WEST,P012,74,79,6319.21
2024-08-05,KR,P001,314,341,337.59
2024-08-05,KR,P002,166,178,888.22
2024-08-05,KR,P003,145,151,2263.49
2024-08-05,KR,P004,0,0,0.0
2024-08-05,KR,P005,166,181,1446.19
2024-08-05,KR,P006,80,82,2049.18
2024-08-05,KR,P007,113,125,1248.75
2024-08-05,KR,P009,0,0,0.0
2024-08-05,KR,P010,95,103,513.97
2024-08-05,KR,P011,56,63,1259.37
2024-08-05,KR,P012,27,30,2399.7
2024-08-05,JP,P001,273,299,296.01
2024-08-05,JP,P002,113,120,598.8
2024-08-05,JP,P003,167,182,2728.18
2024-08-05,JP,P004,0,0,0.0
2024-08-05,JP,P005,163,178,1422.22
2024-08-05,JP,P006,93,98,2449.02
2024-08-05,JP,P007,128,134,1338.66
2024-08-05,JP,P009,0,0,0.0
2024-08-05,JP,P010,99,104,518.96
2024-08-05,JP,P011,43,46,919.54
2024-08-05,JP,P012,28,29,2319.71
2024-08-05,GLOBAL_WEST,P001,415,421,416.79
2024-08-05,GLOBAL_WEST,P002,254,277,1382.23
2024-08-05,GLOBAL_WEST,P003,196,201,3012.99
2024-08-05,GLOBAL_WEST,P004,0,0,0.0
2024-08-05,GLOBAL_WEST,P005,238,256,2045.44
2024-08-05,GLOBAL_WEST,P006,141,151,3773.49
2024-08-05,GLOBAL_WEST,P007,201,221,2207.79
2024-08-05,GLOBAL_WEST,P009,0,0,0.0
2024-08-05,GLOBAL_WEST,P010,118,128,638.72
2024-08-05,GLOBAL_WEST,P011,99,103,2058.97
2024-08-05,GLOBAL_WEST,P012,50,56,4479.44
2024-08-06,KR,P001,320,341,337.59
2024-08-06,KR,P002,163,175,873.25
2024-08-06,KR,P003,175,177,2653.23
2024-08-06,KR,P004,0,0,0.0
2024-08-06,KR,P005,157,167,1334.33
2024-08-06,KR,P006,106,109,2723.91
2024-08-06,KR,P007,86,91,909.09
2024-08-06,KR,P009,0,0,0.0
2024-08-06,KR,P010,117,123,613.77
2024-08-06,KR,P011,35,37,739.63
2024-08-06,KR,P012,41,44,3519.56
2024-08-06,JP,P001,330,365,361.35
2024-08-06,JP,P002,161,177,883.23
2024-08-06,JP,P003,161,170,2548.3
2024-08-06,JP,P004,0,0,0.0
2024-08-06,JP,P005,200,221,1765.79
2024-08-06,JP,P006,88,96,2399.04
2024-08-06,JP,P007,119,131,1308.69
2024-08-06,JP,P009,0,0,0.0
2024-08-06,JP,P010,101,103,513.97
2024-08-06,JP,P011,64,70,1399.3
2024-08-06,JP,P012,27,29,2319.71
2024-08-06,GLOBAL_WEST,P001,448,492,487.08
2024-08-06,GLOBAL_WEST,P002,227,252,1257.48
2024-08-06,GLOBAL_WEST,P003,219,239,3582.61
2024-08-06,GLOBAL_WEST,P004,0,0,0.0
2024-08-06,GLOBAL_WEST,P005,283,305,2436.95
2024-08-06,GLOBAL_WEST,P006,80,84,2099.16
2024-08-06,GLOBAL_WEST,P007,149,164,1638.36
2024-08-06,GLOBAL_WEST,P009,0,0,0.0
2024-08-06,GLOBAL_WEST,P010,110,121,603.79
2024-08-06,GLOBAL_WEST,P011,114,122,2438.78
2024-08-06,GLOBAL_WEST,P012,79,82,6559.18
2024-08-07,KR,P001,328,346,342.54
2024-08-07,KR,P002,141,154,768.46
2024-08-07,KR,P003,156,170,2548.3
2024-08-07,KR,P004,0,0,0.0
2024-08-07,KR,P005,179,189,1510.11
2024-08-07,KR,P006,83,92,2299.08
2024-08-07,KR,P007,118,127,1268.73
2024-08-07,KR,P009,0,0,0.0
2024-08-07,KR,P010,128,132,658.68
2024-08-07,KR,P011,71,71,1419.29
2024-08-07,KR,P012,10,10,799.9
2024-08-07,JP,P001,301,319,315.81
2024-08-07,JP,P002,147,160,798.4
2024-08-07,JP,P003,158,168,2518.32
2024-08-07,JP,P004,0,0,0.0
2024-08-07,JP,P005,199,222,1773.78
2024-08-07,JP,P006,102,114,2848.86
2024-08-07,JP,P007,94,100,999.0
2024-08-07,JP,P009,0,0,0.0
2024-08-07,JP,P010,85,87,434.13
2024-08-07,JP,P011,53,54,1079.46
2024-08-07,JP,P012,15,15,1199.85
2024-08-07,GLOBAL_WEST,P001,469,504,498.96
2024-08-07,GLOBAL_WEST,P002,196,208,1037.92
2024-08-07,GLOBAL_WEST,P003,220,234,3507.66
2024-08-07,GLOBAL_WEST,P004,0,0,0.0
2024-08-07,GLOBAL_WEST,P005,275,303,2420.97
2024-08-07,GLOBAL_WEST,P006,142,158,3948.42
2024-08-07,GLOBAL_WEST,P007,145,156,1558.44
2024-08-07,GLOBAL_WEST,P009,0,0,0.0
2024-08-07,GLOBAL_WEST,P010,146,159,793.41
2024-08-07,GLOBAL_WEST,P011,76,80,1599.2
2024-08-07,GLOBAL_WEST,P012,71,77,6159.23
2024-08-08,KR,P001,294,297,294.03
2024-08-08,KR,P002,169,181,903.19
2024-08-08,KR,P003,151,162,2428.38
2024-08-08,KR,P004,0,0,0.0
2024-08-08,KR,P005,180,189,1510.11
2024-08-08,KR,P006,97,102,2548.98
2024-08-08,KR,P007,139,151,1508.49
2024-08-08,KR,P009,0,0,0.0
2024-08-08,KR,P010,84,92,459.08
2024-08-08,KR,P011,57,59,1179.41
2024-08-08,KR,P012,34,35,2799.65
2024-08-08,JP,P001,304,321,317.79
2024-08-08,JP,P002,161,164,818.36
2024-08-08,JP,P003,147,162,2428.38
2024-08-08,JP,P004,0,0,0.0
2024-08-08,JP,P005,160,171,1366.29
2024-08-08,JP,P006,101,111,2773.89
2024-08-08,JP,P007,107,112,1118.88
2024-08-08,JP,P009,0,0,0.0
2024-08-08,JP,P010,107,113,563.87
2024-08-08,JP,P011,62,66,1319.34
2024-08-08,JP,P012,21,24,1919.76
2024-08-08,GLOBAL_WEST,P001,437,496,491.04
2024-08-08,GLOBAL_WEST,P002,212,213,1062.87
2024-08-08,GLOBAL_WEST,P003,260,271,4062.29
2024-08-08,GLOBAL_WEST,P004,0,0,0.0
2024-08-08,GLOBAL_WEST,P005,258,275,2197.25
2024-08-08,GLOBAL_WEST,P006,125,139,3473.61
2024-08-08,GLOBAL_WEST,P007,182,194,1938.06
2024-08-08,GLOBAL_WEST,P009,0,0,0.0
2024-08-08,GLOBAL_WEST,P010,103,110,548.9
2024-08-08,GLOBAL_WEST,P011,61,67,1339.33
2024-08-08,GLOBAL_WEST,P012,49,50,3999.5
2024-08-09,KR,P001,326,342,338.58
2024-08-09,KR,P002,160,172,858.28
2024-08-09,KR,P003,151,170,2548.3
2024-08-09,KR,P004,0,0,0.0
2024-08-09,KR,P005,194,202,1613.98
2024-08-09,KR,P006,94,98,2449.02
2024-08-09,KR,P007,125,131,1308.69
2024-08-09,KR,P009,0,0,0.0
2024-08-09,KR,P010,74,85,424.15
2024-08-09,KR,P011,74,81,1619.19
2024-08-09,KR,P012,45,48,3839.52
2024-08-09,JP,P001,310,358,354.42
2024-08-09,JP,P002,134,147,733.53
2024-08-09,JP,P003,148,160,2398.4
2024-08-09,JP,P004,0,0,0.0
2024-08-09,JP,P005,175,182,1454.18
2024-08-09,JP,P006,75,83,2074.17
2024-08-09,JP,P007,96,106,1058.94
2024-08-09,JP,P009,0,0,0.0
2024-08-09,JP,P010,103,114,568.86
2024-08-09,JP,P011,52,54,1079.46
2024-08-09,JP,P012,28,31,2479.69
2024-08-09,GLOBAL_WEST,P001,440,478,473.22
2024-08-09,GLOBAL_WEST,P002,211,225,1122.75
2024-08-09,GLOBAL_WEST,P003,238,257,3852.43
2024-08-09,GLOBAL_WEST,P004,0,0,0.0
2024-08-09,GLOBAL_WEST,P005,227,265,2117.35
2024-08-09,GLOBAL_WEST,P006,139,154,3848.46
2024-08-09,GLOBAL_WEST,P007,187,218,2177.82
2024-08-09,GLOBAL_WEST,P009,0,0,0.0
2024-08-09,GLOBAL_WEST,P010,119,127,633.73
2024-08-09,GLOBAL_WEST,P011,36,39,779.61
2024-08-09,GLOBAL_WEST,P012,0,0,0.0
2024-08-10,KR,P001,291,308,304.92
2024-08-10,KR,P002,162,176,878.24
2024-08-10,KR,P003,151,156,2338.44
2024-08-10,KR,P004,0,0,0.0
2024-08-10,KR,P005,179,192,1534.08
2024-08-10,KR,P006,95,99,2474.01
2024-08-10,KR,P007,106,114,1138.86
2024-08-10,KR,P009,0,0,0.0
2024-08-10,KR,P010,60,66,329.34
2024-08-10,KR,P011,88,98,1959.02
2024-08-10,KR,P012,22,23,1839.77
2024-08-10,JP,P001,290,325,321.75
2024-08-10,JP,P002,144,153,763.47
2024-08-10,JP,P003,161,172,2578.28
2024-08-10,JP,P004,0,0,0.0
2024-08-10,JP,P005,150,165,1318.35
2024-08-10,JP,P006,86,93,2324.07
2024-08-10,JP,P007,126,131,1308.69
2024-08-10,JP,P009,0,0,0.0
2024-08-10,JP,P010,93,97,484.03
2024-08-10,JP,P011,55,58,1159.42
2024-08-10,JP,P012,17,18,1439.82
2024-08-10,GLOBAL_WEST,P001,419,481,476.19
2024-08-10,GLOBAL_WEST,P002,205,223,1112.77
2024-08-10,GLOBAL_WEST,P003,214,227,3402.73
2024-08-10,GLOBAL_WEST,P004,0,0,0.0
2024-08-10,GLOBAL_WEST,P005,239,263,2101.37
2024-08-10,GLOBAL_WEST,P006,139,154,3848.46
2024-08-10,GLOBAL_WEST,P007,146,160,1598.4
2024-08-10,GLOBAL_WEST,P009,0,0,0.0
2024-08-10,GLOBAL_WEST,P010,137,150,748.5
2024-08-10,GLOBAL_WEST,P011,72,79,1579.21
2024-08-10,GLOBAL_WEST,P012,58,62,4959.38
2024-08-11,KR,P001,306,328,324.72
2024-08-11,KR,P002,152,162,808.38
2024-08-11,KR,P003,149,164,2458.36
2024-08-11,KR,P004,0,0,0.0
2024-08-11,KR,P005,187,200,1598.0
2024-08-11,KR,P006,99,115,2873.85
2024-08-11,KR,P007,119,136,1358.64
2024-08-11,KR,P009,0,0,0.0
2024-08-11,KR,P010,79,86,429.14
2024-08-11,KR,P011,53,55,1099.45
2024-08-11,KR,P012,8,10,799.9
2024-08-11,JP,P001,277,300,297.0
2024-08-11,JP,P002,156,161,803.39
2024-08-11,JP,P003,152,162,2428.38
2024-08-11,JP,P004,0,0,0.0
2024-08-11,JP,P005,175,184,1470.16
2024-08-11,JP,P006,56,63,1574.37
2024-08-11,JP,P007,122,136,1358.64
2024-08-11,JP,P009,0,0,0.0
2024-08-11,JP,P010,70,75,374.25
2024-08-11,JP,P011,47,47,939.53
2024-08-11,JP,P012,33,36,2879.64
2024-08-11,GLOBAL_WEST,P001,408,437,432.63
2024-08-11,GLOBAL_WEST,P002,239,251,1252.49
2024-08-11,GLOBAL_WEST,P003,206,209,3132.91
2024-08-11,GLOBAL_WEST,P004,0,0,0.0
2024-08-11,GLOBAL_WEST,P005,243,277,2213.23
2024-08-11,GLOBAL_WEST,P006,112,121,3023.79
2024-08-11,GLOBAL_WEST,P007,146,161,1608.39
2024-08-11,GLOBAL_WEST,P009,0,0,0.0
2024-08-11,GLOBAL_WEST,P010,111,122,608.78
2024-08-11,GLOBAL_WEST,P011,120,128,2558.72
2024-08-11,GLOBAL_WEST,P012,58,65,5199.35
2024-08-12,KR,P001,296,315,311.85
2024-08-12,KR,P002,168,180,898.2
2024-08-12,KR,P003,144,152,2278.48
2024-08-12,KR,P004,0,0,0.0
2024-08-12,KR,P005,183,205,1637.95
2024-08-12,KR,P006,84,89,2224.11
2024-08-12,KR,P007,95,95,949.05
2024-08-12,KR,P009,0,0,0.0
2024-08-12,KR,P010,84,91,454.09
2024-08-12,KR,P011,62,68,1359.32
2024-08-12,KR,P012,39,40,3199.6
2024-08-12,JP,P001,274,298,295.02
2024-08-12,JP,P002,159,167,833.33
2024-08-12,JP,P003,138,144,2158.56
2024-08-12,JP,P004,0,0,0.0
2024-08-12,JP,P005,199,212,1693.88
2024-08-12,JP,P006,81,81,2024.19
2024-08-12,JP,P007,112,119,1188.81
2024-08-12,JP,P009,0,0,0.0
2024-08-12,JP,P010,78,85,424.15
2024-08-12,JP,P011,23,25,499.75
2024-08-12,JP,P012,7,7,559.93
2024-08-12,GLOBAL_WEST,P001,432,461,456.39
2024-08-12,GLOBAL_WEST,P002,228,244,1217.56
2024-08-12,GLOBAL_WEST,P003,175,193,2893.07
2024-08-12,GLOBAL_WEST,P004,0,0,0.0
2024-08-12,GLOBAL_WEST,P005,241,269,2149.31
2024-08-12,GLOBAL_WEST,P006,164,183,4573.17
2024-08-12,GLOBAL_WEST,P007,160,168,1678.32
2024-08-12,GLOBAL_WEST,P009,0,0,0.0
2024-08-12,GLOBAL_WEST,P010,106,115,573.85
2024-08-12,GLOBAL_WEST,P011,62,67,1339.33
2024-08-12,GLOBAL_WEST,P012,24,25,1999.75
2024-08-13,KR,P001,330,340,336.6
2024-08-13,KR,P002,171,181,903.19
2024-08-13,KR,P003,128,142,2128.58
2024-08-13,KR,P004,0,0,0.0
2024-08-13,KR,P005,187,203,1621.97
2024-08-13,KR,P006,90,96,2399.04
2024-08-13,KR,P007,128,136,1358.64
2024-08-13,KR,P009,0,0,0.0
2024-08-13,KR,P010,81,91,454.09
2024-08-13,KR,P011,49,51,1019.49
2024-08-13,KR,P012,12,12,959.88
2024-08-13,JP,P001,281,305,301.95
2024-08-13,JP,P002,136,141,703.59
2024-08-13,JP,P003,154,175,2623.25
2024-08-13,JP,P004,0,0,0.0
2024-08-13,JP,P005,155,161,1286.39
2024-08-13,JP,P006,89,94,2349.06
2024-08-13,JP,P007,94,100,999.0
2024-08-13,JP,P009,0,0,0.0
2024-08-13,JP,P010,96,104,518.96
2024-08-13,JP,P011,70,74,1479.26
2024-08-13,JP,P012,13,14,1119.86
2024-08-13,GLOBAL_WEST,P001,427,444,439.56
2024-08-13,GLOBAL_WEST,P002,257,272,1357.28
2024-08-13,GLOBAL_WEST,P003,217,234,3507.66
2024-08-13,GLOBAL_WEST,P004,0,0,0.0
2024-08-13,GLOBAL_WEST,P005,242,253,2021.47
2024-08-13,GLOBAL_WEST,P006,131,142,3548.58
2024-08-13,GLOBAL_WEST,P007,157,161,1608.39
2024-08-13,GLOBAL_WEST,P009,0,0,0.0
2024-08-13,GLOBAL_WEST,P010,141,155,773.45
2024-08-13,GLOBAL_WEST,P011,16,16,319.84
2024-08-13,GLOBAL_WEST,P012,16,17,1359.83
2024-08-14,KR,P001,263,282,279.18
2024-08-14,KR,P002,159,174,868.26
2024-08-14,KR,P003,140,154,2308.46
2024-08-14,KR,P004,0,0,0.0
2024-08-14,KR,P005,151,169,1350.31
2024-08-14,KR,P006,83,84,2099.16
2024-08-14,KR,P007,104,107,1068.93
2024-08-14,KR,P009,0,0,0.0
2024-08-14,KR,P010,89,96,479.04
2024-08-14,KR,P011,53,55,1099.45
2024-08-14,KR,P012,41,44,3519.56
2024-08-14,JP,P001,319,345,341.55
2024-08-14,JP,P002,148,161,803.39
2024-08-14,JP,P003,129,140,2098.6
2024-08-14,JP,P004,0,0,0.0
2024-08-14,JP,P005,191,214,1709.86
2024-08-14,JP,P006,72,78,1949.22
2024-08-14,JP,P007,117,127,1268.73
2024-08-14,JP,P009,0,0,0.0
2024-08-14,JP,P010,94,94,469.06
2024-08-14,JP,P011,62,71,1419.29
2024-08-14,JP,P012,16,16,1279.84
2024-08-14,GLOBAL_WEST,P001,436,469,464.31
2024-08-14,GLOBAL_WEST,P002,222,234,1167.66
2024-08-14,GLOBAL_WEST,P003,232,255,3822.45
2024-08-14,GLOBAL_WEST,P004,0,0,0.0
2024-08-14,GLOBAL_WEST,P005,228,249,1989.51
2024-08-14,GLOBAL_WEST,P006,130,146,3648.54
2024-08-14,GLOBAL_WEST,P007,158,166,1658.34
2024-08-14,GLOBAL_WEST,P009,0,0,0.0
2024-08-14,GLOBAL_WEST,P010,131,136,678.64
2024-08-14,GLOBAL_WEST,P011,75,78,1559.22
2024-08-14,GLOBAL_WEST,P012,71,78,6239.22
2024-08-15,KR,P001,316,339,335.61
2024-08-15,KR,P002,147,154,768.46
2024-08-15,KR,P003,181,193,2893.07
2024-08-15,KR,P004,0,0,0.0
2024-08-15,KR,P005,169,187,1494.13
2024-08-15,KR,P006,87,92,2299.08
2024-08-15,KR,P007,111,117,1168.83
2024-08-15,KR,P009,0,0,0.0
2024-08-15,KR,P010,93,102,508.98
2024-08-15,KR,P011,31,34,679.66
2024-08-15,KR,P012,19,20,1599.8
2024-08-15,JP,P001,285,310,306.9
2024-08-15,JP,P002,136,144,718.56
2024-08-15,JP,P003,140,147,2203.53
2024-08-15,JP,P004,0,0,0.0
2024-08-15,JP,P005,170,178,1422.22
2024-08-15,JP,P006,69,75,1874.25
2024-08-15,JP,P007,85,90,899.1
2024-08-15,JP,P009,0,0,0.0
2024-08-15,JP,P010,72,75,374.25
2024-08-15,JP,P011,38,40,799.6
2024-08-15,JP,P012,15,15,1199.85
2024-08-15,GLOBAL_WEST,P001,416,448,443.52
2024-08-15,GLOBAL_WEST,P002,210,221,1102.79
2024-08-15,GLOBAL_WEST,P003,212,233,3492.67
2024-08-15,GLOBAL_WEST,P004,0,0,0.0
2024-08-15,GLOBAL_WEST,P005,230,253,2021.47
2024-08-15,GLOBAL_WEST,P006,106,118,2948.82
2024-08-15,GLOBAL_WEST,P007,130,141,1408.59
2024-08-15,GLOBAL_WEST,P009,0,0,0.0
2024-08-15,GLOBAL_WEST,P010,106,117,583.83
2024-08-15,GLOBAL_WEST,P011,88,95,1899.05
2024-08-15,GLOBAL_WEST,P012,8,8,639.92
2024-08-16,KR,P001,319,341,337.59
2024-08-16,KR,P002,162,171,853.29
2024-08-16,KR,P003,168,185,2773.15
2024-08-16,KR,P004,0,0,0.0
2024-08-16,KR,P005,154,166,1326.34
2024-08-16,KR,P006,66,68,1699.32
2024-08-16,KR,P007,98,107,1068.93
2024-08-16,KR,P009,0,0,0.0
2024-08-16,KR,P010,55,59,294.41
2024-08-16,KR,P011,57,63,1259.37
2024-08-16,KR,P012,25,26,2079.74
2024-08-16,JP,P001,316,348,344.52
2024-08-16,JP,P002,150,167,833.33
2024-08-16,JP,P003,152,161,2413.39
2024-08-16,JP,P004,0,0,0.0
2024-08-16,JP,P005,150,160,1278.4
2024-08-16,JP,P006,76,85,2124.15
2024-08-16,JP,P007,98,109,1088.91
2024-08-16,JP,P009,0,0,0.0
2024-08-16,JP,P010,85,91,454.09
2024-08-16,JP,P011,22,24,479.76
2024-08-16,JP,P012,29,31,2479.69
2024-08-16,GLOBAL_WEST,P001,395,439,434.61
2024-08-16,GLOBAL_WEST,P002,220,236,1177.64
2024-08-16,GLOBAL_WEST,P003,206,228,3417.72
2024-08-16,GLOBAL_WEST,P004,0,0,0.0
2024-08-16,GLOBAL_WEST,P005,223,243,1941.57
2024-08-16,GLOBAL_WEST,P006,132,144,3598.56
2024-08-16,GLOBAL_WEST,P007,166,183,1828.17
2024-08-16,GLOBAL_WEST,P009,0,0,0.0
2024-08-16,GLOBAL_WEST,P010,145,161,803.39
2024-08-16,GLOBAL_WEST,P011,79,86,1719.14
2024-08-16,GLOBAL_WEST,P012,20,22,1759.78
2024-08-17,KR,P001,298,327,323.73
2024-08-17,KR,P002,137,145,723.55
2024-08-17,KR,P003,161,169,2533.31
2024-08-17,KR,P004,0,0,0.0
2024-08-17,KR,P005,184,196,1566.04
2024-08-17,KR,P006,83,91,2274.09
2024-08-17,KR,P007,112,121,1208.79
2024-08-17,KR,P009,0,0,0.0
2024-08-17,KR,P010,66,70,349.3
2024-08-17,KR,P011,71,74,1479.26
2024-08-17,KR,P012,23,24,1919.76
2024-08-17,JP,P001,277,292,289.08
2024-08-17,JP,P002,155,171,853.29
2024-08-17,JP,P003,161,171,2563.29
2024-08-17,JP,P004,0,0,0.0
2024-08-17,JP,P005,154,160,1278.4
2024-08-17,JP,P006,59,62,1549.38
2024-08-17,JP,P007,129,136,1358.64
2024-08-17,JP,P009,0,0,0.0
2024-08-17,JP,P010,96,103,513.97
2024-08-17,JP,P011,49,54,1079.46
2024-08-17,JP,P012,8,8,639.92
2024-08-17,GLOBAL_WEST,P001,406,437,432.63
2024-08-17,GLOBAL_WEST,P002,226,251,1252.49
2024-08-17,GLOBAL_WEST,P003,221,242,3627.58
2024-08-17,GLOBAL_WEST,P004,0,0,0.0
2024-08-17,GLOBAL_WEST,P005,225,235,1877.65
2024-08-17,GLOBAL_WEST,P006,135,154,3848.46
2024-08-17,GLOBAL_WEST,P007,149,161,1608.39
2024-08-17,GLOBAL_WEST,P009,0,0,0.0
2024-08-17,GLOBAL_WEST,P010,97,104,518.96
2024-08-17,GLOBAL_WEST,P011,55,57,1139.43
2024-08-17,GLOBAL_WEST,P012,31,33,2639.67
2024-08-18,KR,P001,298,320,316.8
2024-08-18,KR,P002,132,138,688.62
2024-08-18,KR,P003,139,149,2233.51
2024-08-18,KR,P004,0,0,0.0
2024-08-18,KR,P005,188,210,1677.9
2024-08-18,KR,P006,94,98,2449.02
2024-08-18,KR,P007,127,139,1388.61
2024-08-18,KR,P009,0,0,0.0
2024-08-18,KR,P010,94,101,503.99
2024-08-18,KR,P011,33,33,659.67
2024-08-18,KR,P012,34,36,2879.64
2024-08-18,JP,P001,294,315,311.85
2024-08-18,JP,P002,141,156,778.44
2024-08-18,JP,P003,141,148,2218.52
2024-08-18,JP,P004,0,0,0.0
2024-08-18,JP,P005,183,197,1574.03
2024-08-18,JP,P006,83,92,2299.08
2024-08-18,JP,P007,121,125,1248.75
2024-08-18,JP,P009,0,0,0.0
2024-08-18,JP,P010,79,84,419.16
2024-08-18,JP,P011,73,75,1499.25
2024-08-18,JP,P012,8,8,639.92
2024-08-18,GLOBAL_WEST,P001,403,417,412.83
2024-08-18,GLOBAL_WEST,P002,219,230,1147.7
2024-08-18,GLOBAL_WEST,P003,265,304,4556.96
2024-08-18,GLOBAL_WEST,P004,0,0,0.0
2024-08-18,GLOBAL_WEST,P005,287,321,2564.79
2024-08-18,GLOBAL_WEST,P006,88,94,2349.06
2024-08-18,GLOBAL_WEST,P007,171,182,1818.18
2024-08-18,GLOBAL_WEST,P009,0,0,0.0
2024-08-18,GLOBAL_WEST,P010,168,179,893.21
2024-08-18,GLOBAL_WEST,P011,69,77,1539.23
2024-08-18,GLOBAL_WEST,P012,16,16,1279.84
2024-08-19,KR,P001,305,332,328.68
2024-08-19,KR,P002,136,152,758.48
2024-08-19,KR,P003,135,145,2173.55
2024-08-19,KR,P004,0,0,0.0
2024-08-19,KR,P005,196,206,1645.94
2024-08-19,KR,P006,91,98,2449.02
2024-08-19,KR,P007,96,101,1008.99
2024-08-19,KR,P009,0,0,0.0
2024-08-19,KR,P010,74,79,394.21
2024-08-19,KR,P011,51,53,1059.47
2024-08-19,KR,P012,44,48,3839.52
2024-08-19,JP,P001,296,338,334.62
2024-08-19,JP,P002,147,160,798.4
2024-08-19,JP,P003,165,176,2638.24
2024-08-19,JP,P004,0,0,0.0
2024-08-19,JP,P005,181,192,1534.08
2024-08-19,JP,P006,82,89,2224.11
2024-08-19,JP,P007,90,98,979.02
2024-08-19,JP,P009,0,0,0.0
2024-08-19,JP,P010,97,106,528.94
2024-08-19,JP,P011,68,76,1519.24
2024-08-19,JP,P012,34,38,3039.62
2024-08-19,GLOBAL_WEST,P001,381,403,398.97
2024-08-19,GLOBAL_WEST,P002,230,238,1187.62
2024-08-19,GLOBAL_WEST,P003,178,186,2788.14
2024-08-19,GLOBAL_WEST,P004,0,0,0.0
2024-08-19,GLOBAL_WEST,P005,247,269,2149.31
2024-08-19,GLOBAL_WEST,P006,95,97,2424.03
2024-08-19,GLOBAL_WEST,P007,150,162,1618.38
2024-08-19,GLOBAL_WEST,P009,0,0,0.0
2024-08-19,GLOBAL_WEST,P010,97,100,499.0
2024-08-19,GLOBAL_WEST,P011,78,88,1759.12
2024-08-19,GLOBAL_WEST,P012,24,25,1999.75
2024-08-20,KR,P001,297,312,308.88
2024-08-20,KR,P002,130,138,688.62
2024-08-20,KR,P003,146,150,2248.5
2024-08-20,KR,P004,0,0,0.0
2024-08-20,KR,P005,171,184,1470.16
2024-08-20,KR,P006,87,94,2349.06
2024-08-20,KR,P007,59,65,649.35
2024-08-20,KR,P009,0,0,0.0
2024-08-20,KR,P010,91,96,479.04
2024-08-20,KR,P011,56,59,1179.41
2024-08-20,KR,P012,0,0,0.0
2024-08-20,JP,P001,277,300,297.0
2024-08-20,JP,P002,147,152,758.48
2024-08-20,JP,P003,131,143,2143.57
2024-08-20,JP,P004,0,0,0.0
2024-08-20,JP,P005,177,195,1558.05
2024-08-20,JP,P006,67,73,1824.27
2024-08-20,JP,P007,115,123,1228.77
2024-08-20,JP,P009,0,0,0.0
2024-08-20,JP,P010,92,99,494.01
2024-08-20,JP,P011,54,58,1159.42
2024-08-20,JP,P012,1,1,79.99
2024-08-20,GLOBAL_WEST,P001,414,422,417.78
2024-08-20,GLOBAL_WEST,P002,186,196,978.04
2024-08-20,GLOBAL_WEST,P003,178,197,2953.03
2024-08-20,GLOBAL_WEST,P004,0,0,0.0
2024-08-20,GLOBAL_WEST,P005,182,205,1637.95
2024-08-20,GLOBAL_WEST,P006,97,106,2648.94
2024-08-20,GLOBAL_WEST,P007,182,202,2017.98
2024-08-20,GLOBAL_WEST,P009,0,0,0.0
2024-08-20,GLOBAL_WEST,P010,135,144,718.56
2024-08-20,GLOBAL_WEST,P011,57,62,1239.38
2024-08-20,GLOBAL_WEST,P012,27,28,2239.72
2024-08-21,KR,P001,291,322,318.78
2024-08-21,KR,P002,129,139,693.61
2024-08-21,KR,P003,162,172,2578.28
2024-08-21,KR,P004,0,0,0.0
2024-08-21,KR,P005,151,164,1310.36
2024-08-21,KR,P006,60,65,1624.35
2024-08-21,KR,P007,116,132,1318.68
2024-08-21,KR,P009,0,0,0.0
2024-08-21,KR,P010,50,52,259.48
2024-08-21,KR,P011,61,65,1299.35
2024-08-21,KR,P012,16,17,1359.83
2024-08-21,JP,P001,277,296,293.04
2024-08-21,JP,P002,130,140,698.6
2024-08-21,JP,P003,147,155,2323.45
2024-08-21,JP,P004,0,0,0.0
2024-08-21,JP,P005,174,194,1550.06
2024-08-21,JP,P006,71,76,1899.24
2024-08-21,JP,P007,98,105,1048.95
2024-08-21,JP,P009,0,0,0.0
2024-08-21,JP,P010,92,100,499.0
2024-08-21,JP,P011,44,47,939.53
2024-08-21,JP,P012,17,19,1519.81
2024-08-21,GLOBAL_WEST,P001,428,477,472.23
2024-08-21,GLOBAL_WEST,P002,196,211,1052.89
2024-08-21,GLOBAL_WEST,P003,195,216,3237.84
2024-08-21,GLOBAL_WEST,P004,0,0,0.0
2024-08-21,GLOBAL_WEST,P005,245,267,2133.33
2024-08-21,GLOBAL_WEST,P006,120,129,3223.71
2024-08-21,GLOBAL_WEST,P007,142,159,1588.41
2024-08-21,GLOBAL_WEST,P009,0,0,0.0
2024-08-21,GLOBAL_WEST,P010,109,120,598.8
2024-08-21,GLOBAL_WEST,P011,78,86,1719.14
2024-08-21,GLOBAL_WEST,P012,42,44,3519.56
2024-08-22,KR,P001,265,276,273.24
2024-08-22,KR,P002,138,148,738.52
2024-08-22,KR,P003,110,122,1828.78
2024-08-22,KR,P004,0,0,0.0
2024-08-22,KR,P005,153,164,1310.36
2024-08-22,KR,P006,99,106,2648.94
2024-08-22,KR,P007,109,117,1168.83
2024-08-22,KR,P009,0,0,0.0
2024-08-22,KR,P010,107,114,568.86
2024-08-22,KR,P011,59,63,1259.37
2024-08-22,KR,P012,22,23,1839.77
2024-08-22,JP,P001,290,306,302.94
2024-08-22,JP,P002,144,157,783.43
2024-08-22,JP,P003,166,181,2713.19
2024-08-22,JP,P004,0,0,0.0
2024-08-22,JP,P005,176,190,1518.1
2024-08-22,JP,P006,90,95,2374.05
2024-08-22,JP,P007,119,135,1348.65
2024-08-22,JP,P009,0,0,0.0
2024-08-22,JP,P010,80,86,429.14
2024-08-22,JP,P011,40,41,819.59
2024-08-22,JP,P012,24,26,2079.74
2024-08-22,GLOBAL_WEST,P001,464,523,517.77
2024-08-22,GLOBAL_WEST,P002,226,247,1232.53
2024-08-22,GLOBAL_WEST,P003,222,247,3702.53
2024-08-22,GLOBAL_WEST,P004,0,0,0.0
2024-08-22,GLOBAL_WEST,P005,243,259,2069.41
2024-08-22,GLOBAL_WEST,P006,78,80,1999.2
2024-08-22,GLOBAL_WEST,P007,154,164,1638.36
2024-08-22,GLOBAL_WEST,P009,0,0,0.0
2024-08-22,GLOBAL_WEST,P010,180,197,983.03
2024-08-22,GLOBAL_WEST,P011,63,68,1359.32
2024-08-22,GLOBAL_WEST,P012,56,60,4799.4
2024-08-23,KR,P001,294,324,320.76
2024-08-23,KR,P002,136,144,718.56
2024-08-23,KR,P003,154,164,2458.36
2024-08-23,KR,P004,0,0,0.0
2024-08-23,KR,P005,143,159,1270.41
2024-08-23,KR,P006,70,70,1749.3
2024-08-23,KR,P007,110,121,1208.79
2024-08-23,KR,P009,0,0,0.0
2024-08-23,KR,P010,85,92,459.08
2024-08-23,KR,P011,60,64,1279.36
2024-08-23,KR,P012,7,7,559.93
2024-08-23,JP,P001,274,293,290.07
2024-08-23,JP,P002,136,149,743.51
2024-08-23,JP,P003,128,136,2038.64
2024-08-23,JP,P004,0,0,0.0
2024-08-23,JP,P005,153,171,1366.29
2024-08-23,JP,P006,58,63,1574.37
2024-08-23,JP,P007,108,109,1088.91
2024-08-23,JP,P009,0,0,0.0
2024-08-23,JP,P010,115,122,608.78
2024-08-23,JP,P011,45,49,979.51
2024-08-23,JP,P012,27,28,2239.72
2024-08-23,GLOBAL_WEST,P001,404,436,431.64
2024-08-23,GLOBAL_WEST,P002,242,257,1282.43
2024-08-23,GLOBAL_WEST,P003,178,185,2773.15
2024-08-23,GLOBAL_WEST,P004,0,0,0.0
2024-08-23,GLOBAL_WEST,P005,250,284,2269.16
2024-08-23,GLOBAL_WEST,P006,109,115,2873.85
2024-08-23,GLOBAL_WEST,P007,164,181,1808.19
2024-08-23,GLOBAL_WEST,P009,0,0,0.0
2024-08-23,GLOBAL_WEST,P010,153,168,838.32
2024-08-23,GLOBAL_WEST,P011,108,114,2278.86
2024-08-23,GLOBAL_WEST,P012,18,19,1519.81
2024-08-24,KR,P001,271,281,278.19
2024-08-24,KR,P002,132,147,733.53
2024-08-24,KR,P003,131,150,2248.5
2024-08-24,KR,P004,0,0,0.0
2024-08-24,KR,P005,132,152,1214.48
2024-08-24,KR,P006,83,93,2324.07
2024-08-24,KR,P007,78,82,819.18
2024-08-24,KR,P009,0,0,0.0
2024-08-24,KR,P010,91,104,518.96
2024-08-24,KR,P011,46,49,979.51
2024-08-24,KR,P012,19,20,1599.8
2024-08-24,JP,P001,279,283,280.17
2024-08-24,JP,P002,136,145,723.55
2024-08-24,JP,P003,143,152,2278.48
2024-08-24,JP,P004,0,0,0.0
2024-08-24,JP,P005,160,167,1334.33
2024-08-24,JP,P006,88,97,2424.03
2024-08-24,JP,P007,121,126,1258.74
2024-08-24,JP,P009,0,0,0.0
2024-08-24,JP,P010,91,96,479.04
2024-08-24,JP,P011,66,70,1399.3
2024-08-24,JP,P012,0,0,0.0
2024-08-24,GLOBAL_WEST,P001,350,365,361.35
2024-08-24,GLOBAL_WEST,P002,206,212,1057.88
2024-08-24,GLOBAL_WEST,P003,171,187,2803.13
2024-08-24,GLOBAL_WEST,P004,0,0,0.0
2024-08-24,GLOBAL_WEST,P005,206,227,1813.73
2024-08-24,GLOBAL_WEST,P006,98,107,2673.93
2024-08-24,GLOBAL_WEST,P007,162,173,1728.27
2024-08-24,GLOBAL_WEST,P009,0,0,0.0
2024-08-24,GLOBAL_WEST,P010,136,153,763.47
2024-08-24,GLOBAL_WEST,P011,76,79,1579.21
2024-08-24,GLOBAL_WEST,P012,46,48,3839.52
2024-08-25,KR,P001,308,340,336.6
2024-08-25,KR,P002,150,169,843.31
2024-08-25,KR,P003,163,177,2653.23
2024-08-25,KR,P004,0,0,0.0
2024-08-25,KR,P005,149,160,1278.4
2024-08-25,KR,P006,88,92,2299.08
2024-08-25,KR,P007,92,102,1018.98
2024-08-25,KR,P009,0,0,0.0
2024-08-25,KR,P010,77,83,414.17
2024-08-25,KR,P011,98,102,2038.98
2024-08-25,KR,P012,29,31,2479.69
2024-08-25,JP,P001,287,304,300.96
2024-08-25,JP,P002,132,143,713.57
2024-08-25,JP,P003,125,137,2053.63
2024-08-25,JP,P004,0,0,0.0
2024-08-25,JP,P005,174,189,1510.11
2024-08-25,JP,P006,54,58,1449.42
2024-08-25,JP,P007,108,120,1198.8
2024-08-25,JP,P009,0,0,0.0
2024-08-25,JP,P010,79,83,414.17
2024-08-25,JP,P011,57,64,1279.36
2024-08-25,JP,P012,8,9,719.91
2024-08-25,GLOBAL_WEST,P001,450,478,473.22
2024-08-25,GLOBAL_WEST,P002,172,184,918.16
2024-08-25,GLOBAL_WEST,P003,198,224,3357.76
2024-08-25,GLOBAL_WEST,P004,0,0,0.0
2024-08-25,GLOBAL_WEST,P005,230,242,1933.58
2024-08-25,GLOBAL_WEST,P006,132,147,3673.53
2024-08-25,GLOBAL_WEST,P007,179,189,1888.11
2024-08-25,GLOBAL_WEST,P009,0,0,0.0
2024-08-25,GLOBAL_WEST,P010,105,111,553.89
2024-08-25,GLOBAL_WEST,P011,77,84,1679.16
2024-08-25,GLOBAL_WEST,P012,30,33,2639.67
2024-08-26,KR,P001,279,284,281.16
2024-08-26,KR,P002,146,161,803.39
2024-08-26,KR,P003,151,166,2488.34
2024-08-26,KR,P004,0,0,0.0
2024-08-26,KR,P005,153,164,1310.36
2024-08-26,KR,P006,93,102,2548.98
2024-08-26,KR,P007,90,93,929.07
2024-08-26,KR,P009,0,0,0.0
2024-08-26,KR,P010,65,68,339.32
2024-08-26,KR,P011,45,46,919.54
2024-08-26,KR,P012,40,41,3279.59
2024-08-26,JP,P001,283,301,297.99
2024-08-26,JP,P002,138,146,728.54
2024-08-26,JP,P003,146,155,2323.45
2024-08-26,JP,P004,0,0,0.0
2024-08-26,JP,P005,160,179,1430.21
2024-08-26,JP,P006,97,103,2573.97
2024-08-26,JP,P007,92,102,1018.98
2024-08-26,JP,P009,0,0,0.0
2024-08-26,JP,P010,95,106,528.94
2024-08-26,JP,P011,58,62,1239.38
2024-08-26,JP,P012,36,38,3039.62
2024-08-26,GLOBAL_WEST,P001,410,447,442.53
2024-08-26,GLOBAL_WEST,P002,186,202,1007.98
2024-08-26,GLOBAL_WEST,P003,200,218,3267.82
2024-08-26,GLOBAL_WEST,P004,0,0,0.0
2024-08-26,GLOBAL_WEST,P005,262,280,2237.2
2024-08-26,GLOBAL_WEST,P006,121,132,3298.68
2024-08-26,GLOBAL_WEST,P007,153,164,1638.36
2024-08-26,GLOBAL_WEST,P009,0,0,0.0
2024-08-26,GLOBAL_WEST,P010,163,167,833.33
2024-08-26,GLOBAL_WEST,P011,61,64,1279.36
2024-08-26,GLOBAL_WEST,P012,27,27,2159.73
2024-08-27,KR,P001,294,322,318.78
2024-08-27,KR,P002,163,181,903.19
2024-08-27,KR,P003,126,137,2053.63
2024-08-27,KR,P004,0,0,0.0
2024-08-27,KR,P005,155,165,1318.35
2024-08-27,KR,P006,101,104,2598.96
2024-08-27,KR,P007,107,117,1168.83
2024-08-27,KR,P009,0,0,0.0
2024-08-27,KR,P010,96,106,528.94
2024-08-27,KR,P011,52,55,1099.45
2024-08-27,KR,P012,14,14,1119.86
2024-08-27,JP,P001,285,297,294.03
2024-08-27,JP,P002,145,159,793.41
2024-08-27,JP,P003,165,172,2578.28
2024-08-27,JP,P004,0,0,0.0
2024-08-27,JP,P005,157,166,1326.34
2024-08-27,JP,P006,105,116,2898.84
2024-08-27,JP,P007,102,108,1078.92
2024-08-27,JP,P009,0,0,0.0
2024-08-27,JP,P010,73,80,399.2
2024-08-27,JP,P011,35,38,759.62
2024-08-27,JP,P012,16,17,1359.83
2024-08-27,GLOBAL_WEST,P001,439,480,475.2
2024-08-27,GLOBAL_WEST,P002,156,170,848.3
2024-08-27,GLOBAL_WEST,P003,209,225,3372.75
2024-08-27,GLOBAL_WEST,P004,0,0,0.0
2024-08-27,GLOBAL_WEST,P005,246,254,2029.46
2024-08-27,GLOBAL_WEST,P006,91,95,2374.05
2024-08-27,GLOBAL_WEST,P007,139,155,1548.45
2024-08-27,GLOBAL_WEST,P009,0,0,0.0
2024-08-27,GLOBAL_WEST,P010,111,115,573.85
2024-08-27,GLOBAL_WEST,P011,99,103,2058.97
2024-08-27,GLOBAL_WEST,P012,11,11,879.89
2024-08-28,KR,P001,265,277,274.23
2024-08-28,KR,P002,132,141,703.59
2024-08-28,KR,P003,144,154,2308.46
2024-08-28,KR,P004,0,0,0.0
2024-08-28,KR,P005,139,153,1222.47
2024-08-28,KR,P006,72,78,1949.22
2024-08-28,KR,P007,115,118,1178.82
2024-08-28,KR,P009,0,0,0.0
2024-08-28,KR,P010,90,96,479.04
2024-08-28,KR,P011,58,62,1239.38
2024-08-28,KR,P012,16,17,1359.83
2024-08-28,JP,P001,271,294,291.06
2024-08-28,JP,P002,145,161,803.39
2024-08-28,JP,P003,148,158,2368.42
2024-08-28,JP,P004,0,0,0.0
2024-08-28,JP,P005,168,178,1422.22
2024-08-28,JP,P006,92,100,2499.0
2024-08-28,JP,P007,94,101,1008.99
2024-08-28,JP,P009,0,0,0.0
2024-08-28,JP,P010,84,96,479.04
2024-08-28,JP,P011,55,59,1179.41
2024-08-28,JP,P012,24,26,2079.74
2024-08-28,GLOBAL_WEST,P001,417,441,436.59
2024-08-28,GLOBAL_WEST,P002,209,231,1152.69
2024-08-28,GLOBAL_WEST,P003,216,229,3432.71
2024-08-28,GLOBAL_WEST,P004,0,0,0.0
2024-08-28,GLOBAL_WEST,P005,239,251,2005.49
2024-08-28,GLOBAL_WEST,P006,85,95,2374.05
2024-08-28,GLOBAL_WEST,P007,159,166,1658.34
2024-08-28,GLOBAL_WEST,P009,0,0,0.0
2024-08-28,GLOBAL_WEST,P010,128,134,668.66
2024-08-28,GLOBAL_WEST,P011,35,38,759.62
2024-08-28,GLOBAL_WEST,P012,24,26,2079.74
2024-08-29,KR,P001,284,300,297.0
2024-08-29,KR,P002,156,173,863.27
2024-08-29,KR,P003,147,159,2383.41
2024-08-29,KR,P004,0,0,0.0
2024-08-29,KR,P005,181,183,1462.17
2024-08-29,KR,P006,88,94,2349.06
2024-08-29,KR,P007,132,144,1438.56
2024-08-29,KR,P009,0,0,0.0
2024-08-29,KR,P010,99,107,533.93
2024-08-29,KR,P011,51,57,1139.43
2024-08-29,KR,P012,26,27,2159.73
2024-08-29,JP,P001,289,309,305.91
2024-08-29,JP,P002,129,142,708.58
2024-08-29,JP,P003,147,155,2323.45
2024-08-29,JP,P004,0,0,0.0
2024-08-29,JP,P005,155,179,1430.21
2024-08-29,JP,P006,73,78,1949.22
2024-08-29,JP,P007,106,115,1148.85
2024-08-29,JP,P009,0,0,0.0
2024-08-29,JP,P010,111,119,593.81
2024-08-29,JP,P011,61,66,1319.34
2024-08-29,JP,P012,46,49,3919.51
2024-08-29,GLOBAL_WEST,P001,411,434,429.66
2024-08-29,GLOBAL_WEST,P002,189,204,1017.96
2024-08-29,GLOBAL_WEST,P003,187,197,2953.03
2024-08-29,GLOBAL_WEST,P004,0,0,0.0
2024-08-29,GLOBAL_WEST,P005,231,261,2085.39
2024-08-29,GLOBAL_WEST,P006,105,113,2823.87
2024-08-29,GLOBAL_WEST,P007,181,195,1948.05
2024-08-29,GLOBAL_WEST,P009,0,0,0.0
2024-08-29,GLOBAL_WEST,P010,100,107,533.93
2024-08-29,GLOBAL_WEST,P011,78,85,1699.15
2024-08-29,GLOBAL_WEST,P012,14,15,1199.85
2024-08-30,KR,P001,274,300,297.0
2024-08-30,KR,P002,136,144,718.56
2024-08-30,KR,P003,144,154,2308.46
2024-08-30,KR,P004,0,0,0.0
2024-08-30,KR,P005,171,181,1446.19
2024-08-30,KR,P006,88,90,2249.1
2024-08-30,KR,P007,109,118,1178.82
2024-08-30,KR,P009,0,0,0.0
2024-08-30,KR,P010,96,101,503.99
2024-08-30,KR,P011,52,57,1139.43
2024-08-30,KR,P012,12,14,1119.86
2024-08-30,JP,P001,280,305,301.95
2024-08-30,JP,P002,138,156,778.44
2024-08-30,JP,P003,164,183,2743.17
2024-08-30,JP,P004,0,0,0.0
2024-08-30,JP,P005,139,153,1222.47
2024-08-30,JP,P006,90,97,2424.03
2024-08-30,JP,P007,91,98,979.02
2024-08-30,JP,P009,0,0,0.0
2024-08-30,JP,P010,81,88,439.12
2024-08-30,JP,P011,61,66,1319.34
2024-08-30,JP,P012,5,5,399.95
2024-08-30,GLOBAL_WEST,P001,410,431,426.69
2024-08-30,GLOBAL_WEST,P002,207,233,1162.67
2024-08-30,GLOBAL_WEST,P003,216,235,3522.65
2024-08-30,GLOBAL_WEST,P004,0,0,0.0
2024-08-30,GLOBAL_WEST,P005,199,214,1709.86
2024-08-30,GLOBAL_WEST,P006,111,122,3048.78
2024-08-30,GLOBAL_WEST,P007,126,141,1408.59
2024-08-30,GLOBAL_WEST,P009,0,0,0.0
2024-08-30,GLOBAL_WEST,P010,117,127,633.73
2024-08-30,GLOBAL_WEST,P011,101,108,2158.92
2024-08-30,GLOBAL_WEST,P012,18,19,1519.81
2024-08-31,KR,P001,243,254,251.46
2024-08-31,KR,P002,158,164,818.36
2024-08-31,KR,P003,129,146,2188.54
2024-08-31,KR,P004,0,0,0.0
2024-08-31,KR,P005,179,182,1454.18
2024-08-31,KR,P006,84,85,2124.15
2024-08-31,KR,P007,103,111,1108.89
2024-08-31,KR,P009,0,0,0.0
2024-08-31,KR,P010,78,84,419.16
2024-08-31,KR,P011,49,55,1099.45
2024-08-31,KR,P012,33,36,2879.64
2024-08-31,JP,P001,289,312,308.88
2024-08-31,JP,P002,140,148,738.52
2024-08-31,JP,P003,167,173,2593.27
2024-08-31,JP,P004,0,0,0.0
2024-08-31,JP,P005,159,174,1390.26
2024-08-31,JP,P006,87,90,2249.1
2024-08-31,JP,P007,97,110,1098.9
2024-08-31,JP,P009,0,0,0.0
2024-08-31,JP,P010,83,90,449.1
2024-08-31,JP,P011,65,70,1399.3
2024-08-31,JP,P012,28,28,2239.72
2024-08-31,GLOBAL_WEST,P001,387,432,427.68
2024-08-31,GLOBAL_WEST,P002,243,262,1307.38
2024-08-31,GLOBAL_WEST,P003,217,233,3492.67
2024-08-31,GLOBAL_WEST,P004,0,0,0.0
2024-08-31,GLOBAL_WEST,P005,242,262,2093.38
2024-08-31,GLOBAL_WEST,P006,109,124,3098.76
2024-08-31,GLOBAL_WEST,P007,158,173,1728.27
2024-08-31,GLOBAL_WEST,P009,0,0,0.0
2024-08-31,GLOBAL_WEST,P010,106,113,563.87
2024-08-31,GLOBAL_WEST,P011,31,31,619.69
2024-08-31,GLOBAL_WEST,P012,42,45,3599.55
2024-09-01,KR,P001,290,310,306.9
2024-09-01,KR,P002,142,144,718.56
2024-09-01,KR,P003,160,180,2698.2
2024-09-01,KR,P004,0,0,0.0
2024-09-01,KR,P005,148,161,1286.39
2024-09-01,KR,P006,71,73,1824.27
2024-09-01,KR,P007,110,123,1228.77
2024-09-01,KR,P009,0,0,0.0
2024-09-01,KR,P010,86,90,449.1
2024-09-01,KR,P011,37,38,759.62
2024-09-01,KR,P012,38,39,3119.61
2024-09-01,JP,P001,257,281,278.19
2024-09-01,JP,P002,164,173,863.27
2024-09-01,JP,P003,139,145,2173.55
2024-09-01,JP,P004,0,0,0.0
2024-09-01,JP,P005,154,164,1310.36
2024-09-01,JP,P006,78,83,2074.17
2024-09-01,JP,P007,116,126,1258.74
2024-09-01,JP,P009,0,0,0.0
2024-09-01,JP,P010,80,86,429.14
2024-09-01,JP,P011,62,67,1339.33
2024-09-01,JP,P012,9,9,719.91
2024-09-01,GLOBAL_WEST,P001,387,416,411.84
2024-09-01,GLOBAL_WEST,P002,175,182,908.18
2024-09-01,GLOBAL_WEST,P003,186,193,2893.07
2024-09-01,GLOBAL_WEST,P004,0,0,0.0
2024-09-01,GLOBAL_WEST,P005,234,255,2037.45
2024-09-01,GLOBAL_WEST,P006,122,136,3398.64
2024-09-01,GLOBAL_WEST,P007,151,164,1638.36
2024-09-01,GLOBAL_WEST,P009,0,0,0.0
2024-09-01,GLOBAL_WEST,P010,78,86,429.14
2024-09-01,GLOBAL_WEST,P011,76,83,1659.17
2024-09-01,GLOBAL_WEST,P012,36,38,3039.62
2024-09-02,KR,P001,273,298,295.02
2024-09-02,KR,P002,147,161,803.39
2024-09-02,KR,P003,123,141,2113.59
2024-09-02,KR,P004,0,0,0.0
2024-09-02,KR,P005,157,159,1270.41
2024-09-02,KR,P006,84,91,2274.09
2024-09-02,KR,P007,83,91,909.09
2024-09-02,KR,P009,0,0,0.0
2024-09-02,KR,P010,85,91,454.09
2024-09-02,KR,P011,49,54,1079.46
2024-09-02,KR,P012,0,0,0.0
2024-09-02,JP,P001,297,316,312.84
2024-09-02,JP,P002,122,132,658.68
2024-09-02,JP,P003,155,168,2518.32
2024-09-02,JP,P004,0,0,0.0
2024-09-02,JP,P005,148,159,1270.41
2024-09-02,JP,P006,82,86,2149.14
2024-09-02,JP,P007,113,113,1128.87
2024-09-02,JP,P009,0,0,0.0
2024-09-02,JP,P010,71,76,379.24
2024-09-02,JP,P011,64,68,1359.32
2024-09-02,JP,P012,20,21,1679.79
2024-09-02,GLOBAL_WEST,P001,377,406,401.94
2024-09-02,GLOBAL_WEST,P002,195,200,998.0
2024-09-02,GLOBAL_WEST,P003,151,159,2383.41
2024-09-02,GLOBAL_WEST,P004,0,0,0.0
2024-09-02,GLOBAL_WEST,P005,208,217,1733.83
2024-09-02,GLOBAL_WEST,P006,131,148,3698.52
2024-09-02,GLOBAL_WEST,P007,161,179,1788.21
2024-09-02,GLOBAL_WEST,P009,0,0,0.0
2024-09-02,GLOBAL_WEST,P010,104,111,553.89
2024-09-02,GLOBAL_WEST,P011,40,43,859.57
2024-09-02,GLOBAL_WEST,P012,39,40,3199.6
2024-09-03,KR,P001,267,288,285.12
2024-09-03,KR,P002,133,143,713.57
2024-09-03,KR,P003,142,152,2278.48
2024-09-03,KR,P004,0,0,0.0
2024-09-03,KR,P005,151,162,1294.38
2024-09-03,KR,P006,120,139,3473.61
2024-09-03,KR,P007,120,131,1308.69
2024-09-03,KR,P009,0,0,0.0
2024-09-03,KR,P010,70,78,389.22
2024-09-03,KR,P011,44,47,939.53
2024-09-03,KR,P012,0,0,0.0
2024-09-03,JP,P001,298,329,325.71
2024-09-03,JP,P002,149,157,783.43
2024-09-03,JP,P003,129,138,2068.62
2024-09-03,JP,P004,0,0,0.0
2024-09-03,JP,P005,144,156,1246.44
2024-09-03,JP,P006,75,84,2099.16
2024-09-03,JP,P007,116,128,1278.72
2024-09-03,JP,P009,0,0,0.0
2024-09-03,JP,P010,80,88,439.12
2024-09-03,JP,P011,61,65,1299.35
2024-09-03,JP,P012,0,0,0.0
2024-09-03,GLOBAL_WEST,P001,429,465,460.35
2024-09-03,GLOBAL_WEST,P002,183,196,978.04
2024-09-03,GLOBAL_WEST,P003,196,219,3282.81
2024-09-03,GLOBAL_WEST,P004,0,0,0.0
2024-09-03,GLOBAL_WEST,P005,241,266,2125.34
2024-09-03,GLOBAL_WEST,P006,141,153,3823.47
2024-09-03,GLOBAL_WEST,P007,170,181,1808.19
2024-09-03,GLOBAL_WEST,P009,0,0,0.0
2024-09-03,GLOBAL_WEST,P010,137,150,748.5
2024-09-03,GLOBAL_WEST,P011,101,108,2158.92
2024-09-03,GLOBAL_WEST,P012,0,0,0.0
2024-09-04,KR,P001,503,555,549.45
2024-09-04,KR,P002,254,280,1397.2
2024-09-04,KR,P003,237,251,3762.49
2024-09-04,KR,P004,136,148,2958.52
2024-09-04,KR,P005,269,282,2253.18
2024-09-04,KR,P006,180,192,4798.08
2024-09-04,KR,P007,206,217,2167.83
2024-09-04,KR,P009,232,245,7347.55
2024-09-04,KR,P010,158,168,838.32
2024-09-04,KR,P011,97,104,2078.96
2024-09-04,KR,P012,43,46,3679.54
2024-09-04,JP,P001,426,462,457.38
2024-09-04,JP,P002,244,273,1362.27
2024-09-04,JP,P003,203,224,3357.76
2024-09-04,JP,P004,159,174,3478.26
2024-09-04,JP,P005,242,267,2133.33
2024-09-04,JP,P006,156,169,4223.31
2024-09-04,JP,P007,206,227,2267.73
2024-09-04,JP,P009,228,246,7377.54
2024-09-04,JP,P010,133,144,718.56
2024-09-04,JP,P011,105,114,2278.86
2024-09-04,JP,P012,18,21,1679.79
2024-09-04,GLOBAL_WEST,P001,676,704,696.96
2024-09-04,GLOBAL_WEST,P002,328,351,1751.49
2024-09-04,GLOBAL_WEST,P003,417,431,6460.69
2024-09-04,GLOBAL_WEST,P004,243,268,5357.32
2024-09-04,GLOBAL_WEST,P005,391,403,3219.97
2024-09-04,GLOBAL_WEST,P006,288,311,7771.89
2024-09-04,GLOBAL_WEST,P007,313,352,3516.48
2024-09-04,GLOBAL_WEST,P009,442,503,15084.97
2024-09-04,GLOBAL_WEST,P010,219,236,1177.64
2024-09-04,GLOBAL_WEST,P011,116,134,2678.66
2024-09-04,GLOBAL_WEST,P012,55,57,4559.43
2024-09-05,KR,P001,480,556,550.44
2024-09-05,KR,P002,226,239,1192.61
2024-09-05,KR,P003,254,285,4272.15
2024-09-05,KR,P004,203,226,4517.74
2024-09-05,KR,P005,278,289,2309.11
2024-09-05,KR,P006,202,228,5697.72
2024-09-05,KR,P007,213,230,2297.7
2024-09-05,KR,P009,250,271,8127.29
2024-09-05,KR,P010,103,111,553.89
2024-09-05,KR,P011,76,79,1579.21
2024-09-05,KR,P012,39,40,3199.6
2024-09-05,JP,P001,459,495,490.05
2024-09-05,JP,P002,243,261,1302.39
2024-09-05,JP,P003,228,248,3717.52
2024-09-05,JP,P004,158,178,3558.22
2024-09-05,JP,P005,274,283,2261.17
2024-09-05,JP,P006,166,183,4573.17
2024-09-05,JP,P007,217,243,2427.57
2024-09-05,JP,P009,247,262,7857.38
2024-09-05,JP,P010,112,118,588.82
2024-09-05,JP,P011,110,120,2398.8
2024-09-05,JP,P012,16,16,1279.84
2024-09-05,GLOBAL_WEST,P001,759,852,843.48
2024-09-05,GLOBAL_WEST,P002,430,468,2335.32
2024-09-05,GLOBAL_WEST,P003,364,380,5696.2
2024-09-05,GLOBAL_WEST,P004,246,263,5257.37
2024-09-05,GLOBAL_WEST,P005,506,551,4402.49
2024-09-05,GLOBAL_WEST,P006,303,338,8446.62
2024-09-05,GLOBAL_WEST,P007,448,470,4695.3
2024-09-05,GLOBAL_WEST,P009,432,472,14155.28
2024-09-05,GLOBAL_WEST,P010,249,275,1372.25
2024-09-05,GLOBAL_WEST,P011,142,159,3178.41
2024-09-05,GLOBAL_WEST,P012,94,98,7839.02
2024-09-06,KR,P001,521,567,561.33
2024-09-06,KR,P002,291,309,1541.91
2024-09-06,KR,P003,261,283,4242.17
2024-09-06,KR,P004,146,155,3098.45
2024-09-06,KR,P005,272,298,2381.02
2024-09-06,KR,P006,192,211,5272.89
2024-09-06,KR,P007,214,227,2267.73
2024-09-06,KR,P009,247,260,7797.4
2024-09-06,KR,P010,171,188,938.12
2024-09-06,KR,P011,93,93,1859.07
2024-09-06,KR,P012,24,27,2159.73
2024-09-06,JP,P001,445,486,481.14
2024-09-06,JP,P002,216,226,1127.74
2024-09-06,JP,P003,241,249,3732.51
2024-09-06,JP,P004,163,170,3398.3
2024-09-06,JP,P005,251,278,2221.22
2024-09-06,JP,P006,161,166,4148.34
2024-09-06,JP,P007,156,170,1698.3
2024-09-06,JP,P009,264,295,8847.05
2024-09-06,JP,P010,103,111,553.89
2024-09-06,JP,P011,82,84,1679.16
2024-09-06,JP,P012,0,0,0.0
2024-09-06,GLOBAL_WEST,P001,706,759,751.41
2024-09-06,GLOBAL_WEST,P002,413,451,2250.49
2024-09-06,GLOBAL_WEST,P003,382,409,6130.91
2024-09-06,GLOBAL_WEST,P004,293,322,6436.78
2024-09-06,GLOBAL_WEST,P005,449,484,3867.16
2024-09-06,GLOBAL_WEST,P006,300,322,8046.78
2024-09-06,GLOBAL_WEST,P007,307,332,3316.68
2024-09-06,GLOBAL_WEST,P009,369,402,12055.98
2024-09-06,GLOBAL_WEST,P010,180,189,943.11
2024-09-06,GLOBAL_WEST,P011,146,156,3118.44
2024-09-06,GLOBAL_WEST,P012,101,108,8638.92
2024-09-07,KR,P001,540,607,600.93
2024-09-07,KR,P002,241,248,1237.52
2024-09-07,KR,P003,241,266,3987.34
2024-09-07,KR,P004,160,173,3458.27
2024-09-07,KR,P005,294,307,2452.93
2024-09-07,KR,P006,196,202,5047.98
2024-09-07,KR,P007,262,270,2697.3
2024-09-07,KR,P009,232,242,7257.58
2024-09-07,KR,P010,148,158,788.42
2024-09-07,KR,P011,113,120,2398.8
2024-09-07,KR,P012,41,43,3439.57
2024-09-07,JP,P001,455,469,464.31
2024-09-07,JP,P002,252,276,1377.24
2024-09-07,JP,P003,239,267,4002.33
2024-09-07,JP,P004,176,189,3778.11
2024-09-07,JP,P005,274,286,2285.14
2024-09-07,JP,P006,165,177,4423.23
2024-09-07,JP,P007,230,249,2487.51
2024-09-07,JP,P009,227,239,7167.61
2024-09-07,JP,P010,125,131,653.69
2024-09-07,JP,P011,73,81,1619.19
2024-09-07,JP,P012,17,19,1519.81
2024-09-07,GLOBAL_WEST,P001,851,915,905.85
2024-09-07,GLOBAL_WEST,P002,392,403,2010.97
2024-09-07,GLOBAL_WEST,P003,363,387,5801.13
2024-09-07,GLOBAL_WEST,P004,259,275,5497.25
2024-09-07,GLOBAL_WEST,P005,462,491,3923.09
2024-09-07,GLOBAL_WEST,P006,255,281,7022.19
2024-09-07,GLOBAL_WEST,P007,375,408,4075.92
2024-09-07,GLOBAL_WEST,P009,379,401,12025.99
2024-09-07,GLOBAL_WEST,P010,243,257,1282.43
2024-09-07,GLOBAL_WEST,P011,70,75,1499.25
2024-09-07,GLOBAL_WEST,P012,101,110,8798.9
2024-09-08,KR,P001,546,558,552.42
2024-09-08,KR,P002,227,241,1202.59
2024-09-08,KR,P003,264,284,4257.16
2024-09-08,KR,P004,195,210,4197.9
2024-09-08,KR,P005,296,323,2580.77
2024-09-08,KR,P006,213,235,5872.65
2024-09-08,KR,P007,238,256,2557.44
2024-09-08,KR,P009,301,318,9536.82
2024-09-08,KR,P010,147,164,818.36
2024-09-08,KR,P011,111,119,2378.81
2024-09-08,KR,P012,43,45,3599.55
2024-09-08,JP,P001,505,565,559.35
2024-09-08,JP,P002,224,245,1222.55
2024-09-08,JP,P003,231,247,3702.53
2024-09-08,JP,P004,158,166,3318.34
2024-09-08,JP,P005,294,330,2636.7
2024-09-08,JP,P006,172,180,4498.2
2024-09-08,JP,P007,244,267,2667.33
2024-09-08,JP,P009,268,290,8697.1
2024-09-08,JP,P010,152,154,768.46
2024-09-08,JP,P011,100,106,2118.94
2024-09-08,JP,P012,36,38,3039.62
2024-09-08,GLOBAL_WEST,P001,800,871,862.29
2024-09-08,GLOBAL_WEST,P002,374,400,1996.0
2024-09-08,GLOBAL_WEST,P003,362,383,5741.17
2024-09-08,GLOBAL_WEST,P004,273,292,5837.08
2024-09-08,GLOBAL_WEST,P005,442,497,3971.03
2024-09-08,GLOBAL_WEST,P006,275,289,7222.11
2024-09-08,GLOBAL_WEST,P007,422,462,4615.38
2024-09-08,GLOBAL_WEST,P009,458,510,15294.9
2024-09-08,GLOBAL_WEST,P010,231,244,1217.56
2024-09-08,GLOBAL_WEST,P011,150,160,3198.4
2024-09-08,GLOBAL_WEST,P012,35,35,2799.65
2024-09-09,KR,P001,532,593,587.07
2024-09-09,KR,P002,265,288,1437.12
2024-09-09,KR,P003,286,313,4691.87
2024-09-09,KR,P004,243,277,5537.23
2024-09-09,KR,P005,346,358,2860.42
2024-09-09,KR,P006,187,211,5272.89
2024-09-09,KR,P007,253,268,2677.32
2024-09-09,KR,P009,294,306,9176.94
2024-09-09,KR,P010,161,176,878.24
2024-09-09,KR,P011,67,73,1459.27
2024-09-09,KR,P012,39,41,3279.59
2024-09-09,JP,P001,477,500,495.0
2024-09-09,JP,P002,240,258,1287.42
2024-09-09,JP,P003,225,233,3492.67
2024-09-09,JP,P004,167,177,3538.23
2024-09-09,JP,P005,271,295,2357.05
2024-09-09,JP,P006,194,208,5197.92
2024-09-09,JP,P007,240,260,2597.4
2024-09-09,JP,P009,255,283,8487.17
2024-09-09,JP,P010,139,152,758.48
2024-09-09,JP,P011,119,130,2598.7
2024-09-09,JP,P012,21,23,1839.77
2024-09-09,GLOBAL_WEST,P001,797,884,875.16
2024-09-09,GLOBAL_WEST,P002,463,491,2450.09
2024-09-09,GLOBAL_WEST,P003,403,455,6820.45
2024-09-09,GLOBAL_WEST,P004,306,322,6436.78
2024-09-09,GLOBAL_WEST,P005,522,563,4498.37
2024-09-09,GLOBAL_WEST,P006,321,358,8946.42
2024-09-09,GLOBAL_WEST,P007,448,467,4665.33
2024-09-09,GLOBAL_WEST,P009,470,491,14725.09
2024-09-09,GLOBAL_WEST,P010,273,299,1492.01
2024-09-09,GLOBAL_WEST,P011,128,142,2838.58
2024-09-09,GLOBAL_WEST,P012,109,123,9838.77
2024-09-10,KR,P001,570,623,616.77
2024-09-10,KR,P002,283,303,1511.97
2024-09-10,KR,P003,281,313,4691.87
2024-09-10,KR,P004,222,246,4917.54
2024-09-10,KR,P005,320,339,2708.61
2024-09-10,KR,P006,229,241,6022.59
2024-09-10,KR,P007,269,278,2777.22
2024-09-10,KR,P009,307,322,9656.78
2024-09-10,KR,P010,190,202,1007.98
2024-09-10,KR,P011,108,121,2418.79
2024-09-10,KR,P012,30,32,2559.68
2024-09-10,JP,P001,477,506,500.94
2024-09-10,JP,P002,229,248,1237.52
2024-09-10,JP,P003,231,253,3792.47
2024-09-10,JP,P004,171,184,3678.16
2024-09-10,JP,P005,281,298,2381.02
2024-09-10,JP,P006,174,198,4948.02
2024-09-10,JP,P007,238,263,2627.37
2024-09-10,JP,P009,250,272,8157.28
2024-09-10,JP,P010,117,124,618.76
2024-09-10,JP,P011,103,108,2158.92
2024-09-10,JP,P012,16,16,1279.84
2024-09-10,GLOBAL_WEST,P001,888,942,932.58
2024-09-10,GLOBAL_WEST,P002,515,555,2769.45
2024-09-10,GLOBAL_WEST,P003,442,448,6715.52
2024-09-10,GLOBAL_WEST,P004,248,273,5457.27
2024-09-10,GLOBAL_WEST,P005,488,513,4098.87
2024-09-10,GLOBAL_WEST,P006,345,379,9471.21
2024-09-10,GLOBAL_WEST,P007,408,439,4385.61
2024-09-10,GLOBAL_WEST,P009,416,444,13315.56
2024-09-10,GLOBAL_WEST,P010,279,298,1487.02
2024-09-10,GLOBAL_WEST,P011,205,219,4377.81
2024-09-10,GLOBAL_WEST,P012,42,46,3679.54
2024-09-11,KR,P001,571,595,589.05
2024-09-11,KR,P002,270,274,1367.26
2024-09-11,KR,P003,266,291,4362.09
2024-09-11,KR,P004,221,243,4857.57
2024-09-11,KR,P005,271,277,2213.23
2024-09-11,KR,P006,230,256,6397.44
2024-09-11,KR,P007,248,264,2637.36
2024-09-11,KR,P009,303,324,9716.76
2024-09-11,KR,P010,191,198,988.02
2024-09-11,KR,P011,71,77,1539.23
2024-09-11,KR,P012,65,71,5679.29
2024-09-11,JP,P001,512,541,535.59
2024-09-11,JP,P002,235,253,1262.47
2024-09-11,JP,P003,237,259,3882.41
2024-09-11,JP,P004,157,168,3358.32
2024-09-11,JP,P005,328,350,2796.5
2024-09-11,JP,P006,195,208,5197.92
2024-09-11,JP,P007,239,258,2577.42
2024-09-11,JP,P009,280,303,9086.97
2024-09-11,JP,P010,153,163,813.37
2024-09-11,JP,P011,73,84,1679.16
2024-09-11,JP,P012,44,50,3999.5
2024-09-11,GLOBAL_WEST,P001,986,1070,1059.3
2024-09-11,GLOBAL_WEST,P002,544,560,2794.4
2024-09-11,GLOBAL_WEST,P003,465,505,7569.95
2024-09-11,GLOBAL_WEST,P004,369,392,7836.08
2024-09-11,GLOBAL_WEST,P005,494,538,4298.62
2024-09-11,GLOBAL_WEST,P006,306,338,8446.62
2024-09-11,GLOBAL_WEST,P007,569,608,6073.92
2024-09-11,GLOBAL_WEST,P009,503,529,15864.71
2024-09-11,GLOBAL_WEST,P010,224,240,1197.6
2024-09-11,GLOBAL_WEST,P011,246,267,5337.33
2024-09-11,GLOBAL_WEST,P012,81,85,6799.15
2024-09-12,KR,P001,608,667,660.33
2024-09-12,KR,P002,278,304,1516.96
2024-09-12,KR,P003,277,299,4482.01
2024-09-12,KR,P004,231,247,4937.53
2024-09-12,KR,P005,342,375,2996.25
2024-09-12,KR,P006,189,205,5122.95
2024-09-12,KR,P007,244,260,2597.4
2024-09-12,KR,P009,340,349,10466.51
2024-09-12,KR,P010,141,156,778.44
2024-09-12,KR,P011,138,152,3038.48
2024-09-12,KR,P012,64,70,5599.3
2024-09-12,JP,P001,487,510,504.9
2024-09-12,JP,P002,263,289,1442.11
2024-09-12,JP,P003,283,301,4511.99
2024-09-12,JP,P004,167,185,3698.15
2024-09-12,JP,P005,255,285,2277.15
2024-09-12,JP,P006,194,195,4873.05
2024-09-12,JP,P007,248,270,2697.3
2024-09-12,JP,P009,246,281,8427.19
2024-09-12,JP,P010,171,180,898.2
2024-09-12,JP,P011,88,92,1839.08
2024-09-12,JP,P012,42,45,3599.55
2024-09-12,GLOBAL_WEST,P001,946,1061,1050.39
2024-09-12,GLOBAL_WEST,P002,478,490,2445.1
2024-09-12,GLOBAL_WEST,P003,558,618,9263.82
2024-09-12,GLOBAL_WEST,P004,393,410,8195.9
2024-09-12,GLOBAL_WEST,P005,494,502,4010.98
2024-09-12,GLOBAL_WEST,P006,386,428,10695.72
2024-09-12,GLOBAL_WEST,P007,480,510,5094.9
2024-09-12,GLOBAL_WEST,P009,550,614,18413.86
2024-09-12,GLOBAL_WEST,P010,251,274,1367.26
2024-09-12,GLOBAL_WEST,P011,207,220,4397.8
2024-09-12,GLOBAL_WEST,P012,0,0,0.0
2024-09-13,KR,P001,578,626,619.74
2024-09-13,KR,P002,278,304,1516.96
2024-09-13,KR,P003,297,315,4721.85
2024-09-13,KR,P004,232,244,4877.56
2024-09-13,KR,P005,329,337,2692.63
2024-09-13,KR,P006,219,236,5897.64
2024-09-13,KR,P007,294,321,3206.79
2024-09-13,KR,P009,313,327,9806.73
2024-09-13,KR,P010,196,202,1007.98
2024-09-13,KR,P011,78,83,1659.17
2024-09-13,KR,P012,41,44,3519.56
2024-09-13,JP,P001,437,470,465.3
2024-09-13,JP,P002,279,299,1492.01
2024-09-13,JP,P003,245,266,3987.34
2024-09-13,JP,P004,185,197,3938.03
2024-09-13,JP,P005,280,320,2556.8
2024-09-13,JP,P006,164,168,4198.32
2024-09-13,JP,P007,241,258,2577.42
2024-09-13,JP,P009,245,264,7917.36
2024-09-13,JP,P010,120,132,658.68
2024-09-13,JP,P011,137,145,2898.55
2024-09-13,JP,P012,38,40,3199.6
2024-09-13,GLOBAL_WEST,P001,1039,1168,1156.32
2024-09-13,GLOBAL_WEST,P002,529,558,2784.42
2024-09-13,GLOBAL_WEST,P003,514,573,8589.27
2024-09-13,GLOBAL_WEST,P004,388,410,8195.9
2024-09-13,GLOBAL_WEST,P005,673,769,6144.31
2024-09-13,GLOBAL_WEST,P006,388,407,10170.93
2024-09-13,GLOBAL_WEST,P007,495,537,5364.63
2024-09-13,GLOBAL_WEST,P009,555,594,17814.06
2024-09-13,GLOBAL_WEST,P010,300,331,1651.69
2024-09-13,GLOBAL_WEST,P011,145,158,3158.42
2024-09-13,GLOBAL_WEST,P012,95,99,7919.01
2024-09-14,KR,P001,577,601,594.99
2024-09-14,KR,P002,328,353,1761.47
2024-09-14,KR,P003,311,349,5231.51
2024-09-14,KR,P004,236,250,4997.5
2024-09-14,KR,P005,371,385,3076.15
2024-09-14,KR,P006,208,225,5622.75
2024-09-14,KR,P007,262,291,2907.09
2024-09-14,KR,P009,308,319,9566.81
2024-09-14,KR,P010,167,180,898.2
2024-09-14,KR,P011,88,95,1899.05
2024-09-14,KR,P012,49,55,4399.45
2024-09-14,JP,P001,490,509,503.91
2024-09-14,JP,P002,286,301,1501.99
2024-09-14,JP,P003,212,221,3312.79
2024-09-14,JP,P004,170,185,3698.15
2024-09-14,JP,P005,291,305,2436.95
2024-09-14,JP,P006,181,204,5097.96
2024-09-14,JP,P007,255,265,2647.35
2024-09-14,JP,P009,303,325,9746.75
2024-09-14,JP,P010,112,124,618.76
2024-09-14,JP,P011,97,103,2058.97
2024-09-14,JP,P012,67,74,5919.26
2024-09-14,GLOBAL_WEST,P001,1062,1138,1126.62
2024-09-14,GLOBAL_WEST,P002,566,579,2889.21
2024-09-14,GLOBAL_WEST,P003,553,605,9068.95
2024-09-14,GLOBAL_WEST,P004,349,381,7616.19
2024-09-14,GLOBAL_WEST,P005,584,628,5017.72
2024-09-14,GLOBAL_WEST,P006,418,440,10995.6
2024-09-14,GLOBAL_WEST,P007,477,507,5064.93
2024-09-14,GLOBAL_WEST,P009,450,492,14755.08
2024-09-14,GLOBAL_WEST,P010,297,324,1616.76
2024-09-14,GLOBAL_WEST,P011,143,144,2878.56
2024-09-14,GLOBAL_WEST,P012,0,0,0.0
2024-09-15,KR,P001,627,655,648.45
2024-09-15,KR,P002,294,315,1571.85
2024-09-15,KR,P003,269,297,4452.03
2024-09-15,KR,P004,214,242,4837.58
2024-09-15,KR,P005,358,386,3084.14
2024-09-15,KR,P006,214,231,5772.69
2024-09-15,KR,P007,319,331,3306.69
2024-09-15,KR,P009,308,336,10076.64
2024-09-15,KR,P010,163,174,868.26
2024-09-15,KR,P011,82,93,1859.07
2024-09-15,KR,P012,66,67,5359.33
2024-09-15,JP,P001,490,523,517.77
2024-09-15,JP,P002,212,225,1122.75
2024-09-15,JP,P003,234,254,3807.46
2024-09-15,JP,P004,214,223,4457.77
2024-09-15,JP,P005,325,350,2796.5
2024-09-15,JP,P006,199,213,5322.87
2024-09-15,JP,P007,230,257,2567.43
2024-09-15,JP,P009,273,289,8667.11
2024-09-15,JP,P010,153,162,808.38
2024-09-15,JP,P011,93,97,1939.03
2024-09-15,JP,P012,27,28,2239.72
2024-09-15,GLOBAL_WEST,P001,1082,1244,1231.56
2024-09-15,GLOBAL_WEST,P002,460,503,2509.97
2024-09-15,GLOBAL_WEST,P003,508,525,7869.75
2024-09-15,GLOBAL_WEST,P004,314,351,7016.49
2024-09-15,GLOBAL_WEST,P005,628,667,5329.33
2024-09-15,GLOBAL_WEST,P006,453,519,12969.81
2024-09-15,GLOBAL_WEST,P007,482,512,5114.88
2024-09-15,GLOBAL_WEST,P009,528,561,16824.39
2024-09-15,GLOBAL_WEST,P010,316,334,1666.66
2024-09-15,GLOBAL_WEST,P011,166,176,3518.24
2024-09-15,GLOBAL_WEST,P012,128,138,11038.62
2024-09-16,KR,P001,688,761,753.39
2024-09-16,KR,P002,387,403,2010.97
2024-09-16,KR,P003,325,353,5291.47
2024-09-16,KR,P004,287,321,6416.79
2024-09-16,KR,P005,422,439,3507.61
2024-09-16,KR,P006,197,213,5322.87
2024-09-16,KR,P007,372,406,4055.94
2024-09-16,KR,P009,349,374,11216.26
2024-09-16,KR,P010,202,212,1057.88
2024-09-16,KR,P011,157,168,3358.32
2024-09-16,KR,P012,24,25,1999.75
2024-09-16,JP,P001,540,584,578.16
2024-09-16,JP,P002,226,238,1187.62
2024-09-16,JP,P003,264,287,4302.13
2024-09-16,JP,P004,155,165,3298.35
2024-09-16,JP,P005,291,310,2476.9
2024-09-16,JP,P006,169,175,4373.25
2024-09-16,JP,P007,248,260,2597.4
2024-09-16,JP,P009,267,293,8787.07
2024-09-16,JP,P010,165,181,903.19
2024-09-16,JP,P011,89,95,1899.05
2024-09-16,JP,P012,69,77,6159.23
2024-09-16,GLOBAL_WEST,P001,1050,1124,1112.76
2024-09-16,GLOBAL_WEST,P002,541,581,2899.19
2024-09-16,GLOBAL_WEST,P003,504,548,8214.52
2024-09-16,GLOBAL_WEST,P004,388,422,8435.78
2024-09-16,GLOBAL_WEST,P005,602,657,5249.43
2024-09-16,GLOBAL_WEST,P006,451,489,12220.11
2024-09-16,GLOBAL_WEST,P007,506,539,5384.61
2024-09-16,GLOBAL_WEST,P009,536,598,17934.02
2024-09-16,GLOBAL_WEST,P010,389,420,2095.8
2024-09-16,GLOBAL_WEST,P011,161,179,3578.21
2024-09-16,GLOBAL_WEST,P012,156,168,13438.32
2024-09-17,KR,P001,631,678,671.22
2024-09-17,KR,P002,285,297,1482.03
2024-09-17,KR,P003,336,359,5381.41
2024-09-17,KR,P004,272,297,5937.03
2024-09-17,KR,P005,423,475,3795.25
2024-09-17,KR,P006,250,271,6772.29
2024-09-17,KR,P007,298,312,3116.88
2024-09-17,KR,P009,357,377,11306.23
2024-09-17,KR,P010,169,191,953.09
2024-09-17,KR,P011,94,99,1979.01
2024-09-17,KR,P012,3,3,239.97
2024-09-17,JP,P001,563,586,580.14
2024-09-17,JP,P002,262,304,1516.96
2024-09-17,JP,P003,257,278,4167.22
2024-09-17,JP,P004,200,226,4517.74
2024-09-17,JP,P005,325,344,2748.56
2024-09-17,JP,P006,201,223,5572.77
2024-09-17,JP,P007,275,304,3036.96
2024-09-17,JP,P009,311,327,9806.73
2024-09-17,JP,P010,141,161,803.39
2024-09-17,JP,P011,81,90,1799.1
2024-09-17,JP,P012,39,41,3279.59
2024-09-17,GLOBAL_WEST,P001,999,1097,1086.03
2024-09-17,GLOBAL_WEST,P002,534,563,2809.37
2024-09-17,GLOBAL_WEST,P003,508,526,7884.74
2024-09-17,GLOBAL_WEST,P004,482,504,10074.96
2024-09-17,GLOBAL_WEST,P005,624,681,5441.19
2024-09-17,GLOBAL_WEST,P006,469,492,12295.08
2024-09-17,GLOBAL_WEST,P007,575,658,6573.42
2024-09-17,GLOBAL_WEST,P009,551,583,17484.17
2024-09-17,GLOBAL_WEST,P010,291,314,1566.86
2024-09-17,GLOBAL_WEST,P011,253,260,5197.4
2024-09-17,GLOBAL_WEST,P012,60,66,5279.34
2024-09-18,KR,P001,613,643,636.57
2024-09-18,KR,P002,312,322,1606.78
2024-09-18,KR,P003,292,323,4841.77
2024-09-18,KR,P004,223,234,4677.66
2024-09-18,KR,P005,380,411,3283.89
2024-09-18,KR,P006,222,239,5972.61
2024-09-18,KR,P007,252,269,2687.31
2024-09-18,KR,P009,351,373,11186.27
2024-09-18,KR,P010,213,222,1107.78
2024-09-18,KR,P011,146,164,3278.36
2024-09-18,KR,P012,39,41,3279.59
2024-09-18,JP,P001,518,551,545.49
2024-09-18,JP,P002,268,292,1457.08
2024-09-18,JP,P003,240,269,4032.31
2024-09-18,JP,P004,189,200,3998.0
2024-09-18,JP,P005,350,382,3052.18
2024-09-18,JP,P006,197,213,5322.87
2024-09-18,JP,P007,232,264,2637.36
2024-09-18,JP,P009,299,328,9836.72
2024-09-18,JP,P010,122,131,653.69
2024-09-18,JP,P011,144,152,3038.48
2024-09-18,JP,P012,21,24,1919.76
2024-09-18,GLOBAL_WEST,P001,1117,1216,1203.84
2024-09-18,GLOBAL_WEST,P002,526,557,2779.43
2024-09-18,GLOBAL_WEST,P003,572,605,9068.95
2024-09-18,GLOBAL_WEST,P004,385,409,8175.91
2024-09-18,GLOBAL_WEST,P005,654,721,5760.79
2024-09-18,GLOBAL_WEST,P006,483,535,13369.65
2024-09-18,GLOBAL_WEST,P007,578,624,6233.76
2024-09-18,GLOBAL_WEST,P009,655,728,21832.72
2024-09-18,GLOBAL_WEST,P010,325,358,1786.42
2024-09-18,GLOBAL_WEST,P011,176,201,4017.99
2024-09-18,GLOBAL_WEST,P012,90,94,7519.06
2024-09-19,KR,P001,637,679,672.21
2024-09-19,KR,P002,335,372,1856.28
2024-09-19,KR,P003,320,354,5306.46
2024-09-19,KR,P004,255,282,5637.18
2024-09-19,KR,P005,394,420,3355.8
2024-09-19,KR,P006,242,254,6347.46
2024-09-19,KR,P007,286,304,3036.96
2024-09-19,KR,P009,368,394,11816.06
2024-09-19,KR,P010,177,189,943.11
2024-09-19,KR,P011,125,133,2658.67
2024-09-19,KR,P012,52,56,4479.44
2024-09-19,JP,P001,551,579,573.21
2024-09-19,JP,P002,250,278,1387.22
2024-09-19,JP,P003,295,314,4706.86
2024-09-19,JP,P004,230,252,5037.48
2024-09-19,JP,P005,310,336,2684.64
2024-09-19,JP,P006,221,240,5997.6
2024-09-19,JP,P007,268,284,2837.16
2024-09-19,JP,P009,297,322,9656.78
2024-09-19,JP,P010,170,189,943.11
2024-09-19,JP,P011,131,142,2838.58
2024-09-19,JP,P012,46,50,3999.5
2024-09-19,GLOBAL_WEST,P001,1190,1304,1290.96
2024-09-19,GLOBAL_WEST,P002,490,540,2694.6
2024-09-19,GLOBAL_WEST,P003,519,552,8274.48
2024-09-19,GLOBAL_WEST,P004,355,400,7996.0
2024-09-19,GLOBAL_WEST,P005,548,583,4658.17
2024-09-19,GLOBAL_WEST,P006,454,495,12370.05
2024-09-19,GLOBAL_WEST,P007,561,612,6113.88
2024-09-19,GLOBAL_WEST,P009,632,680,20393.2
2024-09-19,GLOBAL_WEST,P010,251,275,1372.25
2024-09-19,GLOBAL_WEST,P011,172,187,3738.13
2024-09-19,GLOBAL_WEST,P012,49,51,4079.49
2024-09-20,KR,P001,672,737,729.63
2024-09-20,KR,P002,352,352,1756.48
2024-09-20,KR,P003,335,358,5366.42
2024-09-20,KR,P004,248,280,5597.2
2024-09-20,KR,P005,450,505,4034.95
2024-09-20,KR,P006,256,277,6922.23
2024-09-20,KR,P007,278,295,2947.05
2024-09-20,KR,P009,425,457,13705.43
2024-09-20,KR,P010,204,212,1057.88
2024-09-20,KR,P011,146,157,3138.43
2024-09-20,KR,P012,82,85,6799.15
2024-09-20,JP,P001,526,562,556.38
2024-09-20,JP,P002,285,305,1521.95
2024-09-20,JP,P003,264,275,4122.25
2024-09-20,JP,P004,207,231,4617.69
2024-09-20,JP,P005,313,359,2868.41
2024-09-20,JP,P006,228,249,6222.51
2024-09-20,JP,P007,285,309,3086.91
2024-09-20,JP,P009,305,322,9656.78
2024-09-20,JP,P010,187,195,973.05
2024-09-20,JP,P011,132,147,2938.53
2024-09-20,JP,P012,34,37,2959.63
2024-09-20,GLOBAL_WEST,P001,1098,1152,1140.48
2024-09-20,GLOBAL_WEST,P002,558,573,2859.27
2024-09-20,GLOBAL_WEST,P003,643,691,10358.09
2024-09-20,GLOBAL_WEST,P004,436,469,9375.31
2024-09-20,GLOBAL_WEST,P005,677,726,5800.74
2024-09-20,GLOBAL_WEST,P006,307,329,8221.71
2024-09-20,GLOBAL_WEST,P007,542,562,5614.38
2024-09-20,GLOBAL_WEST,P009,719,743,22282.57
2024-09-20,GLOBAL_WEST,P010,332,349,1741.51
2024-09-20,GLOBAL_WEST,P011,196,215,4297.85
2024-09-20,GLOBAL_WEST,P012,94,100,7999.0
2024-09-21,KR,P001,650,683,676.17
2024-09-21,KR,P002,329,362,1806.38
2024-09-21,KR,P003,363,368,5516.32
2024-09-21,KR,P004,281,297,5937.03
2024-09-21,KR,P005,407,438,3499.62
2024-09-21,KR,P006,222,238,5947.62
2024-09-21,KR,P007,308,335,3346.65
2024-09-21,KR,P009,365,401,12025.99
2024-09-21,KR,P010,205,216,1077.84
2024-09-21,KR,P011,128,140,2798.6
2024-09-21,KR,P012,50,54,4319.46
2024-09-21,JP,P001,561,624,617.76
2024-09-21,JP,P002,272,287,1432.13
2024-09-21,JP,P003,290,303,4541.97
2024-09-21,JP,P004,166,178,3558.22
2024-09-21,JP,P005,322,351,2804.49
2024-09-21,JP,P006,196,210,5247.9
2024-09-21,JP,P007,265,272,2717.28
2024-09-21,JP,P009,307,326,9776.74
2024-09-21,JP,P010,191,208,1037.92
2024-09-21,JP,P011,122,132,2638.68
2024-09-21,JP,P012,70,73,5839.27
2024-09-21,GLOBAL_WEST,P001,1218,1314,1300.86
2024-09-21,GLOBAL_WEST,P002,642,704,3512.96
2024-09-21,GLOBAL_WEST,P003,455,493,7390.07
2024-09-21,GLOBAL_WEST,P004,427,455,9095.45
2024-09-21,GLOBAL_WEST,P005,613,653,5217.47
2024-09-21,GLOBAL_WEST,P006,401,409,10220.91
2024-09-21,GLOBAL_WEST,P007,496,562,5614.38
2024-09-21,GLOBAL_WEST,P009,563,589,17664.11
2024-09-21,GLOBAL_WEST,P010,259,276,1377.24
2024-09-21,GLOBAL_WEST,P011,252,272,5437.28
2024-09-21,GLOBAL_WEST,P012,142,158,12638.42
2024-09-22,KR,P001,635,669,662.31
2024-09-22,KR,P002,353,387,1931.13
2024-09-22,KR,P003,308,333,4991.67
2024-09-22,KR,P004,237,249,4977.51
2024-09-22,KR,P005,365,411,3283.89
2024-09-22,KR,P006,263,284,7097.16
2024-09-22,KR,P007,334,372,3716.28
2024-09-22,KR,P009,335,353,10586.47
2024-09-22,KR,P010,201,219,1092.81
2024-09-22,KR,P011,160,166,3318.34
2024-09-22,KR,P012,61,65,5199.35
2024-09-22,JP,P001,526,578,572.22
2024-09-22,JP,P002,244,261,1302.39
2024-09-22,JP,P003,277,289,4332.11
2024-09-22,JP,P004,162,175,3498.25
2024-09-22,JP,P005,320,353,2820.47
2024-09-22,JP,P006,156,164,4098.36
2024-09-22,JP,P007,222,233,2327.67
2024-09-22,JP,P009,302,335,10046.65
2024-09-22,JP,P010,165,185,923.15
2024-09-22,JP,P011,128,148,2958.52
2024-09-22,JP,P012,9,9,719.91
2024-09-22,GLOBAL_WEST,P001,1170,1203,1190.97
2024-09-22,GLOBAL_WEST,P002,535,584,2914.16
2024-09-22,GLOBAL_WEST,P003,588,644,9653.56
2024-09-22,GLOBAL_WEST,P004,393,424,8475.76
2024-09-22,GLOBAL_WEST,P005,738,843,6735.57
2024-09-22,GLOBAL_WEST,P006,461,485,12120.15
2024-09-22,GLOBAL_WEST,P007,572,618,6173.82
2024-09-22,GLOBAL_WEST,P009,614,694,20813.06
2024-09-22,GLOBAL_WEST,P010,375,416,2075.84
2024-09-22,GLOBAL_WEST,P011,166,172,3438.28
2024-09-22,GLOBAL_WEST,P012,4,4,319.96
2024-09-23,KR,P001,773,799,791.01
2024-09-23,KR,P002,340,386,1926.14
2024-09-23,KR,P003,350,388,5816.12
2024-09-23,KR,P004,314,344,6876.56
2024-09-23,KR,P005,395,428,3419.72
2024-09-23,KR,P006,265,280,6997.2
2024-09-23,KR,P007,321,361,3606.39
2024-09-23,KR,P009,403,446,13375.54
2024-09-23,KR,P010,169,178,888.22
2024-09-23,KR,P011,94,103,2058.97
2024-09-23,KR,P012,42,44,3519.56
2024-09-23,JP,P001,575,638,631.62
2024-09-23,JP,P002,311,345,1721.55
2024-09-23,JP,P003,317,343,5141.57
2024-09-23,JP,P004,189,201,4017.99
2024-09-23,JP,P005,303,330,2636.7
2024-09-23,JP,P006,174,184,4598.16
2024-09-23,JP,P007,227,253,2527.47
2024-09-23,JP,P009,331,353,10586.47
2024-09-23,JP,P010,154,154,768.46
2024-09-23,JP,P011,104,106,2118.94
2024-09-23,JP,P012,44,46,3679.54
2024-09-23,GLOBAL_WEST,P001,1198,1297,1284.03
2024-09-23,GLOBAL_WEST,P002,634,670,3343.3
2024-09-23,GLOBAL_WEST,P003,572,623,9338.77
2024-09-23,GLOBAL_WEST,P004,470,505,10094.95
2024-09-23,GLOBAL_WEST,P005,762,821,6559.79
2024-09-23,GLOBAL_WEST,P006,474,523,13069.77
2024-09-23,GLOBAL_WEST,P007,627,705,7042.95
2024-09-23,GLOBAL_WEST,P009,756,803,24081.97
2024-09-23,GLOBAL_WEST,P010,439,484,2415.16
2024-09-23,GLOBAL_WEST,P011,206,210,4197.9
2024-09-23,GLOBAL_WEST,P012,160,168,13438.32
2024-09-24,KR,P001,704,712,704.88
2024-09-24,KR,P002,334,361,1801.39
2024-09-24,KR,P003,342,374,5606.26
2024-09-24,KR,P004,263,284,5677.16
2024-09-24,KR,P005,381,427,3411.73
2024-09-24,KR,P006,262,268,6697.32
2024-09-24,KR,P007,340,371,3706.29
2024-09-24,KR,P009,359,404,12115.96
2024-09-24,KR,P010,217,233,1162.67
2024-09-24,KR,P011,162,189,3778.11
2024-09-24,KR,P012,57,62,4959.38
2024-09-24,JP,P001,555,601,594.99
2024-09-24,JP,P002,254,276,1377.24
2024-09-24,JP,P003,291,311,4661.89
2024-09-24,JP,P004,173,184,3678.16
2024-09-24,JP,P005,338,364,2908.36
2024-09-24,JP,P006,228,228,5697.72
2024-09-24,JP,P007,259,283,2827.17
2024-09-24,JP,P009,293,312,9356.88
2024-09-24,JP,P010,158,168,838.32
2024-09-24,JP,P011,66,71,1419.29
2024-09-24,JP,P012,0,0,0.0
2024-09-24,GLOBAL_WEST,P001,1162,1194,1182.06
2024-09-24,GLOBAL_WEST,P002,690,721,3597.79
2024-09-24,GLOBAL_WEST,P003,550,589,8829.11
2024-09-24,GLOBAL_WEST,P004,495,523,10454.77
2024-09-24,GLOBAL_WEST,P005,559,586,4682.14
2024-09-24,GLOBAL_WEST,P006,455,483,12070.17
2024-09-24,GLOBAL_WEST,P007,595,595,5944.05
2024-09-24,GLOBAL_WEST,P009,650,721,21622.79
2024-09-24,GLOBAL_WEST,P010,357,381,1901.19
2024-09-24,GLOBAL_WEST,P011,227,244,4877.56
2024-09-24,GLOBAL_WEST,P012,94,99,7919.01
2024-09-25,KR,P001,666,742,734.58
2024-09-25,KR,P002,346,355,1771.45
2024-09-25,KR,P003,350,391,5861.09
2024-09-25,KR,P004,230,242,4837.58
2024-09-25,KR,P005,449,483,3859.17
2024-09-25,KR,P006,323,338,8446.62
2024-09-25,KR,P007,316,336,3356.64
2024-09-25,KR,P009,405,434,13015.66
2024-09-25,KR,P010,253,269,1342.31
2024-09-25,KR,P011,152,171,3418.29
2024-09-25,KR,P012,35,38,3039.62
2024-09-25,JP,P001,534,583,577.17
2024-09-25,JP,P002,267,292,1457.08
2024-09-25,JP,P003,276,297,4452.03
2024-09-25,JP,P004,218,231,4617.69
2024-09-25,JP,P005,351,380,3036.2
2024-09-25,JP,P006,223,249,6222.51
2024-09-25,JP,P007,256,283,2827.17
2024-09-25,JP,P009,321,353,10586.47
2024-09-25,JP,P010,133,145,723.55
2024-09-25,JP,P011,113,119,2378.81
2024-09-25,JP,P012,29,30,2399.7
2024-09-25,GLOBAL_WEST,P001,1227,1290,1277.1
2024-09-25,GLOBAL_WEST,P002,592,652,3253.48
2024-09-25,GLOBAL_WEST,P003,611,673,10088.27
2024-09-25,GLOBAL_WEST,P004,551,592,11834.08
2024-09-25,GLOBAL_WEST,P005,702,751,6000.49
2024-09-25,GLOBAL_WEST,P006,507,567,14169.33
2024-09-25,GLOBAL_WEST,P007,628,714,7132.86
2024-09-25,GLOBAL_WEST,P009,645,686,20573.14
2024-09-25,GLOBAL_WEST,P010,367,394,1966.06
2024-09-25,GLOBAL_WEST,P011,285,304,6076.96
2024-09-25,GLOBAL_WEST,P012,74,79,6319.21
2024-09-26,KR,P001,432,471,466.29
2024-09-26,KR,P002,246,264,1317.36
2024-09-26,KR,P003,231,250,3747.5
2024-09-26,KR,P004,146,158,3158.42
2024-09-26,KR,P005,296,336,2684.64
2024-09-26,KR,P006,147,161,4023.39
2024-09-26,KR,P007,161,176,1758.24
2024-09-26,KR,P009,288,308,9236.92
2024-09-26,KR,P010,146,155,773.45
2024-09-26,KR,P011,110,118,2358.82
2024-09-26,KR,P012,29,30,2399.7
2024-09-26,JP,P001,374,401,396.99
2024-09-26,JP,P002,180,189,943.11
2024-09-26,JP,P003,195,220,3297.8
2024-09-26,JP,P004,130,145,2898.55
2024-09-26,JP,P005,199,213,1701.87
2024-09-26,JP,P006,114,124,3098.76
2024-09-26,JP,P007,148,156,1558.44
2024-09-26,JP,P009,211,235,7047.65
2024-09-26,JP,P010,101,107,533.93
2024-09-26,JP,P011,65,70,1399.3
2024-09-26,JP,P012,56,60,4799.4
2024-09-26,GLOBAL_WEST,P001,768,817,808.83
2024-09-26,GLOBAL_WEST,P002,399,432,2155.68
2024-09-26,GLOBAL_WEST,P003,417,454,6805.46
2024-09-26,GLOBAL_WEST,P004,310,343,6856.57
2024-09-26,GLOBAL_WEST,P005,499,508,4058.92
2024-09-26,GLOBAL_WEST,P006,304,340,8496.6
2024-09-26,GLOBAL_WEST,P007,307,343,3426.57
2024-09-26,GLOBAL_WEST,P009,357,379,11366.21
2024-09-26,GLOBAL_WEST,P010,220,240,1197.6
2024-09-26,GLOBAL_WEST,P011,149,164,3278.36
2024-09-26,GLOBAL_WEST,P012,42,45,3599.55
2024-09-27,KR,P001,525,567,561.33
2024-09-27,KR,P002,237,252,1257.48
2024-09-27,KR,P003,251,294,4407.06
2024-09-27,KR,P004,196,202,4037.98
2024-09-27,KR,P005,257,262,2093.38
2024-09-27,KR,P006,110,120,2998.8
2024-09-27,KR,P007,183,192,1918.08
2024-09-27,KR,P009,233,252,7557.48
2024-09-27,KR,P010,143,156,778.44
2024-09-27,KR,P011,80,84,1679.16
2024-09-27,KR,P012,0,0,0.0
2024-09-27,JP,P001,380,403,398.97
2024-09-27,JP,P002,224,239,1192.61
2024-09-27,JP,P003,199,209,3132.91
2024-09-27,JP,P004,137,152,3038.48
2024-09-27,JP,P005,241,248,1981.52
2024-09-27,JP,P006,127,134,3348.66
2024-09-27,JP,P007,140,156,1558.44
2024-09-27,JP,P009,219,233,6987.67
2024-09-27,JP,P010,94,98,489.02
2024-09-27,JP,P011,98,104,2078.96
2024-09-27,JP,P012,11,12,959.88
2024-09-27,GLOBAL_WEST,P001,766,802,793.98
2024-09-27,GLOBAL_WEST,P002,416,435,2170.65
2024-09-27,GLOBAL_WEST,P003,412,445,6670.55
2024-09-27,GLOBAL_WEST,P004,265,290,5797.1
2024-09-27,GLOBAL_WEST,P005,475,491,3923.09
2024-09-27,GLOBAL_WEST,P006,223,246,6147.54
2024-09-27,GLOBAL_WEST,P007,256,272,2717.28
2024-09-27,GLOBAL_WEST,P009,443,492,14755.08
2024-09-27,GLOBAL_WEST,P010,305,334,1666.66
2024-09-27,GLOBAL_WEST,P011,144,150,2998.5
2024-09-27,GLOBAL_WEST,P012,4,5,399.95
2024-09-28,KR,P001,450,497,492.03
2024-09-28,KR,P002,233,251,1252.49
2024-09-28,KR,P003,213,232,3477.68
2024-09-28,KR,P004,157,169,3378.31
2024-09-28,KR,P005,241,254,2029.46
2024-09-28,KR,P006,105,115,2873.85
2024-09-28,KR,P007,162,175,1748.25
2024-09-28,KR,P009,231,252,7557.48
2024-09-28,KR,P010,117,128,638.72
2024-09-28,KR,P011,90,95,1899.05
2024-09-28,KR,P012,42,45,3599.55
2024-09-28,JP,P001,384,406,401.94
2024-09-28,JP,P002,205,221,1102.79
2024-09-28,JP,P003,205,229,3432.71
2024-09-28,JP,P004,139,152,3038.48
2024-09-28,JP,P005,217,233,1861.67
2024-09-28,JP,P006,111,121,3023.79
2024-09-28,JP,P007,159,167,1668.33
2024-09-28,JP,P009,184,196,5878.04
2024-09-28,JP,P010,83,87,434.13
2024-09-28,JP,P011,51,55,1099.45
2024-09-28,JP,P012,10,10,799.9
2024-09-28,GLOBAL_WEST,P001,759,806,797.94
2024-09-28,GLOBAL_WEST,P002,400,441,2200.59
2024-09-28,GLOBAL_WEST,P003,420,450,6745.5
2024-09-28,GLOBAL_WEST,P004,243,268,5357.32
2024-09-28,GLOBAL_WEST,P005,446,463,3699.37
2024-09-28,GLOBAL_WEST,P006,229,252,6297.48
2024-09-28,GLOBAL_WEST,P007,352,378,3776.22
2024-09-28,GLOBAL_WEST,P009,382,425,12745.75
2024-09-28,GLOBAL_WEST,P010,175,184,918.16
2024-09-28,GLOBAL_WEST,P011,128,140,2798.6
2024-09-28,GLOBAL_WEST,P012,62,66,5279.34
2024-09-29,KR,P001,467,480,475.2
2024-09-29,KR,P002,265,280,1397.2
2024-09-29,KR,P003,216,230,3447.7
2024-09-29,KR,P004,157,179,3578.21
2024-09-29,KR,P005,293,312,2492.88
2024-09-29,KR,P006,137,151,3773.49
2024-09-29,KR,P007,195,204,2037.96
2024-09-29,KR,P009,256,291,8727.09
2024-09-29,KR,P010,121,128,638.72
2024-09-29,KR,P011,100,107,2138.93
2024-09-29,KR,P012,17,17,1359.83
2024-09-29,JP,P001,395,420,415.8
2024-09-29,JP,P002,205,222,1107.78
2024-09-29,JP,P003,198,208,3117.92
2024-09-29,JP,P004,164,182,3638.18
2024-09-29,JP,P005,229,249,1989.51
2024-09-29,JP,P006,118,127,3173.73
2024-09-29,JP,P007,167,175,1748.25
2024-09-29,JP,P009,190,196,5878.04
2024-09-29,JP,P010,104,111,553.89
2024-09-29,JP,P011,76,86,1719.14
2024-09-29,JP,P012,59,61,4879.39
2024-09-29,GLOBAL_WEST,P001,808,836,827.64
2024-09-29,GLOBAL_WEST,P002,396,424,2115.76
2024-09-29,GLOBAL_WEST,P003,483,524,7854.76
2024-09-29,GLOBAL_WEST,P004,301,332,6636.68
2024-09-29,GLOBAL_WEST,P005,529,553,4418.47
2024-09-29,GLOBAL_WEST,P006,321,345,8621.55
2024-09-29,GLOBAL_WEST,P007,354,394,3936.06
2024-09-29,GLOBAL_WEST,P009,472,516,15474.84
2024-09-29,GLOBAL_WEST,P010,249,266,1327.34
2024-09-29,GLOBAL_WEST,P011,92,98,1959.02
2024-09-29,GLOBAL_WEST,P012,0,0,0.0
2024-09-30,KR,P001,495,532,526.68
2024-09-30,KR,P002,251,277,1382.23
2024-09-30,KR,P003,239,260,3897.4
2024-09-30,KR,P004,195,209,4177.91
2024-09-30,KR,P005,293,304,2428.96
2024-09-30,KR,P006,144,153,3823.47
2024-09-30,KR,P007,173,197,1968.03
2024-09-30,KR,P009,286,319,9566.81
2024-09-30,KR,P010,159,169,843.31
2024-09-30,KR,P011,110,117,2338.83
2024-09-30,KR,P012,20,22,1759.78
2024-09-30,JP,P001,376,409,404.91
2024-09-30,JP,P002,194,221,1102.79
2024-09-30,JP,P003,201,224,3357.76
2024-09-30,JP,P004,128,145,2898.55
2024-09-30,JP,P005,199,215,1717.85
2024-09-30,JP,P006,109,119,2973.81
2024-09-30,JP,P007,154,165,1648.35
2024-09-30,JP,P009,202,202,6057.98
2024-09-30,JP,P010,124,134,668.66
2024-09-30,JP,P011,49,52,1039.48
2024-09-30,JP,P012,39,43,3439.57
2024-09-30,GLOBAL_WEST,P001,779,844,835.56
2024-09-30,GLOBAL_WEST,P002,401,440,2195.6
2024-09-30,GLOBAL_WEST,P003,395,411,6160.89
2024-09-30,GLOBAL_WEST,P004,259,297,5937.03
2024-09-30,GLOBAL_WEST,P005,405,438,3499.62
2024-09-30,GLOBAL_WEST,P006,227,251,6272.49
2024-09-30,GLOBAL_WEST,P007,255,278,2777.22
2024-09-30,GLOBAL_WEST,P009,441,487,14605.13
2024-09-30,GLOBAL_WEST,P010,175,188,938.12
2024-09-30,GLOBAL_WEST,P011,163,175,3498.25
2024-09-30,GLOBAL_WEST,P012,121,131,10478.69
2024-10-01,KR,P001,470,506,500.94
2024-10-01,KR,P002,215,238,1187.62
2024-10-01,KR,P003,236,261,3912.39
2024-10-01,KR,P004,174,182,3638.18
2024-10-01,KR,P005,270,288,2301.12
2024-10-01,KR,P006,159,171,4273.29
2024-10-01,KR,P007,152,167,1668.33
2024-10-01,KR,P009,240,257,7707.43
2024-10-01,KR,P010,138,151,753.49
2024-10-01,KR,P011,72,76,1519.24
2024-10-01,KR,P012,38,39,3119.61
2024-10-01,JP,P001,381,416,411.84
2024-10-01,JP,P002,231,236,1177.64
2024-10-01,JP,P003,177,190,2848.1
2024-10-01,JP,P004,163,175,3498.25
2024-10-01,JP,P005,254,270,2157.3
2024-10-01,JP,P006,109,120,2998.8
2024-10-01,JP,P007,136,149,1488.51
2024-10-01,JP,P009,218,242,7257.58
2024-10-01,JP,P010,91,99,494.01
2024-10-01,JP,P011,71,75,1499.25
2024-10-01,JP,P012,36,40,3199.6
2024-10-01,GLOBAL_WEST,P001,730,798,790.02
2024-10-01,GLOBAL_WEST,P002,426,465,2320.35
2024-10-01,GLOBAL_WEST,P003,374,423,6340.77
2024-10-01,GLOBAL_WEST,P004,254,273,5457.27
2024-10-01,GLOBAL_WEST,P005,487,536,4282.64
2024-10-01,GLOBAL_WEST,P006,253,284,7097.16
2024-10-01,GLOBAL_WEST,P007,258,280,2797.2
2024-10-01,GLOBAL_WEST,P009,460,493,14785.07
2024-10-01,GLOBAL_WEST,P010,269,294,1467.06
2024-10-01,GLOBAL_WEST,P011,146,150,2998.5
2024-10-01,GLOBAL_WEST,P012,94,99,7919.01
2024-10-02,KR,P001,462,491,486.09
2024-10-02,KR,P002,226,235,1172.65
2024-10-02,KR,P003,235,249,3732.51
2024-10-02,KR,P004,150,170,3398.3
2024-10-02,KR,P005,252,274,2189.26
2024-10-02,KR,P006,140,144,3598.56
2024-10-02,KR,P007,160,171,1708.29
2024-10-02,KR,P009,242,251,7527.49
2024-10-02,KR,P010,156,157,783.43
2024-10-02,KR,P011,101,104,2078.96
2024-10-02,KR,P012,37,41,3279.59
2024-10-02,JP,P001,398,437,432.63
2024-10-02,JP,P002,171,187,933.13
2024-10-02,JP,P003,152,160,2398.4
2024-10-02,JP,P004,157,175,3498.25
2024-10-02,JP,P005,243,263,2101.37
2024-10-02,JP,P006,92,100,2499.0
2024-10-02,JP,P007,130,133,1328.67
2024-10-02,JP,P009,215,230,6897.7
2024-10-02,JP,P010,83,94,469.06
2024-10-02,JP,P011,81,86,1719.14
2024-10-02,JP,P012,5,5,399.95
2024-10-02,GLOBAL_WEST,P001,810,902,892.98
2024-10-02,GLOBAL_WEST,P002,309,336,1676.64
2024-10-02,GLOBAL_WEST,P003,405,426,6385.74
2024-10-02,GLOBAL_WEST,P004,285,325,6496.75
2024-10-02,GLOBAL_WEST,P005,472,497,3971.03
2024-10-02,GLOBAL_WEST,P006,186,206,5147.94
2024-10-02,GLOBAL_WEST,P007,267,294,2937.06
2024-10-02,GLOBAL_WEST,P009,439,480,14395.2
2024-10-02,GLOBAL_WEST,P010,217,219,1092.81
2024-10-02,GLOBAL_WEST,P011,97,106,2118.94
2024-10-02,GLOBAL_WEST,P012,71,77,6159.23
2024-10-03,KR,P001,517,575,569.25
2024-10-03,KR,P002,259,297,1482.03
2024-10-03,KR,P003,209,226,3387.74
2024-10-03,KR,P004,196,215,4297.85
2024-10-03,KR,P005,275,287,2293.13
2024-10-03,KR,P006,163,182,4548.18
2024-10-03,KR,P007,239,251,2507.49
2024-10-03,KR,P009,248,271,8127.29
2024-10-03,KR,P010,154,166,828.34
2024-10-03,KR,P011,48,52,1039.48
2024-10-03,KR,P012,40,42,3359.58
2024-10-03,JP,P001,389,432,427.68
2024-10-03,JP,P002,172,174,868.26
2024-10-03,JP,P003,233,255,3822.45
2024-10-03,JP,P004,148,156,3118.44
2024-10-03,JP,P005,234,257,2053.43
2024-10-03,JP,P006,107,117,2923.83
2024-10-03,JP,P007,184,201,2007.99
2024-10-03,JP,P009,214,218,6537.82
2024-10-03,JP,P010,118,124,618.76
2024-10-03,JP,P011,73,79,1579.21
2024-10-03,JP,P012,29,31,2479.69
2024-10-03,GLOBAL_WEST,P001,824,880,871.2
2024-10-03,GLOBAL_WEST,P002,375,409,2040.91
2024-10-03,GLOBAL_WEST,P003,421,456,6835.44
2024-10-03,GLOBAL_WEST,P004,234,242,4837.58
2024-10-03,GLOBAL_WEST,P005,418,452,3611.48
2024-10-03,GLOBAL_WEST,P006,291,321,8021.79
2024-10-03,GLOBAL_WEST,P007,299,329,3286.71
2024-10-03,GLOBAL_WEST,P009,407,442,13255.58
2024-10-03,GLOBAL_WEST,P010,296,324,1616.76
2024-10-03,GLOBAL_WEST,P011,165,178,3558.22
2024-10-03,GLOBAL_WEST,P012,38,41,3279.59
2024-10-04,KR,P001,445,454,449.46
2024-10-04,KR,P002,269,279,1392.21
2024-10-04,KR,P003,254,272,4077.28
2024-10-04,KR,P004,178,192,3838.08
2024-10-04,KR,P005,228,242,1933.58
2024-10-04,KR,P006,88,91,2274.09
2024-10-04,KR,P007,142,150,1498.5
2024-10-04,KR,P009,241,263,7887.37
2024-10-04,KR,P010,161,174,868.26
2024-10-04,KR,P011,98,106,2118.94
2024-10-04,KR,P012,10,11,879.89
2024-10-04,JP,P001,403,435,430.65
2024-10-04,JP,P002,222,243,1212.57
2024-10-04,JP,P003,205,212,3177.88
2024-10-04,JP,P004,154,172,3438.28
2024-10-04,JP,P005,258,274,2189.26
2024-10-04,JP,P006,115,124,3098.76
2024-10-04,JP,P007,136,145,1448.55
2024-10-04,JP,P009,203,220,6597.8
2024-10-04,JP,P010,114,126,628.74
2024-10-04,JP,P011,63,70,1399.3
2024-10-04,JP,P012,34,37,2959.63
2024-10-04,GLOBAL_WEST,P001,695,747,739.53
2024-10-04,GLOBAL_WEST,P002,400,428,2135.72
2024-10-04,GLOBAL_WEST,P003,365,395,5921.05
2024-10-04,GLOBAL_WEST,P004,286,305,6096.95
2024-10-04,GLOBAL_WEST,P005,413,445,3555.55
2024-10-04,GLOBAL_WEST,P006,181,188,4698.12
2024-10-04,GLOBAL_WEST,P007,323,331,3306.69
2024-10-04,GLOBAL_WEST,P009,422,444,13315.56
2024-10-04,GLOBAL_WEST,P010,181,199,993.01
2024-10-04,GLOBAL_WEST,P011,208,214,4277.86
2024-10-04,GLOBAL_WEST,P012,0,0,0.0
2024-10-05,KR,P001,473,523,517.77
2024-10-05,KR,P002,218,224,1117.76
2024-10-05,KR,P003,225,247,3702.53
2024-10-05,KR,P004,138,152,3038.48
2024-10-05,KR,P005,263,286,2285.14
2024-10-05,KR,P006,139,147,3673.53
2024-10-05,KR,P007,199,224,2237.76
2024-10-05,KR,P009,239,273,8187.27
2024-10-05,KR,P010,144,160,798.4
2024-10-05,KR,P011,72,78,1559.22
2024-10-05,KR,P012,39,43,3439.57
2024-10-05,JP,P001,375,397,393.03
2024-10-05,JP,P002,202,220,1097.8
2024-10-05,JP,P003,194,210,3147.9
2024-10-05,JP,P004,157,167,3338.33
2024-10-05,JP,P005,259,278,2221.22
2024-10-05,JP,P006,107,115,2873.85
2024-10-05,JP,P007,142,153,1528.47
2024-10-05,JP,P009,196,213,6387.87
2024-10-05,JP,P010,109,115,573.85
2024-10-05,JP,P011,70,75,1499.25
2024-10-05,JP,P012,19,19,1519.81
2024-10-05,GLOBAL_WEST,P001,776,831,822.69
2024-10-05,GLOBAL_WEST,P002,317,335,1671.65
2024-10-05,GLOBAL_WEST,P003,362,395,5921.05
2024-10-05,GLOBAL_WEST,P004,293,310,6196.9
2024-10-05,GLOBAL_WEST,P005,395,395,3156.05
2024-10-05,GLOBAL_WEST,P006,246,267,6672.33
2024-10-05,GLOBAL_WEST,P007,352,390,3896.1
2024-10-05,GLOBAL_WEST,P009,343,365,10946.35
2024-10-05,GLOBAL_WEST,P010,229,244,1217.56
2024-10-05,GLOBAL_WEST,P011,174,192,3838.08
2024-10-05,GLOBAL_WEST,P012,64,69,5519.31
2024-10-06,KR,P001,470,510,504.9
2024-10-06,KR,P002,186,201,1002.99
2024-10-06,KR,P003,228,252,3777.48
2024-10-06,KR,P004,137,143,2858.57
2024-10-06,KR,P005,207,231,1845.69
2024-10-06,KR,P006,154,161,4023.39
2024-10-06,KR,P007,166,183,1828.17
2024-10-06,KR,P009,269,291,8727.09
2024-10-06,KR,P010,114,121,603.79
2024-10-06,KR,P011,82,87,1739.13
2024-10-06,KR,P012,10,10,799.9
2024-10-06,JP,P001,387,418,413.82
2024-10-06,JP,P002,155,165,823.35
2024-10-06,JP,P003,215,238,3567.62
2024-10-06,JP,P004,149,156,3118.44
2024-10-06,JP,P005,233,258,2061.42
2024-10-06,JP,P006,120,127,3173.73
2024-10-06,JP,P007,135,141,1408.59
2024-10-06,JP,P009,192,197,5908.03
2024-10-06,JP,P010,118,126,628.74
2024-10-06,JP,P011,70,75,1499.25
2024-10-06,JP,P012,14,14,1119.86
2024-10-06,GLOBAL_WEST,P001,713,758,750.42
2024-10-06,GLOBAL_WEST,P002,369,394,1966.06
2024-10-06,GLOBAL_WEST,P003,282,308,4616.92
2024-10-06,GLOBAL_WEST,P004,372,401,8015.99
2024-10-06,GLOBAL_WEST,P005,442,482,3851.18
2024-10-06,GLOBAL_WEST,P006,196,213,5322.87
2024-10-06,GLOBAL_WEST,P007,260,295,2947.05
2024-10-06,GLOBAL_WEST,P009,497,526,15774.74
2024-10-06,GLOBAL_WEST,P010,304,319,1591.81
2024-10-06,GLOBAL_WEST,P011,189,206,4117.94
2024-10-06,GLOBAL_WEST,P012,103,113,9038.87
2024-10-07,KR,P001,492,526,520.74
2024-10-07,KR,P002,239,264,1317.36
2024-10-07,KR,P003,242,255,3822.45
2024-10-07,KR,P004,195,216,4317.84
2024-10-07,KR,P005,252,287,2293.13
2024-10-07,KR,P006,112,120,2998.8
2024-10-07,KR,P007,166,180,1798.2
2024-10-07,KR,P009,308,342,10256.58
2024-10-07,KR,P010,128,142,708.58
2024-10-07,KR,P011,80,88,1759.12
2024-10-07,KR,P012,51,56,4479.44
2024-10-07,JP,P001,374,410,405.9
2024-10-07,JP,P002,169,189,943.11
2024-10-07,JP,P003,185,198,2968.02
2024-10-07,JP,P004,135,141,2818.59
2024-10-07,JP,P005,191,210,1677.9
2024-10-07,JP,P006,92,92,2299.08
2024-10-07,JP,P007,150,160,1598.4
2024-10-07,JP,P009,222,245,7347.55
2024-10-07,JP,P010,119,129,643.71
2024-10-07,JP,P011,85,92,1839.08
2024-10-07,JP,P012,12,12,959.88
2024-10-07,GLOBAL_WEST,P001,874,977,967.23
2024-10-07,GLOBAL_WEST,P002,420,480,2395.2
2024-10-07,GLOBAL_WEST,P003,469,501,7509.99
2024-10-07,GLOBAL_WEST,P004,380,418,8355.82
2024-10-07,GLOBAL_WEST,P005,452,501,4002.99
2024-10-07,GLOBAL_WEST,P006,242,250,6247.5
2024-10-07,GLOBAL_WEST,P007,308,346,3456.54
2024-10-07,GLOBAL_WEST,P009,396,424,12715.76
2024-10-07,GLOBAL_WEST,P010,168,180,898.2
2024-10-07,GLOBAL_WEST,P011,115,123,2458.77
2024-10-07,GLOBAL_WEST,P012,101,108,8638.92
2024-10-08,KR,P001,430,464,459.36
2024-10-08,KR,P002,226,248,1237.52
2024-10-08,KR,P003,228,236,3537.64
2024-10-08,KR,P004,226,248,4957.52
2024-10-08,KR,P005,220,238,1901.62
2024-10-08,KR,P006,135,143,3573.57
2024-10-08,KR,P007,125,133,1328.67
2024-10-08,KR,P009,236,268,8037.32
2024-10-08,KR,P010,134,146,728.54
2024-10-08,KR,P011,74,77,1539.23
2024-10-08,KR,P012,59,65,5199.35
2024-10-08,JP,P001,358,381,377.19
2024-10-08,JP,P002,166,176,878.24
2024-10-08,JP,P003,150,164,2458.36
2024-10-08,JP,P004,122,133,2658.67
2024-10-08,JP,P005,212,245,1957.55
2024-10-08,JP,P006,117,126,3148.74
2024-10-08,JP,P007,133,137,1368.63
2024-10-08,JP,P009,197,209,6267.91
2024-10-08,JP,P010,116,132,658.68
2024-10-08,JP,P011,69,72,1439.28
2024-10-08,JP,P012,61,68,5439.32
2024-10-08,GLOBAL_WEST,P001,692,746,738.54
2024-10-08,GLOBAL_WEST,P002,393,429,2140.71
2024-10-08,GLOBAL_WEST,P003,366,402,6025.98
2024-10-08,GLOBAL_WEST,P004,302,309,6176.91
2024-10-08,GLOBAL_WEST,P005,343,366,2924.34
2024-10-08,GLOBAL_WEST,P006,228,248,6197.52
2024-10-08,GLOBAL_WEST,P007,308,346,3456.54
2024-10-08,GLOBAL_WEST,P009,425,467,14005.33
2024-10-08,GLOBAL_WEST,P010,306,322,1606.78
2024-10-08,GLOBAL_WEST,P011,161,177,3538.23
2024-10-08,GLOBAL_WEST,P012,112,119,9518.81
2024-10-09,KR,P001,444,493,488.07
2024-10-09,KR,P002,257,284,1417.16
2024-10-09,KR,P003,253,277,4152.23
2024-10-09,KR,P004,168,173,3458.27
2024-10-09,KR,P005,244,259,2069.41
2024-10-09,KR,P006,133,140,3498.6
2024-10-09,KR,P007,187,212,2117.88
2024-10-09,KR,P009,247,262,7857.38
2024-10-09,KR,P010,107,116,578.84
2024-10-09,KR,P011,67,72,1439.28
2024-10-09,KR,P012,0,0,0.0
2024-10-09,JP,P001,350,392,388.08
2024-10-09,JP,P002,167,180,898.2
2024-10-09,JP,P003,167,174,2608.26
2024-10-09,JP,P004,142,158,3158.42
2024-10-09,JP,P005,192,207,1653.93
2024-10-09,JP,P006,88,93,2324.07
2024-10-09,JP,P007,152,168,1678.32
2024-10-09,JP,P009,192,203,6087.97
2024-10-09,JP,P010,104,104,518.96
2024-10-09,JP,P011,69,75,1499.25
2024-10-09,JP,P012,8,8,639.92
2024-10-09,GLOBAL_WEST,P001,771,851,842.49
2024-10-09,GLOBAL_WEST,P002,406,454,2265.46
2024-10-09,GLOBAL_WEST,P003,349,358,5366.42
2024-10-09,GLOBAL_WEST,P004,264,280,5597.2
2024-10-09,GLOBAL_WEST,P005,415,456,3643.44
2024-10-09,GLOBAL_WEST,P006,234,252,6297.48
2024-10-09,GLOBAL_WEST,P007,319,360,3596.4
2024-10-09,GLOBAL_WEST,P009,348,393,11786.07
2024-10-09,GLOBAL_WEST,P010,175,188,938.12
2024-10-09,GLOBAL_WEST,P011,136,144,2878.56
2024-10-09,GLOBAL_WEST,P012,36,40,3199.6
2024-10-10,KR,P001,422,455,450.45
2024-10-10,KR,P002,192,200,998.0
2024-10-10,KR,P003,208,222,3327.78
2024-10-10,KR,P004,0,0,0.0
2024-10-10,KR,P005,227,245,1957.55
2024-10-10,KR,P006,114,123,3073.77
2024-10-10,KR,P007,135,141,1408.59
2024-10-10,KR,P009,0,0,0.0
2024-10-10,KR,P010,114,121,603.79
2024-10-10,KR,P011,55,61,1219.39
2024-10-10,KR,P012,59,64,5119.36
2024-10-10,JP,P001,389,422,417.78
2024-10-10,JP,P002,177,189,943.11
2024-10-10,JP,P003,202,219,3282.81
2024-10-10,JP,P004,0,0,0.0
2024-10-10,JP,P005,204,222,1773.78
2024-10-10,JP,P006,97,107,2673.93
2024-10-10,JP,P007,127,139,1388.61
2024-10-10,JP,P009,0,0,0.0
2024-10-10,JP,P010,111,118,588.82
2024-10-10,JP,P011,48,50,999.5
2024-10-10,JP,P012,37,37,2959.63
2024-10-10,GLOBAL_WEST,P001,711,794,786.06
2024-10-10,GLOBAL_WEST,P002,347,396,1976.04
2024-10-10,GLOBAL_WEST,P003,418,460,6895.4
2024-10-10,GLOBAL_WEST,P004,0,0,0.0
2024-10-10,GLOBAL_WEST,P005,409,428,3419.72
2024-10-10,GLOBAL_WEST,P006,228,243,6072.57
2024-10-10,GLOBAL_WEST,P007,224,235,2347.65
2024-10-10,GLOBAL_WEST,P009,0,0,0.0
2024-10-10,GLOBAL_WEST,P010,185,212,1057.88
2024-10-10,GLOBAL_WEST,P011,83,93,1859.07
2024-10-10,GLOBAL_WEST,P012,18,20,1599.8
2024-10-11,KR,P001,441,488,483.12
2024-10-11,KR,P002,204,235,1172.65
2024-10-11,KR,P003,216,233,3492.67
2024-10-11,KR,P004,0,0,0.0
2024-10-11,KR,P005,257,282,2253.18
2024-10-11,KR,P006,124,138,3448.62
2024-10-11,KR,P007,131,145,1448.55
2024-10-11,KR,P009,0,0,0.0
2024-10-11,KR,P010,125,134,668.66
2024-10-11,KR,P011,87,88,1759.12
2024-10-11,KR,P012,58,60,4799.4
2024-10-11,JP,P001,342,377,373.23
2024-10-11,JP,P002,187,195,973.05
2024-10-11,JP,P003,153,168,2518.32
2024-10-11,JP,P004,0,0,0.0
2024-10-11,JP,P005,223,237,1893.63
2024-10-11,JP,P006,115,126,3148.74
2024-10-11,JP,P007,123,129,1288.71
2024-10-11,JP,P009,0,0,0.0
2024-10-11,JP,P010,119,130,648.7
2024-10-11,JP,P011,71,77,1539.23
2024-10-11,JP,P012,19,19,1519.81
2024-10-11,GLOBAL_WEST,P001,661,707,699.93
2024-10-11,GLOBAL_WEST,P002,292,316,1576.84
2024-10-11,GLOBAL_WEST,P003,273,297,4452.03
2024-10-11,GLOBAL_WEST,P004,0,0,0.0
2024-10-11,GLOBAL_WEST,P005,362,416,3323.84
2024-10-11,GLOBAL_WEST,P006,166,176,4398.24
2024-10-11,GLOBAL_WEST,P007,207,224,2237.76
2024-10-11,GLOBAL_WEST,P009,0,0,0.0
2024-10-11,GLOBAL_WEST,P010,268,293,1462.07
2024-10-11,GLOBAL_WEST,P011,119,133,2658.67
2024-10-11,GLOBAL_WEST,P012,99,103,8238.97
2024-10-12,KR,P001,390,424,419.76
2024-10-12,KR,P002,200,221,1102.79
2024-10-12,KR,P003,163,176,2638.24
2024-10-12,KR,P004,0,0,0.0
2024-10-12,KR,P005,215,234,1869.66
2024-10-12,KR,P006,110,116,2898.84
2024-10-12,KR,P007,165,175,1748.25
2024-10-12,KR,P009,0,0,0.0
2024-10-12,KR,P010,104,110,548.9
2024-10-12,KR,P011,21,22,439.78
2024-10-12,KR,P012,18,20,1599.8
2024-10-12,JP,P001,305,345,341.55
2024-10-12,JP,P002,137,148,738.52
2024-10-12,JP,P003,164,171,2563.29
2024-10-12,JP,P004,0,0,0.0
2024-10-12,JP,P005,172,183,1462.17
2024-10-12,JP,P006,96,104,2598.96
2024-10-12,JP,P007,127,141,1408.59
2024-10-12,JP,P009,0,0,0.0
2024-10-12,JP,P010,100,100,499.0
2024-10-12,JP,P011,59,64,1279.36
2024-10-12,JP,P012,13,15,1199.85
2024-10-12,GLOBAL_WEST,P001,604,649,642.51
2024-10-12,GLOBAL_WEST,P002,296,312,1556.88
2024-10-12,GLOBAL_WEST,P003,297,314,4706.86
2024-10-12,GLOBAL_WEST,P004,0,0,0.0
2024-10-12,GLOBAL_WEST,P005,342,350,2796.5
2024-10-12,GLOBAL_WEST,P006,148,163,4073.37
2024-10-12,GLOBAL_WEST,P007,269,299,2987.01
2024-10-12,GLOBAL_WEST,P009,0,0,0.0
2024-10-12,GLOBAL_WEST,P010,154,166,828.34
2024-10-12,GLOBAL_WEST,P011,182,198,3958.02
2024-10-12,GLOBAL_WEST,P012,112,127,10158.73
2024-10-13,KR,P001,370,405,400.95
2024-10-13,KR,P002,218,227,1132.73
2024-10-13,KR,P003,192,208,3117.92
2024-10-13,KR,P004,0,0,0.0
2024-10-13,KR,P005,231,266,2125.34
2024-10-13,KR,P006,111,121,3023.79
2024-10-13,KR,P007,142,158,1578.42
2024-10-13,KR,P009,0,0,0.0
2024-10-13,KR,P010,105,115,573.85
2024-10-13,KR,P011,98,109,2178.91
2024-10-13,KR,P012,49,52,4159.48
2024-10-13,JP,P001,325,343,339.57
2024-10-13,JP,P002,148,158,788.42
2024-10-13,JP,P003,167,182,2728.18
2024-10-13,JP,P004,0,0,0.0
2024-10-13,JP,P005,197,197,1574.03
2024-10-13,JP,P006,78,85,2124.15
2024-10-13,JP,P007,112,122,1218.78
2024-10-13,JP,P009,0,0,0.0
2024-10-13,JP,P010,101,106,528.94
2024-10-13,JP,P011,66,70,1399.3
2024-10-13,JP,P012,8,9,719.91
2024-10-13,GLOBAL_WEST,P001,714,766,758.34
2024-10-13,GLOBAL_WEST,P002,382,414,2065.86
2024-10-13,GLOBAL_WEST,P003,336,370,5546.3
2024-10-13,GLOBAL_WEST,P004,0,0,0.0
2024-10-13,GLOBAL_WEST,P005,383,406,3243.94
2024-10-13,GLOBAL_WEST,P006,138,150,3748.5
2024-10-13,GLOBAL_WEST,P007,287,308,3076.92
2024-10-13,GLOBAL_WEST,P009,0,0,0.0
2024-10-13,GLOBAL_WEST,P010,230,242,1207.58
2024-10-13,GLOBAL_WEST,P011,144,150,2998.5
2024-10-13,GLOBAL_WEST,P012,36,38,3039.62
2024-10-14,KR,P001,353,374,370.26
2024-10-14,KR,P002,182,190,948.1
2024-10-14,KR,P003,166,166,2488.34
2024-10-14,KR,P004,0,0,0.0
2024-10-14,KR,P005,216,238,1901.62
2024-10-14,KR,P006,111,117,2923.83
2024-10-14,KR,P007,144,159,1588.41
2024-10-14,KR,P009,0,0,0.0
2024-10-14,KR,P010,77,86,429.14
2024-10-14,KR,P011,60,67,1339.33
2024-10-14,KR,P012,0,0,0.0
2024-10-14,JP,P001,326,343,339.57
2024-10-14,JP,P002,155,164,818.36
2024-10-14,JP,P003,171,178,2668.22
2024-10-14,JP,P004,0,0,0.0
2024-10-14,JP,P005,181,194,1550.06
2024-10-14,JP,P006,95,97,2424.03
2024-10-14,JP,P007,148,157,1568.43
2024-10-14,JP,P009,0,0,0.0
2024-10-14,JP,P010,126,127,633.73
2024-10-14,JP,P011,63,67,1339.33
2024-10-14,JP,P012,30,32,2559.68
2024-10-14,GLOBAL_WEST,P001,558,649,642.51
2024-10-14,GLOBAL_WEST,P002,329,362,1806.38
2024-10-14,GLOBAL_WEST,P003,347,369,5531.31
2024-10-14,GLOBAL_WEST,P004,0,0,0.0
2024-10-14,GLOBAL_WEST,P005,378,406,3243.94
2024-10-14,GLOBAL_WEST,P006,165,173,4323.27
2024-10-14,GLOBAL_WEST,P007,226,247,2467.53
2024-10-14,GLOBAL_WEST,P009,0,0,0.0
2024-10-14,GLOBAL_WEST,P010,154,165,823.35
2024-10-14,GLOBAL_WEST,P011,126,142,2838.58
2024-10-14,GLOBAL_WEST,P012,16,16,1279.84
2024-10-15,KR,P001,374,382,378.18
2024-10-15,KR,P002,216,232,1157.68
2024-10-15,KR,P003,183,193,2893.07
2024-10-15,KR,P004,0,0,0.0
2024-10-15,KR,P005,217,218,1741.82
2024-10-15,KR,P006,123,129,3223.71
2024-10-15,KR,P007,133,141,1408.59
2024-10-15,KR,P009,0,0,0.0
2024-10-15,KR,P010,136,145,723.55
2024-10-15,KR,P011,103,117,2338.83
2024-10-15,KR,P012,27,30,2399.7
2024-10-15,JP,P001,321,363,359.37
2024-10-15,JP,P002,168,183,913.17
2024-10-15,JP,P003,156,175,2623.25
2024-10-15,JP,P004,0,0,0.0
2024-10-15,JP,P005,170,183,1462.17
2024-10-15,JP,P006,118,128,3198.72
2024-10-15,JP,P007,130,137,1368.63
2024-10-15,JP,P009,0,0,0.0
2024-10-15,JP,P010,85,92,459.08
2024-10-15,JP,P011,79,82,1639.18
2024-10-15,JP,P012,16,18,1439.82
2024-10-15,GLOBAL_WEST,P001,631,675,668.25
2024-10-15,GLOBAL_WEST,P002,372,405,2020.95
2024-10-15,GLOBAL_WEST,P003,303,322,4826.78
2024-10-15,GLOBAL_WEST,P004,0,0,0.0
2024-10-15,GLOBAL_WEST,P005,350,390,3116.1
2024-10-15,GLOBAL_WEST,P006,197,213,5322.87
2024-10-15,GLOBAL_WEST,P007,236,238,2377.62
2024-10-15,GLOBAL_WEST,P009,0,0,0.0
2024-10-15,GLOBAL_WEST,P010,207,217,1082.83
2024-10-15,GLOBAL_WEST,P011,157,172,3438.28
2024-10-15,GLOBAL_WEST,P012,20,22,1759.78
2024-10-16,KR,P001,368,417,412.83
2024-10-16,KR,P002,182,191,953.09
2024-10-16,KR,P003,197,218,3267.82
2024-10-16,KR,P004,0,0,0.0
2024-10-16,KR,P005,224,247,1973.53
2024-10-16,KR,P006,115,123,3073.77
2024-10-16,KR,P007,128,133,1328.67
2024-10-16,KR,P009,0,0,0.0
2024-10-16,KR,P010,127,139,693.61
2024-10-16,KR,P011,71,74,1479.26
2024-10-16,KR,P012,26,28,2239.72
2024-10-16,JP,P001,320,345,341.55
2024-10-16,JP,P002,113,117,583.83
2024-10-16,JP,P003,165,171,2563.29
2024-10-16,JP,P004,0,0,0.0
2024-10-16,JP,P005,182,199,1590.01
2024-10-16,JP,P006,82,89,2224.11
2024-10-16,JP,P007,101,108,1078.92
2024-10-16,JP,P009,0,0,0.0
2024-10-16,JP,P010,106,110,548.9
2024-10-16,JP,P011,70,80,1599.2
2024-10-16,JP,P012,37,38,3039.62
2024-10-16,GLOBAL_WEST,P001,574,601,594.99
2024-10-16,GLOBAL_WEST,P002,281,308,1536.92
2024-10-16,GLOBAL_WEST,P003,297,313,4691.87
2024-10-16,GLOBAL_WEST,P004,0,0,0.0
2024-10-16,GLOBAL_WEST,P005,352,371,2964.29
2024-10-16,GLOBAL_WEST,P006,197,210,5247.9
2024-10-16,GLOBAL_WEST,P007,193,202,2017.98
2024-10-16,GLOBAL_WEST,P009,0,0,0.0
2024-10-16,GLOBAL_WEST,P010,206,222,1107.78
2024-10-16,GLOBAL_WEST,P011,66,69,1379.31
2024-10-16,GLOBAL_WEST,P012,35,36,2879.64
2024-10-17,KR,P001,350,394,390.06
2024-10-17,KR,P002,222,241,1202.59
2024-10-17,KR,P003,230,239,3582.61
2024-10-17,KR,P004,0,0,0.0
2024-10-17,KR,P005,240,258,2061.42
2024-10-17,KR,P006,96,103,2573.97
2024-10-17,KR,P007,128,136,1358.64
2024-10-17,KR,P009,0,0,0.0
2024-10-17,KR,P010,71,72,359.28
2024-10-17,KR,P011,62,67,1339.33
2024-10-17,KR,P012,55,58,4639.42
2024-10-17,JP,P001,316,327,323.73
2024-10-17,JP,P002,144,161,803.39
2024-10-17,JP,P003,172,186,2788.14
2024-10-17,JP,P004,0,0,0.0
2024-10-17,JP,P005,152,162,1294.38
2024-10-17,JP,P006,82,82,2049.18
2024-10-17,JP,P007,119,125,1248.75
2024-10-17,JP,P009,0,0,0.0
2024-10-17,JP,P010,79,85,424.15
2024-10-17,JP,P011,41,43,859.57
2024-10-17,JP,P012,14,14,1119.86
2024-10-17,GLOBAL_WEST,P001,584,619,612.81
2024-10-17,GLOBAL_WEST,P002,304,323,1611.77
2024-10-17,GLOBAL_WEST,P003,352,376,5636.24
2024-10-17,GLOBAL_WEST,P004,0,0,0.0
2024-10-17,GLOBAL_WEST,P005,342,374,2988.26
2024-10-17,GLOBAL_WEST,P006,177,193,4823.07
2024-10-17,GLOBAL_WEST,P007,226,245,2447.55
2024-10-17,GLOBAL_WEST,P009,0,0,0.0
2024-10-17,GLOBAL_WEST,P010,120,134,668.66
2024-10-17,GLOBAL_WEST,P011,144,153,3058.47
2024-10-17,GLOBAL_WEST,P012,61,66,5279.34
2024-10-18,KR,P001,384,417,412.83
2024-10-18,KR,P002,199,214,1067.86
2024-10-18,KR,P003,199,216,3237.84
2024-10-18,KR,P004,0,0,0.0
2024-10-18,KR,P005,213,227,1813.73
2024-10-18,KR,P006,97,99,2474.01
2024-10-18,KR,P007,160,173,1728.27
2024-10-18,KR,P009,0,0,0.0
2024-10-18,KR,P010,134,143,713.57
2024-10-18,KR,P011,71,75,1499.25
2024-10-18,KR,P012,33,33,2639.67
2024-10-18,JP,P001,321,356,352.44
2024-10-18,JP,P002,166,180,898.2
2024-10-18,JP,P003,171,176,2638.24
2024-10-18,JP,P004,0,0,0.0
2024-10-18,JP,P005,235,247,1973.53
2024-10-18,JP,P006,111,123,3073.77
2024-10-18,JP,P007,132,141,1408.59
2024-10-18,JP,P009,0,0,0.0
2024-10-18,JP,P010,93,104,518.96
2024-10-18,JP,P011,71,78,1559.22
2024-10-18,JP,P012,4,4,319.96
2024-10-18,GLOBAL_WEST,P001,513,579,573.21
2024-10-18,GLOBAL_WEST,P002,285,318,1586.82
2024-10-18,GLOBAL_WEST,P003,271,289,4332.11
2024-10-18,GLOBAL_WEST,P004,0,0,0.0
2024-10-18,GLOBAL_WEST,P005,357,379,3028.21
2024-10-18,GLOBAL_WEST,P006,154,166,4148.34
2024-10-18,GLOBAL_WEST,P007,182,194,1938.06
2024-10-18,GLOBAL_WEST,P009,0,0,0.0
2024-10-18,GLOBAL_WEST,P010,206,213,1062.87
2024-10-18,GLOBAL_WEST,P011,106,117,2338.83
2024-10-18,GLOBAL_WEST,P012,112,118,9438.82
2024-10-19,KR,P001,383,391,387.09
2024-10-19,KR,P002,154,161,803.39
2024-10-19,KR,P003,170,190,2848.1
2024-10-19,KR,P004,0,0,0.0
2024-10-19,KR,P005,233,247,1973.53
2024-10-19,KR,P006,129,137,3423.63
2024-10-19,KR,P007,151,156,1558.44
2024-10-19,KR,P009,0,0,0.0
2024-10-19,KR,P010,119,120,598.8
2024-10-19,KR,P011,65,68,1359.32
2024-10-19,KR,P012,80,85,6799.15
2024-10-19,JP,P001,316,353,349.47
2024-10-19,JP,P002,166,175,873.25
2024-10-19,JP,P003,160,173,2593.27
2024-10-19,JP,P004,0,0,0.0
2024-10-19,JP,P005,201,225,1797.75
2024-10-19,JP,P006,89,96,2399.04
2024-10-19,JP,P007,111,119,1188.81
2024-10-19,JP,P009,0,0,0.0
2024-10-19,JP,P010,106,115,573.85
2024-10-19,JP,P011,66,67,1339.33
2024-10-19,JP,P012,24,26,2079.74
2024-10-19,GLOBAL_WEST,P001,561,589,583.11
2024-10-19,GLOBAL_WEST,P002,277,298,1487.02
2024-10-19,GLOBAL_WEST,P003,297,332,4976.68
2024-10-19,GLOBAL_WEST,P004,0,0,0.0
2024-10-19,GLOBAL_WEST,P005,303,317,2532.83
2024-10-19,GLOBAL_WEST,P006,130,133,3323.67
2024-10-19,GLOBAL_WEST,P007,111,124,1238.76
2024-10-19,GLOBAL_WEST,P009,0,0,0.0
2024-10-19,GLOBAL_WEST,P010,155,170,848.3
2024-10-19,GLOBAL_WEST,P011,122,125,2498.75
2024-10-19,GLOBAL_WEST,P012,30,33,2639.67
2024-10-20,KR,P001,399,436,431.64
2024-10-20,KR,P002,189,202,1007.98
2024-10-20,KR,P003,193,207,3102.93
2024-10-20,KR,P004,0,0,0.0
2024-10-20,KR,P005,229,244,1949.56
2024-10-20,KR,P006,124,132,3298.68
2024-10-20,KR,P007,144,160,1598.4
2024-10-20,KR,P009,0,0,0.0
2024-10-20,KR,P010,93,99,494.01
2024-10-20,KR,P011,127,134,2678.66
2024-10-20,KR,P012,45,46,3679.54
2024-10-20,JP,P001,361,397,393.03
2024-10-20,JP,P002,148,158,788.42
2024-10-20,JP,P003,166,182,2728.18
2024-10-20,JP,P004,0,0,0.0
2024-10-20,JP,P005,193,208,1661.92
2024-10-20,JP,P006,90,100,2499.0
2024-10-20,JP,P007,126,129,1288.71
2024-10-20,JP,P009,0,0,0.0
2024-10-20,JP,P010,107,114,568.86
2024-10-20,JP,P011,32,35,699.65
2024-10-20,JP,P012,32,35,2799.65
2024-10-20,GLOBAL_WEST,P001,550,604,597.96
2024-10-20,GLOBAL_WEST,P002,300,309,1541.91
2024-10-20,GLOBAL_WEST,P003,352,379,5681.21
2024-10-20,GLOBAL_WEST,P004,0,0,0.0
2024-10-20,GLOBAL_WEST,P005,341,368,2940.32
2024-10-20,GLOBAL_WEST,P006,206,217,5422.83
2024-10-20,GLOBAL_WEST,P007,183,204,2037.96
2024-10-20,GLOBAL_WEST,P009,0,0,0.0
2024-10-20,GLOBAL_WEST,P010,128,134,668.66
2024-10-20,GLOBAL_WEST,P011,114,127,2538.73
2024-10-20,GLOBAL_WEST,P012,55,58,4639.42
2024-10-21,KR,P001,333,352,348.48
2024-10-21,KR,P002,171,183,913.17
2024-10-21,KR,P003,168,172,2578.28
2024-10-21,KR,P004,0,0,0.0
2024-10-21,KR,P005,232,259,2069.41
2024-10-21,KR,P006,143,152,3798.48
2024-10-21,KR,P007,136,141,1408.59
2024-10-21,KR,P009,0,0,0.0
2024-10-21,KR,P010,89,90,449.1
2024-10-21,KR,P011,63,71,1419.29
2024-10-21,KR,P012,38,41,3279.59
2024-10-21,JP,P001,340,364,360.36
2024-10-21,JP,P002,153,162,808.38
2024-10-21,JP,P003,157,166,2488.34
2024-10-21,JP,P004,0,0,0.0
2024-10-21,JP,P005,194,216,1725.84
2024-10-21,JP,P006,102,111,2773.89
2024-10-21,JP,P007,137,145,1448.55
2024-10-21,JP,P009,0,0,0.0
2024-10-21,JP,P010,78,83,414.17
2024-10-21,JP,P011,78,85,1699.15
2024-10-21,JP,P012,21,22,1759.78
2024-10-21,GLOBAL_WEST,P001,554,590,584.1
2024-10-21,GLOBAL_WEST,P002,289,318,1586.82
2024-10-21,GLOBAL_WEST,P003,304,327,4901.73
2024-10-21,GLOBAL_WEST,P004,0,0,0.0
2024-10-21,GLOBAL_WEST,P005,311,342,2732.58
2024-10-21,GLOBAL_WEST,P006,149,166,4148.34
2024-10-21,GLOBAL_WEST,P007,241,258,2577.42
2024-10-21,GLOBAL_WEST,P009,0,0,0.0
2024-10-21,GLOBAL_WEST,P010,175,189,943.11
2024-10-21,GLOBAL_WEST,P011,109,116,2318.84
2024-10-21,GLOBAL_WEST,P012,68,76,6079.24
2024-10-22,KR,P001,360,367,363.33
2024-10-22,KR,P002,207,221,1102.79
2024-10-22,KR,P003,205,232,3477.68
2024-10-22,KR,P004,0,0,0.0
2024-10-22,KR,P005,235,236,1885.64
2024-10-22,KR,P006,139,152,3798.48
2024-10-22,KR,P007,113,119,1188.81
2024-10-22,KR,P009,0,0,0.0
2024-10-22,KR,P010,93,100,499.0
2024-10-22,KR,P011,49,54,1079.46
2024-10-22,KR,P012,58,59,4719.41
2024-10-22,JP,P001,312,334,330.66
2024-10-22,JP,P002,126,136,678.64
2024-10-22,JP,P003,175,200,2998.0
2024-10-22,JP,P004,0,0,0.0
2024-10-22,JP,P005,178,191,1526.09
2024-10-22,JP,P006,60,66,1649.34
2024-10-22,JP,P007,98,107,1068.93
2024-10-22,JP,P009,0,0,0.0
2024-10-22,JP,P010,97,104,518.96
2024-10-22,JP,P011,47,48,959.52
2024-10-22,JP,P012,39,42,3359.58
2024-10-22,GLOBAL_WEST,P001,597,627,620.73
2024-10-22,GLOBAL_WEST,P002,270,294,1467.06
2024-10-22,GLOBAL_WEST,P003,324,358,5366.42
2024-10-22,GLOBAL_WEST,P004,0,0,0.0
2024-10-22,GLOBAL_WEST,P005,326,348,2780.52
2024-10-22,GLOBAL_WEST,P006,210,224,5597.76
2024-10-22,GLOBAL_WEST,P007,223,233,2327.67
2024-10-22,GLOBAL_WEST,P009,0,0,0.0
2024-10-22,GLOBAL_WEST,P010,198,205,1022.95
2024-10-22,GLOBAL_WEST,P011,143,155,3098.45
2024-10-22,GLOBAL_WEST,P012,26,27,2159.73
2024-10-23,KR,P001,370,392,388.08
2024-10-23,KR,P002,208,223,1112.77
2024-10-23,KR,P003,195,210,3147.9
2024-10-23,KR,P004,0,0,0.0
2024-10-23,KR,P005,229,244,1949.56
2024-10-23,KR,P006,88,100,2499.0
2024-10-23,KR,P007,134,147,1468.53
2024-10-23,KR,P009,0,0,0.0
2024-10-23,KR,P010,94,100,499.0
2024-10-23,KR,P011,59,63,1259.37
2024-10-23,KR,P012,40,45,3599.55
2024-10-23,JP,P001,306,333,329.67
2024-10-23,JP,P002,176,182,908.18
2024-10-23,JP,P003,160,177,2653.23
2024-10-23,JP,P004,0,0,0.0
2024-10-23,JP,P005,157,167,1334.33
2024-10-23,JP,P006,73,80,1999.2
2024-10-23,JP,P007,131,139,1388.61
2024-10-23,JP,P009,0,0,0.0
2024-10-23,JP,P010,87,96,479.04
2024-10-23,JP,P011,61,65,1299.35
2024-10-23,JP,P012,37,40,3199.6
2024-10-23,GLOBAL_WEST,P001,501,532,526.68
2024-10-23,GLOBAL_WEST,P002,244,265,1322.35
2024-10-23,GLOBAL_WEST,P003,271,295,4422.05
2024-10-23,GLOBAL_WEST,P004,0,0,0.0
2024-10-23,GLOBAL_WEST,P005,261,277,2213.23
2024-10-23,GLOBAL_WEST,P006,119,130,3248.7
2024-10-23,GLOBAL_WEST,P007,214,230,2297.7
2024-10-23,GLOBAL_WEST,P009,0,0,0.0
2024-10-23,GLOBAL_WEST,P010,127,133,663.67
2024-10-23,GLOBAL_WEST,P011,123,132,2638.68
2024-10-23,GLOBAL_WEST,P012,31,33,2639.67
2024-10-24,KR,P001,377,403,398.97
2024-10-24,KR,P002,200,209,1042.91
2024-10-24,KR,P003,157,165,2473.35
2024-10-24,KR,P004,0,0,0.0
2024-10-24,KR,P005,254,273,2181.27
2024-10-24,KR,P006,130,148,3698.52
2024-10-24,KR,P007,122,134,1338.66
2024-10-24,KR,P009,0,0,0.0
2024-10-24,KR,P010,128,135,673.65
2024-10-24,KR,P011,56,60,1199.4
2024-10-24,KR,P012,0,0,0.0
2024-10-24,JP,P001,343,364,360.36
2024-10-24,JP,P002,177,195,973.05
2024-10-24,JP,P003,140,147,2203.53
2024-10-24,JP,P004,0,0,0.0
2024-10-24,JP,P005,181,191,1526.09
2024-10-24,JP,P006,66,73,1824.27
2024-10-24,JP,P007,104,110,1098.9
2024-10-24,JP,P009,0,0,0.0
2024-10-24,JP,P010,112,124,618.76
2024-10-24,JP,P011,55,59,1179.41
2024-10-24,JP,P012,24,26,2079.74
2024-10-24,GLOBAL_WEST,P001,518,584,578.16
2024-10-24,GLOBAL_WEST,P002,268,285,1422.15
2024-10-24,GLOBAL_WEST,P003,299,314,4706.86
2024-10-24,GLOBAL_WEST,P004,0,0,0.0
2024-10-24,GLOBAL_WEST,P005,291,322,2572.78
2024-10-24,GLOBAL_WEST,P006,132,138,3448.62
2024-10-24,GLOBAL_WEST,P007,209,224,2237.76
2024-10-24,GLOBAL_WEST,P009,0,0,0.0
2024-10-24,GLOBAL_WEST,P010,117,127,633.73
2024-10-24,GLOBAL_WEST,P011,40,42,839.58
2024-10-24,GLOBAL_WEST,P012,49,52,4159.48
2024-10-25,KR,P001,360,400,396.0
2024-10-25,KR,P002,187,202,1007.98
2024-10-25,KR,P003,169,186,2788.14
2024-10-25,KR,P004,0,0,0.0
2024-10-25,KR,P005,210,230,1837.7
2024-10-25,KR,P006,120,135,3373.65
2024-10-25,KR,P007,147,156,1558.44
2024-10-25,KR,P009,0,0,0.0
2024-10-25,KR,P010,96,100,499.0
2024-10-25,KR,P011,69,72,1439.28
2024-10-25,KR,P012,54,57,4559.43
2024-10-25,JP,P001,339,362,358.38
2024-10-25,JP,P002,138,152,758.48
2024-10-25,JP,P003,176,191,2863.09
2024-10-25,JP,P004,0,0,0.0
2024-10-25,JP,P005,199,215,1717.85
2024-10-25,JP,P006,112,123,3073.77
2024-10-25,JP,P007,105,116,1158.84
2024-10-25,JP,P009,0,0,0.0
2024-10-25,JP,P010,118,126,628.74
2024-10-25,JP,P011,73,81,1619.19
2024-10-25,JP,P012,25,26,2079.74
2024-10-25,GLOBAL_WEST,P001,505,547,541.53
2024-10-25,GLOBAL_WEST,P002,296,316,1576.84
2024-10-25,GLOBAL_WEST,P003,321,348,5216.52
2024-10-25,GLOBAL_WEST,P004,0,0,0.0
2024-10-25,GLOBAL_WEST,P005,309,332,2652.68
2024-10-25,GLOBAL_WEST,P006,165,174,4348.26
2024-10-25,GLOBAL_WEST,P007,151,152,1518.48
2024-10-25,GLOBAL_WEST,P009,0,0,0.0
2024-10-25,GLOBAL_WEST,P010,156,166,828.34
2024-10-25,GLOBAL_WEST,P011,136,144,2878.56
2024-10-25,GLOBAL_WEST,P012,41,46,3679.54
2024-10-26,KR,P001,352,380,376.2
2024-10-26,KR,P002,181,205,1022.95
2024-10-26,KR,P003,158,171,2563.29
2024-10-26,KR,P004,0,0,0.0
2024-10-26,KR,P005,202,212,1693.88
2024-10-26,KR,P006,128,137,3423.63
2024-10-26,KR,P007,108,114,1138.86
2024-10-26,KR,P009,0,0,0.0
2024-10-26,KR,P010,133,147,733.53
2024-10-26,KR,P011,71,76,1519.24
2024-10-26,KR,P012,46,51,4079.49
2024-10-26,JP,P001,343,371,367.29
2024-10-26,JP,P002,152,172,858.28
2024-10-26,JP,P003,149,158,2368.42
2024-10-26,JP,P004,0,0,0.0
2024-10-26,JP,P005,168,181,1446.19
2024-10-26,JP,P006,107,119,2973.81
2024-10-26,JP,P007,120,140,1398.6
2024-10-26,JP,P009,0,0,0.0
2024-10-26,JP,P010,88,98,489.02
2024-10-26,JP,P011,78,80,1599.2
2024-10-26,JP,P012,25,27,2159.73
2024-10-26,GLOBAL_WEST,P001,553,609,602.91
2024-10-26,GLOBAL_WEST,P002,296,327,1631.73
2024-10-26,GLOBAL_WEST,P003,285,306,4586.94
2024-10-26,GLOBAL_WEST,P004,0,0,0.0
2024-10-26,GLOBAL_WEST,P005,359,402,3211.98
2024-10-26,GLOBAL_WEST,P006,195,207,5172.93
2024-10-26,GLOBAL_WEST,P007,146,151,1508.49
2024-10-26,GLOBAL_WEST,P009,0,0,0.0
2024-10-26,GLOBAL_WEST,P010,129,138,688.62
2024-10-26,GLOBAL_WEST,P011,93,102,2038.98
2024-10-26,GLOBAL_WEST,P012,27,29,2319.71
2024-10-27,KR,P001,386,413,408.87
2024-10-27,KR,P002,162,177,883.23
2024-10-27,KR,P003,176,189,2833.11
2024-10-27,KR,P004,0,0,0.0
2024-10-27,KR,P005,221,232,1853.68
2024-10-27,KR,P006,119,123,3073.77
2024-10-27,KR,P007,120,128,1278.72
2024-10-27,KR,P009,0,0,0.0
2024-10-27,KR,P010,103,107,533.93
2024-10-27,KR,P011,72,75,1499.25
2024-10-27,KR,P012,42,43,3439.57
2024-10-27,JP,P001,284,304,300.96
2024-10-27,JP,P002,176,197,983.03
2024-10-27,JP,P003,160,162,2428.38
2024-10-27,JP,P004,0,0,0.0
2024-10-27,JP,P005,172,182,1454.18
2024-10-27,JP,P006,95,103,2573.97
2024-10-27,JP,P007,119,137,1368.63
2024-10-27,JP,P009,0,0,0.0
2024-10-27,JP,P010,74,83,414.17
2024-10-27,JP,P011,76,78,1559.22
2024-10-27,JP,P012,1,1,79.99
2024-10-27,GLOBAL_WEST,P001,544,594,588.06
2024-10-27,GLOBAL_WEST,P002,262,293,1462.07
2024-10-27,GLOBAL_WEST,P003,247,272,4077.28
2024-10-27,GLOBAL_WEST,P004,0,0,0.0
2024-10-27,GLOBAL_WEST,P005,308,329,2628.71
2024-10-27,GLOBAL_WEST,P006,183,195,4873.05
2024-10-27,GLOBAL_WEST,P007,224,233,2327.67
2024-10-27,GLOBAL_WEST,P009,0,0,0.0
2024-10-27,GLOBAL_WEST,P010,169,176,878.24
2024-10-27,GLOBAL_WEST,P011,158,166,3318.34
2024-10-27,GLOBAL_WEST,P012,0,0,0.0
2024-10-28,KR,P001,355,382,378.18
2024-10-28,KR,P002,159,166,828.34
2024-10-28,KR,P003,163,176,2638.24
2024-10-28,KR,P004,0,0,0.0
2024-10-28,KR,P005,184,205,1637.95
2024-10-28,KR,P006,120,131,3273.69
2024-10-28,KR,P007,104,111,1108.89
2024-10-28,KR,P009,0,0,0.0
2024-10-28,KR,P010,111,115,573.85
2024-10-28,KR,P011,34,34,679.66
2024-10-28,KR,P012,63,65,5199.35
2024-10-28,JP,P001,326,358,354.42
2024-10-28,JP,P002,149,151,753.49
2024-10-28,JP,P003,128,141,2113.59
2024-10-28,JP,P004,0,0,0.0
2024-10-28,JP,P005,200,210,1677.9
2024-10-28,JP,P006,90,96,2399.04
2024-10-28,JP,P007,137,142,1418.58
2024-10-28,JP,P009,0,0,0.0
2024-10-28,JP,P010,91,98,489.02
2024-10-28,JP,P011,46,50,999.5
2024-10-28,JP,P012,19,22,1759.78
2024-10-28,GLOBAL_WEST,P001,548,584,578.16
2024-10-28,GLOBAL_WEST,P002,266,300,1497.0
2024-10-28,GLOBAL_WEST,P003,285,316,4736.84
2024-10-28,GLOBAL_WEST,P004,0,0,0.0
2024-10-28,GLOBAL_WEST,P005,346,377,3012.23
2024-10-28,GLOBAL_WEST,P006,123,131,3273.69
2024-10-28,GLOBAL_WEST,P007,168,174,1738.26
2024-10-28,GLOBAL_WEST,P009,0,0,0.0
2024-10-28,GLOBAL_WEST,P010,180,192,958.08
2024-10-28,GLOBAL_WEST,P011,85,89,1779.11
2024-10-28,GLOBAL_WEST,P012,62,66,5279.34
2024-10-29,KR,P001,355,377,373.23
2024-10-29,KR,P002,176,185,923.15
2024-10-29,KR,P003,157,165,2473.35
2024-10-29,KR,P004,0,0,0.0
2024-10-29,KR,P005,220,236,1885.64
2024-10-29,KR,P006,108,117,2923.83
2024-10-29,KR,P007,109,114,1138.86
2024-10-29,KR,P009,0,0,0.0
2024-10-29,KR,P010,110,123,613.77
2024-10-29,KR,P011,51,57,1139.43
2024-10-29,KR,P012,30,33,2639.67
2024-10-29,JP,P001,302,326,322.74
2024-10-29,JP,P002,181,186,928.14
2024-10-29,JP,P003,178,188,2818.12
2024-10-29,JP,P004,0,0,0.0
2024-10-29,JP,P005,204,218,1741.82
2024-10-29,JP,P006,87,98,2449.02
2024-10-29,JP,P007,122,136,1358.64
2024-10-29,JP,P009,0,0,0.0
2024-10-29,JP,P010,110,116,578.84
2024-10-29,JP,P011,70,76,1519.24
2024-10-29,JP,P012,11,11,879.89
2024-10-29,GLOBAL_WEST,P001,541,581,575.19
2024-10-29,GLOBAL_WEST,P002,262,280,1397.2
2024-10-29,GLOBAL_WEST,P003,292,312,4676.88
2024-10-29,GLOBAL_WEST,P004,0,0,0.0
2024-10-29,GLOBAL_WEST,P005,359,396,3164.04
2024-10-29,GLOBAL_WEST,P006,176,193,4823.07
2024-10-29,GLOBAL_WEST,P007,213,233,2327.67
2024-10-29,GLOBAL_WEST,P009,0,0,0.0
2024-10-29,GLOBAL_WEST,P010,188,204,1017.96
2024-10-29,GLOBAL_WEST,P011,106,114,2278.86
2024-10-29,GLOBAL_WEST,P012,0,0,0.0
2024-10-30,KR,P001,353,408,403.92
2024-10-30,KR,P002,174,186,928.14
2024-10-30,KR,P003,159,166,2488.34
2024-10-30,KR,P004,0,0,0.0
2024-10-30,KR,P005,203,226,1805.74
2024-10-30,KR,P006,106,109,2723.91
2024-10-30,KR,P007,122,133,1328.67
2024-10-30,KR,P009,0,0,0.0
2024-10-30,KR,P010,97,104,518.96
2024-10-30,KR,P011,47,52,1039.48
2024-10-30,KR,P012,23,24,1919.76
2024-10-30,JP,P001,306,319,315.81
2024-10-30,JP,P002,159,173,863.27
2024-10-30,JP,P003,171,188,2818.12
2024-10-30,JP,P004,0,0,0.0
2024-10-30,JP,P005,168,179,1430.21
2024-10-30,JP,P006,109,120,2998.8
2024-10-30,JP,P007,100,108,1078.92
2024-10-30,JP,P009,0,0,0.0
2024-10-30,JP,P010,77,79,394.21
2024-10-30,JP,P011,78,83,1659.17
2024-10-30,JP,P012,20,20,1599.8
2024-10-30,GLOBAL_WEST,P001,516,544,538.56
2024-10-30,GLOBAL_WEST,P002,232,262,1307.38
2024-10-30,GLOBAL_WEST,P003,266,286,4287.14
2024-10-30,GLOBAL_WEST,P004,0,0,0.0
2024-10-30,GLOBAL_WEST,P005,317,345,2756.55
2024-10-30,GLOBAL_WEST,P006,179,198,4948.02
2024-10-30,GLOBAL_WEST,P007,151,159,1588.41
2024-10-30,GLOBAL_WEST,P009,0,0,0.0
2024-10-30,GLOBAL_WEST,P010,171,185,923.15
2024-10-30,GLOBAL_WEST,P011,52,54,1079.46
2024-10-30,GLOBAL_WEST,P012,60,64,5119.36
2024-10-31,KR,P001,366,422,417.78
2024-10-31,KR,P002,174,191,953.09
2024-10-31,KR,P003,180,193,2893.07
2024-10-31,KR,P004,0,0,0.0
2024-10-31,KR,P005,218,239,1909.61
2024-10-31,KR,P006,115,125,3123.75
2024-10-31,KR,P007,113,128,1278.72
2024-10-31,KR,P009,0,0,0.0
2024-10-31,KR,P010,97,101,503.99
2024-10-31,KR,P011,74,77,1539.23
2024-10-31,KR,P012,28,29,2319.71
2024-10-31,JP,P001,305,335,331.65
2024-10-31,JP,P002,157,177,883.23
2024-10-31,JP,P003,176,183,2743.17
2024-10-31,JP,P004,0,0,0.0
2024-10-31,JP,P005,202,218,1741.82
2024-10-31,JP,P006,75,77,1924.23
2024-10-31,JP,P007,142,149,1488.51
2024-10-31,JP,P009,0,0,0.0
2024-10-31,JP,P010,88,89,444.11
2024-10-31,JP,P011,77,81,1619.19
2024-10-31,JP,P012,44,48,3839.52
2024-10-31,GLOBAL_WEST,P001,546,554,548.46
2024-10-31,GLOBAL_WEST,P002,259,292,1457.08
2024-10-31,GLOBAL_WEST,P003,256,258,3867.42
2024-10-31,GLOBAL_WEST,P004,0,0,0.0
2024-10-31,GLOBAL_WEST,P005,335,358,2860.42
2024-10-31,GLOBAL_WEST,P006,188,200,4998.0
2024-10-31,GLOBAL_WEST,P007,208,227,2267.73
2024-10-31,GLOBAL_WEST,P009,0,0,0.0
2024-10-31,GLOBAL_WEST,P010,104,117,583.83
2024-10-31,GLOBAL_WEST,P011,103,107,2138.93
2024-10-31,GLOBAL_WEST,P012,61,65,5199.35
2024-11-01,KR,P001,351,369,365.31
2024-11-01,KR,P002,168,181,903.19
2024-11-01,KR,P003,205,219,3282.81
2024-11-01,KR,P004,0,0,0.0
2024-11-01,KR,P005,224,255,2037.45
2024-11-01,KR,P006,101,110,2748.9
2024-11-01,KR,P007,147,159,1588.41
2024-11-01,KR,P009,0,0,0.0
2024-11-01,KR,P010,114,125,623.75
2024-11-01,KR,P011,70,78,1559.22
2024-11-01,KR,P012,25,26,2079.74
2024-11-01,JP,P001,301,332,328.68
2024-11-01,JP,P002,173,192,958.08
2024-11-01,JP,P003,187,192,2878.08
2024-11-01,JP,P004,0,0,0.0
2024-11-01,JP,P005,183,203,1621.97
2024-11-01,JP,P006,77,80,1999.2
2024-11-01,JP,P007,110,120,1198.8
2024-11-01,JP,P009,0,0,0.0
2024-11-01,JP,P010,118,130,648.7
2024-11-01,JP,P011,87,93,1859.07
2024-11-01,JP,P012,18,22,1759.78
2024-11-01,GLOBAL_WEST,P001,532,559,553.41
2024-11-01,GLOBAL_WEST,P002,241,252,1257.48
2024-11-01,GLOBAL_WEST,P003,288,310,4646.9
2024-11-01,GLOBAL_WEST,P004,0,0,0.0
2024-11-01,GLOBAL_WEST,P005,273,281,2245.19
2024-11-01,GLOBAL_WEST,P006,148,162,4048.38
2024-11-01,GLOBAL_WEST,P007,190,199,1988.01
2024-11-01,GLOBAL_WEST,P009,0,0,0.0
2024-11-01,GLOBAL_WEST,P010,181,205,1022.95
2024-11-01,GLOBAL_WEST,P011,30,32,639.68
2024-11-01,GLOBAL_WEST,P012,48,53,4239.47
2024-11-02,KR,P001,345,384,380.16
2024-11-02,KR,P002,178,196,978.04
2024-11-02,KR,P003,179,194,2908.06
2024-11-02,KR,P004,0,0,0.0
2024-11-02,KR,P005,216,240,1917.6
2024-11-02,KR,P006,98,105,2623.95
2024-11-02,KR,P007,134,139,1388.61
2024-11-02,KR,P009,0,0,0.0
2024-11-02,KR,P010,79,81,404.19
2024-11-02,KR,P011,85,95,1899.05
2024-11-02,KR,P012,32,34,2719.66
2024-11-02,JP,P001,332,360,356.4
2024-11-02,JP,P002,137,148,738.52
2024-11-02,JP,P003,149,164,2458.36
2024-11-02,JP,P004,0,0,0.0
2024-11-02,JP,P005,187,203,1621.97
2024-11-02,JP,P006,70,77,1924.23
2024-11-02,JP,P007,108,117,1168.83
2024-11-02,JP,P009,0,0,0.0
2024-11-02,JP,P010,85,87,434.13
2024-11-02,JP,P011,66,72,1439.28
2024-11-02,JP,P012,15,15,1199.85
2024-11-02,GLOBAL_WEST,P001,453,504,498.96
2024-11-02,GLOBAL_WEST,P002,289,320,1596.8
2024-11-02,GLOBAL_WEST,P003,231,244,3657.56
2024-11-02,GLOBAL_WEST,P004,0,0,0.0
2024-11-02,GLOBAL_WEST,P005,294,326,2604.74
2024-11-02,GLOBAL_WEST,P006,154,168,4198.32
2024-11-02,GLOBAL_WEST,P007,136,148,1478.52
2024-11-02,GLOBAL_WEST,P009,0,0,0.0
2024-11-02,GLOBAL_WEST,P010,187,199,993.01
2024-11-02,GLOBAL_WEST,P011,94,106,2118.94
2024-11-02,GLOBAL_WEST,P012,40,42,3359.58
2024-11-03,KR,P001,335,373,369.27
2024-11-03,KR,P002,195,226,1127.74
2024-11-03,KR,P003,182,198,2968.02
2024-11-03,KR,P004,0,0,0.0
2024-11-03,KR,P005,209,243,1941.57
2024-11-03,KR,P006,130,139,3473.61
2024-11-03,KR,P007,134,139,1388.61
2024-11-03,KR,P009,0,0,0.0
2024-11-03,KR,P010,103,110,548.9
2024-11-03,KR,P011,64,71,1419.29
2024-11-03,KR,P012,4,4,319.96
2024-11-03,JP,P001,271,297,294.03
2024-11-03,JP,P002,148,156,778.44
2024-11-03,JP,P003,124,131,1963.69
2024-11-03,JP,P004,0,0,0.0
2024-11-03,JP,P005,183,195,1558.05
2024-11-03,JP,P006,71,78,1949.22
2024-11-03,JP,P007,123,133,1328.67
2024-11-03,JP,P009,0,0,0.0
2024-11-03,JP,P010,114,126,628.74
2024-11-03,JP,P011,63,65,1299.35
2024-11-03,JP,P012,39,42,3359.58
2024-11-03,GLOBAL_WEST,P001,565,635,628.65
2024-11-03,GLOBAL_WEST,P002,211,234,1167.66
2024-11-03,GLOBAL_WEST,P003,270,292,4377.08
2024-11-03,GLOBAL_WEST,P004,0,0,0.0
2024-11-03,GLOBAL_WEST,P005,255,259,2069.41
2024-11-03,GLOBAL_WEST,P006,85,98,2449.02
2024-11-03,GLOBAL_WEST,P007,167,184,1838.16
2024-11-03,GLOBAL_WEST,P009,0,0,0.0
2024-11-03,GLOBAL_WEST,P010,165,171,853.29
2024-11-03,GLOBAL_WEST,P011,78,84,1679.16
2024-11-03,GLOBAL_WEST,P012,31,34,2719.66
2024-11-04,KR,P001,315,334,330.66
2024-11-04,KR,P002,215,244,1217.56
2024-11-04,KR,P003,143,156,2338.44
2024-11-04,KR,P004,0,0,0.0
2024-11-04,KR,P005,197,209,1669.91
2024-11-04,KR,P006,129,142,3548.58
2024-11-04,KR,P007,96,103,1028.97
2024-11-04,KR,P009,0,0,0.0
2024-11-04,KR,P010,80,85,424.15
2024-11-04,KR,P011,75,81,1619.19
2024-11-04,KR,P012,31,33,2639.67
2024-11-04,JP,P001,302,312,308.88
2024-11-04,JP,P002,148,155,773.45
2024-11-04,JP,P003,178,188,2818.12
2024-11-04,JP,P004,0,0,0.0
2024-11-04,JP,P005,198,213,1701.87
2024-11-04,JP,P006,86,89,2224.11
2024-11-04,JP,P007,103,106,1058.94
2024-11-04,JP,P009,0,0,0.0
2024-11-04,JP,P010,87,89,444.11
2024-11-04,JP,P011,57,61,1219.39
2024-11-04,JP,P012,30,31,2479.69
2024-11-04,GLOBAL_WEST,P001,506,527,521.73
2024-11-04,GLOBAL_WEST,P002,252,263,1312.37
2024-11-04,GLOBAL_WEST,P003,260,281,4212.19
2024-11-04,GLOBAL_WEST,P004,0,0,0.0
2024-11-04,GLOBAL_WEST,P005,283,297,2373.03
2024-11-04,GLOBAL_WEST,P006,129,137,3423.63
2024-11-04,GLOBAL_WEST,P007,152,156,1558.44
2024-11-04,GLOBAL_WEST,P009,0,0,0.0
2024-11-04,GLOBAL_WEST,P010,162,170,848.3
2024-11-04,GLOBAL_WEST,P011,88,93,1859.07
2024-11-04,GLOBAL_WEST,P012,68,74,5919.26
2024-11-05,KR,P001,333,366,362.34
2024-11-05,KR,P002,169,173,863.27
2024-11-05,KR,P003,180,182,2728.18
2024-11-05,KR,P004,0,0,0.0
2024-11-05,KR,P005,184,204,1629.96
2024-11-05,KR,P006,67,74,1849.26
2024-11-05,KR,P007,128,130,1298.7
2024-11-05,KR,P009,0,0,0.0
2024-11-05,KR,P010,130,138,688.62
2024-11-05,KR,P011,56,62,1239.38
2024-11-05,KR,P012,20,21,1679.79
2024-11-05,JP,P001,298,333,329.67
2024-11-05,JP,P002,166,183,913.17
2024-11-05,JP,P003,148,155,2323.45
2024-11-05,JP,P004,0,0,0.0
2024-11-05,JP,P005,212,233,1861.67
2024-11-05,JP,P006,78,86,2149.14
2024-11-05,JP,P007,126,139,1388.61
2024-11-05,JP,P009,0,0,0.0
2024-11-05,JP,P010,94,98,489.02
2024-11-05,JP,P011,61,70,1399.3
2024-11-05,JP,P012,31,33,2639.67
2024-11-05,GLOBAL_WEST,P001,470,506,500.94
2024-11-05,GLOBAL_WEST,P002,237,251,1252.49
2024-11-05,GLOBAL_WEST,P003,280,306,4586.94
2024-11-05,GLOBAL_WEST,P004,0,0,0.0
2024-11-05,GLOBAL_WEST,P005,265,287,2293.13
2024-11-05,GLOBAL_WEST,P006,160,174,4348.26
2024-11-05,GLOBAL_WEST,P007,142,155,1548.45
2024-11-05,GLOBAL_WEST,P009,0,0,0.0
2024-11-05,GLOBAL_WEST,P010,145,153,763.47
2024-11-05,GLOBAL_WEST,P011,27,27,539.73
2024-11-05,GLOBAL_WEST,P012,63,69,5519.31
2024-11-06,KR,P001,340,356,352.44
2024-11-06,KR,P002,158,177,883.23
2024-11-06,KR,P003,185,207,3102.93
2024-11-06,KR,P004,0,0,0.0
2024-11-06,KR,P005,214,231,1845.69
2024-11-06,KR,P006,101,114,2848.86
2024-11-06,KR,P007,138,149,1488.51
2024-11-06,KR,P009,0,0,0.0
2024-11-06,KR,P010,75,83,414.17
2024-11-06,KR,P011,43,45,899.55
2024-11-06,KR,P012,5,5,399.95
2024-11-06,JP,P001,310,316,312.84
2024-11-06,JP,P002,151,162,808.38
2024-11-06,JP,P003,166,168,2518.32
2024-11-06,JP,P004,0,0,0.0
2024-11-06,JP,P005,181,198,1582.02
2024-11-06,JP,P006,86,91,2274.09
2024-11-06,JP,P007,98,102,1018.98
2024-11-06,JP,P009,0,0,0.0
2024-11-06,JP,P010,96,99,494.01
2024-11-06,JP,P011,64,68,1359.32
2024-11-06,JP,P012,44,45,3599.55
2024-11-06,GLOBAL_WEST,P001,471,501,495.99
2024-11-06,GLOBAL_WEST,P002,260,276,1377.24
2024-11-06,GLOBAL_WEST,P003,244,251,3762.49
2024-11-06,GLOBAL_WEST,P004,0,0,0.0
2024-11-06,GLOBAL_WEST,P005,331,350,2796.5
2024-11-06,GLOBAL_WEST,P006,143,158,3948.42
2024-11-06,GLOBAL_WEST,P007,161,166,1658.34
2024-11-06,GLOBAL_WEST,P009,0,0,0.0
2024-11-06,GLOBAL_WEST,P010,130,135,673.65
2024-11-06,GLOBAL_WEST,P011,64,66,1319.34
2024-11-06,GLOBAL_WEST,P012,33,36,2879.64
2024-11-07,KR,P001,320,338,334.62
2024-11-07,KR,P002,172,190,948.1
2024-11-07,KR,P003,152,163,2443.37
2024-11-07,KR,P004,0,0,0.0
2024-11-07,KR,P005,199,214,1709.86
2024-11-07,KR,P006,95,104,2598.96
2024-11-07,KR,P007,138,144,1438.56
2024-11-07,KR,P009,0,0,0.0
2024-11-07,KR,P010,109,118,588.82
2024-11-07,KR,P011,54,55,1099.45
2024-11-07,KR,P012,63,70,5599.3
2024-11-07,JP,P001,329,366,362.34
2024-11-07,JP,P002,151,159,793.41
2024-11-07,JP,P003,166,185,2773.15
2024-11-07,JP,P004,0,0,0.0
2024-11-07,JP,P005,195,209,1669.91
2024-11-07,JP,P006,89,95,2374.05
2024-11-07,JP,P007,122,133,1328.67
2024-11-07,JP,P009,0,0,0.0
2024-11-07,JP,P010,89,92,459.08
2024-11-07,JP,P011,47,48,959.52
2024-11-07,JP,P012,23,24,1919.76
2024-11-07,GLOBAL_WEST,P001,494,518,512.82
2024-11-07,GLOBAL_WEST,P002,196,214,1067.86
2024-11-07,GLOBAL_WEST,P003,298,330,4946.7
2024-11-07,GLOBAL_WEST,P004,0,0,0.0
2024-11-07,GLOBAL_WEST,P005,325,367,2932.33
2024-11-07,GLOBAL_WEST,P006,138,150,3748.5
2024-11-07,GLOBAL_WEST,P007,185,206,2057.94
2024-11-07,GLOBAL_WEST,P009,0,0,0.0
2024-11-07,GLOBAL_WEST,P010,139,151,753.49
2024-11-07,GLOBAL_WEST,P011,92,98,1959.02
2024-11-07,GLOBAL_WEST,P012,103,104,8318.96
2024-11-08,KR,P001,315,333,329.67
2024-11-08,KR,P002,176,182,908.18
2024-11-08,KR,P003,159,173,2593.27
2024-11-08,KR,P004,0,0,0.0
2024-11-08,KR,P005,156,167,1334.33
2024-11-08,KR,P006,62,65,1624.35
2024-11-08,KR,P007,148,152,1518.48
2024-11-08,KR,P009,0,0,0.0
2024-11-08,KR,P010,84,86,429.14
2024-11-08,KR,P011,80,87,1739.13
2024-11-08,KR,P012,16,19,1519.81
2024-11-08,JP,P001,316,326,322.74
2024-11-08,JP,P002,159,170,848.3
2024-11-08,JP,P003,160,171,2563.29
2024-11-08,JP,P004,0,0,0.0
2024-11-08,JP,P005,172,177,1414.23
2024-11-08,JP,P006,83,89,2224.11
2024-11-08,JP,P007,124,126,1258.74
2024-11-08,JP,P009,0,0,0.0
2024-11-08,JP,P010,107,113,563.87
2024-11-08,JP,P011,56,61,1219.39
2024-11-08,JP,P012,14,14,1119.86
2024-11-08,GLOBAL_WEST,P001,528,570,564.3
2024-11-08,GLOBAL_WEST,P002,230,238,1187.62
2024-11-08,GLOBAL_WEST,P003,240,253,3792.47
2024-11-08,GLOBAL_WEST,P004,0,0,0.0
2024-11-08,GLOBAL_WEST,P005,234,256,2045.44
2024-11-08,GLOBAL_WEST,P006,142,148,3698.52
2024-11-08,GLOBAL_WEST,P007,176,186,1858.14
2024-11-08,GLOBAL_WEST,P009,0,0,0.0
2024-11-08,GLOBAL_WEST,P010,141,148,738.52
2024-11-08,GLOBAL_WEST,P011,72,75,1499.25
2024-11-08,GLOBAL_WEST,P012,39,42,3359.58
2024-11-09,KR,P001,350,382,378.18
2024-11-09,KR,P002,158,175,873.25
2024-11-09,KR,P003,158,175,2623.25
2024-11-09,KR,P004,0,0,0.0
2024-11-09,KR,P005,165,175,1398.25
2024-11-09,KR,P006,108,116,2898.84
2024-11-09,KR,P007,150,156,1558.44
2024-11-09,KR,P009,0,0,0.0
2024-11-09,KR,P010,100,104,518.96
2024-11-09,KR,P011,48,52,1039.48
2024-11-09,KR,P012,12,12,959.88
2024-11-09,JP,P001,259,294,291.06
2024-11-09,JP,P002,139,154,768.46
2024-11-09,JP,P003,142,159,2383.41
2024-11-09,JP,P004,0,0,0.0
2024-11-09,JP,P005,185,191,1526.09
2024-11-09,JP,P006,109,117,2923.83
2024-11-09,JP,P007,110,119,1188.81
2024-11-09,JP,P009,0,0,0.0
2024-11-09,JP,P010,94,101,503.99
2024-11-09,JP,P011,30,30,599.7
2024-11-09,JP,P012,18,20,1599.8
2024-11-09,GLOBAL_WEST,P001,467,491,486.09
2024-11-09,GLOBAL_WEST,P002,283,312,1556.88
2024-11-09,GLOBAL_WEST,P003,220,239,3582.61
2024-11-09,GLOBAL_WEST,P004,0,0,0.0
2024-11-09,GLOBAL_WEST,P005,255,282,2253.18
2024-11-09,GLOBAL_WEST,P006,140,148,3698.52
2024-11-09,GLOBAL_WEST,P007,148,158,1578.42
2024-11-09,GLOBAL_WEST,P009,0,0,0.0
2024-11-09,GLOBAL_WEST,P010,126,127,633.73
2024-11-09,GLOBAL_WEST,P011,82,87,1739.13
2024-11-09,GLOBAL_WEST,P012,3,3,239.97
2024-11-10,KR,P001,300,320,316.8
2024-11-10,KR,P002,162,176,878.24
2024-11-10,KR,P003,142,149,2233.51
2024-11-10,KR,P004,0,0,0.0
2024-11-10,KR,P005,172,182,1454.18
2024-11-10,KR,P006,109,115,2873.85
2024-11-10,KR,P007,132,143,1428.57
2024-11-10,KR,P009,0,0,0.0
2024-11-10,KR,P010,110,118,588.82
2024-11-10,KR,P011,64,69,1379.31
2024-11-10,KR,P012,0,0,0.0
2024-11-10,JP,P001,295,333,329.67
2024-11-10,JP,P002,147,161,803.39
2024-11-10,JP,P003,168,176,2638.24
2024-11-10,JP,P004,0,0,0.0
2024-11-10,JP,P005,175,185,1478.15
2024-11-10,JP,P006,94,104,2598.96
2024-11-10,JP,P007,101,105,1048.95
2024-11-10,JP,P009,0,0,0.0
2024-11-10,JP,P010,83,84,419.16
2024-11-10,JP,P011,64,70,1399.3
2024-11-10,JP,P012,6,8,639.92
2024-11-10,GLOBAL_WEST,P001,462,492,487.08
2024-11-10,GLOBAL_WEST,P002,195,207,1032.93
2024-11-10,GLOBAL_WEST,P003,239,259,3882.41
2024-11-10,GLOBAL_WEST,P004,0,0,0.0
2024-11-10,GLOBAL_WEST,P005,290,308,2460.92
2024-11-10,GLOBAL_WEST,P006,129,138,3448.62
2024-11-10,GLOBAL_WEST,P007,222,243,2427.57
2024-11-10,GLOBAL_WEST,P009,0,0,0.0
2024-11-10,GLOBAL_WEST,P010,165,171,853.29
2024-11-10,GLOBAL_WEST,P011,54,58,1159.42
2024-11-10,GLOBAL_WEST,P012,48,51,4079.49
2024-11-11,KR,P001,304,337,333.63
2024-11-11,KR,P002,182,207,1032.93
2024-11-11,KR,P003,164,175,2623.25
2024-11-11,KR,P004,0,0,0.0
2024-11-11,KR,P005,182,195,1558.05
2024-11-11,KR,P006,121,131,3273.69
2024-11-11,KR,P007,124,131,1308.69
2024-11-11,KR,P009,0,0,0.0
2024-11-11,KR,P010,70,73,364.27
2024-11-11,KR,P011,91,98,1959.02
2024-11-11,KR,P012,7,8,639.92
2024-11-11,JP,P001,300,324,320.76
2024-11-11,JP,P002,146,167,833.33
2024-11-11,JP,P003,144,165,2473.35
2024-11-11,JP,P004,0,0,0.0
2024-11-11,JP,P005,193,207,1653.93
2024-11-11,JP,P006,77,88,2199.12
2024-11-11,JP,P007,97,102,1018.98
2024-11-11,JP,P009,0,0,0.0
2024-11-11,JP,P010,97,108,538.92
2024-11-11,JP,P011,51,57,1139.43
2024-11-11,JP,P012,20,22,1759.78
2024-11-11,GLOBAL_WEST,P001,465,504,498.96
2024-11-11,GLOBAL_WEST,P002,226,236,1177.64
2024-11-11,GLOBAL_WEST,P003,210,213,3192.87
2024-11-11,GLOBAL_WEST,P004,0,0,0.0
2024-11-11,GLOBAL_WEST,P005,257,265,2117.35
2024-11-11,GLOBAL_WEST,P006,148,161,4023.39
2024-11-11,GLOBAL_WEST,P007,202,230,2297.7
2024-11-11,GLOBAL_WEST,P009,0,0,0.0
2024-11-11,GLOBAL_WEST,P010,138,147,733.53
2024-11-11,GLOBAL_WEST,P011,46,52,1039.48
2024-11-11,GLOBAL_WEST,P012,0,0,0.0
2024-11-12,KR,P001,341,360,356.4
2024-11-12,KR,P002,167,182,908.18
2024-11-12,KR,P003,163,175,2623.25
2024-11-12,KR,P004,0,0,0.0
2024-11-12,KR,P005,220,230,1837.7
2024-11-12,KR,P006,97,103,2573.97
2024-11-12,KR,P007,95,110,1098.9
2024-11-12,KR,P009,0,0,0.0
2024-11-12,KR,P010,99,111,553.89
2024-11-12,KR,P011,81,94,1879.06
2024-11-12,KR,P012,36,41,3279.59
2024-11-12,JP,P001,298,310,306.9
2024-11-12,JP,P002,138,154,768.46
2024-11-12,JP,P003,134,144,2158.56
2024-11-12,JP,P004,0,0,0.0
2024-11-12,JP,P005,162,178,1422.22
2024-11-12,JP,P006,93,102,2548.98
2024-11-12,JP,P007,110,115,1148.85
2024-11-12,JP,P009,0,0,0.0
2024-11-12,JP,P010,114,116,578.84
2024-11-12,JP,P011,75,81,1619.19
2024-11-12,JP,P012,19,20,1599.8
2024-11-12,GLOBAL_WEST,P001,542,573,567.27
2024-11-12,GLOBAL_WEST,P002,221,233,1162.67
2024-11-12,GLOBAL_WEST,P003,269,299,4482.01
2024-11-12,GLOBAL_WEST,P004,0,0,0.0
2024-11-12,GLOBAL_WEST,P005,319,350,2796.5
2024-11-12,GLOBAL_WEST,P006,156,165,4123.35
2024-11-12,GLOBAL_WEST,P007,145,156,1558.44
2024-11-12,GLOBAL_WEST,P009,0,0,0.0
2024-11-12,GLOBAL_WEST,P010,148,157,783.43
2024-11-12,GLOBAL_WEST,P011,81,81,1619.19
2024-11-12,GLOBAL_WEST,P012,18,20,1599.8
2024-11-13,KR,P001,351,374,370.26
2024-11-13,KR,P002,160,166,828.34
2024-11-13,KR,P003,145,161,2413.39
2024-11-13,KR,P004,0,0,0.0
2024-11-13,KR,P005,201,222,1773.78
2024-11-13,KR,P006,104,113,2823.87
2024-11-13,KR,P007,128,142,1418.58
2024-11-13,KR,P009,0,0,0.0
2024-11-13,KR,P010,87,96,479.04
2024-11-13,KR,P011,62,67,1339.33
2024-11-13,KR,P012,32,34,2719.66
2024-11-13,JP,P001,318,339,335.61
2024-11-13,JP,P002,146,157,783.43
2024-11-13,JP,P003,147,157,2353.43
2024-11-13,JP,P004,0,0,0.0
2024-11-13,JP,P005,203,216,1725.84
2024-11-13,JP,P006,72,79,1974.21
2024-11-13,JP,P007,109,115,1148.85
2024-11-13,JP,P009,0,0,0.0
2024-11-13,JP,P010,82,88,439.12
2024-11-13,JP,P011,57,62,1239.38
2024-11-13,JP,P012,0,0,0.0
2024-11-13,GLOBAL_WEST,P001,506,540,534.6
2024-11-13,GLOBAL_WEST,P002,208,224,1117.76
2024-11-13,GLOBAL_WEST,P003,232,254,3807.46
2024-11-13,GLOBAL_WEST,P004,0,0,0.0
2024-11-13,GLOBAL_WEST,P005,302,321,2564.79
2024-11-13,GLOBAL_WEST,P006,97,103,2573.97
2024-11-13,GLOBAL_WEST,P007,198,222,2217.78
2024-11-13,GLOBAL_WEST,P009,0,0,0.0
2024-11-13,GLOBAL_WEST,P010,122,137,683.63
2024-11-13,GLOBAL_WEST,P011,118,129,2578.71
2024-11-13,GLOBAL_WEST,P012,32,34,2719.66
2024-11-14,KR,P001,310,341,337.59
2024-11-14,KR,P002,167,180,898.2
2024-11-14,KR,P003,167,182,2728.18
2024-11-14,KR,P004,0,0,0.0
2024-11-14,KR,P005,191,207,1653.93
2024-11-14,KR,P006,98,107,2673.93
2024-11-14,KR,P007,141,156,1558.44
2024-11-14,KR,P009,0,0,0.0
2024-11-14,KR,P010,87,92,459.08
2024-11-14,KR,P011,55,59,1179.41
2024-11-14,KR,P012,42,45,3599.55
2024-11-14,JP,P001,293,313,309.87
2024-11-14,JP,P002,172,188,938.12
2024-11-14,JP,P003,149,160,2398.4
2024-11-14,JP,P004,0,0,0.0
2024-11-14,JP,P005,153,163,1302.37
2024-11-14,JP,P006,84,90,2249.1
2024-11-14,JP,P007,105,109,1088.91
2024-11-14,JP,P009,0,0,0.0
2024-11-14,JP,P010,92,96,479.04
2024-11-14,JP,P011,57,64,1279.36
2024-11-14,JP,P012,30,33,2639.67
2024-11-14,GLOBAL_WEST,P001,504,564,558.36
2024-11-14,GLOBAL_WEST,P002,256,270,1347.3
2024-11-14,GLOBAL_WEST,P003,201,217,3252.83
2024-11-14,GLOBAL_WEST,P004,0,0,0.0
2024-11-14,GLOBAL_WEST,P005,225,232,1853.68
2024-11-14,GLOBAL_WEST,P006,134,138,3448.62
2024-11-14,GLOBAL_WEST,P007,136,146,1458.54
2024-11-14,GLOBAL_WEST,P009,0,0,0.0
2024-11-14,GLOBAL_WEST,P010,122,130,648.7
2024-11-14,GLOBAL_WEST,P011,157,163,3258.37
2024-11-14,GLOBAL_WEST,P012,31,34,2719.66
2024-11-15,KR,P001,305,337,333.63
2024-11-15,KR,P002,146,148,738.52
2024-11-15,KR,P003,157,162,2428.38
2024-11-15,KR,P004,0,0,0.0
2024-11-15,KR,P005,166,178,1422.22
2024-11-15,KR,P006,99,106,2648.94
2024-11-15,KR,P007,111,122,1218.78
2024-11-15,KR,P009,0,0,0.0
2024-11-15,KR,P010,80,85,424.15
2024-11-15,KR,P011,86,91,1819.09
2024-11-15,KR,P012,41,43,3439.57
2024-11-15,JP,P001,280,314,310.86
2024-11-15,JP,P002,157,173,863.27
2024-11-15,JP,P003,140,148,2218.52
2024-11-15,JP,P004,0,0,0.0
2024-11-15,JP,P005,176,185,1478.15
2024-11-15,JP,P006,72,72,1799.28
2024-11-15,JP,P007,101,111,1108.89
2024-11-15,JP,P009,0,0,0.0
2024-11-15,JP,P010,109,117,583.83
2024-11-15,JP,P011,39,42,839.58
2024-11-15,JP,P012,25,26,2079.74
2024-11-15,GLOBAL_WEST,P001,451,457,452.43
2024-11-15,GLOBAL_WEST,P002,251,271,1352.29
2024-11-15,GLOBAL_WEST,P003,181,198,2968.02
2024-11-15,GLOBAL_WEST,P004,0,0,0.0
2024-11-15,GLOBAL_WEST,P005,261,277,2213.23
2024-11-15,GLOBAL_WEST,P006,134,142,3548.58
2024-11-15,GLOBAL_WEST,P007,150,154,1538.46
2024-11-15,GLOBAL_WEST,P009,0,0,0.0
2024-11-15,GLOBAL_WEST,P010,78,85,424.15
2024-11-15,GLOBAL_WEST,P011,83,85,1699.15
2024-11-15,GLOBAL_WEST,P012,43,48,3839.52
2024-11-16,KR,P001,319,353,349.47
2024-11-16,KR,P002,145,156,778.44
2024-11-16,KR,P003,161,177,2653.23
2024-11-16,KR,P004,0,0,0.0
2024-11-16,KR,P005,180,195,1558.05
2024-11-16,KR,P006,109,116,2898.84
2024-11-16,KR,P007,111,117,1168.83
2024-11-16,KR,P009,0,0,0.0
2024-11-16,KR,P010,81,88,439.12
2024-11-16,KR,P011,71,75,1499.25
2024-11-16,KR,P012,23,24,1919.76
2024-11-16,JP,P001,303,333,329.67
2024-11-16,JP,P002,158,167,833.33
2024-11-16,JP,P003,148,158,2368.42
2024-11-16,JP,P004,0,0,0.0
2024-11-16,JP,P005,148,153,1222.47
2024-11-16,JP,P006,101,108,2698.92
2024-11-16,JP,P007,83,93,929.07
2024-11-16,JP,P009,0,0,0.0
2024-11-16,JP,P010,98,104,518.96
2024-11-16,JP,P011,47,48,959.52
2024-11-16,JP,P012,17,18,1439.82
2024-11-16,GLOBAL_WEST,P001,468,491,486.09
2024-11-16,GLOBAL_WEST,P002,234,252,1257.48
2024-11-16,GLOBAL_WEST,P003,220,242,3627.58
2024-11-16,GLOBAL_WEST,P004,0,0,0.0
2024-11-16,GLOBAL_WEST,P005,269,280,2237.2
2024-11-16,GLOBAL_WEST,P006,138,148,3698.52
2024-11-16,GLOBAL_WEST,P007,164,182,1818.18
2024-11-16,GLOBAL_WEST,P009,0,0,0.0
2024-11-16,GLOBAL_WEST,P010,144,157,783.43
2024-11-16,GLOBAL_WEST,P011,77,83,1659.17
2024-11-16,GLOBAL_WEST,P012,52,56,4479.44
2024-11-17,KR,P001,302,321,317.79
2024-11-17,KR,P002,134,144,718.56
2024-11-17,KR,P003,148,156,2338.44
2024-11-17,KR,P004,0,0,0.0
2024-11-17,KR,P005,166,180,1438.2
2024-11-17,KR,P006,103,114,2848.86
2024-11-17,KR,P007,131,138,1378.62
2024-11-17,KR,P009,0,0,0.0
2024-11-17,KR,P010,77,83,414.17
2024-11-17,KR,P011,59,59,1179.41
2024-11-17,KR,P012,34,37,2959.63
2024-11-17,JP,P001,274,303,299.97
2024-11-17,JP,P002,163,175,873.25
2024-11-17,JP,P003,140,147,2203.53
2024-11-17,JP,P004,0,0,0.0
2024-11-17,JP,P005,173,181,1446.19
2024-11-17,JP,P006,72,74,1849.26
2024-11-17,JP,P007,101,111,1108.89
2024-11-17,JP,P009,0,0,0.0
2024-11-17,JP,P010,65,69,344.31
2024-11-17,JP,P011,55,58,1159.42
2024-11-17,JP,P012,15,15,1199.85
2024-11-17,GLOBAL_WEST,P001,496,535,529.65
2024-11-17,GLOBAL_WEST,P002,241,270,1347.3
2024-11-17,GLOBAL_WEST,P003,267,278,4167.22
2024-11-17,GLOBAL_WEST,P004,0,0,0.0
2024-11-17,GLOBAL_WEST,P005,273,273,2181.27
2024-11-17,GLOBAL_WEST,P006,154,170,4248.3
2024-11-17,GLOBAL_WEST,P007,173,185,1848.15
2024-11-17,GLOBAL_WEST,P009,0,0,0.0
2024-11-17,GLOBAL_WEST,P010,151,159,793.41
2024-11-17,GLOBAL_WEST,P011,84,90,1799.1
2024-11-17,GLOBAL_WEST,P012,0,0,0.0
2024-11-18,KR,P001,294,333,329.67
2024-11-18,KR,P002,151,166,828.34
2024-11-18,KR,P003,169,183,2743.17
2024-11-18,KR,P004,0,0,0.0
2024-11-18,KR,P005,174,186,1486.14
2024-11-18,KR,P006,84,90,2249.1
2024-11-18,KR,P007,127,136,1358.64
2024-11-18,KR,P009,0,0,0.0
2024-11-18,KR,P010,111,115,573.85
2024-11-18,KR,P011,92,97,1939.03
2024-11-18,KR,P012,7,7,559.93
2024-11-18,JP,P001,269,306,302.94
2024-11-18,JP,P002,128,147,733.53
2024-11-18,JP,P003,131,145,2173.55
2024-11-18,JP,P004,0,0,0.0
2024-11-18,JP,P005,148,169,1350.31
2024-11-18,JP,P006,101,109,2723.91
2024-11-18,JP,P007,97,101,1008.99
2024-11-18,JP,P009,0,0,0.0
2024-11-18,JP,P010,90,94,469.06
2024-11-18,JP,P011,34,38,759.62
2024-11-18,JP,P012,42,47,3759.53
2024-11-18,GLOBAL_WEST,P001,425,480,475.2
2024-11-18,GLOBAL_WEST,P002,235,253,1262.47
2024-11-18,GLOBAL_WEST,P003,263,278,4167.22
2024-11-18,GLOBAL_WEST,P004,0,0,0.0
2024-11-18,GLOBAL_WEST,P005,228,253,2021.47
2024-11-18,GLOBAL_WEST,P006,156,165,4123.35
2024-11-18,GLOBAL_WEST,P007,137,145,1448.55
2024-11-18,GLOBAL_WEST,P009,0,0,0.0
2024-11-18,GLOBAL_WEST,P010,142,159,793.41
2024-11-18,GLOBAL_WEST,P011,72,78,1559.22
2024-11-18,GLOBAL_WEST,P012,2,3,239.97
2024-11-19,KR,P001,292,315,311.85
2024-11-19,KR,P002,152,162,808.38
2024-11-19,KR,P003,147,160,2398.4
2024-11-19,KR,P004,0,0,0.0
2024-11-19,KR,P005,193,212,1693.88
2024-11-19,KR,P006,77,83,2074.17
2024-11-19,KR,P007,134,143,1428.57
2024-11-19,KR,P009,0,0,0.0
2024-11-19,KR,P010,106,111,553.89
2024-11-19,KR,P011,91,100,1999.0
2024-11-19,KR,P012,12,12,959.88
2024-11-19,JP,P001,264,288,285.12
2024-11-19,JP,P002,147,152,758.48
2024-11-19,JP,P003,157,163,2443.37
2024-11-19,JP,P004,0,0,0.0
2024-11-19,JP,P005,161,170,1358.3
2024-11-19,JP,P006,70,77,1924.23
2024-11-19,JP,P007,107,114,1138.86
2024-11-19,JP,P009,0,0,0.0
2024-11-19,JP,P010,65,69,344.31
2024-11-19,JP,P011,22,25,499.75
2024-11-19,JP,P012,4,4,319.96
2024-11-19,GLOBAL_WEST,P001,417,461,456.39
2024-11-19,GLOBAL_WEST,P002,216,230,1147.7
2024-11-19,GLOBAL_WEST,P003,181,190,2848.1
2024-11-19,GLOBAL_WEST,P004,0,0,0.0
2024-11-19,GLOBAL_WEST,P005,266,277,2213.23
2024-11-19,GLOBAL_WEST,P006,139,143,3573.57
2024-11-19,GLOBAL_WEST,P007,166,179,1788.21
2024-11-19,GLOBAL_WEST,P009,0,0,0.0
2024-11-19,GLOBAL_WEST,P010,106,111,553.89
2024-11-19,GLOBAL_WEST,P011,103,116,2318.84
2024-11-19,GLOBAL_WEST,P012,64,67,5359.33
2024-11-20,KR,P001,335,364,360.36
2024-11-20,KR,P002,140,153,763.47
2024-11-20,KR,P003,157,166,2488.34
2024-11-20,KR,P004,0,0,0.0
2024-11-20,KR,P005,164,178,1422.22
2024-11-20,KR,P006,81,82,2049.18
2024-11-20,KR,P007,115,122,1218.78
2024-11-20,KR,P009,0,0,0.0
2024-11-20,KR,P010,45,47,234.53
2024-11-20,KR,P011,65,71,1419.29
2024-11-20,KR,P012,19,20,1599.8
2024-11-20,JP,P001,276,292,289.08
2024-11-20,JP,P002,129,140,698.6
2024-11-20,JP,P003,150,159,2383.41
2024-11-20,JP,P004,0,0,0.0
2024-11-20,JP,P005,170,177,1414.23
2024-11-20,JP,P006,70,73,1824.27
2024-11-20,JP,P007,89,95,949.05
2024-11-20,JP,P009,0,0,0.0
2024-11-20,JP,P010,94,99,494.01
2024-11-20,JP,P011,87,94,1879.06
2024-11-20,JP,P012,29,30,2399.7
2024-11-20,GLOBAL_WEST,P001,440,484,479.16
2024-11-20,GLOBAL_WEST,P002,200,224,1117.76
2024-11-20,GLOBAL_WEST,P003,221,241,3612.59
2024-11-20,GLOBAL_WEST,P004,0,0,0.0
2024-11-20,GLOBAL_WEST,P005,262,280,2237.2
2024-11-20,GLOBAL_WEST,P006,159,166,4148.34
2024-11-20,GLOBAL_WEST,P007,135,150,1498.5
2024-11-20,GLOBAL_WEST,P009,0,0,0.0
2024-11-20,GLOBAL_WEST,P010,142,142,708.58
2024-11-20,GLOBAL_WEST,P011,132,145,2898.55
2024-11-20,GLOBAL_WEST,P012,9,9,719.91
2024-11-21,KR,P001,305,329,325.71
2024-11-21,KR,P002,133,147,733.53
2024-11-21,KR,P003,124,130,1948.7
2024-11-21,KR,P004,0,0,0.0
2024-11-21,KR,P005,188,211,1685.89
2024-11-21,KR,P006,110,120,2998.8
2024-11-21,KR,P007,110,117,1168.83
2024-11-21,KR,P009,0,0,0.0
2024-11-21,KR,P010,76,80,399.2
2024-11-21,KR,P011,57,62,1239.38
2024-11-21,KR,P012,51,52,4159.48
2024-11-21,JP,P001,301,326,322.74
2024-11-21,JP,P002,167,173,863.27
2024-11-21,JP,P003,157,173,2593.27
2024-11-21,JP,P004,0,0,0.0
2024-11-21,JP,P005,171,185,1478.15
2024-11-21,JP,P006,81,85,2124.15
2024-11-21,JP,P007,135,144,1438.56
2024-11-21,JP,P009,0,0,0.0
2024-11-21,JP,P010,84,87,434.13
2024-11-21,JP,P011,57,62,1239.38
2024-11-21,JP,P012,22,22,1759.78
2024-11-21,GLOBAL_WEST,P001,419,442,437.58
2024-11-21,GLOBAL_WEST,P002,229,253,1262.47
2024-11-21,GLOBAL_WEST,P003,199,217,3252.83
2024-11-21,GLOBAL_WEST,P004,0,0,0.0
2024-11-21,GLOBAL_WEST,P005,254,279,2229.21
2024-11-21,GLOBAL_WEST,P006,125,135,3373.65
2024-11-21,GLOBAL_WEST,P007,157,165,1648.35
2024-11-21,GLOBAL_WEST,P009,0,0,0.0
2024-11-21,GLOBAL_WEST,P010,138,149,743.51
2024-11-21,GLOBAL_WEST,P011,65,69,1379.31
2024-11-21,GLOBAL_WEST,P012,5,5,399.95
2024-11-22,KR,P001,249,278,275.22
2024-11-22,KR,P002,138,147,733.53
2024-11-22,KR,P003,131,139,2083.61
2024-11-22,KR,P004,0,0,0.0
2024-11-22,KR,P005,143,158,1262.42
2024-11-22,KR,P006,92,101,2523.99
2024-11-22,KR,P007,106,114,1138.86
2024-11-22,KR,P009,0,0,0.0
2024-11-22,KR,P010,76,79,394.21
2024-11-22,KR,P011,45,50,999.5
2024-11-22,KR,P012,9,9,719.91
2024-11-22,JP,P001,284,314,310.86
2024-11-22,JP,P002,140,145,723.55
2024-11-22,JP,P003,146,160,2398.4
2024-11-22,JP,P004,0,0,0.0
2024-11-22,JP,P005,168,176,1406.24
2024-11-22,JP,P006,62,66,1649.34
2024-11-22,JP,P007,115,122,1218.78
2024-11-22,JP,P009,0,0,0.0
2024-11-22,JP,P010,70,76,379.24
2024-11-22,JP,P011,38,39,779.61
2024-11-22,JP,P012,20,21,1679.79
2024-11-22,GLOBAL_WEST,P001,473,516,510.84
2024-11-22,GLOBAL_WEST,P002,205,223,1112.77
2024-11-22,GLOBAL_WEST,P003,234,249,3732.51
2024-11-22,GLOBAL_WEST,P004,0,0,0.0
2024-11-22,GLOBAL_WEST,P005,247,258,2061.42
2024-11-22,GLOBAL_WEST,P006,109,116,2898.84
2024-11-22,GLOBAL_WEST,P007,174,187,1868.13
2024-11-22,GLOBAL_WEST,P009,0,0,0.0
2024-11-22,GLOBAL_WEST,P010,107,115,573.85
2024-11-22,GLOBAL_WEST,P011,78,85,1699.15
2024-11-22,GLOBAL_WEST,P012,44,45,3599.55
2024-11-23,KR,P001,295,317,313.83
2024-11-23,KR,P002,147,155,773.45
2024-11-23,KR,P003,135,143,2143.57
2024-11-23,KR,P004,0,0,0.0
2024-11-23,KR,P005,193,210,1677.9
2024-11-23,KR,P006,102,107,2673.93
2024-11-23,KR,P007,109,120,1198.8
2024-11-23,KR,P009,0,0,0.0
2024-11-23,KR,P010,97,108,538.92
2024-11-23,KR,P011,53,56,1119.44
2024-11-23,KR,P012,32,34,2719.66
2024-11-23,JP,P001,267,279,276.21
2024-11-23,JP,P002,139,151,753.49
2024-11-23,JP,P003,154,174,2608.26
2024-11-23,JP,P004,0,0,0.0
2024-11-23,JP,P005,172,188,1502.12
2024-11-23,JP,P006,78,82,2049.18
2024-11-23,JP,P007,106,111,1108.89
2024-11-23,JP,P009,0,0,0.0
2024-11-23,JP,P010,93,95,474.05
2024-11-23,JP,P011,44,48,959.52
2024-11-23,JP,P012,6,6,479.94
2024-11-23,GLOBAL_WEST,P001,454,495,490.05
2024-11-23,GLOBAL_WEST,P002,224,228,1137.72
2024-11-23,GLOBAL_WEST,P003,172,192,2878.08
2024-11-23,GLOBAL_WEST,P004,0,0,0.0
2024-11-23,GLOBAL_WEST,P005,262,277,2213.23
2024-11-23,GLOBAL_WEST,P006,106,109,2723.91
2024-11-23,GLOBAL_WEST,P007,161,179,1788.21
2024-11-23,GLOBAL_WEST,P009,0,0,0.0
2024-11-23,GLOBAL_WEST,P010,93,103,513.97
2024-11-23,GLOBAL_WEST,P011,119,133,2658.67
2024-11-23,GLOBAL_WEST,P012,57,62,4959.38
2024-11-24,KR,P001,305,322,318.78
2024-11-24,KR,P002,134,143,713.57
2024-11-24,KR,P003,140,148,2218.52
2024-11-24,KR,P004,0,0,0.0
2024-11-24,KR,P005,169,177,1414.23
2024-11-24,KR,P006,96,102,2548.98
2024-11-24,KR,P007,102,104,1038.96
2024-11-24,KR,P009,0,0,0.0
2024-11-24,KR,P010,104,111,553.89
2024-11-24,KR,P011,43,47,939.53
2024-11-24,KR,P012,36,38,3039.62
2024-11-24,JP,P001,272,289,286.11
2024-11-24,JP,P002,144,152,758.48
2024-11-24,JP,P003,144,156,2338.44
2024-11-24,JP,P004,0,0,0.0
2024-11-24,JP,P005,158,173,1382.27
2024-11-24,JP,P006,91,94,2349.06
2024-11-24,JP,P007,115,118,1178.82
2024-11-24,JP,P009,0,0,0.0
2024-11-24,JP,P010,88,93,464.07
2024-11-24,JP,P011,54,59,1179.41
2024-11-24,JP,P012,0,0,0.0
2024-11-24,GLOBAL_WEST,P001,401,450,445.5
2024-11-24,GLOBAL_WEST,P002,237,239,1192.61
2024-11-24,GLOBAL_WEST,P003,246,280,4197.2
2024-11-24,GLOBAL_WEST,P004,0,0,0.0
2024-11-24,GLOBAL_WEST,P005,280,315,2516.85
2024-11-24,GLOBAL_WEST,P006,92,101,2523.99
2024-11-24,GLOBAL_WEST,P007,156,171,1708.29
2024-11-24,GLOBAL_WEST,P009,0,0,0.0
2024-11-24,GLOBAL_WEST,P010,128,135,673.65
2024-11-24,GLOBAL_WEST,P011,56,59,1179.41
2024-11-24,GLOBAL_WEST,P012,0,0,0.0
2024-11-25,KR,P001,312,327,323.73
2024-11-25,KR,P002,165,179,893.21
2024-11-25,KR,P003,148,153,2293.47
2024-11-25,KR,P004,0,0,0.0
2024-11-25,KR,P005,207,228,1821.72
2024-11-25,KR,P006,60,61,1524.39
2024-11-25,KR,P007,136,146,1458.54
2024-11-25,KR,P009,0,0,0.0
2024-11-25,KR,P010,78,81,404.19
2024-11-25,KR,P011,52,57,1139.43
2024-11-25,KR,P012,7,7,559.93
2024-11-25,JP,P001,288,296,293.04
2024-11-25,JP,P002,135,148,738.52
2024-11-25,JP,P003,143,156,2338.44
2024-11-25,JP,P004,0,0,0.0
2024-11-25,JP,P005,160,176,1406.24
2024-11-25,JP,P006,73,79,1974.21
2024-11-25,JP,P007,129,142,1418.58
2024-11-25,JP,P009,0,0,0.0
2024-11-25,JP,P010,72,80,399.2
2024-11-25,JP,P011,61,67,1339.33
2024-11-25,JP,P012,43,47,3759.53
2024-11-25,GLOBAL_WEST,P001,449,483,478.17
2024-11-25,GLOBAL_WEST,P002,174,175,873.25
2024-11-25,GLOBAL_WEST,P003,182,193,2893.07
2024-11-25,GLOBAL_WEST,P004,0,0,0.0
2024-11-25,GLOBAL_WEST,P005,218,224,1789.76
2024-11-25,GLOBAL_WEST,P006,186,204,5097.96
2024-11-25,GLOBAL_WEST,P007,102,103,1028.97
2024-11-25,GLOBAL_WEST,P009,0,0,0.0
2024-11-25,GLOBAL_WEST,P010,177,187,933.13
2024-11-25,GLOBAL_WEST,P011,59,63,1259.37
2024-11-25,GLOBAL_WEST,P012,57,60,4799.4
2024-11-26,KR,P001,282,308,304.92
2024-11-26,KR,P002,159,174,868.26
2024-11-26,KR,P003,170,187,2803.13
2024-11-26,KR,P004,0,0,0.0
2024-11-26,KR,P005,179,195,1558.05
2024-11-26,KR,P006,107,116,2898.84
2024-11-26,KR,P007,115,127,1268.73
2024-11-26,KR,P009,0,0,0.0
2024-11-26,KR,P010,106,119,593.81
2024-11-26,KR,P011,31,31,619.69
2024-11-26,KR,P012,27,28,2239.72
2024-11-26,JP,P001,270,291,288.09
2024-11-26,JP,P002,147,156,778.44
2024-11-26,JP,P003,128,132,1978.68
2024-11-26,JP,P004,0,0,0.0
2024-11-26,JP,P005,164,173,1382.27
2024-11-26,JP,P006,80,87,2174.13
2024-11-26,JP,P007,87,96,959.04
2024-11-26,JP,P009,0,0,0.0
2024-11-26,JP,P010,77,83,414.17
2024-11-26,JP,P011,31,33,659.67
2024-11-26,JP,P012,31,33,2639.67
2024-11-26,GLOBAL_WEST,P001,463,507,501.93
2024-11-26,GLOBAL_WEST,P002,227,246,1227.54
2024-11-26,GLOBAL_WEST,P003,235,250,3747.5
2024-11-26,GLOBAL_WEST,P004,0,0,0.0
2024-11-26,GLOBAL_WEST,P005,255,270,2157.3
2024-11-26,GLOBAL_WEST,P006,153,169,4223.31
2024-11-26,GLOBAL_WEST,P007,151,155,1548.45
2024-11-26,GLOBAL_WEST,P009,0,0,0.0
2024-11-26,GLOBAL_WEST,P010,162,168,838.32
2024-11-26,GLOBAL_WEST,P011,130,139,2778.61
2024-11-26,GLOBAL_WEST,P012,25,27,2159.73
2024-11-27,KR,P001,308,324,320.76
2024-11-27,KR,P002,161,174,868.26
2024-11-27,KR,P003,144,160,2398.4
2024-11-27,KR,P004,0,0,0.0
2024-11-27,KR,P005,177,188,1502.12
2024-11-27,KR,P006,94,102,2548.98
2024-11-27,KR,P007,102,109,1088.91
2024-11-27,KR,P009,0,0,0.0
2024-11-27,KR,P010,142,152,758.48
2024-11-27,KR,P011,33,33,659.67
2024-11-27,KR,P012,24,27,2159.73
2024-11-27,JP,P001,278,299,296.01
2024-11-27,JP,P002,136,150,748.5
2024-11-27,JP,P003,162,183,2743.17
2024-11-27,JP,P004,0,0,0.0
2024-11-27,JP,P005,157,175,1398.25
2024-11-27,JP,P006,77,86,2149.14
2024-11-27,JP,P007,96,104,1038.96
2024-11-27,JP,P009,0,0,0.0
2024-11-27,JP,P010,75,83,414.17
2024-11-27,JP,P011,54,62,1239.38
2024-11-27,JP,P012,15,17,1359.83
2024-11-27,GLOBAL_WEST,P001,460,476,471.24
2024-11-27,GLOBAL_WEST,P002,227,247,1232.53
2024-11-27,GLOBAL_WEST,P003,200,205,3072.95
2024-11-27,GLOBAL_WEST,P004,0,0,0.0
2024-11-27,GLOBAL_WEST,P005,245,270,2157.3
2024-11-27,GLOBAL_WEST,P006,130,142,3548.58
2024-11-27,GLOBAL_WEST,P007,140,151,1508.49
2024-11-27,GLOBAL_WEST,P009,0,0,0.0
2024-11-27,GLOBAL_WEST,P010,120,126,628.74
2024-11-27,GLOBAL_WEST,P011,89,96,1919.04
2024-11-27,GLOBAL_WEST,P012,49,51,4079.49
2024-11-28,KR,P001,289,315,311.85
2024-11-28,KR,P002,163,183,913.17
2024-11-28,KR,P003,163,174,2608.26
2024-11-28,KR,P004,0,0,0.0
2024-11-28,KR,P005,179,197,1574.03
2024-11-28,KR,P006,73,79,1974.21
2024-11-28,KR,P007,121,132,1318.68
2024-11-28,KR,P009,0,0,0.0
2024-11-28,KR,P010,88,91,454.09
2024-11-28,KR,P011,41,45,899.55
2024-11-28,KR,P012,34,37,2959.63
2024-11-28,JP,P001,277,306,302.94
2024-11-28,JP,P002,125,129,643.71
2024-11-28,JP,P003,136,142,2128.58
2024-11-28,JP,P004,0,0,0.0
2024-11-28,JP,P005,170,179,1430.21
2024-11-28,JP,P006,62,66,1649.34
2024-11-28,JP,P007,86,91,909.09
2024-11-28,JP,P009,0,0,0.0
2024-11-28,JP,P010,81,87,434.13
2024-11-28,JP,P011,53,58,1159.42
2024-11-28,JP,P012,10,10,799.9
2024-11-28,GLOBAL_WEST,P001,390,415,410.85
2024-11-28,GLOBAL_WEST,P002,213,226,1127.74
2024-11-28,GLOBAL_WEST,P003,278,309,4631.91
2024-11-28,GLOBAL_WEST,P004,0,0,0.0
2024-11-28,GLOBAL_WEST,P005,281,305,2436.95
2024-11-28,GLOBAL_WEST,P006,131,138,3448.62
2024-11-28,GLOBAL_WEST,P007,193,198,1978.02
2024-11-28,GLOBAL_WEST,P009,0,0,0.0
2024-11-28,GLOBAL_WEST,P010,136,145,723.55
2024-11-28,GLOBAL_WEST,P011,113,121,2418.79
2024-11-28,GLOBAL_WEST,P012,6,6,479.94
2024-11-29,KR,P001,297,323,319.77
2024-11-29,KR,P002,133,147,733.53
2024-11-29,KR,P003,162,167,2503.33
2024-11-29,KR,P004,0,0,0.0
2024-11-29,KR,P005,164,181,1446.19
2024-11-29,KR,P006,101,106,2648.94
2024-11-29,KR,P007,115,123,1228.77
2024-11-29,KR,P009,0,0,0.0
2024-11-29,KR,P010,68,72,359.28
2024-11-29,KR,P011,75,81,1619.19
2024-11-29,KR,P012,0,0,0.0
2024-11-29,JP,P001,311,334,330.66
2024-11-29,JP,P002,143,156,778.44
2024-11-29,JP,P003,129,144,2158.56
2024-11-29,JP,P004,0,0,0.0
2024-11-29,JP,P005,170,186,1486.14
2024-11-29,JP,P006,82,90,2249.1
2024-11-29,JP,P007,122,132,1318.68
2024-11-29,JP,P009,0,0,0.0
2024-11-29,JP,P010,84,90,449.1
2024-11-29,JP,P011,51,54,1079.46
2024-11-29,JP,P012,10,10,799.9
2024-11-29,GLOBAL_WEST,P001,409,429,424.71
2024-11-29,GLOBAL_WEST,P002,179,191,953.09
2024-11-29,GLOBAL_WEST,P003,214,240,3597.6
2024-11-29,GLOBAL_WEST,P004,0,0,0.0
2024-11-29,GLOBAL_WEST,P005,254,268,2141.32
2024-11-29,GLOBAL_WEST,P006,117,127,3173.73
2024-11-29,GLOBAL_WEST,P007,174,185,1848.15
2024-11-29,GLOBAL_WEST,P009,0,0,0.0
2024-11-29,GLOBAL_WEST,P010,120,131,653.69
2024-11-29,GLOBAL_WEST,P011,74,79,1579.21
2024-11-29,GLOBAL_WEST,P012,29,31,2479.69
2024-11-30,KR,P001,288,298,295.02
2024-11-30,KR,P002,155,164,818.36
2024-11-30,KR,P003,146,155,2323.45
2024-11-30,KR,P004,0,0,0.0
2024-11-30,KR,P005,190,193,1542.07
2024-11-30,KR,P006,80,88,2199.12
2024-11-30,KR,P007,117,130,1298.7
2024-11-30,KR,P009,0,0,0.0
2024-11-30,KR,P010,66,69,344.31
2024-11-30,KR,P011,40,45,899.55
2024-11-30,KR,P012,21,21,1679.79
2024-11-30,JP,P001,253,274,271.26
2024-11-30,JP,P002,121,129,643.71
2024-11-30,JP,P003,125,138,2068.62
2024-11-30,JP,P004,0,0,0.0
2024-11-30,JP,P005,135,144,1150.56
2024-11-30,JP,P006,75,82,2049.18
2024-11-30,JP,P007,114,124,1238.76
2024-11-30,JP,P009,0,0,0.0
2024-11-30,JP,P010,91,100,499.0
2024-11-30,JP,P011,34,36,719.64
2024-11-30,JP,P012,7,8,639.92
2024-11-30,GLOBAL_WEST,P001,358,387,383.13
2024-11-30,GLOBAL_WEST,P002,199,205,1022.95
2024-11-30,GLOBAL_WEST,P003,207,216,3237.84
2024-11-30,GLOBAL_WEST,P004,0,0,0.0
2024-11-30,GLOBAL_WEST,P005,221,243,1941.57
2024-11-30,GLOBAL_WEST,P006,123,135,3373.65
2024-11-30,GLOBAL_WEST,P007,140,144,1438.56
2024-11-30,GLOBAL_WEST,P009,0,0,0.0
2024-11-30,GLOBAL_WEST,P010,170,174,868.26
2024-11-30,GLOBAL_WEST,P011,71,79,1579.21
2024-11-30,GLOBAL_WEST,P012,33,36,2879.64
2024-12-01,KR,P001,256,278,275.22
2024-12-01,KR,P002,138,142,708.58
2024-12-01,KR,P003,143,146,2188.54
2024-12-01,KR,P004,0,0,0.0
2024-12-01,KR,P005,178,192,1534.08
2024-12-01,KR,P006,93,97,2424.03
2024-12-01,KR,P007,116,122,1218.78
2024-12-01,KR,P009,0,0,0.0
2024-12-01,KR,P010,78,83,414.17
2024-12-01,KR,P011,54,58,1159.42
2024-12-01,KR,P012,11,12,959.88
2024-12-01,JP,P001,266,287,284.13
2024-12-01,JP,P002,149,164,818.36
2024-12-01,JP,P003,137,144,2158.56
2024-12-01,JP,P004,0,0,0.0
2024-12-01,JP,P005,147,159,1270.41
2024-12-01,JP,P006,80,89,2224.11
2024-12-01,JP,P007,102,111,1108.89
2024-12-01,JP,P009,0,0,0.0
2024-12-01,JP,P010,92,97,484.03
2024-12-01,JP,P011,42,43,859.57
2024-12-01,JP,P012,13,14,1119.86
2024-12-01,GLOBAL_WEST,P001,442,480,475.2
2024-12-01,GLOBAL_WEST,P002,212,219,1092.81
2024-12-01,GLOBAL_WEST,P003,202,227,3402.73
2024-12-01,GLOBAL_WEST,P004,0,0,0.0
2024-12-01,GLOBAL_WEST,P005,225,248,1981.52
2024-12-01,GLOBAL_WEST,P006,170,177,4423.23
2024-12-01,GLOBAL_WEST,P007,177,184,1838.16
2024-12-01,GLOBAL_WEST,P009,0,0,0.0
2024-12-01,GLOBAL_WEST,P010,89,92,459.08
2024-12-01,GLOBAL_WEST,P011,80,89,1779.11
2024-12-01,GLOBAL_WEST,P012,35,39,3119.61
2024-12-02,KR,P001,299,318,314.82
2024-12-02,KR,P002,134,141,703.59
2024-12-02,KR,P003,177,189,2833.11
2024-12-02,KR,P004,0,0,0.0
2024-12-02,KR,P005,172,181,1446.19
2024-12-02,KR,P006,112,123,3073.77
2024-12-02,KR,P007,110,113,1128.87
2024-12-02,KR,P009,0,0,0.0
2024-12-02,KR,P010,78,85,424.15
2024-12-02,KR,P011,53,55,1099.45
2024-12-02,KR,P012,23,26,2079.74
2024-12-02,JP,P001,251,263,260.37
2024-12-02,JP,P002,118,131,653.69
2024-12-02,JP,P003,136,148,2218.52
2024-12-02,JP,P004,0,0,0.0
2024-12-02,JP,P005,153,163,1302.37
2024-12-02,JP,P006,88,100,2499.0
2024-12-02,JP,P007,97,106,1058.94
2024-12-02,JP,P009,0,0,0.0
2024-12-02,JP,P010,78,83,414.17
2024-12-02,JP,P011,52,53,1059.47
2024-12-02,JP,P012,29,32,2559.68
2024-12-02,GLOBAL_WEST,P001,407,432,427.68
2024-12-02,GLOBAL_WEST,P002,201,217,1082.83
2024-12-02,GLOBAL_WEST,P003,188,201,3012.99
2024-12-02,GLOBAL_WEST,P004,0,0,0.0
2024-12-02,GLOBAL_WEST,P005,216,244,1949.56
2024-12-02,GLOBAL_WEST,P006,170,189,4723.11
2024-12-02,GLOBAL_WEST,P007,160,174,1738.26
2024-12-02,GLOBAL_WEST,P009,0,0,0.0
2024-12-02,GLOBAL_WEST,P010,136,141,703.59
2024-12-02,GLOBAL_WEST,P011,47,51,1019.49
2024-12-02,GLOBAL_WEST,P012,72,75,5999.25
2024-12-03,KR,P001,320,337,333.63
2024-12-03,KR,P002,144,149,743.51
2024-12-03,KR,P003,169,184,2758.16
2024-12-03,KR,P004,0,0,0.0
2024-12-03,KR,P005,162,178,1422.22
2024-12-03,KR,P006,72,81,2024.19
2024-12-03,KR,P007,105,114,1138.86
2024-12-03,KR,P009,0,0,0.0
2024-12-03,KR,P010,81,89,444.11
2024-12-03,KR,P011,62,70,1399.3
2024-12-03,KR,P012,35,36,2879.64
2024-12-03,JP,P001,247,255,252.45
2024-12-03,JP,P002,146,158,788.42
2024-12-03,JP,P003,116,122,1828.78
2024-12-03,JP,P004,0,0,0.0
2024-12-03,JP,P005,143,158,1262.42
2024-12-03,JP,P006,76,83,2074.17
2024-12-03,JP,P007,100,109,1088.91
2024-12-03,JP,P009,0,0,0.0
2024-12-03,JP,P010,95,101,503.99
2024-12-03,JP,P011,47,49,979.51
2024-12-03,JP,P012,10,11,879.89
2024-12-03,GLOBAL_WEST,P001,394,429,424.71
2024-12-03,GLOBAL_WEST,P002,164,171,853.29
2024-12-03,GLOBAL_WEST,P003,194,211,3162.89
2024-12-03,GLOBAL_WEST,P004,0,0,0.0
2024-12-03,GLOBAL_WEST,P005,262,290,2317.1
2024-12-03,GLOBAL_WEST,P006,112,122,3048.78
2024-12-03,GLOBAL_WEST,P007,105,113,1128.87
2024-12-03,GLOBAL_WEST,P009,0,0,0.0
2024-12-03,GLOBAL_WEST,P010,142,149,743.51
2024-12-03,GLOBAL_WEST,P011,70,76,1519.24
2024-12-03,GLOBAL_WEST,P012,39,41,3279.59
2024-12-04,KR,P001,266,271,268.29
2024-12-04,KR,P002,135,141,703.59
2024-12-04,KR,P003,130,144,2158.56
2024-12-04,KR,P004,0,0,0.0
2024-12-04,KR,P005,158,163,1302.37
2024-12-04,KR,P006,70,71,1774.29
2024-12-04,KR,P007,123,129,1288.71
2024-12-04,KR,P009,0,0,0.0
2024-12-04,KR,P010,110,124,618.76
2024-12-04,KR,P011,46,49,979.51
2024-12-04,KR,P012,50,53,4239.47
2024-12-04,JP,P001,286,300,297.0
2024-12-04,JP,P002,140,150,748.5
2024-12-04,JP,P003,111,116,1738.84
2024-12-04,JP,P004,0,0,0.0
2024-12-04,JP,P005,144,158,1262.42
2024-12-04,JP,P006,79,87,2174.13
2024-12-04,JP,P007,84,92,919.08
2024-12-04,JP,P009,0,0,0.0
2024-12-04,JP,P010,75,82,409.18
2024-12-04,JP,P011,64,68,1359.32
2024-12-04,JP,P012,33,36,2879.64
2024-12-04,GLOBAL_WEST,P001,439,495,490.05
2024-12-04,GLOBAL_WEST,P002,214,229,1142.71
2024-12-04,GLOBAL_WEST,P003,217,238,3567.62
2024-12-04,GLOBAL_WEST,P004,0,0,0.0
2024-12-04,GLOBAL_WEST,P005,191,207,1653.93
2024-12-04,GLOBAL_WEST,P006,123,134,3348.66
2024-12-04,GLOBAL_WEST,P007,145,155,1548.45
2024-12-04,GLOBAL_WEST,P009,0,0,0.0
2024-12-04,GLOBAL_WEST,P010,112,115,573.85
2024-12-04,GLOBAL_WEST,P011,86,92,1839.08
2024-12-04,GLOBAL_WEST,P012,1,1,79.99
2024-12-05,KR,P001,277,303,299.97
2024-12-05,KR,P002,161,176,878.24
2024-12-05,KR,P003,143,149,2233.51
2024-12-05,KR,P004,0,0,0.0
2024-12-05,KR,P005,144,156,1246.44
2024-12-05,KR,P006,92,100,2499.0
2024-12-05,KR,P007,88,97,969.03
2024-12-05,KR,P009,0,0,0.0
2024-12-05,KR,P010,88,91,454.09
2024-12-05,KR,P011,49,53,1059.47
2024-12-05,KR,P012,24,25,1999.75
2024-12-05,JP,P001,283,303,299.97
2024-12-05,JP,P002,138,161,803.39
2024-12-05,JP,P003,157,172,2578.28
2024-12-05,JP,P004,0,0,0.0
2024-12-05,JP,P005,156,164,1310.36
2024-12-05,JP,P006,79,82,2049.18
2024-12-05,JP,P007,106,117,1168.83
2024-12-05,JP,P009,0,0,0.0
2024-12-05,JP,P010,71,74,369.26
2024-12-05,JP,P011,20,23,459.77
2024-12-05,JP,P012,10,10,799.9
2024-12-05,GLOBAL_WEST,P001,440,484,479.16
2024-12-05,GLOBAL_WEST,P002,219,236,1177.64
2024-12-05,GLOBAL_WEST,P003,231,243,3642.57
2024-12-05,GLOBAL_WEST,P004,0,0,0.0
2024-12-05,GLOBAL_WEST,P005,294,322,2572.78
2024-12-05,GLOBAL_WEST,P006,104,110,2748.9
2024-12-05,GLOBAL_WEST,P007,127,133,1328.67
2024-12-05,GLOBAL_WEST,P009,0,0,0.0
2024-12-05,GLOBAL_WEST,P010,92,100,499.0
2024-12-05,GLOBAL_WEST,P011,120,126,2518.74
2024-12-05,GLOBAL_WEST,P012,82,87,6959.13
2024-12-06,KR,P001,305,326,322.74
2024-12-06,KR,P002,141,147,733.53
2024-12-06,KR,P003,157,174,2608.26
2024-12-06,KR,P004,0,0,0.0
2024-12-06,KR,P005,145,159,1270.41
2024-12-06,KR,P006,69,72,1799.28
2024-12-06,KR,P007,103,115,1148.85
2024-12-06,KR,P009,0,0,0.0
2024-12-06,KR,P010,89,93,464.07
2024-12-06,KR,P011,60,64,1279.36
2024-12-06,KR,P012,34,37,2959.63
2024-12-06,JP,P001,272,307,303.93
2024-12-06,JP,P002,138,140,698.6
2024-12-06,JP,P003,149,162,2428.38
2024-12-06,JP,P004,0,0,0.0
2024-12-06,JP,P005,160,168,1342.32
2024-12-06,JP,P006,64,69,1724.31
2024-12-06,JP,P007,111,117,1168.83
2024-12-06,JP,P009,0,0,0.0
2024-12-06,JP,P010,80,88,439.12
2024-12-06,JP,P011,46,48,959.52
2024-12-06,JP,P012,25,26,2079.74
2024-12-06,GLOBAL_WEST,P001,417,474,469.26
2024-12-06,GLOBAL_WEST,P002,217,237,1182.63
2024-12-06,GLOBAL_WEST,P003,207,228,3417.72
2024-12-06,GLOBAL_WEST,P004,0,0,0.0
2024-12-06,GLOBAL_WEST,P005,246,265,2117.35
2024-12-06,GLOBAL_WEST,P006,113,129,3223.71
2024-12-06,GLOBAL_WEST,P007,144,150,1498.5
2024-12-06,GLOBAL_WEST,P009,0,0,0.0
2024-12-06,GLOBAL_WEST,P010,106,118,588.82
2024-12-06,GLOBAL_WEST,P011,88,94,1879.06
2024-12-06,GLOBAL_WEST,P012,26,26,2079.74
2024-12-07,KR,P001,293,327,323.73
2024-12-07,KR,P002,139,154,768.46
2024-12-07,KR,P003,132,147,2203.53
2024-12-07,KR,P004,0,0,0.0
2024-12-07,KR,P005,209,220,1757.8
2024-12-07,KR,P006,95,108,2698.92
2024-12-07,KR,P007,116,126,1258.74
2024-12-07,KR,P009,0,0,0.0
2024-12-07,KR,P010,73,76,379.24
2024-12-07,KR,P011,53,58,1159.42
2024-12-07,KR,P012,21,23,1839.77
2024-12-07,JP,P001,278,288,285.12
2024-12-07,JP,P002,133,141,703.59
2024-12-07,JP,P003,125,132,1978.68
2024-12-07,JP,P004,0,0,0.0
2024-12-07,JP,P005,150,166,1326.34
2024-12-07,JP,P006,94,99,2474.01
2024-12-07,JP,P007,126,136,1358.64
2024-12-07,JP,P009,0,0,0.0
2024-12-07,JP,P010,71,76,379.24
2024-12-07,JP,P011,80,85,1699.15
2024-12-07,JP,P012,32,36,2879.64
2024-12-07,GLOBAL_WEST,P001,456,502,496.98
2024-12-07,GLOBAL_WEST,P002,225,242,1207.58
2024-12-07,GLOBAL_WEST,P003,236,250,3747.5
2024-12-07,GLOBAL_WEST,P004,0,0,0.0
2024-12-07,GLOBAL_WEST,P005,254,278,2221.22
2024-12-07,GLOBAL_WEST,P006,146,159,3973.41
2024-12-07,GLOBAL_WEST,P007,165,182,1818.18
2024-12-07,GLOBAL_WEST,P009,0,0,0.0
2024-12-07,GLOBAL_WEST,P010,117,124,618.76
2024-12-07,GLOBAL_WEST,P011,72,75,1499.25
2024-12-07,GLOBAL_WEST,P012,52,54,4319.46
2024-12-08,KR,P001,272,292,289.08
2024-12-08,KR,P002,129,138,688.62
2024-12-08,KR,P003,141,152,2278.48
2024-12-08,KR,P004,0,0,0.0
2024-12-08,KR,P005,148,157,1254.43
2024-12-08,KR,P006,67,73,1824.27
2024-12-08,KR,P007,96,108,1078.92
2024-12-08,KR,P009,0,0,0.0
2024-12-08,KR,P010,80,84,419.16
2024-12-08,KR,P011,62,69,1379.31
2024-12-08,KR,P012,40,43,3439.57
2024-12-08,JP,P001,265,286,283.14
2024-12-08,JP,P002,105,117,583.83
2024-12-08,JP,P003,127,127,1903.73
2024-12-08,JP,P004,0,0,0.0
2024-12-08,JP,P005,146,159,1270.41
2024-12-08,JP,P006,75,84,2099.16
2024-12-08,JP,P007,101,107,1068.93
2024-12-08,JP,P009,0,0,0.0
2024-12-08,JP,P010,70,76,379.24
2024-12-08,JP,P011,59,65,1299.35
2024-12-08,JP,P012,13,13,1039.87
2024-12-08,GLOBAL_WEST,P001,420,440,435.6
2024-12-08,GLOBAL_WEST,P002,223,246,1227.54
2024-12-08,GLOBAL_WEST,P003,195,202,3027.98
2024-12-08,GLOBAL_WEST,P004,0,0,0.0
2024-12-08,GLOBAL_WEST,P005,274,291,2325.09
2024-12-08,GLOBAL_WEST,P006,141,152,3798.48
2024-12-08,GLOBAL_WEST,P007,153,157,1568.43
2024-12-08,GLOBAL_WEST,P009,0,0,0.0
2024-12-08,GLOBAL_WEST,P010,105,117,583.83
2024-12-08,GLOBAL_WEST,P011,65,68,1359.32
2024-12-08,GLOBAL_WEST,P012,63,68,5439.32
2024-12-09,KR,P001,254,286,283.14
2024-12-09,KR,P002,150,166,828.34
2024-12-09,KR,P003,127,133,1993.67
2024-12-09,KR,P004,0,0,0.0
2024-12-09,KR,P005,180,198,1582.02
2024-12-09,KR,P006,73,79,1974.21
2024-12-09,KR,P007,111,118,1178.82
2024-12-09,KR,P009,0,0,0.0
2024-12-09,KR,P010,87,93,464.07
2024-12-09,KR,P011,57,62,1239.38
2024-12-09,KR,P012,28,30,2399.7
2024-12-09,JP,P001,259,293,290.07
2024-12-09,JP,P002,130,143,713.57
2024-12-09,JP,P003,139,149,2233.51
2024-12-09,JP,P004,0,0,0.0
2024-12-09,JP,P005,147,149,1190.51
2024-12-09,JP,P006,60,64,1599.36
2024-12-09,JP,P007,97,106,1058.94
2024-12-09,JP,P009,0,0,0.0
2024-12-09,JP,P010,98,101,503.99
2024-12-09,JP,P011,60,64,1279.36
2024-12-09,JP,P012,18,19,1519.81
2024-12-09,GLOBAL_WEST,P001,382,399,395.01
2024-12-09,GLOBAL_WEST,P002,197,220,1097.8
2024-12-09,GLOBAL_WEST,P003,208,232,3477.68
2024-12-09,GLOBAL_WEST,P004,0,0,0.0
2024-12-09,GLOBAL_WEST,P005,254,285,2277.15
2024-12-09,GLOBAL_WEST,P006,111,120,2998.8
2024-12-09,GLOBAL_WEST,P007,128,137,1368.63
2024-12-09,GLOBAL_WEST,P009,0,0,0.0
2024-12-09,GLOBAL_WEST,P010,159,173,863.27
2024-12-09,GLOBAL_WEST,P011,86,93,1859.07
2024-12-09,GLOBAL_WEST,P012,23,26,2079.74
2024-12-10,KR,P001,276,294,291.06
2024-12-10,KR,P002,156,160,798.4
2024-12-10,KR,P003,144,153,2293.47
2024-12-10,KR,P004,0,0,0.0
2024-12-10,KR,P005,160,165,1318.35
2024-12-10,KR,P006,98,107,2673.93
2024-12-10,KR,P007,101,108,1078.92
2024-12-10,KR,P009,0,0,0.0
2024-12-10,KR,P010,70,82,409.18
2024-12-10,KR,P011,74,80,1599.2
2024-12-10,KR,P012,0,0,0.0
2024-12-10,JP,P001,254,273,270.27
2024-12-10,JP,P002,122,130,648.7
2024-12-10,JP,P003,139,143,2143.57
2024-12-10,JP,P004,0,0,0.0
2024-12-10,JP,P005,143,154,1230.46
2024-12-10,JP,P006,91,94,2349.06
2024-12-10,JP,P007,100,111,1108.89
2024-12-10,JP,P009,0,0,0.0
2024-12-10,JP,P010,55,60,299.4
2024-12-10,JP,P011,40,44,879.56
2024-12-10,JP,P012,39,44,3519.56
2024-12-10,GLOBAL_WEST,P001,428,464,459.36
2024-12-10,GLOBAL_WEST,P002,233,251,1252.49
2024-12-10,GLOBAL_WEST,P003,236,262,3927.38
2024-12-10,GLOBAL_WEST,P004,0,0,0.0
2024-12-10,GLOBAL_WEST,P005,245,246,1965.54
2024-12-10,GLOBAL_WEST,P006,145,159,3973.41
2024-12-10,GLOBAL_WEST,P007,168,184,1838.16
2024-12-10,GLOBAL_WEST,P009,0,0,0.0
2024-12-10,GLOBAL_WEST,P010,140,145,723.55
2024-12-10,GLOBAL_WEST,P011,100,107,2138.93
2024-12-10,GLOBAL_WEST,P012,34,35,2799.65
2024-12-11,KR,P001,274,285,282.15
2024-12-11,KR,P002,143,156,778.44
2024-12-11,KR,P003,130,133,1993.67
2024-12-11,KR,P004,0,0,0.0
2024-12-11,KR,P005,164,183,1462.17
2024-12-11,KR,P006,62,66,1649.34
2024-12-11,KR,P007,110,117,1168.83
2024-12-11,KR,P009,0,0,0.0
2024-12-11,KR,P010,67,72,359.28
2024-12-11,KR,P011,66,72,1439.28
2024-12-11,KR,P012,27,29,2319.71
2024-12-11,JP,P001,244,247,244.53
2024-12-11,JP,P002,137,141,703.59
2024-12-11,JP,P003,114,125,1873.75
2024-12-11,JP,P004,0,0,0.0
2024-12-11,JP,P005,137,149,1190.51
2024-12-11,JP,P006,94,102,2548.98
2024-12-11,JP,P007,97,106,1058.94
2024-12-11,JP,P009,0,0,0.0
2024-12-11,JP,P010,77,82,409.18
2024-12-11,JP,P011,59,62,1239.38
2024-12-11,JP,P012,27,28,2239.72
2024-12-11,GLOBAL_WEST,P001,430,458,453.42
2024-12-11,GLOBAL_WEST,P002,177,191,953.09
2024-12-11,GLOBAL_WEST,P003,222,243,3642.57
2024-12-11,GLOBAL_WEST,P004,0,0,0.0
2024-12-11,GLOBAL_WEST,P005,239,259,2069.41
2024-12-11,GLOBAL_WEST,P006,83,85,2124.15
2024-12-11,GLOBAL_WEST,P007,164,175,1748.25
2024-12-11,GLOBAL_WEST,P009,0,0,0.0
2024-12-11,GLOBAL_WEST,P010,133,147,733.53
2024-12-11,GLOBAL_WEST,P011,78,88,1759.12
2024-12-11,GLOBAL_WEST,P012,6,6,479.94
2024-12-12,KR,P001,262,284,281.16
2024-12-12,KR,P002,138,152,758.48
2024-12-12,KR,P003,130,144,2158.56
2024-12-12,KR,P004,0,0,0.0
2024-12-12,KR,P005,148,151,1206.49
2024-12-12,KR,P006,90,101,2523.99
2024-12-12,KR,P007,110,125,1248.75
2024-12-12,KR,P009,0,0,0.0
2024-12-12,KR,P010,82,88,439.12
2024-12-12,KR,P011,41,45,899.55
2024-12-12,KR,P012,10,10,799.9
2024-12-12,JP,P001,283,312,308.88
2024-12-12,JP,P002,108,126,628.74
2024-12-12,JP,P003,134,138,2068.62
2024-12-12,JP,P004,0,0,0.0
2024-12-12,JP,P005,171,188,1502.12
2024-12-12,JP,P006,86,93,2324.07
2024-12-12,JP,P007,98,101,1008.99
2024-12-12,JP,P009,0,0,0.0
2024-12-12,JP,P010,77,85,424.15
2024-12-12,JP,P011,45,46,919.54
2024-12-12,JP,P012,21,24,1919.76
2024-12-12,GLOBAL_WEST,P001,402,450,445.5
2024-12-12,GLOBAL_WEST,P002,214,240,1197.6
2024-12-12,GLOBAL_WEST,P003,169,175,2623.25
2024-12-12,GLOBAL_WEST,P004,0,0,0.0
2024-12-12,GLOBAL_WEST,P005,229,250,1997.5
2024-12-12,GLOBAL_WEST,P006,149,165,4123.35
2024-12-12,GLOBAL_WEST,P007,129,137,1368.63
2024-12-12,GLOBAL_WEST,P009,0,0,0.0
2024-12-12,GLOBAL_WEST,P010,104,117,583.83
2024-12-12,GLOBAL_WEST,P011,95,97,1939.03
2024-12-12,GLOBAL_WEST,P012,32,34,2719.66
2024-12-13,KR,P001,281,311,307.89
2024-12-13,KR,P002,140,154,768.46
2024-12-13,KR,P003,154,159,2383.41
2024-12-13,KR,P004,0,0,0.0
2024-12-13,KR,P005,150,156,1246.44
2024-12-13,KR,P006,71,72,1799.28
2024-12-13,KR,P007,92,101,1008.99
2024-12-13,KR,P009,0,0,0.0
2024-12-13,KR,P010,95,99,494.01
2024-12-13,KR,P011,49,51,1019.49
2024-12-13,KR,P012,38,41,3279.59
2024-12-13,JP,P001,258,283,280.17
2024-12-13,JP,P002,129,138,688.62
2024-12-13,JP,P003,144,157,2353.43
2024-12-13,JP,P004,0,0,0.0
2024-12-13,JP,P005,156,168,1342.32
2024-12-13,JP,P006,76,83,2074.17
2024-12-13,JP,P007,106,115,1148.85
2024-12-13,JP,P009,0,0,0.0
2024-12-13,JP,P010,109,111,553.89
2024-12-13,JP,P011,73,77,1539.23
2024-12-13,JP,P012,13,13,1039.87
2024-12-13,GLOBAL_WEST,P001,419,430,425.7
2024-12-13,GLOBAL_WEST,P002,234,247,1232.53
2024-12-13,GLOBAL_WEST,P003,171,180,2698.2
2024-12-13,GLOBAL_WEST,P004,0,0,0.0
2024-12-13,GLOBAL_WEST,P005,237,260,2077.4
2024-12-13,GLOBAL_WEST,P006,99,106,2648.94
2024-12-13,GLOBAL_WEST,P007,147,151,1508.49
2024-12-13,GLOBAL_WEST,P009,0,0,0.0
2024-12-13,GLOBAL_WEST,P010,143,159,793.41
2024-12-13,GLOBAL_WEST,P011,74,80,1599.2
2024-12-13,GLOBAL_WEST,P012,43,45,3599.55
2024-12-14,KR,P001,270,275,272.25
2024-12-14,KR,P002,131,148,738.52
2024-12-14,KR,P003,119,128,1918.72
2024-12-14,KR,P004,0,0,0.0
2024-12-14,KR,P005,145,153,1222.47
2024-12-14,KR,P006,93,103,2573.97
2024-12-14,KR,P007,95,102,1018.98
2024-12-14,KR,P009,0,0,0.0
2024-12-14,KR,P010,79,83,414.17
2024-12-14,KR,P011,48,51,1019.49
2024-12-14,KR,P012,25,26,2079.74
2024-12-14,JP,P001,266,278,275.22
2024-12-14,JP,P002,121,133,663.67
2024-12-14,JP,P003,119,128,1918.72
2024-12-14,JP,P004,0,0,0.0
2024-12-14,JP,P005,140,145,1158.55
2024-12-14,JP,P006,87,97,2424.03
2024-12-14,JP,P007,96,104,1038.96
2024-12-14,JP,P009,0,0,0.0
2024-12-14,JP,P010,66,71,354.29
2024-12-14,JP,P011,53,58,1159.42
2024-12-14,JP,P012,2,2,159.98
2024-12-14,GLOBAL_WEST,P001,377,388,384.12
2024-12-14,GLOBAL_WEST,P002,227,243,1212.57
2024-12-14,GLOBAL_WEST,P003,236,248,3717.52
2024-12-14,GLOBAL_WEST,P004,0,0,0.0
2024-12-14,GLOBAL_WEST,P005,278,304,2428.96
2024-12-14,GLOBAL_WEST,P006,121,126,3148.74
2024-12-14,GLOBAL_WEST,P007,132,146,1458.54
2024-12-14,GLOBAL_WEST,P009,0,0,0.0
2024-12-14,GLOBAL_WEST,P010,120,130,648.7
2024-12-14,GLOBAL_WEST,P011,43,45,899.55
2024-12-14,GLOBAL_WEST,P012,38,42,3359.58
2024-12-15,KR,P001,300,320,316.8
2024-12-15,KR,P002,125,142,708.58
2024-12-15,KR,P003,137,143,2143.57
2024-12-15,KR,P004,0,0,0.0
2024-12-15,KR,P005,132,141,1126.59
2024-12-15,KR,P006,90,103,2573.97
2024-12-15,KR,P007,85,93,929.07
2024-12-15,KR,P009,0,0,0.0
2024-12-15,KR,P010,86,93,464.07
2024-12-15,KR,P011,43,49,979.51
2024-12-15,KR,P012,16,17,1359.83
2024-12-15,JP,P001,277,301,297.99
2024-12-15,JP,P002,137,151,753.49
2024-12-15,JP,P003,141,154,2308.46
2024-12-15,JP,P004,0,0,0.0
2024-12-15,JP,P005,146,161,1286.39
2024-12-15,JP,P006,83,87,2174.13
2024-12-15,JP,P007,85,92,919.08
2024-12-15,JP,P009,0,0,0.0
2024-12-15,JP,P010,78,83,414.17
2024-12-15,JP,P011,54,56,1119.44
2024-12-15,JP,P012,12,12,959.88
2024-12-15,GLOBAL_WEST,P001,404,426,421.74
2024-12-15,GLOBAL_WEST,P002,221,235,1172.65
2024-12-15,GLOBAL_WEST,P003,192,207,3102.93
2024-12-15,GLOBAL_WEST,P004,0,0,0.0
2024-12-15,GLOBAL_WEST,P005,276,304,2428.96
2024-12-15,GLOBAL_WEST,P006,154,166,4148.34
2024-12-15,GLOBAL_WEST,P007,164,181,1808.19
2024-12-15,GLOBAL_WEST,P009,0,0,0.0
2024-12-15,GLOBAL_WEST,P010,130,146,728.54
2024-12-15,GLOBAL_WEST,P011,101,108,2158.92
2024-12-15,GLOBAL_WEST,P012,24,27,2159.73
2024-12-16,KR,P001,262,292,289.08
2024-12-16,KR,P002,121,139,693.61
2024-12-16,KR,P003,130,138,2068.62
2024-12-16,KR,P004,0,0,0.0
2024-12-16,KR,P005,198,216,1725.84
2024-12-16,KR,P006,72,75,1874.25
2024-12-16,KR,P007,100,111,1108.89
2024-12-16,KR,P009,0,0,0.0
2024-12-16,KR,P010,50,52,259.48
2024-12-16,KR,P011,58,64,1279.36
2024-12-16,KR,P012,0,0,0.0
2024-12-16,JP,P001,239,268,265.32
2024-12-16,JP,P002,129,142,708.58
2024-12-16,JP,P003,110,118,1768.82
2024-12-16,JP,P004,0,0,0.0
2024-12-16,JP,P005,169,185,1478.15
2024-12-16,JP,P006,68,73,1824.27
2024-12-16,JP,P007,82,84,839.16
2024-12-16,JP,P009,0,0,0.0
2024-12-16,JP,P010,77,83,414.17
2024-12-16,JP,P011,63,66,1319.34
2024-12-16,JP,P012,14,15,1199.85
2024-12-16,GLOBAL_WEST,P001,416,459,454.41
2024-12-16,GLOBAL_WEST,P002,179,200,998.0
2024-12-16,GLOBAL_WEST,P003,228,248,3717.52
2024-12-16,GLOBAL_WEST,P004,0,0,0.0
2024-12-16,GLOBAL_WEST,P005,202,218,1741.82
2024-12-16,GLOBAL_WEST,P006,157,157,3923.43
2024-12-16,GLOBAL_WEST,P007,132,133,1328.67
2024-12-16,GLOBAL_WEST,P009,0,0,0.0
2024-12-16,GLOBAL_WEST,P010,112,119,593.81
2024-12-16,GLOBAL_WEST,P011,27,27,539.73
2024-12-16,GLOBAL_WEST,P012,0,0,0.0
2024-12-17,KR,P001,266,299,296.01
2024-12-17,KR,P002,139,149,743.51
2024-12-17,KR,P003,137,143,2143.57
2024-12-17,KR,P004,0,0,0.0
2024-12-17,KR,P005,172,183,1462.17
2024-12-17,KR,P006,61,67,1674.33
2024-12-17,KR,P007,109,114,1138.86
2024-12-17,KR,P009,0,0,0.0
2024-12-17,KR,P010,105,120,598.8
2024-12-17,KR,P011,49,52,1039.48
2024-12-17,KR,P012,21,24,1919.76
2024-12-17,JP,P001,259,274,271.26
2024-12-17,JP,P002,137,152,758.48
2024-12-17,JP,P003,125,134,2008.66
2024-12-17,JP,P004,0,0,0.0
2024-12-17,JP,P005,162,169,1350.31
2024-12-17,JP,P006,73,80,1999.2
2024-12-17,JP,P007,98,104,1038.96
2024-12-17,JP,P009,0,0,0.0
2024-12-17,JP,P010,74,82,409.18
2024-12-17,JP,P011,45,46,919.54
2024-12-17,JP,P012,36,39,3119.61
2024-12-17,GLOBAL_WEST,P001,390,416,411.84
2024-12-17,GLOBAL_WEST,P002,181,194,968.06
2024-12-17,GLOBAL_WEST,P003,212,219,3282.81
2024-12-17,GLOBAL_WEST,P004,0,0,0.0
2024-12-17,GLOBAL_WEST,P005,265,294,2349.06
2024-12-17,GLOBAL_WEST,P006,165,177,4423.23
2024-12-17,GLOBAL_WEST,P007,152,161,1608.39
2024-12-17,GLOBAL_WEST,P009,0,0,0.0
2024-12-17,GLOBAL_WEST,P010,89,97,484.03
2024-12-17,GLOBAL_WEST,P011,102,110,2198.9
2024-12-17,GLOBAL_WEST,P012,43,45,3599.55
2024-12-18,KR,P001,351,403,398.97
2024-12-18,KR,P002,175,187,933.13
2024-12-18,KR,P003,181,191,2863.09
2024-12-18,KR,P004,146,159,3178.41
2024-12-18,KR,P005,218,245,1957.55
2024-12-18,KR,P006,118,125,3123.75
2024-12-18,KR,P007,154,167,1668.33
2024-12-18,KR,P009,210,232,6957.68
2024-12-18,KR,P010,107,115,573.85
2024-12-18,KR,P011,67,71,1419.29
2024-12-18,KR,P012,19,20,1599.8
2024-12-18,JP,P001,359,395,391.05
2024-12-18,JP,P002,167,180,898.2
2024-12-18,JP,P003,161,179,2683.21
2024-12-18,JP,P004,117,125,2498.75
2024-12-18,JP,P005,182,192,1534.08
2024-12-18,JP,P006,88,98,2449.02
2024-12-18,JP,P007,123,132,1318.68
2024-12-18,JP,P009,173,187,5608.13
2024-12-18,JP,P010,82,90,449.1
2024-12-18,JP,P011,46,49,979.51
2024-12-18,JP,P012,11,11,879.89
2024-12-18,GLOBAL_WEST,P001,570,622,615.78
2024-12-18,GLOBAL_WEST,P002,330,355,1771.45
2024-12-18,GLOBAL_WEST,P003,261,291,4362.09
2024-12-18,GLOBAL_WEST,P004,234,256,5117.44
2024-12-18,GLOBAL_WEST,P005,319,337,2692.63
2024-12-18,GLOBAL_WEST,P006,218,218,5447.82
2024-12-18,GLOBAL_WEST,P007,248,265,2647.35
2024-12-18,GLOBAL_WEST,P009,302,334,10016.66
2024-12-18,GLOBAL_WEST,P010,190,193,963.07
2024-12-18,GLOBAL_WEST,P011,113,121,2418.79
2024-12-18,GLOBAL_WEST,P012,82,85,6799.15
2024-12-19,KR,P001,355,376,372.24
2024-12-19,KR,P002,157,162,808.38
2024-12-19,KR,P003,207,236,3537.64
2024-12-19,KR,P004,165,182,3638.18
2024-12-19,KR,P005,223,250,1997.5
2024-12-19,KR,P006,81,87,2174.13
2024-12-19,KR,P007,127,141,1408.59
2024-12-19,KR,P009,182,205,6147.95
2024-12-19,KR,P010,94,101,503.99
2024-12-19,KR,P011,57,61,1219.39
2024-12-19,KR,P012,52,52,4159.48
2024-12-19,JP,P001,356,356,352.44
2024-12-19,JP,P002,165,167,833.33
2024-12-19,JP,P003,166,179,2683.21
2024-12-19,JP,P004,129,139,2778.61
2024-12-19,JP,P005,201,213,1701.87
2024-12-19,JP,P006,85,90,2249.1
2024-12-19,JP,P007,120,129,1288.71
2024-12-19,JP,P009,155,166,4978.34
2024-12-19,JP,P010,78,87,434.13
2024-12-19,JP,P011,26,27,539.73
2024-12-19,JP,P012,18,18,1439.82
2024-12-19,GLOBAL_WEST,P001,577,617,610.83
2024-12-19,GLOBAL_WEST,P002,276,302,1506.98
2024-12-19,GLOBAL_WEST,P003,242,256,3837.44
2024-12-19,GLOBAL_WEST,P004,269,274,5477.26
2024-12-19,GLOBAL_WEST,P005,329,341,2724.59
2024-12-19,GLOBAL_WEST,P006,209,224,5597.76
2024-12-19,GLOBAL_WEST,P007,225,246,2457.54
2024-12-19,GLOBAL_WEST,P009,359,380,11396.2
2024-12-19,GLOBAL_WEST,P010,209,218,1087.82
2024-12-19,GLOBAL_WEST,P011,85,93,1859.07
2024-12-19,GLOBAL_WEST,P012,34,35,2799.65
2024-12-20,KR,P001,338,383,379.17
2024-12-20,KR,P002,173,190,948.1
2024-12-20,KR,P003,172,179,2683.21
2024-12-20,KR,P004,124,125,2498.75
2024-12-20,KR,P005,188,201,1605.99
2024-12-20,KR,P006,99,106,2648.94
2024-12-20,KR,P007,103,105,1048.95
2024-12-20,KR,P009,166,173,5188.27
2024-12-20,KR,P010,94,95,474.05
2024-12-20,KR,P011,58,61,1219.39
2024-12-20,KR,P012,36,38,3039.62
2024-12-20,JP,P001,345,367,363.33
2024-12-20,JP,P002,178,197,983.03
2024-12-20,JP,P003,156,177,2653.23
2024-12-20,JP,P004,123,136,2718.64
2024-12-20,JP,P005,202,216,1725.84
2024-12-20,JP,P006,77,81,2024.19
2024-12-20,JP,P007,158,168,1678.32
2024-12-20,JP,P009,182,203,6087.97
2024-12-20,JP,P010,121,130,648.7
2024-12-20,JP,P011,86,92,1839.08
2024-12-20,JP,P012,25,27,2159.73
2024-12-20,GLOBAL_WEST,P001,592,616,609.84
2024-12-20,GLOBAL_WEST,P002,323,347,1731.53
2024-12-20,GLOBAL_WEST,P003,316,324,4856.76
2024-12-20,GLOBAL_WEST,P004,231,243,4857.57
2024-12-20,GLOBAL_WEST,P005,352,403,3219.97
2024-12-20,GLOBAL_WEST,P006,175,192,4798.08
2024-12-20,GLOBAL_WEST,P007,214,234,2337.66
2024-12-20,GLOBAL_WEST,P009,301,330,9896.7
2024-12-20,GLOBAL_WEST,P010,169,184,918.16
2024-12-20,GLOBAL_WEST,P011,75,78,1559.22
2024-12-20,GLOBAL_WEST,P012,46,51,4079.49
2024-12-21,KR,P001,353,388,384.12
2024-12-21,KR,P002,197,203,1012.97
2024-12-21,KR,P003,193,213,3192.87
2024-12-21,KR,P004,132,136,2718.64
2024-12-21,KR,P005,220,240,1917.6
2024-12-21,KR,P006,120,120,2998.8
2024-12-21,KR,P007,131,141,1408.59
2024-12-21,KR,P009,166,177,5308.23
2024-12-21,KR,P010,95,101,503.99
2024-12-21,KR,P011,48,52,1039.48
2024-12-21,KR,P012,50,53,4239.47
2024-12-21,JP,P001,346,371,367.29
2024-12-21,JP,P002,148,160,798.4
2024-12-21,JP,P003,150,163,2443.37
2024-12-21,JP,P004,123,128,2558.72
2024-12-21,JP,P005,186,206,1645.94
2024-12-21,JP,P006,126,133,3323.67
2024-12-21,JP,P007,127,143,1428.57
2024-12-21,JP,P009,175,192,5758.08
2024-12-21,JP,P010,108,114,568.86
2024-12-21,JP,P011,82,87,1739.13
2024-12-21,JP,P012,4,4,319.96
2024-12-21,GLOBAL_WEST,P001,565,592,586.08
2024-12-21,GLOBAL_WEST,P002,335,361,1801.39
2024-12-21,GLOBAL_WEST,P003,286,318,4766.82
2024-12-21,GLOBAL_WEST,P004,219,238,4757.62
2024-12-21,GLOBAL_WEST,P005,340,374,2988.26
2024-12-21,GLOBAL_WEST,P006,213,231,5772.69
2024-12-21,GLOBAL_WEST,P007,267,277,2767.23
2024-12-21,GLOBAL_WEST,P009,339,368,11036.32
2024-12-21,GLOBAL_WEST,P010,158,172,858.28
2024-12-21,GLOBAL_WEST,P011,80,81,1619.19
2024-12-21,GLOBAL_WEST,P012,75,82,6559.18
2024-12-22,KR,P001,365,404,399.96
2024-12-22,KR,P002,157,170,848.3
2024-12-22,KR,P003,183,195,2923.05
2024-12-22,KR,P004,118,125,2498.75
2024-12-22,KR,P005,222,238,1901.62
2024-12-22,KR,P006,109,118,2948.82
2024-12-22,KR,P007,114,124,1238.76
2024-12-22,KR,P009,169,187,5608.13
2024-12-22,KR,P010,102,107,533.93
2024-12-22,KR,P011,69,74,1479.26
2024-12-22,KR,P012,18,20,1599.8
2024-12-22,JP,P001,320,364,360.36
2024-12-22,JP,P002,168,180,898.2
2024-12-22,JP,P003,167,188,2818.12
2024-12-22,JP,P004,120,137,2738.63
2024-12-22,JP,P005,184,196,1566.04
2024-12-22,JP,P006,99,103,2573.97
2024-12-22,JP,P007,116,119,1188.81
2024-12-22,JP,P009,180,199,5968.01
2024-12-22,JP,P010,84,91,454.09
2024-12-22,JP,P011,51,54,1079.46
2024-12-22,JP,P012,18,19,1519.81
2024-12-22,GLOBAL_WEST,P001,506,555,549.45
2024-12-22,GLOBAL_WEST,P002,248,274,1367.26
2024-12-22,GLOBAL_WEST,P003,272,297,4452.03
2024-12-22,GLOBAL_WEST,P004,258,272,5437.28
2024-12-22,GLOBAL_WEST,P005,333,367,2932.33
2024-12-22,GLOBAL_WEST,P006,167,177,4423.23
2024-12-22,GLOBAL_WEST,P007,237,254,2537.46
2024-12-22,GLOBAL_WEST,P009,308,332,9956.68
2024-12-22,GLOBAL_WEST,P010,114,118,588.82
2024-12-22,GLOBAL_WEST,P011,138,142,2838.58
2024-12-22,GLOBAL_WEST,P012,39,41,3279.59
2024-12-23,KR,P001,383,427,422.73
2024-12-23,KR,P002,207,209,1042.91
2024-12-23,KR,P003,188,200,2998.0
2024-12-23,KR,P004,142,149,2978.51
2024-12-23,KR,P005,209,226,1805.74
2024-12-23,KR,P006,109,117,2923.83
2024-12-23,KR,P007,152,163,1628.37
2024-12-23,KR,P009,195,206,6177.94
2024-12-23,KR,P010,115,124,618.76
2024-12-23,KR,P011,77,84,1679.16
2024-12-23,KR,P012,39,43,3439.57
2024-12-23,JP,P001,326,353,349.47
2024-12-23,JP,P002,163,176,878.24
2024-12-23,JP,P003,158,163,2443.37
2024-12-23,JP,P004,113,124,2478.76
2024-12-23,JP,P005,185,194,1550.06
2024-12-23,JP,P006,89,100,2499.0
2024-12-23,JP,P007,102,111,1108.89
2024-12-23,JP,P009,177,199,5968.01
2024-12-23,JP,P010,120,129,643.71
2024-12-23,JP,P011,51,53,1059.47
2024-12-23,JP,P012,19,19,1519.81
2024-12-23,GLOBAL_WEST,P001,585,636,629.64
2024-12-23,GLOBAL_WEST,P002,306,340,1696.6
2024-12-23,GLOBAL_WEST,P003,313,343,5141.57
2024-12-23,GLOBAL_WEST,P004,176,191,3818.09
2024-12-23,GLOBAL_WEST,P005,329,360,2876.4
2024-12-23,GLOBAL_WEST,P006,117,125,3123.75
2024-12-23,GLOBAL_WEST,P007,204,220,2197.8
2024-12-23,GLOBAL_WEST,P009,289,308,9236.92
2024-12-23,GLOBAL_WEST,P010,193,198,988.02
2024-12-23,GLOBAL_WEST,P011,40,45,899.55
2024-12-23,GLOBAL_WEST,P012,36,40,3199.6
2024-12-24,KR,P001,367,401,396.99
2024-12-24,KR,P002,154,168,838.32
2024-12-24,KR,P003,172,183,2743.17
2024-12-24,KR,P004,132,137,2738.63
2024-12-24,KR,P005,224,233,1861.67
2024-12-24,KR,P006,100,106,2648.94
2024-12-24,KR,P007,156,169,1688.31
2024-12-24,KR,P009,193,195,5848.05
2024-12-24,KR,P010,96,99,494.01
2024-12-24,KR,P011,85,92,1839.08
2024-12-24,KR,P012,19,19,1519.81
2024-12-24,JP,P001,314,336,332.64
2024-12-24,JP,P002,153,163,813.37
2024-12-24,JP,P003,185,196,2938.04
2024-12-24,JP,P004,127,136,2718.64
2024-12-24,JP,P005,194,211,1685.89
2024-12-24,JP,P006,91,102,2548.98
2024-12-24,JP,P007,144,160,1598.4
2024-12-24,JP,P009,176,185,5548.15
2024-12-24,JP,P010,79,89,444.11
2024-12-24,JP,P011,60,66,1319.34
2024-12-24,JP,P012,14,15,1199.85
2024-12-24,GLOBAL_WEST,P001,528,581,575.19
2024-12-24,GLOBAL_WEST,P002,296,316,1576.84
2024-12-24,GLOBAL_WEST,P003,279,306,4586.94
2024-12-24,GLOBAL_WEST,P004,258,268,5357.32
2024-12-24,GLOBAL_WEST,P005,336,368,2940.32
2024-12-24,GLOBAL_WEST,P006,190,198,4948.02
2024-12-24,GLOBAL_WEST,P007,172,183,1828.17
2024-12-24,GLOBAL_WEST,P009,314,321,9626.79
2024-12-24,GLOBAL_WEST,P010,149,173,863.27
2024-12-24,GLOBAL_WEST,P011,108,114,2278.86
2024-12-24,GLOBAL_WEST,P012,21,23,1839.77
2024-12-25,KR,P001,398,431,426.69
2024-12-25,KR,P002,192,204,1017.96
2024-12-25,KR,P003,196,208,3117.92
2024-12-25,KR,P004,141,154,3078.46
2024-12-25,KR,P005,198,207,1653.93
2024-12-25,KR,P006,96,102,2548.98
2024-12-25,KR,P007,115,123,1228.77
2024-12-25,KR,P009,174,180,5398.2
2024-12-25,KR,P010,92,100,499.0
2024-12-25,KR,P011,43,48,959.52
2024-12-25,KR,P012,26,27,2159.73
2024-12-25,JP,P001,318,341,337.59
2024-12-25,JP,P002,180,195,973.05
2024-12-25,JP,P003,156,163,2443.37
2024-12-25,JP,P004,115,125,2498.75
2024-12-25,JP,P005,200,211,1685.89
2024-12-25,JP,P006,92,95,2374.05
2024-12-25,JP,P007,113,122,1218.78
2024-12-25,JP,P009,174,186,5578.14
2024-12-25,JP,P010,114,124,618.76
2024-12-25,JP,P011,51,54,1079.46
2024-12-25,JP,P012,11,12,959.88
2024-12-25,GLOBAL_WEST,P001,589,660,653.4
2024-12-25,GLOBAL_WEST,P002,273,297,1482.03
2024-12-25,GLOBAL_WEST,P003,311,332,4976.68
2024-12-25,GLOBAL_WEST,P004,242,261,5217.39
2024-12-25,GLOBAL_WEST,P005,339,359,2868.41
2024-12-25,GLOBAL_WEST,P006,154,162,4048.38
2024-12-25,GLOBAL_WEST,P007,210,225,2247.75
2024-12-25,GLOBAL_WEST,P009,261,288,8637.12
2024-12-25,GLOBAL_WEST,P010,170,185,923.15
2024-12-25,GLOBAL_WEST,P011,125,138,2758.62
2024-12-25,GLOBAL_WEST,P012,42,47,3759.53
2024-12-26,KR,P001,382,424,419.76
2024-12-26,KR,P002,158,166,828.34
2024-12-26,KR,P003,178,197,2953.03
2024-12-26,KR,P004,127,141,2818.59
2024-12-26,KR,P005,228,241,1925.59
2024-12-26,KR,P006,119,126,3148.74
2024-12-26,KR,P007,148,156,1558.44
2024-12-26,KR,P009,224,241,7227.59
2024-12-26,KR,P010,115,125,623.75
2024-12-26,KR,P011,76,82,1639.18
2024-12-26,KR,P012,22,25,1999.75
2024-12-26,JP,P001,311,338,334.62
2024-12-26,JP,P002,166,166,828.34
2024-12-26,JP,P003,176,189,2833.11
2024-12-26,JP,P004,123,131,2618.69
2024-12-26,JP,P005,181,196,1566.04
2024-12-26,JP,P006,103,107,2673.93
2024-12-26,JP,P007,127,134,1338.66
2024-12-26,JP,P009,173,196,5878.04
2024-12-26,JP,P010,95,95,474.05
2024-12-26,JP,P011,67,72,1439.28
2024-12-26,JP,P012,38,39,3119.61
2024-12-26,GLOBAL_WEST,P001,592,635,628.65
2024-12-26,GLOBAL_WEST,P002,295,328,1636.72
2024-12-26,GLOBAL_WEST,P003,287,317,4751.83
2024-12-26,GLOBAL_WEST,P004,184,203,4057.97
2024-12-26,GLOBAL_WEST,P005,305,338,2700.62
2024-12-26,GLOBAL_WEST,P006,171,188,4698.12
2024-12-26,GLOBAL_WEST,P007,215,240,2397.6
2024-12-26,GLOBAL_WEST,P009,322,349,10466.51
2024-12-26,GLOBAL_WEST,P010,178,193,963.07
2024-12-26,GLOBAL_WEST,P011,69,73,1459.27
2024-12-26,GLOBAL_WEST,P012,65,67,5359.33
2024-12-27,KR,P001,387,428,423.72
2024-12-27,KR,P002,199,216,1077.84
2024-12-27,KR,P003,172,182,2728.18
2024-12-27,KR,P004,150,166,3318.34
2024-12-27,KR,P005,212,246,1965.54
2024-12-27,KR,P006,95,102,2548.98
2024-12-27,KR,P007,168,184,1838.16
2024-12-27,KR,P009,190,202,6057.98
2024-12-27,KR,P010,78,84,419.16
2024-12-27,KR,P011,88,94,1879.06
2024-12-27,KR,P012,17,19,1519.81
2024-12-27,JP,P001,336,373,369.27
2024-12-27,JP,P002,137,147,733.53
2024-12-27,JP,P003,138,141,2113.59
2024-12-27,JP,P004,126,126,2518.74
2024-12-27,JP,P005,192,206,1645.94
2024-12-27,JP,P006,82,91,2274.09
2024-12-27,JP,P007,103,109,1088.91
2024-12-27,JP,P009,188,202,6057.98
2024-12-27,JP,P010,85,88,439.12
2024-12-27,JP,P011,61,62,1239.38
2024-12-27,JP,P012,15,15,1199.85
2024-12-27,GLOBAL_WEST,P001,555,632,625.68
2024-12-27,GLOBAL_WEST,P002,314,326,1626.74
2024-12-27,GLOBAL_WEST,P003,307,323,4841.77
2024-12-27,GLOBAL_WEST,P004,215,238,4757.62
2024-12-27,GLOBAL_WEST,P005,390,438,3499.62
2024-12-27,GLOBAL_WEST,P006,131,144,3598.56
2024-12-27,GLOBAL_WEST,P007,251,268,2677.32
2024-12-27,GLOBAL_WEST,P009,339,350,10496.5
2024-12-27,GLOBAL_WEST,P010,176,196,978.04
2024-12-27,GLOBAL_WEST,P011,127,136,2718.64
2024-12-27,GLOBAL_WEST,P012,16,17,1359.83
2024-12-28,KR,P001,368,392,388.08
2024-12-28,KR,P002,166,183,913.17
2024-12-28,KR,P003,176,191,2863.09
2024-12-28,KR,P004,114,125,2498.75
2024-12-28,KR,P005,223,247,1973.53
2024-12-28,KR,P006,77,83,2074.17
2024-12-28,KR,P007,140,143,1428.57
2024-12-28,KR,P009,230,250,7497.5
2024-12-28,KR,P010,103,111,553.89
2024-12-28,KR,P011,66,70,1399.3
2024-12-28,KR,P012,62,68,5439.32
2024-12-28,JP,P001,351,372,368.28
2024-12-28,JP,P002,188,201,1002.99
2024-12-28,JP,P003,185,206,3087.94
2024-12-28,JP,P004,122,132,2638.68
2024-12-28,JP,P005,201,208,1661.92
2024-12-28,JP,P006,108,112,2798.88
2024-12-28,JP,P007,118,123,1228.77
2024-12-28,JP,P009,184,198,5938.02
2024-12-28,JP,P010,111,121,603.79
2024-12-28,JP,P011,61,61,1219.39
2024-12-28,JP,P012,22,23,1839.77
2024-12-28,GLOBAL_WEST,P001,576,599,593.01
2024-12-28,GLOBAL_WEST,P002,325,352,1756.48
2024-12-28,GLOBAL_WEST,P003,341,371,5561.29
2024-12-28,GLOBAL_WEST,P004,254,273,5457.27
2024-12-28,GLOBAL_WEST,P005,392,426,3403.74
2024-12-28,GLOBAL_WEST,P006,156,173,4323.27
2024-12-28,GLOBAL_WEST,P007,233,244,2437.56
2024-12-28,GLOBAL_WEST,P009,357,395,11846.05
2024-12-28,GLOBAL_WEST,P010,201,212,1057.88
2024-12-28,GLOBAL_WEST,P011,91,99,1979.01
2024-12-28,GLOBAL_WEST,P012,48,51,4079.49
2024-12-29,KR,P001,400,441,436.59
2024-12-29,KR,P002,190,197,983.03
2024-12-29,KR,P003,196,210,3147.9
2024-12-29,KR,P004,132,142,2838.58
2024-12-29,KR,P005,237,238,1901.62
2024-12-29,KR,P006,90,100,2499.0
2024-12-29,KR,P007,150,165,1648.35
2024-12-29,KR,P009,214,227,6807.73
2024-12-29,KR,P010,92,102,508.98
2024-12-29,KR,P011,63,66,1319.34
2024-12-29,KR,P012,23,27,2159.73
2024-12-29,JP,P001,365,395,391.05
2024-12-29,JP,P002,189,208,1037.92
2024-12-29,JP,P003,157,172,2578.28
2024-12-29,JP,P004,135,143,2858.57
2024-12-29,JP,P005,183,196,1566.04
2024-12-29,JP,P006,98,101,2523.99
2024-12-29,JP,P007,129,141,1408.59
2024-12-29,JP,P009,200,222,6657.78
2024-12-29,JP,P010,121,124,618.76
2024-12-29,JP,P011,49,54,1079.46
2024-12-29,JP,P012,22,23,1839.77
2024-12-29,GLOBAL_WEST,P001,642,673,666.27
2024-12-29,GLOBAL_WEST,P002,331,356,1776.44
2024-12-29,GLOBAL_WEST,P003,281,317,4751.83
2024-12-29,GLOBAL_WEST,P004,231,263,5257.37
2024-12-29,GLOBAL_WEST,P005,396,429,3427.71
2024-12-29,GLOBAL_WEST,P006,170,186,4648.14
2024-12-29,GLOBAL_WEST,P007,259,285,2847.15
2024-12-29,GLOBAL_WEST,P009,373,402,12055.98
2024-12-29,GLOBAL_WEST,P010,152,159,793.41
2024-12-29,GLOBAL_WEST,P011,110,128,2558.72
2024-12-29,GLOBAL_WEST,P012,57,58,4639.42
2024-12-30,KR,P001,398,423,418.77
2024-12-30,KR,P002,196,219,1092.81
2024-12-30,KR,P003,204,215,3222.85
2024-12-30,KR,P004,143,155,3098.45
2024-12-30,KR,P005,265,280,2237.2
2024-12-30,KR,P006,115,125,3123.75
2024-12-30,KR,P007,120,128,1278.72
2024-12-30,KR,P009,205,218,6537.82
2024-12-30,KR,P010,116,124,618.76
2024-12-30,KR,P011,65,71,1419.29
2024-12-30,KR,P012,58,59,4719.41
2024-12-30,JP,P001,331,352,348.48
2024-12-30,JP,P002,196,215,1072.85
2024-12-30,JP,P003,183,200,2998.0
2024-12-30,JP,P004,144,162,3238.38
2024-12-30,JP,P005,196,223,1781.77
2024-12-30,JP,P006,79,88,2199.12
2024-12-30,JP,P007,133,143,1428.57
2024-12-30,JP,P009,201,222,6657.78
2024-12-30,JP,P010,98,106,528.94
2024-12-30,JP,P011,52,57,1139.43
2024-12-30,JP,P012,19,19,1519.81
2024-12-30,GLOBAL_WEST,P001,615,665,658.35
2024-12-30,GLOBAL_WEST,P002,292,312,1556.88
2024-12-30,GLOBAL_WEST,P003,318,328,4916.72
2024-12-30,GLOBAL_WEST,P004,211,230,4597.7
2024-12-30,GLOBAL_WEST,P005,334,380,3036.2
2024-12-30,GLOBAL_WEST,P006,203,224,5597.76
2024-12-30,GLOBAL_WEST,P007,215,233,2327.67
2024-12-30,GLOBAL_WEST,P009,377,403,12085.97
2024-12-30,GLOBAL_WEST,P010,199,211,1052.89
2024-12-30,GLOBAL_WEST,P011,159,184,3678.16
2024-12-30,GLOBAL_WEST,P012,66,68,5439.32
2024-12-31,KR,P001,408,455,450.45
2024-12-31,KR,P002,213,228,1137.72
2024-12-31,KR,P003,180,190,2848.1
2024-12-31,KR,P004,161,171,3418.29
2024-12-31,KR,P005,227,252,2013.48
2024-12-31,KR,P006,127,135,3373.65
2024-12-31,KR,P007,143,148,1478.52
2024-12-31,KR,P009,211,231,6927.69
2024-12-31,KR,P010,108,114,568.86
2024-12-31,KR,P011,47,50,999.5
2024-12-31,KR,P012,47,49,3919.51
2024-12-31,JP,P001,326,344,340.56
2024-12-31,JP,P002,195,199,993.01
2024-12-31,JP,P003,165,187,2803.13
2024-12-31,JP,P004,136,143,2858.57
2024-12-31,JP,P005,190,206,1645.94
2024-12-31,JP,P006,95,100,2499.0
2024-12-31,JP,P007,111,123,1228.77
2024-12-31,JP,P009,181,197,5908.03
2024-12-31,JP,P010,83,85,424.15
2024-12-31,JP,P011,37,42,839.58
2024-12-31,JP,P012,29,30,2399.7
2024-12-31,GLOBAL_WEST,P001,568,604,597.96
2024-12-31,GLOBAL_WEST,P002,289,305,1521.95
2024-12-31,GLOBAL_WEST,P003,289,313,4691.87
2024-12-31,GLOBAL_WEST,P004,233,255,5097.45
2024-12-31,GLOBAL_WEST,P005,352,385,3076.15
2024-12-31,GLOBAL_WEST,P006,136,155,3873.45
2024-12-31,GLOBAL_WEST,P007,253,293,2927.07
2024-12-31,GLOBAL_WEST,P009,297,326,9776.74
2024-12-31,GLOBAL_WEST,P010,191,201,1002.99
2024-12-31,GLOBAL_WEST,P011,77,83,1659.17
2024-12-31,GLOBAL_WEST,P012,0,0,0.0
2025-01-01,KR,P001,331,357,353.43
2025-01-01,KR,P002,169,181,903.19
2025-01-01,KR,P003,145,154,2308.46
2025-01-01,KR,P004,121,128,2558.72
2025-01-01,KR,P005,197,203,1621.97
2025-01-01,KR,P006,89,94,2349.06
2025-01-01,KR,P007,121,134,1338.66
2025-01-01,KR,P009,195,208,6237.92
2025-01-01,KR,P010,98,98,489.02
2025-01-01,KR,P011,93,99,1979.01
2025-01-01,KR,P012,36,39,3119.61
2025-01-01,JP,P001,324,358,354.42
2025-01-01,JP,P002,148,157,783.43
2025-01-01,JP,P003,168,178,2668.22
2025-01-01,JP,P004,101,110,2198.9
2025-01-01,JP,P005,166,181,1446.19
2025-01-01,JP,P006,87,88,2199.12
2025-01-01,JP,P007,122,129,1288.71
2025-01-01,JP,P009,177,194,5818.06
2025-01-01,JP,P010,55,58,289.42
2025-01-01,JP,P011,59,61,1219.39
2025-01-01,JP,P012,15,17,1359.83
2025-01-01,GLOBAL_WEST,P001,538,583,577.17
2025-01-01,GLOBAL_WEST,P002,276,295,1472.05
2025-01-01,GLOBAL_WEST,P003,245,272,4077.28
2025-01-01,GLOBAL_WEST,P004,222,243,4857.57
2025-01-01,GLOBAL_WEST,P005,302,335,2676.65
2025-01-01,GLOBAL_WEST,P006,171,187,4673.13
2025-01-01,GLOBAL_WEST,P007,238,253,2527.47
2025-01-01,GLOBAL_WEST,P009,304,321,9626.79
2025-01-01,GLOBAL_WEST,P010,199,226,1127.74
2025-01-01,GLOBAL_WEST,P011,75,79,1579.21
2025-01-01,GLOBAL_WEST,P012,24,25,1999.75
2025-01-02,KR,P001,323,338,334.62
2025-01-02,KR,P002,150,163,813.37
2025-01-02,KR,P003,181,193,2893.07
2025-01-02,KR,P004,125,134,2678.66
2025-01-02,KR,P005,172,192,1534.08
2025-01-02,KR,P006,111,120,2998.8
2025-01-02,KR,P007,134,148,1478.52
2025-01-02,KR,P009,194,224,6717.76
2025-01-02,KR,P010,85,91,454.09
2025-01-02,KR,P011,56,63,1259.37
2025-01-02,KR,P012,13,13,1039.87
2025-01-02,JP,P001,304,324,320.76
2025-01-02,JP,P002,132,136,678.64
2025-01-02,JP,P003,135,142,2128.58
2025-01-02,JP,P004,107,115,2298.85
2025-01-02,JP,P005,187,199,1590.01
2025-01-02,JP,P006,74,79,1974.21
2025-01-02,JP,P007,104,113,1128.87
2025-01-02,JP,P009,169,177,5308.23
2025-01-02,JP,P010,97,102,508.98
2025-01-02,JP,P011,47,54,1079.46
2025-01-02,JP,P012,39,41,3279.59
2025-01-02,GLOBAL_WEST,P001,505,530,524.7
2025-01-02,GLOBAL_WEST,P002,281,301,1501.99
2025-01-02,GLOBAL_WEST,P003,254,266,3987.34
2025-01-02,GLOBAL_WEST,P004,189,192,3838.08
2025-01-02,GLOBAL_WEST,P005,299,321,2564.79
2025-01-02,GLOBAL_WEST,P006,189,204,5097.96
2025-01-02,GLOBAL_WEST,P007,192,209,2087.91
2025-01-02,GLOBAL_WEST,P009,297,337,10106.63
2025-01-02,GLOBAL_WEST,P010,138,154,768.46
2025-01-02,GLOBAL_WEST,P011,142,156,3118.44
2025-01-02,GLOBAL_WEST,P012,51,55,4399.45
2025-01-03,KR,P001,297,310,306.9
2025-01-03,KR,P002,164,169,843.31
2025-01-03,KR,P003,168,185,2773.15
2025-01-03,KR,P004,134,142,2838.58
2025-01-03,KR,P005,191,196,1566.04
2025-01-03,KR,P006,103,117,2923.83
2025-01-03,KR,P007,122,133,1328.67
2025-01-03,KR,P009,190,203,6087.97
2025-01-03,KR,P010,84,92,459.08
2025-01-03,KR,P011,49,51,1019.49
2025-01-03,KR,P012,37,40,3199.6
2025-01-03,JP,P001,333,346,342.54
2025-01-03,JP,P002,152,154,768.46
2025-01-03,JP,P003,158,168,2518.32
2025-01-03,JP,P004,120,126,2518.74
2025-01-03,JP,P005,180,188,1502.12
2025-01-03,JP,P006,94,98,2449.02
2025-01-03,JP,P007,108,119,1188.81
2025-01-03,JP,P009,188,202,6057.98
2025-01-03,JP,P010,102,116,578.84
2025-01-03,JP,P011,72,82,1639.18
2025-01-03,JP,P012,14,15,1199.85
2025-01-03,GLOBAL_WEST,P001,493,522,516.78
2025-01-03,GLOBAL_WEST,P002,252,271,1352.29
2025-01-03,GLOBAL_WEST,P003,275,310,4646.9
2025-01-03,GLOBAL_WEST,P004,165,182,3638.18
2025-01-03,GLOBAL_WEST,P005,291,309,2468.91
2025-01-03,GLOBAL_WEST,P006,134,141,3523.59
2025-01-03,GLOBAL_WEST,P007,185,197,1968.03
2025-01-03,GLOBAL_WEST,P009,297,329,9866.71
2025-01-03,GLOBAL_WEST,P010,155,162,808.38
2025-01-03,GLOBAL_WEST,P011,86,86,1719.14
2025-01-03,GLOBAL_WEST,P012,18,19,1519.81
2025-01-04,KR,P001,341,358,354.42
2025-01-04,KR,P002,161,172,858.28
2025-01-04,KR,P003,171,186,2788.14
2025-01-04,KR,P004,125,137,2738.63
2025-01-04,KR,P005,202,212,1693.88
2025-01-04,KR,P006,55,60,1499.4
2025-01-04,KR,P007,105,112,1118.88
2025-01-04,KR,P009,199,224,6717.76
2025-01-04,KR,P010,95,103,513.97
2025-01-04,KR,P011,53,59,1179.41
2025-01-04,KR,P012,61,66,5279.34
2025-01-04,JP,P001,316,346,342.54
2025-01-04,JP,P002,161,173,863.27
2025-01-04,JP,P003,135,146,2188.54
2025-01-04,JP,P004,94,102,2038.98
2025-01-04,JP,P005,192,213,1701.87
2025-01-04,JP,P006,96,105,2623.95
2025-01-04,JP,P007,129,140,1398.6
2025-01-04,JP,P009,167,181,5428.19
2025-01-04,JP,P010,91,94,469.06
2025-01-04,JP,P011,61,67,1339.33
2025-01-04,JP,P012,22,24,1919.76
2025-01-04,GLOBAL_WEST,P001,557,628,621.72
2025-01-04,GLOBAL_WEST,P002,269,287,1432.13
2025-01-04,GLOBAL_WEST,P003,324,334,5006.66
2025-01-04,GLOBAL_WEST,P004,213,228,4557.72
2025-01-04,GLOBAL_WEST,P005,344,365,2916.35
2025-01-04,GLOBAL_WEST,P006,176,191,4773.09
2025-01-04,GLOBAL_WEST,P007,215,225,2247.75
2025-01-04,GLOBAL_WEST,P009,321,347,10406.53
2025-01-04,GLOBAL_WEST,P010,135,147,733.53
2025-01-04,GLOBAL_WEST,P011,123,135,2698.65
2025-01-04,GLOBAL_WEST,P012,88,96,7679.04
2025-01-05,KR,P001,346,352,348.48
2025-01-05,KR,P002,211,236,1177.64
2025-01-05,KR,P003,148,152,2278.48
2025-01-05,KR,P004,125,137,2738.63
2025-01-05,KR,P005,203,216,1725.84
2025-01-05,KR,P006,116,124,3098.76
2025-01-05,KR,P007,138,151,1508.49
2025-01-05,KR,P009,173,186,5578.14
2025-01-05,KR,P010,100,105,523.95
2025-01-05,KR,P011,45,48,959.52
2025-01-05,KR,P012,22,23,1839.77
2025-01-05,JP,P001,345,377,373.23
2025-01-05,JP,P002,171,175,873.25
2025-01-05,JP,P003,168,190,2848.1
2025-01-05,JP,P004,123,129,2578.71
2025-01-05,JP,P005,202,218,1741.82
2025-01-05,JP,P006,105,116,2898.84
2025-01-05,JP,P007,131,141,1408.59
2025-01-05,JP,P009,160,174,5218.26
2025-01-05,JP,P010,101,112,558.88
2025-01-05,JP,P011,52,55,1099.45
2025-01-05,JP,P012,16,17,1359.83
2025-01-05,GLOBAL_WEST,P001,502,524,518.76
2025-01-05,GLOBAL_WEST,P002,325,347,1731.53
2025-01-05,GLOBAL_WEST,P003,283,301,4511.99
2025-01-05,GLOBAL_WEST,P004,192,207,4137.93
2025-01-05,GLOBAL_WEST,P005,317,348,2780.52
2025-01-05,GLOBAL_WEST,P006,190,209,5222.91
2025-01-05,GLOBAL_WEST,P007,221,228,2277.72
2025-01-05,GLOBAL_WEST,P009,319,348,10436.52
2025-01-05,GLOBAL_WEST,P010,148,160,798.4
2025-01-05,GLOBAL_WEST,P011,124,127,2538.73
2025-01-05,GLOBAL_WEST,P012,1,2,159.98
2025-01-06,KR,P001,335,362,358.38
2025-01-06,KR,P002,144,156,778.44
2025-01-06,KR,P003,180,194,2908.06
2025-01-06,KR,P004,138,154,3078.46
2025-01-06,KR,P005,194,211,1685.89
2025-01-06,KR,P006,84,88,2199.12
2025-01-06,KR,P007,131,145,1448.55
2025-01-06,KR,P009,177,186,5578.14
2025-01-06,KR,P010,96,103,513.97
2025-01-06,KR,P011,68,71,1419.29
2025-01-06,KR,P012,38,40,3199.6
2025-01-06,JP,P001,310,323,319.77
2025-01-06,JP,P002,163,182,908.18
2025-01-06,JP,P003,151,167,2503.33
2025-01-06,JP,P004,134,140,2798.6
2025-01-06,JP,P005,197,218,1741.82
2025-01-06,JP,P006,87,95,2374.05
2025-01-06,JP,P007,109,117,1168.83
2025-01-06,JP,P009,183,193,5788.07
2025-01-06,JP,P010,78,85,424.15
2025-01-06,JP,P011,45,50,999.5
2025-01-06,JP,P012,33,33,2639.67
2025-01-06,GLOBAL_WEST,P001,545,598,592.02
2025-01-06,GLOBAL_WEST,P002,269,283,1412.17
2025-01-06,GLOBAL_WEST,P003,246,264,3957.36
2025-01-06,GLOBAL_WEST,P004,195,221,4417.79
2025-01-06,GLOBAL_WEST,P005,319,350,2796.5
2025-01-06,GLOBAL_WEST,P006,126,129,3223.71
2025-01-06,GLOBAL_WEST,P007,206,212,2117.88
2025-01-06,GLOBAL_WEST,P009,319,348,10436.52
2025-01-06,GLOBAL_WEST,P010,176,181,903.19
2025-01-06,GLOBAL_WEST,P011,62,69,1379.31
2025-01-06,GLOBAL_WEST,P012,14,14,1119.86
2025-01-07,KR,P001,332,354,350.46
2025-01-07,KR,P002,193,211,1052.89
2025-01-07,KR,P003,157,173,2593.27
2025-01-07,KR,P004,148,156,3118.44
2025-01-07,KR,P005,172,193,1542.07
2025-01-07,KR,P006,83,88,2199.12
2025-01-07,KR,P007,107,119,1188.81
2025-01-07,KR,P009,196,215,6447.85
2025-01-07,KR,P010,70,77,384.23
2025-01-07,KR,P011,47,50,999.5
2025-01-07,KR,P012,18,19,1519.81
2025-01-07,JP,P001,310,322,318.78
2025-01-07,JP,P002,158,178,888.22
2025-01-07,JP,P003,153,162,2428.38
2025-01-07,JP,P004,95,105,2098.95
2025-01-07,JP,P005,192,203,1621.97
2025-01-07,JP,P006,112,120,2998.8
2025-01-07,JP,P007,122,130,1298.7
2025-01-07,JP,P009,159,172,5158.28
2025-01-07,JP,P010,97,111,553.89
2025-01-07,JP,P011,65,67,1339.33
2025-01-07,JP,P012,3,4,319.96
2025-01-07,GLOBAL_WEST,P001,530,587,581.13
2025-01-07,GLOBAL_WEST,P002,275,291,1452.09
2025-01-07,GLOBAL_WEST,P003,243,259,3882.41
2025-01-07,GLOBAL_WEST,P004,219,248,4957.52
2025-01-07,GLOBAL_WEST,P005,294,315,2516.85
2025-01-07,GLOBAL_WEST,P006,172,177,4423.23
2025-01-07,GLOBAL_WEST,P007,217,235,2347.65
2025-01-07,GLOBAL_WEST,P009,245,261,7827.39
2025-01-07,GLOBAL_WEST,P010,134,145,723.55
2025-01-07,GLOBAL_WEST,P011,154,157,3138.43
2025-01-07,GLOBAL_WEST,P012,41,43,3439.57
2025-01-08,KR,P001,577,619,612.81
2025-01-08,KR,P002,288,320,1596.8
2025-01-08,KR,P003,272,272,4077.28
2025-01-08,KR,P004,242,262,5237.38
2025-01-08,KR,P005,309,338,2700.62
2025-01-08,KR,P006,171,186,4648.14
2025-01-08,KR,P007,282,298,2977.02
2025-01-08,KR,P009,314,342,10256.58
2025-01-08,KR,P010,203,221,1102.79
2025-01-08,KR,P011,124,132,2638.68
2025-01-08,KR,P012,19,20,1599.8
2025-01-08,JP,P001,451,499,494.01
2025-01-08,JP,P002,233,259,1292.41
2025-01-08,JP,P003,263,294,4407.06
2025-01-08,JP,P004,169,182,3638.18
2025-01-08,JP,P005,265,278,2221.22
2025-01-08,JP,P006,157,166,4148.34
2025-01-08,JP,P007,256,274,2737.26
2025-01-08,JP,P009,235,253,7587.47
2025-01-08,JP,P010,140,145,723.55
2025-01-08,JP,P011,75,82,1639.18
2025-01-08,JP,P012,30,33,2639.67
2025-01-08,GLOBAL_WEST,P001,894,989,979.11
2025-01-08,GLOBAL_WEST,P002,399,416,2075.84
2025-01-08,GLOBAL_WEST,P003,416,449,6730.51
2025-01-08,GLOBAL_WEST,P004,361,378,7556.22
2025-01-08,GLOBAL_WEST,P005,487,521,4162.79
2025-01-08,GLOBAL_WEST,P006,360,370,9246.3
2025-01-08,GLOBAL_WEST,P007,461,506,5054.94
2025-01-08,GLOBAL_WEST,P009,536,587,17604.13
2025-01-08,GLOBAL_WEST,P010,263,274,1367.26
2025-01-08,GLOBAL_WEST,P011,163,179,3578.21
2025-01-08,GLOBAL_WEST,P012,17,18,1439.82
2025-01-09,KR,P001,586,619,612.81
2025-01-09,KR,P002,307,325,1621.75
2025-01-09,KR,P003,305,333,4991.67
2025-01-09,KR,P004,174,186,3718.14
2025-01-09,KR,P005,338,367,2932.33
2025-01-09,KR,P006,213,243,6072.57
2025-01-09,KR,P007,264,290,2897.1
2025-01-09,KR,P009,272,295,8847.05
2025-01-09,KR,P010,209,227,1132.73
2025-01-09,KR,P011,128,141,2818.59
2025-01-09,KR,P012,52,54,4319.46
2025-01-09,JP,P001,504,539,533.61
2025-01-09,JP,P002,252,275,1372.25
2025-01-09,JP,P003,224,243,3642.57
2025-01-09,JP,P004,225,234,4677.66
2025-01-09,JP,P005,278,309,2468.91
2025-01-09,JP,P006,182,195,4873.05
2025-01-09,JP,P007,236,252,2517.48
2025-01-09,JP,P009,258,285,8547.15
2025-01-09,JP,P010,130,144,718.56
2025-01-09,JP,P011,49,55,1099.45
2025-01-09,JP,P012,57,61,4879.39
2025-01-09,GLOBAL_WEST,P001,974,1047,1036.53
2025-01-09,GLOBAL_WEST,P002,412,455,2270.45
2025-01-09,GLOBAL_WEST,P003,428,464,6955.36
2025-01-09,GLOBAL_WEST,P004,312,340,6796.6
2025-01-09,GLOBAL_WEST,P005,564,638,5097.62
2025-01-09,GLOBAL_WEST,P006,328,349,8721.51
2025-01-09,GLOBAL_WEST,P007,449,494,4935.06
2025-01-09,GLOBAL_WEST,P009,490,526,15774.74
2025-01-09,GLOBAL_WEST,P010,303,328,1636.72
2025-01-09,GLOBAL_WEST,P011,167,180,3598.2
2025-01-09,GLOBAL_WEST,P012,122,129,10318.71
2025-01-10,KR,P001,589,649,642.51
2025-01-10,KR,P002,305,340,1696.6
2025-01-10,KR,P003,322,322,4826.78
2025-01-10,KR,P004,271,288,5757.12
2025-01-10,KR,P005,344,365,2916.35
2025-01-10,KR,P006,245,269,6722.31
2025-01-10,KR,P007,239,260,2597.4
2025-01-10,KR,P009,284,300,8997.0
2025-01-10,KR,P010,161,171,853.29
2025-01-10,KR,P011,102,111,2218.89
2025-01-10,KR,P012,36,37,2959.63
2025-01-10,JP,P001,514,567,561.33
2025-01-10,JP,P002,286,325,1621.75
2025-01-10,JP,P003,262,284,4257.16
2025-01-10,JP,P004,207,221,4417.79
2025-01-10,JP,P005,281,312,2492.88
2025-01-10,JP,P006,198,206,5147.94
2025-01-10,JP,P007,251,279,2787.21
2025-01-10,JP,P009,321,334,10016.66
2025-01-10,JP,P010,148,161,803.39
2025-01-10,JP,P011,88,89,1779.11
2025-01-10,JP,P012,0,0,0.0
2025-01-10,GLOBAL_WEST,P001,950,1029,1018.71
2025-01-10,GLOBAL_WEST,P002,461,504,2514.96
2025-01-10,GLOBAL_WEST,P003,475,490,7345.1
2025-01-10,GLOBAL_WEST,P004,417,450,8995.5
2025-01-10,GLOBAL_WEST,P005,621,696,5561.04
2025-01-10,GLOBAL_WEST,P006,307,334,8346.66
2025-01-10,GLOBAL_WEST,P007,513,557,5564.43
2025-01-10,GLOBAL_WEST,P009,500,542,16254.58
2025-01-10,GLOBAL_WEST,P010,262,262,1307.38
2025-01-10,GLOBAL_WEST,P011,176,182,3638.18
2025-01-10,GLOBAL_WEST,P012,85,94,7519.06
2025-01-11,KR,P001,591,623,616.77
2025-01-11,KR,P002,307,326,1626.74
2025-01-11,KR,P003,262,283,4242.17
2025-01-11,KR,P004,218,232,4637.68
2025-01-11,KR,P005,369,405,3235.95
2025-01-11,KR,P006,241,261,6522.39
2025-01-11,KR,P007,282,311,3106.89
2025-01-11,KR,P009,302,335,10046.65
2025-01-11,KR,P010,142,158,788.42
2025-01-11,KR,P011,101,111,2218.89
2025-01-11,KR,P012,46,49,3919.51
2025-01-11,JP,P001,493,536,530.64
2025-01-11,JP,P002,239,247,1232.53
2025-01-11,JP,P003,233,246,3687.54
2025-01-11,JP,P004,214,222,4437.78
2025-01-11,JP,P005,295,326,2604.74
2025-01-11,JP,P006,167,185,4623.15
2025-01-11,JP,P007,234,244,2437.56
2025-01-11,JP,P009,266,273,8187.27
2025-01-11,JP,P010,114,126,628.74
2025-01-11,JP,P011,71,77,1539.23
2025-01-11,JP,P012,22,25,1999.75
2025-01-11,GLOBAL_WEST,P001,1016,1088,1077.12
2025-01-11,GLOBAL_WEST,P002,527,580,2894.2
2025-01-11,GLOBAL_WEST,P003,438,473,7090.27
2025-01-11,GLOBAL_WEST,P004,428,455,9095.45
2025-01-11,GLOBAL_WEST,P005,554,590,4714.1
2025-01-11,GLOBAL_WEST,P006,436,471,11770.29
2025-01-11,GLOBAL_WEST,P007,419,475,4745.25
2025-01-11,GLOBAL_WEST,P009,569,624,18713.76
2025-01-11,GLOBAL_WEST,P010,307,336,1676.64
2025-01-11,GLOBAL_WEST,P011,251,269,5377.31
2025-01-11,GLOBAL_WEST,P012,75,85,6799.15
2025-01-12,KR,P001,610,652,645.48
2025-01-12,KR,P002,291,324,1616.76
2025-01-12,KR,P003,303,329,4931.71
2025-01-12,KR,P004,235,256,5117.44
2025-01-12,KR,P005,406,438,3499.62
2025-01-12,KR,P006,256,277,6922.23
2025-01-12,KR,P007,327,339,3386.61
2025-01-12,KR,P009,325,366,10976.34
2025-01-12,KR,P010,201,220,1097.8
2025-01-12,KR,P011,126,132,2638.68
2025-01-12,KR,P012,52,57,4559.43
2025-01-12,JP,P001,538,557,551.43
2025-01-12,JP,P002,223,242,1207.58
2025-01-12,JP,P003,263,285,4272.15
2025-01-12,JP,P004,207,225,4497.75
2025-01-12,JP,P005,319,355,2836.45
2025-01-12,JP,P006,167,187,4673.13
2025-01-12,JP,P007,257,275,2747.25
2025-01-12,JP,P009,278,294,8817.06
2025-01-12,JP,P010,157,165,823.35
2025-01-12,JP,P011,106,117,2338.83
2025-01-12,JP,P012,29,30,2399.7
2025-01-12,GLOBAL_WEST,P001,900,974,964.26
2025-01-12,GLOBAL_WEST,P002,554,571,2849.29
2025-01-12,GLOBAL_WEST,P003,489,515,7719.85
2025-01-12,GLOBAL_WEST,P004,375,409,8175.91
2025-01-12,GLOBAL_WEST,P005,613,669,5345.31
2025-01-12,GLOBAL_WEST,P006,354,368,9196.32
2025-01-12,GLOBAL_WEST,P007,477,520,5194.8
2025-01-12,GLOBAL_WEST,P009,514,547,16404.53
2025-01-12,GLOBAL_WEST,P010,290,311,1551.89
2025-01-12,GLOBAL_WEST,P011,226,249,4977.51
2025-01-12,GLOBAL_WEST,P012,93,99,7919.01
2025-01-13,KR,P001,672,774,766.26
2025-01-13,KR,P002,323,363,1811.37
2025-01-13,KR,P003,382,422,6325.78
2025-01-13,KR,P004,222,235,4697.65
2025-01-13,KR,P005,361,414,3307.86
2025-01-13,KR,P006,274,292,7297.08
2025-01-13,KR,P007,306,322,3216.78
2025-01-13,KR,P009,344,364,10916.36
2025-01-13,KR,P010,181,189,943.11
2025-01-13,KR,P011,65,71,1419.29
2025-01-13,KR,P012,1,4,319.96
2025-01-13,JP,P001,490,521,515.79
2025-01-13,JP,P002,269,277,1382.23
2025-01-13,JP,P003,249,263,3942.37
2025-01-13,JP,P004,196,211,4217.89
2025-01-13,JP,P005,324,356,2844.44
2025-01-13,JP,P006,213,237,5922.63
2025-01-13,JP,P007,218,233,2327.67
2025-01-13,JP,P009,293,328,9836.72
2025-01-13,JP,P010,168,174,868.26
2025-01-13,JP,P011,92,102,2038.98
2025-01-13,JP,P012,59,63,5039.37
2025-01-13,GLOBAL_WEST,P001,990,1045,1034.55
2025-01-13,GLOBAL_WEST,P002,456,503,2509.97
2025-01-13,GLOBAL_WEST,P003,570,632,9473.68
2025-01-13,GLOBAL_WEST,P004,357,393,7856.07
2025-01-13,GLOBAL_WEST,P005,614,647,5169.53
2025-01-13,GLOBAL_WEST,P006,364,398,9946.02
2025-01-13,GLOBAL_WEST,P007,472,520,5194.8
2025-01-13,GLOBAL_WEST,P009,591,655,19643.45
2025-01-13,GLOBAL_WEST,P010,360,392,1956.08
2025-01-13,GLOBAL_WEST,P011,182,191,3818.09
2025-01-13,GLOBAL_WEST,P012,33,35,2799.65
2025-01-14,KR,P001,632,686,679.14
2025-01-14,KR,P002,331,357,1781.43
2025-01-14,KR,P003,304,319,4781.81
2025-01-14,KR,P004,236,244,4877.56
2025-01-14,KR,P005,370,404,3227.96
2025-01-14,KR,P006,217,233,5822.67
2025-01-14,KR,P007,319,319,3186.81
2025-01-14,KR,P009,293,308,9236.92
2025-01-14,KR,P010,217,217,1082.83
2025-01-14,KR,P011,97,107,2138.93
2025-01-14,KR,P012,44,47,3759.53
2025-01-14,JP,P001,520,566,560.34
2025-01-14,JP,P002,253,269,1342.31
2025-01-14,JP,P003,290,297,4452.03
2025-01-14,JP,P004,178,189,3778.11
2025-01-14,JP,P005,292,322,2572.78
2025-01-14,JP,P006,205,232,5797.68
2025-01-14,JP,P007,278,278,2777.22
2025-01-14,JP,P009,299,320,9596.8
2025-01-14,JP,P010,166,181,903.19
2025-01-14,JP,P011,81,85,1699.15
2025-01-14,JP,P012,37,41,3279.59
2025-01-14,GLOBAL_WEST,P001,1012,1125,1113.75
2025-01-14,GLOBAL_WEST,P002,537,588,2934.12
2025-01-14,GLOBAL_WEST,P003,555,612,9173.88
2025-01-14,GLOBAL_WEST,P004,401,420,8395.8
2025-01-14,GLOBAL_WEST,P005,606,646,5161.54
2025-01-14,GLOBAL_WEST,P006,366,377,9421.23
2025-01-14,GLOBAL_WEST,P007,440,480,4795.2
2025-01-14,GLOBAL_WEST,P009,512,541,16224.59
2025-01-14,GLOBAL_WEST,P010,247,254,1267.46
2025-01-14,GLOBAL_WEST,P011,157,170,3398.3
2025-01-14,GLOBAL_WEST,P012,48,54,4319.46
2025-01-15,KR,P001,687,722,714.78
2025-01-15,KR,P002,342,366,1826.34
2025-01-15,KR,P003,345,384,5756.16
2025-01-15,KR,P004,263,286,5717.14
2025-01-15,KR,P005,384,410,3275.9
2025-01-15,KR,P006,240,260,6497.4
2025-01-15,KR,P007,344,366,3656.34
2025-01-15,KR,P009,403,431,12925.69
2025-01-15,KR,P010,248,262,1307.38
2025-01-15,KR,P011,140,148,2958.52
2025-01-15,KR,P012,89,97,7759.03
2025-01-15,JP,P001,547,589,583.11
2025-01-15,JP,P002,262,285,1422.15
2025-01-15,JP,P003,284,293,4392.07
2025-01-15,JP,P004,222,237,4737.63
2025-01-15,JP,P005,303,328,2620.72
2025-01-15,JP,P006,210,225,5622.75
2025-01-15,JP,P007,226,244,2437.56
2025-01-15,JP,P009,288,299,8967.01
2025-01-15,JP,P010,163,178,888.22
2025-01-15,JP,P011,113,128,2558.72
2025-01-15,JP,P012,34,37,2959.63
2025-01-15,GLOBAL_WEST,P001,1103,1103,1091.97
2025-01-15,GLOBAL_WEST,P002,577,632,3153.68
2025-01-15,GLOBAL_WEST,P003,555,625,9368.75
2025-01-15,GLOBAL_WEST,P004,419,450,8995.5
2025-01-15,GLOBAL_WEST,P005,761,834,6663.66
2025-01-15,GLOBAL_WEST,P006,344,371,9271.29
2025-01-15,GLOBAL_WEST,P007,529,551,5504.49
2025-01-15,GLOBAL_WEST,P009,538,567,17004.33
2025-01-15,GLOBAL_WEST,P010,297,324,1616.76
2025-01-15,GLOBAL_WEST,P011,270,288,5757.12
2025-01-15,GLOBAL_WEST,P012,139,153,12238.47
2025-01-16,KR,P001,689,765,757.35
2025-01-16,KR,P002,325,354,1766.46
2025-01-16,KR,P003,335,349,5231.51
2025-01-16,KR,P004,285,306,6116.94
2025-01-16,KR,P005,447,491,3923.09
2025-01-16,KR,P006,241,257,6422.43
2025-01-16,KR,P007,333,350,3496.5
2025-01-16,KR,P009,371,397,11906.03
2025-01-16,KR,P010,164,170,848.3
2025-01-16,KR,P011,141,157,3138.43
2025-01-16,KR,P012,59,63,5039.37
2025-01-16,JP,P001,498,560,554.4
2025-01-16,JP,P002,288,296,1477.04
2025-01-16,JP,P003,239,255,3822.45
2025-01-16,JP,P004,194,214,4277.86
2025-01-16,JP,P005,287,317,2532.83
2025-01-16,JP,P006,154,161,4023.39
2025-01-16,JP,P007,263,282,2817.18
2025-01-16,JP,P009,289,338,10136.62
2025-01-16,JP,P010,159,174,868.26
2025-01-16,JP,P011,97,108,2158.92
2025-01-16,JP,P012,54,57,4559.43
2025-01-16,GLOBAL_WEST,P001,1137,1171,1159.29
2025-01-16,GLOBAL_WEST,P002,571,610,3043.9
2025-01-16,GLOBAL_WEST,P003,477,513,7689.87
2025-01-16,GLOBAL_WEST,P004,480,526,10514.74
2025-01-16,GLOBAL_WEST,P005,608,669,5345.31
2025-01-16,GLOBAL_WEST,P006,444,483,12070.17
2025-01-16,GLOBAL_WEST,P007,587,614,6133.86
2025-01-16,GLOBAL_WEST,P009,614,665,19943.35
2025-01-16,GLOBAL_WEST,P010,309,328,1636.72
2025-01-16,GLOBAL_WEST,P011,227,247,4937.53
2025-01-16,GLOBAL_WEST,P012,82,85,6799.15
2025-01-17,KR,P001,689,743,735.57
2025-01-17,KR,P002,389,400,1996.0
2025-01-17,KR,P003,381,421,6310.79
2025-01-17,KR,P004,206,217,4337.83
2025-01-17,KR,P005,379,409,3267.91
2025-01-17,KR,P006,277,293,7322.07
2025-01-17,KR,P007,342,377,3766.23
2025-01-17,KR,P009,356,383,11486.17
2025-01-17,KR,P010,143,155,773.45
2025-01-17,KR,P011,115,122,2438.78
2025-01-17,KR,P012,20,20,1599.8
2025-01-17,JP,P001,525,582,576.18
2025-01-17,JP,P002,283,314,1566.86
2025-01-17,JP,P003,279,298,4467.02
2025-01-17,JP,P004,183,188,3758.12
2025-01-17,JP,P005,319,341,2724.59
2025-01-17,JP,P006,212,228,5697.72
2025-01-17,JP,P007,262,303,3026.97
2025-01-17,JP,P009,278,306,9176.94
2025-01-17,JP,P010,203,212,1057.88
2025-01-17,JP,P011,80,86,1719.14
2025-01-17,JP,P012,13,15,1199.85
2025-01-17,GLOBAL_WEST,P001,1089,1166,1154.34
2025-01-17,GLOBAL_WEST,P002,515,555,2769.45
2025-01-17,GLOBAL_WEST,P003,527,556,8334.44
2025-01-17,GLOBAL_WEST,P004,444,457,9135.43
2025-01-17,GLOBAL_WEST,P005,639,703,5616.97
2025-01-17,GLOBAL_WEST,P006,338,351,8771.49
2025-01-17,GLOBAL_WEST,P007,529,581,5804.19
2025-01-17,GLOBAL_WEST,P009,587,654,19613.46
2025-01-17,GLOBAL_WEST,P010,257,279,1392.21
2025-01-17,GLOBAL_WEST,P011,120,131,2618.69
2025-01-17,GLOBAL_WEST,P012,26,27,2159.73
2025-01-18,KR,P001,696,731,723.69
2025-01-18,KR,P002,423,462,2305.38
2025-01-18,KR,P003,355,375,5621.25
2025-01-18,KR,P004,272,297,5937.03
2025-01-18,KR,P005,407,434,3467.66
2025-01-18,KR,P006,281,299,7472.01
2025-01-18,KR,P007,319,339,3386.61
2025-01-18,KR,P009,385,424,12715.76
2025-01-18,KR,P010,247,264,1317.36
2025-01-18,KR,P011,89,95,1899.05
2025-01-18,KR,P012,74,80,6399.2
2025-01-18,JP,P001,556,566,560.34
2025-01-18,JP,P002,272,291,1452.09
2025-01-18,JP,P003,282,320,4796.8
2025-01-18,JP,P004,192,196,3918.04
2025-01-18,JP,P005,320,331,2644.69
2025-01-18,JP,P006,221,244,6097.56
2025-01-18,JP,P007,260,272,2717.28
2025-01-18,JP,P009,247,252,7557.48
2025-01-18,JP,P010,171,194,968.06
2025-01-18,JP,P011,108,112,2238.88
2025-01-18,JP,P012,74,76,6079.24
2025-01-18,GLOBAL_WEST,P001,1238,1311,1297.89
2025-01-18,GLOBAL_WEST,P002,502,513,2559.87
2025-01-18,GLOBAL_WEST,P003,604,650,9743.5
2025-01-18,GLOBAL_WEST,P004,462,531,10614.69
2025-01-18,GLOBAL_WEST,P005,684,777,6208.23
2025-01-18,GLOBAL_WEST,P006,410,445,11120.55
2025-01-18,GLOBAL_WEST,P007,461,490,4895.1
2025-01-18,GLOBAL_WEST,P009,608,653,19583.47
2025-01-18,GLOBAL_WEST,P010,316,338,1686.62
2025-01-18,GLOBAL_WEST,P011,160,179,3578.21
2025-01-18,GLOBAL_WEST,P012,73,76,6079.24
2025-01-19,KR,P001,679,709,701.91
2025-01-19,KR,P002,339,364,1816.36
2025-01-19,KR,P003,314,342,5126.58
2025-01-19,KR,P004,256,290,5797.1
2025-01-19,KR,P005,438,478,3819.22
2025-01-19,KR,P006,262,272,6797.28
2025-01-19,KR,P007,335,354,3536.46
2025-01-19,KR,P009,336,346,10376.54
2025-01-19,KR,P010,198,212,1057.88
2025-01-19,KR,P011,162,169,3378.31
2025-01-19,KR,P012,66,72,5759.28
2025-01-19,JP,P001,535,602,595.98
2025-01-19,JP,P002,260,283,1412.17
2025-01-19,JP,P003,278,296,4437.04
2025-01-19,JP,P004,214,243,4857.57
2025-01-19,JP,P005,328,370,2956.3
2025-01-19,JP,P006,179,191,4773.09
2025-01-19,JP,P007,230,253,2527.47
2025-01-19,JP,P009,310,335,10046.65
2025-01-19,JP,P010,183,197,983.03
2025-01-19,JP,P011,65,67,1339.33
2025-01-19,JP,P012,47,51,4079.49
2025-01-19,GLOBAL_WEST,P001,1117,1301,1287.99
2025-01-19,GLOBAL_WEST,P002,619,661,3298.39
2025-01-19,GLOBAL_WEST,P003,644,674,10103.26
2025-01-19,GLOBAL_WEST,P004,400,439,8775.61
2025-01-19,GLOBAL_WEST,P005,636,694,5545.06
2025-01-19,GLOBAL_WEST,P006,368,400,9996.0
2025-01-19,GLOBAL_WEST,P007,642,700,6993.0
2025-01-19,GLOBAL_WEST,P009,573,609,18263.91
2025-01-19,GLOBAL_WEST,P010,340,362,1806.38
2025-01-19,GLOBAL_WEST,P011,135,149,2978.51
2025-01-19,GLOBAL_WEST,P012,111,115,9198.85
2025-01-20,KR,P001,717,783,775.17
2025-01-20,KR,P002,355,378,1886.22
2025-01-20,KR,P003,390,427,6400.73
2025-01-20,KR,P004,247,260,5197.4
2025-01-20,KR,P005,491,551,4402.49
2025-01-20,KR,P006,252,265,6622.35
2025-01-20,KR,P007,356,381,3806.19
2025-01-20,KR,P009,431,466,13975.34
2025-01-20,KR,P010,188,197,983.03
2025-01-20,KR,P011,147,154,3078.46
2025-01-20,KR,P012,37,40,3199.6
2025-01-20,JP,P001,534,587,581.13
2025-01-20,JP,P002,306,314,1566.86
2025-01-20,JP,P003,280,302,4526.98
2025-01-20,JP,P004,228,237,4737.63
2025-01-20,JP,P005,331,370,2956.3
2025-01-20,JP,P006,237,260,6497.4
2025-01-20,JP,P007,288,311,3106.89
2025-01-20,JP,P009,307,316,9476.84
2025-01-20,JP,P010,197,213,1062.87
2025-01-20,JP,P011,106,109,2178.91
2025-01-20,JP,P012,48,51,4079.49
2025-01-20,GLOBAL_WEST,P001,1248,1342,1328.58
2025-01-20,GLOBAL_WEST,P002,490,544,2714.56
2025-01-20,GLOBAL_WEST,P003,612,696,10433.04
2025-01-20,GLOBAL_WEST,P004,429,432,8635.68
2025-01-20,GLOBAL_WEST,P005,760,775,6192.25
2025-01-20,GLOBAL_WEST,P006,408,439,10970.61
2025-01-20,GLOBAL_WEST,P007,620,681,6803.19
2025-01-20,GLOBAL_WEST,P009,611,647,19403.53
2025-01-20,GLOBAL_WEST,P010,349,349,1741.51
2025-01-20,GLOBAL_WEST,P011,273,285,5697.15
2025-01-20,GLOBAL_WEST,P012,109,113,9038.87
2025-01-21,KR,P001,814,909,899.91
2025-01-21,KR,P002,415,444,2215.56
2025-01-21,KR,P003,327,352,5276.48
2025-01-21,KR,P004,345,356,7116.44
2025-01-21,KR,P005,426,464,3707.36
2025-01-21,KR,P006,275,297,7422.03
2025-01-21,KR,P007,391,425,4245.75
2025-01-21,KR,P009,444,444,13315.56
2025-01-21,KR,P010,203,217,1082.83
2025-01-21,KR,P011,143,155,3098.45
2025-01-21,KR,P012,58,65,5199.35
2025-01-21,JP,P001,567,618,611.82
2025-01-21,JP,P002,317,327,1631.73
2025-01-21,JP,P003,232,239,3582.61
2025-01-21,JP,P004,205,221,4417.79
2025-01-21,JP,P005,322,355,2836.45
2025-01-21,JP,P006,200,220,5497.8
2025-01-21,JP,P007,274,297,2967.03
2025-01-21,JP,P009,256,278,8337.22
2025-01-21,JP,P010,145,159,793.41
2025-01-21,JP,P011,123,124,2478.76
2025-01-21,JP,P012,0,0,0.0
2025-01-21,GLOBAL_WEST,P001,1195,1369,1355.31
2025-01-21,GLOBAL_WEST,P002,648,670,3343.3
2025-01-21,GLOBAL_WEST,P003,688,725,10867.75
2025-01-21,GLOBAL_WEST,P004,454,486,9715.14
2025-01-21,GLOBAL_WEST,P005,774,843,6735.57
2025-01-21,GLOBAL_WEST,P006,448,473,11820.27
2025-01-21,GLOBAL_WEST,P007,588,640,6393.6
2025-01-21,GLOBAL_WEST,P009,639,695,20843.05
2025-01-21,GLOBAL_WEST,P010,347,370,1846.3
2025-01-21,GLOBAL_WEST,P011,219,242,4837.58
2025-01-21,GLOBAL_WEST,P012,144,153,12238.47
2025-01-22,KR,P001,841,884,875.16
2025-01-22,KR,P002,358,392,1956.08
2025-01-22,KR,P003,373,399,5981.01
2025-01-22,KR,P004,292,322,6436.78
2025-01-22,KR,P005,447,486,3883.14
2025-01-22,KR,P006,293,324,8096.76
2025-01-22,KR,P007,375,390,3896.1
2025-01-22,KR,P009,413,434,13015.66
2025-01-22,KR,P010,207,224,1117.76
2025-01-22,KR,P011,85,89,1779.11
2025-01-22,KR,P012,35,37,2959.63
2025-01-22,JP,P001,605,647,640.53
2025-01-22,JP,P002,341,356,1776.44
2025-01-22,JP,P003,282,296,4437.04
2025-01-22,JP,P004,229,245,4897.55
2025-01-22,JP,P005,349,380,3036.2
2025-01-22,JP,P006,206,215,5372.85
2025-01-22,JP,P007,254,276,2757.24
2025-01-22,JP,P009,326,356,10676.44
2025-01-22,JP,P010,143,160,798.4
2025-01-22,JP,P011,121,134,2678.66
2025-01-22,JP,P012,41,43,3439.57
2025-01-22,GLOBAL_WEST,P001,1292,1408,1393.92
2025-01-22,GLOBAL_WEST,P002,548,573,2859.27
2025-01-22,GLOBAL_WEST,P003,550,607,9098.93
2025-01-22,GLOBAL_WEST,P004,407,438,8755.62
2025-01-22,GLOBAL_WEST,P005,697,765,6112.35
2025-01-22,GLOBAL_WEST,P006,454,483,12070.17
2025-01-22,GLOBAL_WEST,P007,604,647,6463.53
2025-01-22,GLOBAL_WEST,P009,649,707,21202.93
2025-01-22,GLOBAL_WEST,P010,359,392,1956.08
2025-01-22,GLOBAL_WEST,P011,205,222,4437.78
2025-01-22,GLOBAL_WEST,P012,76,84,6719.16
2025-01-23,KR,P001,800,845,836.55
2025-01-23,KR,P002,366,396,1976.04
2025-01-23,KR,P003,397,428,6415.72
2025-01-23,KR,P004,374,393,7856.07
2025-01-23,KR,P005,446,454,3627.46
2025-01-23,KR,P006,325,356,8896.44
2025-01-23,KR,P007,411,440,4395.6
2025-01-23,KR,P009,439,478,14335.22
2025-01-23,KR,P010,274,303,1511.97
2025-01-23,KR,P011,141,156,3118.44
2025-01-23,KR,P012,24,26,2079.74
2025-01-23,JP,P001,524,569,563.31
2025-01-23,JP,P002,277,304,1516.96
2025-01-23,JP,P003,295,337,5051.63
2025-01-23,JP,P004,207,222,4437.78
2025-01-23,JP,P005,339,343,2740.57
2025-01-23,JP,P006,201,219,5472.81
2025-01-23,JP,P007,235,243,2427.57
2025-01-23,JP,P009,340,376,11276.24
2025-01-23,JP,P010,182,188,938.12
2025-01-23,JP,P011,91,103,2058.97
2025-01-23,JP,P012,69,78,6239.22
2025-01-23,GLOBAL_WEST,P001,1303,1400,1386.0
2025-01-23,GLOBAL_WEST,P002,781,863,4306.37
2025-01-23,GLOBAL_WEST,P003,607,659,9878.41
2025-01-23,GLOBAL_WEST,P004,468,518,10354.82
2025-01-23,GLOBAL_WEST,P005,737,793,6336.07
2025-01-23,GLOBAL_WEST,P006,483,512,12794.88
2025-01-23,GLOBAL_WEST,P007,638,713,7122.87
2025-01-23,GLOBAL_WEST,P009,645,676,20273.24
2025-01-23,GLOBAL_WEST,P010,428,458,2285.42
2025-01-23,GLOBAL_WEST,P011,174,191,3818.09
2025-01-23,GLOBAL_WEST,P012,160,176,14078.24
2025-01-24,KR,P001,856,913,903.87
2025-01-24,KR,P002,441,499,2490.01
2025-01-24,KR,P003,464,493,7390.07
2025-01-24,KR,P004,354,381,7616.19
2025-01-24,KR,P005,521,573,4578.27
2025-01-24,KR,P006,255,288,7197.12
2025-01-24,KR,P007,427,461,4605.39
2025-01-24,KR,P009,413,445,13345.55
2025-01-24,KR,P010,233,243,1212.57
2025-01-24,KR,P011,188,207,4137.93
2025-01-24,KR,P012,61,66,5279.34
2025-01-24,JP,P001,592,659,652.41
2025-01-24,JP,P002,285,303,1511.97
2025-01-24,JP,P003,284,304,4556.96
2025-01-24,JP,P004,251,278,5557.22
2025-01-24,JP,P005,339,373,2980.27
2025-01-24,JP,P006,198,213,5322.87
2025-01-24,JP,P007,272,293,2927.07
2025-01-24,JP,P009,320,345,10346.55
2025-01-24,JP,P010,167,176,878.24
2025-01-24,JP,P011,89,96,1919.04
2025-01-24,JP,P012,15,16,1279.84
2025-01-24,GLOBAL_WEST,P001,1264,1351,1337.49
2025-01-24,GLOBAL_WEST,P002,624,669,3338.31
2025-01-24,GLOBAL_WEST,P003,581,627,9398.73
2025-01-24,GLOBAL_WEST,P004,475,523,10454.77
2025-01-24,GLOBAL_WEST,P005,778,886,7079.14
2025-01-24,GLOBAL_WEST,P006,522,583,14569.17
2025-01-24,GLOBAL_WEST,P007,709,799,7982.01
2025-01-24,GLOBAL_WEST,P009,703,740,22192.6
2025-01-24,GLOBAL_WEST,P010,378,404,2015.96
2025-01-24,GLOBAL_WEST,P011,171,183,3658.17
2025-01-24,GLOBAL_WEST,P012,153,172,13758.28
2025-01-25,KR,P001,812,850,841.5
2025-01-25,KR,P002,438,449,2240.51
2025-01-25,KR,P003,431,453,6790.47
2025-01-25,KR,P004,347,387,7736.13
2025-01-25,KR,P005,501,526,4202.74
2025-01-25,KR,P006,331,354,8846.46
2025-01-25,KR,P007,438,474,4735.26
2025-01-25,KR,P009,479,484,14515.16
2025-01-25,KR,P010,243,267,1332.33
2025-01-25,KR,P011,92,96,1919.04
2025-01-25,KR,P012,17,17,1359.83
2025-01-25,JP,P001,606,646,639.54
2025-01-25,JP,P002,274,289,1442.11
2025-01-25,JP,P003,258,274,4107.26
2025-01-25,JP,P004,198,207,4137.93
2025-01-25,JP,P005,363,373,2980.27
2025-01-25,JP,P006,207,221,5522.79
2025-01-25,JP,P007,310,337,3366.63
2025-01-25,JP,P009,299,311,9326.89
2025-01-25,JP,P010,186,198,988.02
2025-01-25,JP,P011,85,95,1899.05
2025-01-25,JP,P012,51,58,4639.42
2025-01-25,GLOBAL_WEST,P001,1434,1565,1549.35
2025-01-25,GLOBAL_WEST,P002,591,640,3193.6
2025-01-25,GLOBAL_WEST,P003,660,712,10672.88
2025-01-25,GLOBAL_WEST,P004,519,577,11534.23
2025-01-25,GLOBAL_WEST,P005,829,879,7023.21
2025-01-25,GLOBAL_WEST,P006,499,546,13644.54
2025-01-25,GLOBAL_WEST,P007,605,700,6993.0
2025-01-25,GLOBAL_WEST,P009,584,623,18683.77
2025-01-25,GLOBAL_WEST,P010,381,424,2115.76
2025-01-25,GLOBAL_WEST,P011,217,235,4697.65
2025-01-25,GLOBAL_WEST,P012,121,137,10958.63
2025-01-26,KR,P001,828,895,886.05
2025-01-26,KR,P002,412,454,2265.46
2025-01-26,KR,P003,438,482,7225.18
2025-01-26,KR,P004,306,319,6376.81
2025-01-26,KR,P005,515,557,4450.43
2025-01-26,KR,P006,262,285,7122.15
2025-01-26,KR,P007,426,461,4605.39
2025-01-26,KR,P009,428,483,14485.17
2025-01-26,KR,P010,222,229,1142.71
2025-01-26,KR,P011,180,190,3798.1
2025-01-26,KR,P012,41,45,3599.55
2025-01-26,JP,P001,646,716,708.84
2025-01-26,JP,P002,279,304,1516.96
2025-01-26,JP,P003,293,314,4706.86
2025-01-26,JP,P004,219,233,4657.67
2025-01-26,JP,P005,362,400,3196.0
2025-01-26,JP,P006,232,251,6272.49
2025-01-26,JP,P007,284,289,2887.11
2025-01-26,JP,P009,338,368,11036.32
2025-01-26,JP,P010,188,199,993.01
2025-01-26,JP,P011,56,60,1199.4
2025-01-26,JP,P012,41,44,3519.56
2025-01-26,GLOBAL_WEST,P001,1397,1555,1539.45
2025-01-26,GLOBAL_WEST,P002,646,706,3522.94
2025-01-26,GLOBAL_WEST,P003,651,703,10537.97
2025-01-26,GLOBAL_WEST,P004,440,473,9455.27
2025-01-26,GLOBAL_WEST,P005,815,888,7095.12
2025-01-26,GLOBAL_WEST,P006,507,536,13394.64
2025-01-26,GLOBAL_WEST,P007,627,661,6603.39
2025-01-26,GLOBAL_WEST,P009,692,750,22492.5
2025-01-26,GLOBAL_WEST,P010,434,471,2350.29
2025-01-26,GLOBAL_WEST,P011,278,308,6156.92
2025-01-26,GLOBAL_WEST,P012,176,194,15518.06
2025-01-27,KR,P001,878,952,942.48
2025-01-27,KR,P002,397,442,2205.58
2025-01-27,KR,P003,352,389,5831.11
2025-01-27,KR,P004,364,410,8195.9
2025-01-27,KR,P005,456,479,3827.21
2025-01-27,KR,P006,318,346,8646.54
2025-01-27,KR,P007,382,425,4245.75
2025-01-27,KR,P009,471,510,15294.9
2025-01-27,KR,P010,283,299,1492.01
2025-01-27,KR,P011,185,200,3998.0
2025-01-27,KR,P012,44,45,3599.55
2025-01-27,JP,P001,613,665,658.35
2025-01-27,JP,P002,310,348,1736.52
2025-01-27,JP,P003,293,303,4541.97
2025-01-27,JP,P004,210,223,4457.77
2025-01-27,JP,P005,365,376,3004.24
2025-01-27,JP,P006,237,244,6097.56
2025-01-27,JP,P007,312,326,3256.74
2025-01-27,JP,P009,273,292,8757.08
2025-01-27,JP,P010,173,195,973.05
2025-01-27,JP,P011,143,153,3058.47
2025-01-27,JP,P012,18,18,1439.82
2025-01-27,GLOBAL_WEST,P001,1454,1581,1565.19
2025-01-27,GLOBAL_WEST,P002,670,731,3647.69
2025-01-27,GLOBAL_WEST,P003,739,815,12216.85
2025-01-27,GLOBAL_WEST,P004,619,686,13713.14
2025-01-27,GLOBAL_WEST,P005,780,831,6639.69
2025-01-27,GLOBAL_WEST,P006,535,569,14219.31
2025-01-27,GLOBAL_WEST,P007,640,697,6963.03
2025-01-27,GLOBAL_WEST,P009,810,900,26991.0
2025-01-27,GLOBAL_WEST,P010,391,404,2015.96
2025-01-27,GLOBAL_WEST,P011,210,220,4397.8
2025-01-27,GLOBAL_WEST,P012,88,95,7599.05
2025-01-28,KR,P001,787,832,823.68
2025-01-28,KR,P002,477,528,2634.72
2025-01-28,KR,P003,369,397,5951.03
2025-01-28,KR,P004,275,316,6316.84
2025-01-28,KR,P005,447,468,3739.32
2025-01-28,KR,P006,299,322,8046.78
2025-01-28,KR,P007,434,469,4685.31
2025-01-28,KR,P009,444,444,13315.56
2025-01-28,KR,P010,198,219,1092.81
2025-01-28,KR,P011,141,153,3058.47
2025-01-28,KR,P012,106,112,8958.88
2025-01-28,JP,P001,608,653,646.47
2025-01-28,JP,P002,321,340,1696.6
2025-01-28,JP,P003,301,321,4811.79
2025-01-28,JP,P004,201,210,4197.9
2025-01-28,JP,P005,310,343,2740.57
2025-01-28,JP,P006,250,270,6747.3
2025-01-28,JP,P007,294,307,3066.93
2025-01-28,JP,P009,297,309,9266.91
2025-01-28,JP,P010,181,202,1007.98
2025-01-28,JP,P011,126,132,2638.68
2025-01-28,JP,P012,61,64,5119.36
2025-01-28,GLOBAL_WEST,P001,1376,1451,1436.49
2025-01-28,GLOBAL_WEST,P002,652,736,3672.64
2025-01-28,GLOBAL_WEST,P003,739,797,11947.03
2025-01-28,GLOBAL_WEST,P004,417,455,9095.45
2025-01-28,GLOBAL_WEST,P005,822,867,6927.33
2025-01-28,GLOBAL_WEST,P006,558,638,15943.62
2025-01-28,GLOBAL_WEST,P007,704,760,7592.4
2025-01-28,GLOBAL_WEST,P009,754,798,23932.02
2025-01-28,GLOBAL_WEST,P010,510,527,2629.73
2025-01-28,GLOBAL_WEST,P011,254,275,5497.25
2025-01-28,GLOBAL_WEST,P012,147,157,12558.43
2025-01-29,KR,P001,886,962,952.38
2025-01-29,KR,P002,470,510,2544.9
2025-01-29,KR,P003,448,489,7330.11
2025-01-29,KR,P004,362,406,8115.94
2025-01-29,KR,P005,564,611,4881.89
2025-01-29,KR,P006,337,364,9096.36
2025-01-29,KR,P007,409,436,4355.64
2025-01-29,KR,P009,461,526,15774.74
2025-01-29,KR,P010,286,296,1477.04
2025-01-29,KR,P011,163,178,3558.22
2025-01-29,KR,P012,56,61,4879.39
2025-01-29,JP,P001,607,650,643.5
2025-01-29,JP,P002,291,324,1616.76
2025-01-29,JP,P003,288,316,4736.84
2025-01-29,JP,P004,196,214,4277.86
2025-01-29,JP,P005,357,390,3116.1
2025-01-29,JP,P006,210,239,5972.61
2025-01-29,JP,P007,282,293,2927.07
2025-01-29,JP,P009,334,368,11036.32
2025-01-29,JP,P010,179,196,978.04
2025-01-29,JP,P011,96,101,2018.99
2025-01-29,JP,P012,49,51,4079.49
2025-01-29,GLOBAL_WEST,P001,1399,1557,1541.43
2025-01-29,GLOBAL_WEST,P002,706,731,3647.69
2025-01-29,GLOBAL_WEST,P003,714,758,11362.42
2025-01-29,GLOBAL_WEST,P004,513,567,11334.33
2025-01-29,GLOBAL_WEST,P005,850,896,7159.04
2025-01-29,GLOBAL_WEST,P006,445,477,11920.23
2025-01-29,GLOBAL_WEST,P007,695,761,7602.39
2025-01-29,GLOBAL_WEST,P009,725,790,23692.1
2025-01-29,GLOBAL_WEST,P010,376,409,2040.91
2025-01-29,GLOBAL_WEST,P011,292,329,6576.71
2025-01-29,GLOBAL_WEST,P012,46,48,3839.52
2025-01-30,KR,P001,912,998,988.02
2025-01-30,KR,P002,435,454,2265.46
2025-01-30,KR,P003,458,480,7195.2
2025-01-30,KR,P004,297,311,6216.89
2025-01-30,KR,P005,537,543,4338.57
2025-01-30,KR,P006,342,361,9021.39
2025-01-30,KR,P007,465,521,5204.79
2025-01-30,KR,P009,434,470,14095.3
2025-01-30,KR,P010,317,339,1691.61
2025-01-30,KR,P011,190,211,4217.89
2025-01-30,KR,P012,37,39,3119.61
2025-01-30,JP,P001,613,672,665.28
2025-01-30,JP,P002,305,344,1716.56
2025-01-30,JP,P003,332,351,5261.49
2025-01-30,JP,P004,219,244,4877.56
2025-01-30,JP,P005,347,372,2972.28
2025-01-30,JP,P006,217,222,5547.78
2025-01-30,JP,P007,289,298,2977.02
2025-01-30,JP,P009,318,331,9926.69
2025-01-30,JP,P010,158,173,863.27
2025-01-30,JP,P011,117,121,2418.79
2025-01-30,JP,P012,2,2,159.98
2025-01-30,GLOBAL_WEST,P001,1475,1617,1600.83
2025-01-30,GLOBAL_WEST,P002,767,816,4071.84
2025-01-30,GLOBAL_WEST,P003,645,722,10822.78
2025-01-30,GLOBAL_WEST,P004,480,514,10274.86
2025-01-30,GLOBAL_WEST,P005,899,959,7662.41
2025-01-30,GLOBAL_WEST,P006,457,497,12420.03
2025-01-30,GLOBAL_WEST,P007,722,789,7882.11
2025-01-30,GLOBAL_WEST,P009,820,838,25131.62
2025-01-30,GLOBAL_WEST,P010,443,485,2420.15
2025-01-30,GLOBAL_WEST,P011,338,377,7536.23
2025-01-30,GLOBAL_WEST,P012,22,23,1839.77
2025-01-31,KR,P001,953,1002,991.98
2025-01-31,KR,P002,434,471,2350.29
2025-01-31,KR,P003,429,452,6775.48
2025-01-31,KR,P004,319,345,6896.55
2025-01-31,KR,P005,618,706,5640.94
2025-01-31,KR,P006,332,348,8696.52
2025-01-31,KR,P007,397,442,4415.58
2025-01-31,KR,P009,504,564,16914.36
2025-01-31,KR,P010,274,308,1536.92
2025-01-31,KR,P011,123,126,2518.74
2025-01-31,KR,P012,99,110,8798.9
2025-01-31,JP,P001,644,681,674.19
2025-01-31,JP,P002,313,332,1656.68
2025-01-31,JP,P003,316,352,5276.48
2025-01-31,JP,P004,250,272,5437.28
2025-01-31,JP,P005,349,368,2940.32
2025-01-31,JP,P006,241,272,6797.28
2025-01-31,JP,P007,346,370,3696.3
2025-01-31,JP,P009,321,336,10076.64
2025-01-31,JP,P010,176,184,918.16
2025-01-31,JP,P011,151,170,3398.3
2025-01-31,JP,P012,45,50,3999.5
2025-01-31,GLOBAL_WEST,P001,1420,1541,1525.59
2025-01-31,GLOBAL_WEST,P002,639,716,3572.84
2025-01-31,GLOBAL_WEST,P003,689,734,11002.66
2025-01-31,GLOBAL_WEST,P004,523,558,11154.42
2025-01-31,GLOBAL_WEST,P005,764,835,6671.65
2025-01-31,GLOBAL_WEST,P006,420,457,11420.43
2025-01-31,GLOBAL_WEST,P007,662,758,7572.42
2025-01-31,GLOBAL_WEST,P009,764,864,25911.36
2025-01-31,GLOBAL_WEST,P010,491,518,2584.82
2025-01-31,GLOBAL_WEST,P011,246,281,5617.19
2025-01-31,GLOBAL_WEST,P012,197,212,16957.88
2025-02-01,KR,P001,499,533,527.67
2025-02-01,KR,P002,225,232,1157.68
2025-02-01,KR,P003,288,305,4571.95
2025-02-01,KR,P004,0,0,0.0
2025-02-01,KR,P005,319,349,2788.51
2025-02-01,KR,P006,157,165,4123.35
2025-02-01,KR,P007,185,191,1908.09
2025-02-01,KR,P009,0,0,0.0
2025-02-01,KR,P010,94,103,513.97
2025-02-01,KR,P011,141,154,3078.46
2025-02-01,KR,P012,54,58,4639.42
2025-02-01,JP,P001,368,394,390.06
2025-02-01,JP,P002,164,168,838.32
2025-02-01,JP,P003,168,180,2698.2
2025-02-01,JP,P004,0,0,0.0
2025-02-01,JP,P005,186,205,1637.95
2025-02-01,JP,P006,118,124,3098.76
2025-02-01,JP,P007,133,139,1388.61
2025-02-01,JP,P009,0,0,0.0
2025-02-01,JP,P010,90,97,484.03
2025-02-01,JP,P011,78,81,1619.19
2025-02-01,JP,P012,0,0,0.0
2025-02-01,GLOBAL_WEST,P001,675,733,725.67
2025-02-01,GLOBAL_WEST,P002,412,463,2310.37
2025-02-01,GLOBAL_WEST,P003,385,394,5906.06
2025-02-01,GLOBAL_WEST,P004,0,0,0.0
2025-02-01,GLOBAL_WEST,P005,396,437,3491.63
2025-02-01,GLOBAL_WEST,P006,262,277,6922.23
2025-02-01,GLOBAL_WEST,P007,209,233,2327.67
2025-02-01,GLOBAL_WEST,P009,0,0,0.0
2025-02-01,GLOBAL_WEST,P010,209,221,1102.79
2025-02-01,GLOBAL_WEST,P011,139,143,2858.57
2025-02-01,GLOBAL_WEST,P012,49,54,4319.46
2025-02-02,KR,P001,464,512,506.88
2025-02-02,KR,P002,251,275,1372.25
2025-02-02,KR,P003,203,219,3282.81
2025-02-02,KR,P004,0,0,0.0
2025-02-02,KR,P005,265,269,2149.31
2025-02-02,KR,P006,128,138,3448.62
2025-02-02,KR,P007,150,162,1618.38
2025-02-02,KR,P009,0,0,0.0
2025-02-02,KR,P010,84,90,449.1
2025-02-02,KR,P011,71,76,1519.24
2025-02-02,KR,P012,13,14,1119.86
2025-02-02,JP,P001,338,356,352.44
2025-02-02,JP,P002,142,155,773.45
2025-02-02,JP,P003,185,196,2938.04
2025-02-02,JP,P004,0,0,0.0
2025-02-02,JP,P005,202,222,1773.78
2025-02-02,JP,P006,98,105,2623.95
2025-02-02,JP,P007,140,151,1508.49
2025-02-02,JP,P009,0,0,0.0
2025-02-02,JP,P010,97,107,533.93
2025-02-02,JP,P011,59,61,1219.39
2025-02-02,JP,P012,53,58,4639.42
2025-02-02,GLOBAL_WEST,P001,743,806,797.94
2025-02-02,GLOBAL_WEST,P002,371,405,2020.95
2025-02-02,GLOBAL_WEST,P003,345,364,5456.36
2025-02-02,GLOBAL_WEST,P004,0,0,0.0
2025-02-02,GLOBAL_WEST,P005,373,373,2980.27
2025-02-02,GLOBAL_WEST,P006,276,300,7497.0
2025-02-02,GLOBAL_WEST,P007,223,243,2427.57
2025-02-02,GLOBAL_WEST,P009,0,0,0.0
2025-02-02,GLOBAL_WEST,P010,167,184,918.16
2025-02-02,GLOBAL_WEST,P011,89,91,1819.09
2025-02-02,GLOBAL_WEST,P012,4,4,319.96
2025-02-03,KR,P001,400,423,418.77
2025-02-03,KR,P002,203,220,1097.8
2025-02-03,KR,P003,195,216,3237.84
2025-02-03,KR,P004,0,0,0.0
2025-02-03,KR,P005,250,265,2117.35
2025-02-03,KR,P006,186,197,4923.03
2025-02-03,KR,P007,149,156,1558.44
2025-02-03,KR,P009,0,0,0.0
2025-02-03,KR,P010,142,151,753.49
2025-02-03,KR,P011,98,109,2178.91
2025-02-03,KR,P012,40,42,3359.58
2025-02-03,JP,P001,388,414,409.86
2025-02-03,JP,P002,186,204,1017.96
2025-02-03,JP,P003,199,223,3342.77
2025-02-03,JP,P004,0,0,0.0
2025-02-03,JP,P005,199,209,1669.91
2025-02-03,JP,P006,90,98,2449.02
2025-02-03,JP,P007,132,144,1438.56
2025-02-03,JP,P009,0,0,0.0
2025-02-03,JP,P010,99,105,523.95
2025-02-03,JP,P011,85,93,1859.07
2025-02-03,JP,P012,21,22,1759.78
2025-02-03,GLOBAL_WEST,P001,676,716,708.84
2025-02-03,GLOBAL_WEST,P002,374,389,1941.11
2025-02-03,GLOBAL_WEST,P003,326,340,5096.6
2025-02-03,GLOBAL_WEST,P004,0,0,0.0
2025-02-03,GLOBAL_WEST,P005,399,418,3339.82
2025-02-03,GLOBAL_WEST,P006,203,218,5447.82
2025-02-03,GLOBAL_WEST,P007,291,331,3306.69
2025-02-03,GLOBAL_WEST,P009,0,0,0.0
2025-02-03,GLOBAL_WEST,P010,230,252,1257.48
2025-02-03,GLOBAL_WEST,P011,143,152,3038.48
2025-02-03,GLOBAL_WEST,P012,97,113,9038.87
2025-02-04,KR,P001,437,481,476.19
2025-02-04,KR,P002,247,266,1327.34
2025-02-04,KR,P003,232,242,3627.58
2025-02-04,KR,P004,0,0,0.0
2025-02-04,KR,P005,271,291,2325.09
2025-02-04,KR,P006,138,148,3698.52
2025-02-04,KR,P007,192,201,2007.99
2025-02-04,KR,P009,0,0,0.0
2025-02-04,KR,P010,134,149,743.51
2025-02-04,KR,P011,75,81,1619.19
2025-02-04,KR,P012,16,16,1279.84
2025-02-04,JP,P001,389,430,425.7
2025-02-04,JP,P002,169,178,888.22
2025-02-04,JP,P003,169,185,2773.15
2025-02-04,JP,P004,0,0,0.0
2025-02-04,JP,P005,239,255,2037.45
2025-02-04,JP,P006,115,124,3098.76
2025-02-04,JP,P007,129,142,1418.58
2025-02-04,JP,P009,0,0,0.0
2025-02-04,JP,P010,60,61,304.39
2025-02-04,JP,P011,83,91,1819.09
2025-02-04,JP,P012,22,26,2079.74
2025-02-04,GLOBAL_WEST,P001,811,914,904.86
2025-02-04,GLOBAL_WEST,P002,308,334,1666.66
2025-02-04,GLOBAL_WEST,P003,341,373,5591.27
2025-02-04,GLOBAL_WEST,P004,0,0,0.0
2025-02-04,GLOBAL_WEST,P005,382,414,3307.86
2025-02-04,GLOBAL_WEST,P006,278,313,7821.87
2025-02-04,GLOBAL_WEST,P007,299,329,3286.71
2025-02-04,GLOBAL_WEST,P009,0,0,0.0
2025-02-04,GLOBAL_WEST,P010,189,198,988.02
2025-02-04,GLOBAL_WEST,P011,138,151,3018.49
2025-02-04,GLOBAL_WEST,P012,49,53,4239.47
2025-02-05,KR,P001,474,512,506.88
2025-02-05,KR,P002,247,274,1367.26
2025-02-05,KR,P003,280,299,4482.01
2025-02-05,KR,P004,0,0,0.0
2025-02-05,KR,P005,317,341,2724.59
2025-02-05,KR,P006,132,142,3548.58
2025-02-05,KR,P007,188,196,1958.04
2025-02-05,KR,P009,0,0,0.0
2025-02-05,KR,P010,122,131,653.69
2025-02-05,KR,P011,83,93,1859.07
2025-02-05,KR,P012,8,8,639.92
2025-02-05,JP,P001,375,390,386.1
2025-02-05,JP,P002,176,188,938.12
2025-02-05,JP,P003,252,290,4347.1
2025-02-05,JP,P004,0,0,0.0
2025-02-05,JP,P005,214,230,1837.7
2025-02-05,JP,P006,113,123,3073.77
2025-02-05,JP,P007,122,138,1378.62
2025-02-05,JP,P009,0,0,0.0
2025-02-05,JP,P010,103,111,553.89
2025-02-05,JP,P011,79,86,1719.14
2025-02-05,JP,P012,37,40,3199.6
2025-02-05,GLOBAL_WEST,P001,690,736,728.64
2025-02-05,GLOBAL_WEST,P002,371,374,1866.26
2025-02-05,GLOBAL_WEST,P003,382,403,6040.97
2025-02-05,GLOBAL_WEST,P004,0,0,0.0
2025-02-05,GLOBAL_WEST,P005,326,345,2756.55
2025-02-05,GLOBAL_WEST,P006,171,192,4798.08
2025-02-05,GLOBAL_WEST,P007,285,319,3186.81
2025-02-05,GLOBAL_WEST,P009,0,0,0.0
2025-02-05,GLOBAL_WEST,P010,164,190,948.1
2025-02-05,GLOBAL_WEST,P011,103,107,2138.93
2025-02-05,GLOBAL_WEST,P012,30,32,2559.68
2025-02-06,KR,P001,421,458,453.42
2025-02-06,KR,P002,256,277,1382.23
2025-02-06,KR,P003,210,232,3477.68
2025-02-06,KR,P004,0,0,0.0
2025-02-06,KR,P005,206,218,1741.82
2025-02-06,KR,P006,114,120,2998.8
2025-02-06,KR,P007,170,198,1978.02
2025-02-06,KR,P009,0,0,0.0
2025-02-06,KR,P010,110,124,618.76
2025-02-06,KR,P011,58,61,1219.39
2025-02-06,KR,P012,0,0,0.0
2025-02-06,JP,P001,342,348,344.52
2025-02-06,JP,P002,153,172,858.28
2025-02-06,JP,P003,195,205,3072.95
2025-02-06,JP,P004,0,0,0.0
2025-02-06,JP,P005,220,238,1901.62
2025-02-06,JP,P006,89,96,2399.04
2025-02-06,JP,P007,137,143,1428.57
2025-02-06,JP,P009,0,0,0.0
2025-02-06,JP,P010,120,131,653.69
2025-02-06,JP,P011,81,86,1719.14
2025-02-06,JP,P012,39,43,3439.57
2025-02-06,GLOBAL_WEST,P001,677,727,719.73
2025-02-06,GLOBAL_WEST,P002,401,429,2140.71
2025-02-06,GLOBAL_WEST,P003,383,405,6070.95
2025-02-06,GLOBAL_WEST,P004,0,0,0.0
2025-02-06,GLOBAL_WEST,P005,431,449,3587.51
2025-02-06,GLOBAL_WEST,P006,149,163,4073.37
2025-02-06,GLOBAL_WEST,P007,279,310,3096.9
2025-02-06,GLOBAL_WEST,P009,0,0,0.0
2025-02-06,GLOBAL_WEST,P010,198,218,1087.82
2025-02-06,GLOBAL_WEST,P011,118,132,2638.68
2025-02-06,GLOBAL_WEST,P012,100,108,8638.92
2025-02-07,KR,P001,455,475,470.25
2025-02-07,KR,P002,206,214,1067.86
2025-02-07,KR,P003,205,223,3342.77
2025-02-07,KR,P004,0,0,0.0
2025-02-07,KR,P005,220,220,1757.8
2025-02-07,KR,P006,143,147,3673.53
2025-02-07,KR,P007,164,176,1758.24
2025-02-07,KR,P009,0,0,0.0
2025-02-07,KR,P010,130,136,678.64
2025-02-07,KR,P011,77,82,1639.18
2025-02-07,KR,P012,33,33,2639.67
2025-02-07,JP,P001,349,393,389.07
2025-02-07,JP,P002,177,194,968.06
2025-02-07,JP,P003,151,165,2473.35
2025-02-07,JP,P004,0,0,0.0
2025-02-07,JP,P005,186,199,1590.01
2025-02-07,JP,P006,85,93,2324.07
2025-02-07,JP,P007,132,142,1418.58
2025-02-07,JP,P009,0,0,0.0
2025-02-07,JP,P010,122,130,648.7
2025-02-07,JP,P011,71,78,1559.22
2025-02-07,JP,P012,32,35,2799.65
2025-02-07,GLOBAL_WEST,P001,655,724,716.76
2025-02-07,GLOBAL_WEST,P002,329,359,1791.41
2025-02-07,GLOBAL_WEST,P003,325,349,5231.51
2025-02-07,GLOBAL_WEST,P004,0,0,0.0
2025-02-07,GLOBAL_WEST,P005,383,432,3451.68
2025-02-07,GLOBAL_WEST,P006,196,213,5322.87
2025-02-07,GLOBAL_WEST,P007,238,262,2617.38
2025-02-07,GLOBAL_WEST,P009,0,0,0.0
2025-02-07,GLOBAL_WEST,P010,131,137,683.63
2025-02-07,GLOBAL_WEST,P011,128,136,2718.64
2025-02-07,GLOBAL_WEST,P012,11,11,879.89
2025-02-08,KR,P001,432,458,453.42
2025-02-08,KR,P002,204,220,1097.8
2025-02-08,KR,P003,205,221,3312.79
2025-02-08,KR,P004,0,0,0.0
2025-02-08,KR,P005,253,269,2149.31
2025-02-08,KR,P006,154,167,4173.33
2025-02-08,KR,P007,150,159,1588.41
2025-02-08,KR,P009,0,0,0.0
2025-02-08,KR,P010,136,147,733.53
2025-02-08,KR,P011,91,100,1999.0
2025-02-08,KR,P012,24,24,1919.76
2025-02-08,JP,P001,321,340,336.6
2025-02-08,JP,P002,167,174,868.26
2025-02-08,JP,P003,170,183,2743.17
2025-02-08,JP,P004,0,0,0.0
2025-02-08,JP,P005,210,228,1821.72
2025-02-08,JP,P006,97,108,2698.92
2025-02-08,JP,P007,120,128,1278.72
2025-02-08,JP,P009,0,0,0.0
2025-02-08,JP,P010,108,122,608.78
2025-02-08,JP,P011,84,92,1839.08
2025-02-08,JP,P012,30,32,2559.68
2025-02-08,GLOBAL_WEST,P001,639,672,665.28
2025-02-08,GLOBAL_WEST,P002,335,361,1801.39
2025-02-08,GLOBAL_WEST,P003,384,432,6475.68
2025-02-08,GLOBAL_WEST,P004,0,0,0.0
2025-02-08,GLOBAL_WEST,P005,364,417,3331.83
2025-02-08,GLOBAL_WEST,P006,202,224,5597.76
2025-02-08,GLOBAL_WEST,P007,215,231,2307.69
2025-02-08,GLOBAL_WEST,P009,0,0,0.0
2025-02-08,GLOBAL_WEST,P010,164,178,888.22
2025-02-08,GLOBAL_WEST,P011,94,99,1979.01
2025-02-08,GLOBAL_WEST,P012,0,0,0.0
2025-02-09,KR,P001,442,478,473.22
2025-02-09,KR,P002,205,219,1092.81
2025-02-09,KR,P003,189,204,3057.96
2025-02-09,KR,P004,0,0,0.0
2025-02-09,KR,P005,245,269,2149.31
2025-02-09,KR,P006,116,126,3148.74
2025-02-09,KR,P007,156,169,1688.31
2025-02-09,KR,P009,0,0,0.0
2025-02-09,KR,P010,123,138,688.62
2025-02-09,KR,P011,65,68,1359.32
2025-02-09,KR,P012,14,15,1199.85
2025-02-09,JP,P001,343,367,363.33
2025-02-09,JP,P002,145,155,773.45
2025-02-09,JP,P003,175,186,2788.14
2025-02-09,JP,P004,0,0,0.0
2025-02-09,JP,P005,201,213,1701.87
2025-02-09,JP,P006,96,102,2548.98
2025-02-09,JP,P007,125,138,1378.62
2025-02-09,JP,P009,0,0,0.0
2025-02-09,JP,P010,85,92,459.08
2025-02-09,JP,P011,62,67,1339.33
2025-02-09,JP,P012,7,7,559.93
2025-02-09,GLOBAL_WEST,P001,656,709,701.91
2025-02-09,GLOBAL_WEST,P002,343,360,1796.4
2025-02-09,GLOBAL_WEST,P003,282,302,4526.98
2025-02-09,GLOBAL_WEST,P004,0,0,0.0
2025-02-09,GLOBAL_WEST,P005,379,394,3148.06
2025-02-09,GLOBAL_WEST,P006,199,218,5447.82
2025-02-09,GLOBAL_WEST,P007,275,298,2977.02
2025-02-09,GLOBAL_WEST,P009,0,0,0.0
2025-02-09,GLOBAL_WEST,P010,165,180,898.2
2025-02-09,GLOBAL_WEST,P011,122,138,2758.62
2025-02-09,GLOBAL_WEST,P012,50,54,4319.46
2025-02-10,KR,P001,434,467,462.33
2025-02-10,KR,P002,224,243,1212.57
2025-02-10,KR,P003,224,248,3717.52
2025-02-10,KR,P004,0,0,0.0
2025-02-10,KR,P005,303,335,2676.65
2025-02-10,KR,P006,130,140,3498.6
2025-02-10,KR,P007,148,159,1588.41
2025-02-10,KR,P009,0,0,0.0
2025-02-10,KR,P010,173,180,898.2
2025-02-10,KR,P011,99,110,2198.9
2025-02-10,KR,P012,34,36,2879.64
2025-02-10,JP,P001,309,337,333.63
2025-02-10,JP,P002,180,198,988.02
2025-02-10,JP,P003,167,174,2608.26
2025-02-10,JP,P004,0,0,0.0
2025-02-10,JP,P005,166,185,1478.15
2025-02-10,JP,P006,114,122,3048.78
2025-02-10,JP,P007,119,131,1308.69
2025-02-10,JP,P009,0,0,0.0
2025-02-10,JP,P010,108,115,573.85
2025-02-10,JP,P011,51,54,1079.46
2025-02-10,JP,P012,12,12,959.88
2025-02-10,GLOBAL_WEST,P001,633,671,664.29
2025-02-10,GLOBAL_WEST,P002,348,366,1826.34
2025-02-10,GLOBAL_WEST,P003,334,365,5471.35
2025-02-10,GLOBAL_WEST,P004,0,0,0.0
2025-02-10,GLOBAL_WEST,P005,409,428,3419.72
2025-02-10,GLOBAL_WEST,P006,261,282,7047.18
2025-02-10,GLOBAL_WEST,P007,280,299,2987.01
2025-02-10,GLOBAL_WEST,P009,0,0,0.0
2025-02-10,GLOBAL_WEST,P010,211,226,1127.74
2025-02-10,GLOBAL_WEST,P011,97,102,2038.98
2025-02-10,GLOBAL_WEST,P012,26,29,2319.71
2025-02-11,KR,P001,420,447,442.53
2025-02-11,KR,P002,217,228,1137.72
2025-02-11,KR,P003,213,232,3477.68
2025-02-11,KR,P004,0,0,0.0
2025-02-11,KR,P005,207,224,1789.76
2025-02-11,KR,P006,103,108,2698.92
2025-02-11,KR,P007,151,160,1598.4
2025-02-11,KR,P009,0,0,0.0
2025-02-11,KR,P010,98,108,538.92
2025-02-11,KR,P011,78,84,1679.16
2025-02-11,KR,P012,71,76,6079.24
2025-02-11,JP,P001,352,383,379.17
2025-02-11,JP,P002,183,193,963.07
2025-02-11,JP,P003,160,171,2563.29
2025-02-11,JP,P004,0,0,0.0
2025-02-11,JP,P005,201,221,1765.79
2025-02-11,JP,P006,88,96,2399.04
2025-02-11,JP,P007,108,121,1208.79
2025-02-11,JP,P009,0,0,0.0
2025-02-11,JP,P010,84,90,449.1
2025-02-11,JP,P011,64,68,1359.32
2025-02-11,JP,P012,11,11,879.89
2025-02-11,GLOBAL_WEST,P001,623,666,659.34
2025-02-11,GLOBAL_WEST,P002,261,280,1397.2
2025-02-11,GLOBAL_WEST,P003,334,373,5591.27
2025-02-11,GLOBAL_WEST,P004,0,0,0.0
2025-02-11,GLOBAL_WEST,P005,360,394,3148.06
2025-02-11,GLOBAL_WEST,P006,219,239,5972.61
2025-02-11,GLOBAL_WEST,P007,227,251,2507.49
2025-02-11,GLOBAL_WEST,P009,0,0,0.0
2025-02-11,GLOBAL_WEST,P010,183,200,998.0
2025-02-11,GLOBAL_WEST,P011,166,178,3558.22
2025-02-11,GLOBAL_WEST,P012,8,8,639.92
2025-02-12,KR,P001,425,457,452.43
2025-02-12,KR,P002,206,225,1122.75
2025-02-12,KR,P003,207,223,3342.77
2025-02-12,KR,P004,0,0,0.0
2025-02-12,KR,P005,282,303,2420.97
2025-02-12,KR,P006,112,115,2873.85
2025-02-12,KR,P007,174,195,1948.05
2025-02-12,KR,P009,0,0,0.0
2025-02-12,KR,P010,147,157,783.43
2025-02-12,KR,P011,120,126,2518.74
2025-02-12,KR,P012,42,47,3759.53
2025-02-12,JP,P001,311,330,326.7
2025-02-12,JP,P002,164,184,918.16
2025-02-12,JP,P003,164,178,2668.22
2025-02-12,JP,P004,0,0,0.0
2025-02-12,JP,P005,167,185,1478.15
2025-02-12,JP,P006,86,91,2274.09
2025-02-12,JP,P007,146,153,1528.47
2025-02-12,JP,P009,0,0,0.0
2025-02-12,JP,P010,81,89,444.11
2025-02-12,JP,P011,74,77,1539.23
2025-02-12,JP,P012,7,9,719.91
2025-02-12,GLOBAL_WEST,P001,670,742,734.58
2025-02-12,GLOBAL_WEST,P002,341,360,1796.4
2025-02-12,GLOBAL_WEST,P003,312,346,5186.54
2025-02-12,GLOBAL_WEST,P004,0,0,0.0
2025-02-12,GLOBAL_WEST,P005,333,347,2772.53
2025-02-12,GLOBAL_WEST,P006,161,176,4398.24
2025-02-12,GLOBAL_WEST,P007,188,197,1968.03
2025-02-12,GLOBAL_WEST,P009,0,0,0.0
2025-02-12,GLOBAL_WEST,P010,190,195,973.05
2025-02-12,GLOBAL_WEST,P011,117,129,2578.71
2025-02-12,GLOBAL_WEST,P012,45,47,3759.53
2025-02-13,KR,P001,415,442,437.58
2025-02-13,KR,P002,207,220,1097.8
2025-02-13,KR,P003,152,157,2353.43
2025-02-13,KR,P004,0,0,0.0
2025-02-13,KR,P005,243,257,2053.43
2025-02-13,KR,P006,139,146,3648.54
2025-02-13,KR,P007,125,129,1288.71
2025-02-13,KR,P009,0,0,0.0
2025-02-13,KR,P010,106,109,543.91
2025-02-13,KR,P011,88,93,1859.07
2025-02-13,KR,P012,4,4,319.96
2025-02-13,JP,P001,365,381,377.19
2025-02-13,JP,P002,157,170,848.3
2025-02-13,JP,P003,153,163,2443.37
2025-02-13,JP,P004,0,0,0.0
2025-02-13,JP,P005,206,225,1797.75
2025-02-13,JP,P006,99,105,2623.95
2025-02-13,JP,P007,128,139,1388.61
2025-02-13,JP,P009,0,0,0.0
2025-02-13,JP,P010,101,102,508.98
2025-02-13,JP,P011,65,70,1399.3
2025-02-13,JP,P012,43,46,3679.54
2025-02-13,GLOBAL_WEST,P001,556,610,603.9
2025-02-13,GLOBAL_WEST,P002,302,336,1676.64
2025-02-13,GLOBAL_WEST,P003,276,304,4556.96
2025-02-13,GLOBAL_WEST,P004,0,0,0.0
2025-02-13,GLOBAL_WEST,P005,330,342,2732.58
2025-02-13,GLOBAL_WEST,P006,160,168,4198.32
2025-02-13,GLOBAL_WEST,P007,256,283,2827.17
2025-02-13,GLOBAL_WEST,P009,0,0,0.0
2025-02-13,GLOBAL_WEST,P010,149,170,848.3
2025-02-13,GLOBAL_WEST,P011,113,120,2398.8
2025-02-13,GLOBAL_WEST,P012,0,0,0.0
2025-02-14,KR,P001,382,408,403.92
2025-02-14,KR,P002,239,258,1287.42
2025-02-14,KR,P003,230,245,3672.55
2025-02-14,KR,P004,0,0,0.0
2025-02-14,KR,P005,229,243,1941.57
2025-02-14,KR,P006,112,121,3023.79
2025-02-14,KR,P007,153,170,1698.3
2025-02-14,KR,P009,0,0,0.0
2025-02-14,KR,P010,98,105,523.95
2025-02-14,KR,P011,94,102,2038.98
2025-02-14,KR,P012,44,45,3599.55
2025-02-14,JP,P001,330,336,332.64
2025-02-14,JP,P002,181,187,933.13
2025-02-14,JP,P003,152,158,2368.42
2025-02-14,JP,P004,0,0,0.0
2025-02-14,JP,P005,193,198,1582.02
2025-02-14,JP,P006,106,107,2673.93
2025-02-14,JP,P007,123,130,1298.7
2025-02-14,JP,P009,0,0,0.0
2025-02-14,JP,P010,113,117,583.83
2025-02-14,JP,P011,51,56,1119.44
2025-02-14,JP,P012,39,41,3279.59
2025-02-14,GLOBAL_WEST,P001,594,613,606.87
2025-02-14,GLOBAL_WEST,P002,291,306,1526.94
2025-02-14,GLOBAL_WEST,P003,296,328,4916.72
2025-02-14,GLOBAL_WEST,P004,0,0,0.0
2025-02-14,GLOBAL_WEST,P005,390,424,3387.76
2025-02-14,GLOBAL_WEST,P006,219,231,5772.69
2025-02-14,GLOBAL_WEST,P007,260,291,2907.09
2025-02-14,GLOBAL_WEST,P009,0,0,0.0
2025-02-14,GLOBAL_WEST,P010,220,240,1197.6
2025-02-14,GLOBAL_WEST,P011,116,121,2418.79
2025-02-14,GLOBAL_WEST,P012,47,49,3919.51
2025-02-15,KR,P001,441,472,467.28
2025-02-15,KR,P002,204,227,1132.73
2025-02-15,KR,P003,217,230,3447.7
2025-02-15,KR,P004,0,0,0.0
2025-02-15,KR,P005,225,239,1909.61
2025-02-15,KR,P006,135,147,3673.53
2025-02-15,KR,P007,94,99,989.01
2025-02-15,KR,P009,0,0,0.0
2025-02-15,KR,P010,138,146,728.54
2025-02-15,KR,P011,56,63,1259.37
2025-02-15,KR,P012,11,12,959.88
2025-02-15,JP,P001,308,321,317.79
2025-02-15,JP,P002,171,178,888.22
2025-02-15,JP,P003,170,181,2713.19
2025-02-15,JP,P004,0,0,0.0
2025-02-15,JP,P005,168,175,1398.25
2025-02-15,JP,P006,100,106,2648.94
2025-02-15,JP,P007,95,99,989.01
2025-02-15,JP,P009,0,0,0.0
2025-02-15,JP,P010,110,114,568.86
2025-02-15,JP,P011,55,56,1119.44
2025-02-15,JP,P012,35,36,2879.64
2025-02-15,GLOBAL_WEST,P001,587,650,643.5
2025-02-15,GLOBAL_WEST,P002,318,343,1711.57
2025-02-15,GLOBAL_WEST,P003,335,364,5456.36
2025-02-15,GLOBAL_WEST,P004,0,0,0.0
2025-02-15,GLOBAL_WEST,P005,386,424,3387.76
2025-02-15,GLOBAL_WEST,P006,193,213,5322.87
2025-02-15,GLOBAL_WEST,P007,227,258,2577.42
2025-02-15,GLOBAL_WEST,P009,0,0,0.0
2025-02-15,GLOBAL_WEST,P010,141,152,758.48
2025-02-15,GLOBAL_WEST,P011,140,142,2838.58
2025-02-15,GLOBAL_WEST,P012,35,36,2879.64
2025-02-16,KR,P001,398,423,418.77
2025-02-16,KR,P002,203,219,1092.81
2025-02-16,KR,P003,211,241,3612.59
2025-02-16,KR,P004,0,0,0.0
2025-02-16,KR,P005,210,227,1813.73
2025-02-16,KR,P006,115,117,2923.83
2025-02-16,KR,P007,160,176,1758.24
2025-02-16,KR,P009,0,0,0.0
2025-02-16,KR,P010,131,134,668.66
2025-02-16,KR,P011,115,121,2418.79
2025-02-16,KR,P012,54,59,4719.41
2025-02-16,JP,P001,300,312,308.88
2025-02-16,JP,P002,168,182,908.18
2025-02-16,JP,P003,167,186,2788.14
2025-02-16,JP,P004,0,0,0.0
2025-02-16,JP,P005,186,196,1566.04
2025-02-16,JP,P006,85,88,2199.12
2025-02-16,JP,P007,126,131,1308.69
2025-02-16,JP,P009,0,0,0.0
2025-02-16,JP,P010,82,85,424.15
2025-02-16,JP,P011,66,71,1419.29
2025-02-16,JP,P012,37,37,2959.63
2025-02-16,GLOBAL_WEST,P001,555,604,597.96
2025-02-16,GLOBAL_WEST,P002,224,258,1287.42
2025-02-16,GLOBAL_WEST,P003,322,329,4931.71
2025-02-16,GLOBAL_WEST,P004,0,0,0.0
2025-02-16,GLOBAL_WEST,P005,398,427,3411.73
2025-02-16,GLOBAL_WEST,P006,156,171,4273.29
2025-02-16,GLOBAL_WEST,P007,235,249,2487.51
2025-02-16,GLOBAL_WEST,P009,0,0,0.0
2025-02-16,GLOBAL_WEST,P010,147,165,823.35
2025-02-16,GLOBAL_WEST,P011,89,92,1839.08
2025-02-16,GLOBAL_WEST,P012,50,53,4239.47
2025-02-17,KR,P001,389,441,436.59
2025-02-17,KR,P002,175,184,918.16
2025-02-17,KR,P003,202,221,3312.79
2025-02-17,KR,P004,0,0,0.0
2025-02-17,KR,P005,259,272,2173.28
2025-02-17,KR,P006,132,142,3548.58
2025-02-17,KR,P007,162,174,1738.26
2025-02-17,KR,P009,0,0,0.0
2025-02-17,KR,P010,138,145,723.55
2025-02-17,KR,P011,82,86,1719.14
2025-02-17,KR,P012,15,16,1279.84
2025-02-17,JP,P001,301,346,342.54
2025-02-17,JP,P002,173,187,933.13
2025-02-17,JP,P003,143,156,2338.44
2025-02-17,JP,P004,0,0,0.0
2025-02-17,JP,P005,179,194,1550.06
2025-02-17,JP,P006,101,102,2548.98
2025-02-17,JP,P007,113,124,1238.76
2025-02-17,JP,P009,0,0,0.0
2025-02-17,JP,P010,92,98,489.02
2025-02-17,JP,P011,73,77,1539.23
2025-02-17,JP,P012,24,26,2079.74
2025-02-17,GLOBAL_WEST,P001,587,623,616.77
2025-02-17,GLOBAL_WEST,P002,272,285,1422.15
2025-02-17,GLOBAL_WEST,P003,327,354,5306.46
2025-02-17,GLOBAL_WEST,P004,0,0,0.0
2025-02-17,GLOBAL_WEST,P005,412,427,3411.73
2025-02-17,GLOBAL_WEST,P006,176,195,4873.05
2025-02-17,GLOBAL_WEST,P007,244,256,2557.44
2025-02-17,GLOBAL_WEST,P009,0,0,0.0
2025-02-17,GLOBAL_WEST,P010,146,151,753.49
2025-02-17,GLOBAL_WEST,P011,245,257,5137.43
2025-02-17,GLOBAL_WEST,P012,9,10,799.9
2025-02-18,KR,P001,429,465,460.35
2025-02-18,KR,P002,183,197,983.03
2025-02-18,KR,P003,233,255,3822.45
2025-02-18,KR,P004,0,0,0.0
2025-02-18,KR,P005,233,256,2045.44
2025-02-18,KR,P006,149,166,4148.34
2025-02-18,KR,P007,151,165,1648.35
2025-02-18,KR,P009,0,0,0.0
2025-02-18,KR,P010,136,151,753.49
2025-02-18,KR,P011,111,120,2398.8
2025-02-18,KR,P012,10,11,879.89
2025-02-18,JP,P001,328,350,346.5
2025-02-18,JP,P002,145,161,803.39
2025-02-18,JP,P003,159,166,2488.34
2025-02-18,JP,P004,0,0,0.0
2025-02-18,JP,P005,186,186,1486.14
2025-02-18,JP,P006,87,90,2249.1
2025-02-18,JP,P007,129,139,1388.61
2025-02-18,JP,P009,0,0,0.0
2025-02-18,JP,P010,96,106,528.94
2025-02-18,JP,P011,86,91,1819.09
2025-02-18,JP,P012,8,8,639.92
2025-02-18,GLOBAL_WEST,P001,627,671,664.29
2025-02-18,GLOBAL_WEST,P002,265,291,1452.09
2025-02-18,GLOBAL_WEST,P003,279,308,4616.92
2025-02-18,GLOBAL_WEST,P004,0,0,0.0
2025-02-18,GLOBAL_WEST,P005,380,422,3371.78
2025-02-18,GLOBAL_WEST,P006,196,206,5147.94
2025-02-18,GLOBAL_WEST,P007,168,184,1838.16
2025-02-18,GLOBAL_WEST,P009,0,0,0.0
2025-02-18,GLOBAL_WEST,P010,215,239,1192.61
2025-02-18,GLOBAL_WEST,P011,167,179,3578.21
2025-02-18,GLOBAL_WEST,P012,40,43,3439.57
2025-02-19,KR,P001,446,491,486.09
2025-02-19,KR,P002,187,210,1047.9
2025-02-19,KR,P003,200,215,3222.85
2025-02-19,KR,P004,0,0,0.0
2025-02-19,KR,P005,248,259,2069.41
2025-02-19,KR,P006,87,94,2349.06
2025-02-19,KR,P007,140,151,1508.49
2025-02-19,KR,P009,0,0,0.0
2025-02-19,KR,P010,149,158,788.42
2025-02-19,KR,P011,78,79,1579.21
2025-02-19,KR,P012,40,42,3359.58
2025-02-19,JP,P001,317,332,328.68
2025-02-19,JP,P002,134,145,723.55
2025-02-19,JP,P003,155,165,2473.35
2025-02-19,JP,P004,0,0,0.0
2025-02-19,JP,P005,178,186,1486.14
2025-02-19,JP,P006,109,114,2848.86
2025-02-19,JP,P007,115,120,1198.8
2025-02-19,JP,P009,0,0,0.0
2025-02-19,JP,P010,101,106,528.94
2025-02-19,JP,P011,63,68,1359.32
2025-02-19,JP,P012,7,7,559.93
2025-02-19,GLOBAL_WEST,P001,551,599,593.01
2025-02-19,GLOBAL_WEST,P002,325,344,1716.56
2025-02-19,GLOBAL_WEST,P003,288,304,4556.96
2025-02-19,GLOBAL_WEST,P004,0,0,0.0
2025-02-19,GLOBAL_WEST,P005,265,294,2349.06
2025-02-19,GLOBAL_WEST,P006,166,178,4448.22
2025-02-19,GLOBAL_WEST,P007,268,286,2857.14
2025-02-19,GLOBAL_WEST,P009,0,0,0.0
2025-02-19,GLOBAL_WEST,P010,175,189,943.11
2025-02-19,GLOBAL_WEST,P011,77,83,1659.17
2025-02-19,GLOBAL_WEST,P012,80,87,6959.13
2025-02-20,KR,P001,404,426,421.74
2025-02-20,KR,P002,221,245,1222.55
2025-02-20,KR,P003,206,228,3417.72
2025-02-20,KR,P004,0,0,0.0
2025-02-20,KR,P005,218,237,1893.63
2025-02-20,KR,P006,125,126,3148.74
2025-02-20,KR,P007,163,183,1828.17
2025-02-20,KR,P009,0,0,0.0
2025-02-20,KR,P010,110,120,598.8
2025-02-20,KR,P011,47,52,1039.48
2025-02-20,KR,P012,79,86,6879.14
2025-02-20,JP,P001,329,346,342.54
2025-02-20,JP,P002,157,166,828.34
2025-02-20,JP,P003,168,178,2668.22
2025-02-20,JP,P004,0,0,0.0
2025-02-20,JP,P005,163,175,1398.25
2025-02-20,JP,P006,103,114,2848.86
2025-02-20,JP,P007,102,111,1108.89
2025-02-20,JP,P009,0,0,0.0
2025-02-20,JP,P010,103,112,558.88
2025-02-20,JP,P011,67,72,1439.28
2025-02-20,JP,P012,17,17,1359.83
2025-02-20,GLOBAL_WEST,P001,631,639,632.61
2025-02-20,GLOBAL_WEST,P002,271,287,1432.13
2025-02-20,GLOBAL_WEST,P003,318,340,5096.6
2025-02-20,GLOBAL_WEST,P004,0,0,0.0
2025-02-20,GLOBAL_WEST,P005,333,373,2980.27
2025-02-20,GLOBAL_WEST,P006,199,219,5472.81
2025-02-20,GLOBAL_WEST,P007,208,222,2217.78
2025-02-20,GLOBAL_WEST,P009,0,0,0.0
2025-02-20,GLOBAL_WEST,P010,164,173,863.27
2025-02-20,GLOBAL_WEST,P011,75,83,1659.17
2025-02-20,GLOBAL_WEST,P012,95,104,8318.96
2025-02-21,KR,P001,361,391,387.09
2025-02-21,KR,P002,160,163,813.37
2025-02-21,KR,P003,183,197,2953.03
2025-02-21,KR,P004,0,0,0.0
2025-02-21,KR,P005,239,256,2045.44
2025-02-21,KR,P006,99,110,2748.9
2025-02-21,KR,P007,134,147,1468.53
2025-02-21,KR,P009,0,0,0.0
2025-02-21,KR,P010,84,86,429.14
2025-02-21,KR,P011,52,56,1119.44
2025-02-21,KR,P012,14,17,1359.83
2025-02-21,JP,P001,322,356,352.44
2025-02-21,JP,P002,141,146,728.54
2025-02-21,JP,P003,169,180,2698.2
2025-02-21,JP,P004,0,0,0.0
2025-02-21,JP,P005,194,222,1773.78
2025-02-21,JP,P006,94,97,2424.03
2025-02-21,JP,P007,121,128,1278.72
2025-02-21,JP,P009,0,0,0.0
2025-02-21,JP,P010,72,77,384.23
2025-02-21,JP,P011,62,65,1299.35
2025-02-21,JP,P012,23,24,1919.76
2025-02-21,GLOBAL_WEST,P001,548,579,573.21
2025-02-21,GLOBAL_WEST,P002,284,293,1462.07
2025-02-21,GLOBAL_WEST,P003,293,315,4721.85
2025-02-21,GLOBAL_WEST,P004,0,0,0.0
2025-02-21,GLOBAL_WEST,P005,372,409,3267.91
2025-02-21,GLOBAL_WEST,P006,151,158,3948.42
2025-02-21,GLOBAL_WEST,P007,233,235,2347.65
2025-02-21,GLOBAL_WEST,P009,0,0,0.0
2025-02-21,GLOBAL_WEST,P010,137,153,763.47
2025-02-21,GLOBAL_WEST,P011,52,56,1119.44
2025-02-21,GLOBAL_WEST,P012,94,102,8158.98
2025-02-22,KR,P001,390,404,399.96
2025-02-22,KR,P002,163,181,903.19
2025-02-22,KR,P003,193,212,3177.88
2025-02-22,KR,P004,0,0,0.0
2025-02-22,KR,P005,219,242,1933.58
2025-02-22,KR,P006,94,97,2424.03
2025-02-22,KR,P007,165,185,1848.15
2025-02-22,KR,P009,0,0,0.0
2025-02-22,KR,P010,84,88,439.12
2025-02-22,KR,P011,101,109,2178.91
2025-02-22,KR,P012,29,33,2639.67
2025-02-22,JP,P001,307,321,317.79
2025-02-22,JP,P002,136,151,753.49
2025-02-22,JP,P003,146,151,2263.49
2025-02-22,JP,P004,0,0,0.0
2025-02-22,JP,P005,151,151,1206.49
2025-02-22,JP,P006,95,104,2598.96
2025-02-22,JP,P007,111,120,1198.8
2025-02-22,JP,P009,0,0,0.0
2025-02-22,JP,P010,75,85,424.15
2025-02-22,JP,P011,45,49,979.51
2025-02-22,JP,P012,22,23,1839.77
2025-02-22,GLOBAL_WEST,P001,529,564,558.36
2025-02-22,GLOBAL_WEST,P002,306,330,1646.7
2025-02-22,GLOBAL_WEST,P003,348,382,5726.18
2025-02-22,GLOBAL_WEST,P004,0,0,0.0
2025-02-22,GLOBAL_WEST,P005,354,373,2980.27
2025-02-22,GLOBAL_WEST,P006,143,160,3998.4
2025-02-22,GLOBAL_WEST,P007,205,222,2217.78
2025-02-22,GLOBAL_WEST,P009,0,0,0.0
2025-02-22,GLOBAL_WEST,P010,159,163,813.37
2025-02-22,GLOBAL_WEST,P011,70,74,1479.26
2025-02-22,GLOBAL_WEST,P012,90,90,7199.1
2025-02-23,KR,P001,382,421,416.79
2025-02-23,KR,P002,171,184,918.16
2025-02-23,KR,P003,199,217,3252.83
2025-02-23,KR,P004,0,0,0.0
2025-02-23,KR,P005,236,263,2101.37
2025-02-23,KR,P006,126,140,3498.6
2025-02-23,KR,P007,130,140,1398.6
2025-02-23,KR,P009,0,0,0.0
2025-02-23,KR,P010,94,104,518.96
2025-02-23,KR,P011,52,54,1079.46
2025-02-23,KR,P012,41,41,3279.59
2025-02-23,JP,P001,312,336,332.64
2025-02-23,JP,P002,150,168,838.32
2025-02-23,JP,P003,145,161,2413.39
2025-02-23,JP,P004,0,0,0.0
2025-02-23,JP,P005,193,204,1629.96
2025-02-23,JP,P006,93,95,2374.05
2025-02-23,JP,P007,124,142,1418.58
2025-02-23,JP,P009,0,0,0.0
2025-02-23,JP,P010,76,83,414.17
2025-02-23,JP,P011,64,67,1339.33
2025-02-23,JP,P012,27,28,2239.72
2025-02-23,GLOBAL_WEST,P001,634,689,682.11
2025-02-23,GLOBAL_WEST,P002,307,321,1601.79
2025-02-23,GLOBAL_WEST,P003,260,285,4272.15
2025-02-23,GLOBAL_WEST,P004,0,0,0.0
2025-02-23,GLOBAL_WEST,P005,344,372,2972.28
2025-02-23,GLOBAL_WEST,P006,175,180,4498.2
2025-02-23,GLOBAL_WEST,P007,201,215,2147.85
2025-02-23,GLOBAL_WEST,P009,0,0,0.0
2025-02-23,GLOBAL_WEST,P010,189,204,1017.96
2025-02-23,GLOBAL_WEST,P011,108,112,2238.88
2025-02-23,GLOBAL_WEST,P012,0,0,0.0
2025-02-24,KR,P001,364,381,377.19
2025-02-24,KR,P002,175,186,928.14
2025-02-24,KR,P003,190,198,2968.02
2025-02-24,KR,P004,0,0,0.0
2025-02-24,KR,P005,236,249,1989.51
2025-02-24,KR,P006,119,126,3148.74
2025-02-24,KR,P007,147,151,1508.49
2025-02-24,KR,P009,0,0,0.0
2025-02-24,KR,P010,93,96,479.04
2025-02-24,KR,P011,91,101,2018.99
2025-02-24,KR,P012,26,28,2239.72
2025-02-24,JP,P001,273,301,297.99
2025-02-24,JP,P002,159,166,828.34
2025-02-24,JP,P003,136,150,2248.5
2025-02-24,JP,P004,0,0,0.0
2025-02-24,JP,P005,173,192,1534.08
2025-02-24,JP,P006,90,101,2523.99
2025-02-24,JP,P007,115,122,1218.78
2025-02-24,JP,P009,0,0,0.0
2025-02-24,JP,P010,99,105,523.95
2025-02-24,JP,P011,28,32,639.68
2025-02-24,JP,P012,36,38,3039.62
2025-02-24,GLOBAL_WEST,P001,571,583,577.17
2025-02-24,GLOBAL_WEST,P002,256,272,1357.28
2025-02-24,GLOBAL_WEST,P003,252,272,4077.28
2025-02-24,GLOBAL_WEST,P004,0,0,0.0
2025-02-24,GLOBAL_WEST,P005,286,313,2500.87
2025-02-24,GLOBAL_WEST,P006,94,104,2598.96
2025-02-24,GLOBAL_WEST,P007,175,189,1888.11
2025-02-24,GLOBAL_WEST,P009,0,0,0.0
2025-02-24,GLOBAL_WEST,P010,121,134,668.66
2025-02-24,GLOBAL_WEST,P011,123,133,2658.67
2025-02-24,GLOBAL_WEST,P012,2,2,159.98
2025-02-25,KR,P001,407,441,436.59
2025-02-25,KR,P002,261,284,1417.16
2025-02-25,KR,P003,202,215,3222.85
2025-02-25,KR,P004,0,0,0.0
2025-02-25,KR,P005,235,254,2029.46
2025-02-25,KR,P006,77,86,2149.14
2025-02-25,KR,P007,103,109,1088.91
2025-02-25,KR,P009,0,0,0.0
2025-02-25,KR,P010,117,122,608.78
2025-02-25,KR,P011,84,93,1859.07
2025-02-25,KR,P012,33,35,2799.65
2025-02-25,JP,P001,302,309,305.91
2025-02-25,JP,P002,151,155,773.45
2025-02-25,JP,P003,168,183,2743.17
2025-02-25,JP,P004,0,0,0.0
2025-02-25,JP,P005,168,174,1390.26
2025-02-25,JP,P006,81,86,2149.14
2025-02-25,JP,P007,98,105,1048.95
2025-02-25,JP,P009,0,0,0.0
2025-02-25,JP,P010,67,70,349.3
2025-02-25,JP,P011,17,18,359.82
2025-02-25,JP,P012,19,21,1679.79
2025-02-25,GLOBAL_WEST,P001,564,583,577.17
2025-02-25,GLOBAL_WEST,P002,279,291,1452.09
2025-02-25,GLOBAL_WEST,P003,283,315,4721.85
2025-02-25,GLOBAL_WEST,P004,0,0,0.0
2025-02-25,GLOBAL_WEST,P005,319,347,2772.53
2025-02-25,GLOBAL_WEST,P006,184,192,4798.08
2025-02-25,GLOBAL_WEST,P007,185,194,1938.06
2025-02-25,GLOBAL_WEST,P009,0,0,0.0
2025-02-25,GLOBAL_WEST,P010,154,167,833.33
2025-02-25,GLOBAL_WEST,P011,132,139,2778.61
2025-02-25,GLOBAL_WEST,P012,78,85,6799.15
2025-02-26,KR,P001,378,425,420.75
2025-02-26,KR,P002,174,182,908.18
2025-02-26,KR,P003,162,180,2698.2
2025-02-26,KR,P004,0,0,0.0
2025-02-26,KR,P005,215,221,1765.79
2025-02-26,KR,P006,69,72,1799.28
2025-02-26,KR,P007,144,163,1628.37
2025-02-26,KR,P009,0,0,0.0
2025-02-26,KR,P010,104,107,533.93
2025-02-26,KR,P011,67,75,1499.25
2025-02-26,KR,P012,37,40,3199.6
2025-02-26,JP,P001,303,331,327.69
2025-02-26,JP,P002,147,156,778.44
2025-02-26,JP,P003,155,167,2503.33
2025-02-26,JP,P004,0,0,0.0
2025-02-26,JP,P005,191,204,1629.96
2025-02-26,JP,P006,63,69,1724.31
2025-02-26,JP,P007,124,132,1318.68
2025-02-26,JP,P009,0,0,0.0
2025-02-26,JP,P010,79,84,419.16
2025-02-26,JP,P011,64,70,1399.3
2025-02-26,JP,P012,25,27,2159.73
2025-02-26,GLOBAL_WEST,P001,503,545,539.55
2025-02-26,GLOBAL_WEST,P002,225,244,1217.56
2025-02-26,GLOBAL_WEST,P003,246,277,4152.23
2025-02-26,GLOBAL_WEST,P004,0,0,0.0
2025-02-26,GLOBAL_WEST,P005,281,306,2444.94
2025-02-26,GLOBAL_WEST,P006,165,174,4348.26
2025-02-26,GLOBAL_WEST,P007,197,214,2137.86
2025-02-26,GLOBAL_WEST,P009,0,0,0.0
2025-02-26,GLOBAL_WEST,P010,135,146,728.54
2025-02-26,GLOBAL_WEST,P011,87,94,1879.06
2025-02-26,GLOBAL_WEST,P012,76,83,6639.17
2025-02-27,KR,P001,350,404,399.96
2025-02-27,KR,P002,183,196,978.04
2025-02-27,KR,P003,217,240,3597.6
2025-02-27,KR,P004,0,0,0.0
2025-02-27,KR,P005,220,240,1917.6
2025-02-27,KR,P006,99,104,2598.96
2025-02-27,KR,P007,128,134,1338.66
2025-02-27,KR,P009,0,0,0.0
2025-02-27,KR,P010,126,141,703.59
2025-02-27,KR,P011,94,100,1999.0
2025-02-27,KR,P012,26,28,2239.72
2025-02-27,JP,P001,298,321,317.79
2025-02-27,JP,P002,159,168,838.32
2025-02-27,JP,P003,150,160,2398.4
2025-02-27,JP,P004,0,0,0.0
2025-02-27,JP,P005,168,175,1398.25
2025-02-27,JP,P006,74,82,2049.18
2025-02-27,JP,P007,101,109,1088.91
2025-02-27,JP,P009,0,0,0.0
2025-02-27,JP,P010,80,87,434.13
2025-02-27,JP,P011,59,66,1319.34
2025-02-27,JP,P012,28,29,2319.71
2025-02-27,GLOBAL_WEST,P001,518,588,582.12
2025-02-27,GLOBAL_WEST,P002,284,296,1477.04
2025-02-27,GLOBAL_WEST,P003,259,272,4077.28
2025-02-27,GLOBAL_WEST,P004,0,0,0.0
2025-02-27,GLOBAL_WEST,P005,251,264,2109.36
2025-02-27,GLOBAL_WEST,P006,125,138,3448.62
2025-02-27,GLOBAL_WEST,P007,208,226,2257.74
2025-02-27,GLOBAL_WEST,P009,0,0,0.0
2025-02-27,GLOBAL_WEST,P010,158,176,878.24
2025-02-27,GLOBAL_WEST,P011,76,82,1639.18
2025-02-27,GLOBAL_WEST,P012,60,64,5119.36
2025-02-28,KR,P001,370,413,408.87
2025-02-28,KR,P002,154,168,838.32
2025-02-28,KR,P003,192,206,3087.94
2025-02-28,KR,P004,0,0,0.0
2025-02-28,KR,P005,215,227,1813.73
2025-02-28,KR,P006,61,64,1599.36
2025-02-28,KR,P007,139,147,1468.53
2025-02-28,KR,P009,0,0,0.0
2025-02-28,KR,P010,134,137,683.63
2025-02-28,KR,P011,73,81,1619.19
2025-02-28,KR,P012,4,4,319.96
2025-02-28,JP,P001,291,308,304.92
2025-02-28,JP,P002,167,182,908.18
2025-02-28,JP,P003,161,176,2638.24
2025-02-28,JP,P004,0,0,0.0
2025-02-28,JP,P005,193,206,1645.94
2025-02-28,JP,P006,66,67,1674.33
2025-02-28,JP,P007,124,129,1288.71
2025-02-28,JP,P009,0,0,0.0
2025-02-28,JP,P010,89,95,474.05
2025-02-28,JP,P011,55,60,1199.4
2025-02-28,JP,P012,20,20,1599.8
2025-02-28,GLOBAL_WEST,P001,503,531,525.69
2025-02-28,GLOBAL_WEST,P002,260,276,1377.24
2025-02-28,GLOBAL_WEST,P003,237,261,3912.39
2025-02-28,GLOBAL_WEST,P004,0,0,0.0
2025-02-28,GLOBAL_WEST,P005,313,332,2652.68
2025-02-28,GLOBAL_WEST,P006,123,132,3298.68
2025-02-28,GLOBAL_WEST,P007,167,179,1788.21
2025-02-28,GLOBAL_WEST,P009,0,0,0.0
2025-02-28,GLOBAL_WEST,P010,154,165,823.35
2025-02-28,GLOBAL_WEST,P011,64,72,1439.28
2025-02-28,GLOBAL_WEST,P012,65,71,5679.29
2025-03-01,KR,P001,336,353,349.47
2025-03-01,KR,P002,171,184,918.16
2025-03-01,KR,P003,195,217,3252.83
2025-03-01,KR,P004,0,0,0.0
2025-03-01,KR,P005,201,210,1677.9
2025-03-01,KR,P006,109,113,2823.87
2025-03-01,KR,P007,92,104,1038.96
2025-03-01,KR,P009,0,0,0.0
2025-03-01,KR,P010,113,125,623.75
2025-03-01,KR,P011,86,95,1899.05
2025-03-01,KR,P012,27,28,2239.72
2025-03-01,JP,P001,316,341,337.59
2025-03-01,JP,P002,187,196,978.04
2025-03-01,JP,P003,148,156,2338.44
2025-03-01,JP,P004,0,0,0.0
2025-03-01,JP,P005,188,205,1637.95
2025-03-01,JP,P006,85,89,2224.11
2025-03-01,JP,P007,99,106,1058.94
2025-03-01,JP,P009,0,0,0.0
2025-03-01,JP,P010,71,78,389.22
2025-03-01,JP,P011,45,50,999.5
2025-03-01,JP,P012,0,0,0.0
2025-03-01,GLOBAL_WEST,P001,571,620,613.8
2025-03-01,GLOBAL_WEST,P002,234,241,1202.59
2025-03-01,GLOBAL_WEST,P003,209,227,3402.73
2025-03-01,GLOBAL_WEST,P004,0,0,0.0
2025-03-01,GLOBAL_WEST,P005,330,370,2956.3
2025-03-01,GLOBAL_WEST,P006,109,122,3048.78
2025-03-01,GLOBAL_WEST,P007,145,161,1608.39
2025-03-01,GLOBAL_WEST,P009,0,0,0.0
2025-03-01,GLOBAL_WEST,P010,147,156,778.44
2025-03-01,GLOBAL_WEST,P011,56,58,1159.42
2025-03-01,GLOBAL_WEST,P012,47,50,3999.5
2025-03-02,KR,P001,378,410,405.9
2025-03-02,KR,P002,166,185,923.15
2025-03-02,KR,P003,181,198,2968.02
2025-03-02,KR,P004,0,0,0.0
2025-03-02,KR,P005,231,253,2021.47
2025-03-02,KR,P006,110,119,2973.81
2025-03-02,KR,P007,143,151,1508.49
2025-03-02,KR,P009,0,0,0.0
2025-03-02,KR,P010,123,134,668.66
2025-03-02,KR,P011,69,73,1459.27
2025-03-02,KR,P012,47,50,3999.5
2025-03-02,JP,P001,285,303,299.97
2025-03-02,JP,P002,167,182,908.18
2025-03-02,JP,P003,140,152,2278.48
2025-03-02,JP,P004,0,0,0.0
2025-03-02,JP,P005,189,199,1590.01
2025-03-02,JP,P006,46,51,1274.49
2025-03-02,JP,P007,90,98,979.02
2025-03-02,JP,P009,0,0,0.0
2025-03-02,JP,P010,91,98,489.02
2025-03-02,JP,P011,61,66,1319.34
2025-03-02,JP,P012,44,45,3599.55
2025-03-02,GLOBAL_WEST,P001,483,524,518.76
2025-03-02,GLOBAL_WEST,P002,263,286,1427.14
2025-03-02,GLOBAL_WEST,P003,219,237,3552.63
2025-03-02,GLOBAL_WEST,P004,0,0,0.0
2025-03-02,GLOBAL_WEST,P005,302,314,2508.86
2025-03-02,GLOBAL_WEST,P006,169,184,4598.16
2025-03-02,GLOBAL_WEST,P007,246,267,2667.33
2025-03-02,GLOBAL_WEST,P009,0,0,0.0
2025-03-02,GLOBAL_WEST,P010,160,181,903.19
2025-03-02,GLOBAL_WEST,P011,30,33,659.67
2025-03-02,GLOBAL_WEST,P012,58,64,5119.36
2025-03-03,KR,P001,308,325,321.75
2025-03-03,KR,P002,171,182,908.18
2025-03-03,KR,P003,188,199,2983.01
2025-03-03,KR,P004,0,0,0.0
2025-03-03,KR,P005,215,232,1853.68
2025-03-03,KR,P006,97,112,2798.88
2025-03-03,KR,P007,127,142,1418.58
2025-03-03,KR,P009,0,0,0.0
2025-03-03,KR,P010,93,94,469.06
2025-03-03,KR,P011,26,27,539.73
2025-03-03,KR,P012,9,9,719.91
2025-03-03,JP,P001,290,306,302.94
2025-03-03,JP,P002,136,147,733.53
2025-03-03,JP,P003,126,129,1933.71
2025-03-03,JP,P004,0,0,0.0
2025-03-03,JP,P005,171,189,1510.11
2025-03-03,JP,P006,94,102,2548.98
2025-03-03,JP,P007,127,135,1348.65
2025-03-03,JP,P009,0,0,0.0
2025-03-03,JP,P010,84,86,429.14
2025-03-03,JP,P011,57,62,1239.38
2025-03-03,JP,P012,18,18,1439.82
2025-03-03,GLOBAL_WEST,P001,480,502,496.98
2025-03-03,GLOBAL_WEST,P002,232,251,1252.49
2025-03-03,GLOBAL_WEST,P003,272,283,4242.17
2025-03-03,GLOBAL_WEST,P004,0,0,0.0
2025-03-03,GLOBAL_WEST,P005,265,289,2309.11
2025-03-03,GLOBAL_WEST,P006,154,164,4098.36
2025-03-03,GLOBAL_WEST,P007,181,188,1878.12
2025-03-03,GLOBAL_WEST,P009,0,0,0.0
2025-03-03,GLOBAL_WEST,P010,145,162,808.38
2025-03-03,GLOBAL_WEST,P011,104,108,2158.92
2025-03-03,GLOBAL_WEST,P012,79,81,6479.19
2025-03-04,KR,P001,345,381,377.19
2025-03-04,KR,P002,189,196,978.04
2025-03-04,KR,P003,171,184,2758.16
2025-03-04,KR,P004,0,0,0.0
2025-03-04,KR,P005,168,178,1422.22
2025-03-04,KR,P006,80,90,2249.1
2025-03-04,KR,P007,98,107,1068.93
2025-03-04,KR,P009,0,0,0.0
2025-03-04,KR,P010,89,95,474.05
2025-03-04,KR,P011,78,81,1619.19
2025-03-04,KR,P012,19,19,1519.81
2025-03-04,JP,P001,294,310,306.9
2025-03-04,JP,P002,137,142,708.58
2025-03-04,JP,P003,137,151,2263.49
2025-03-04,JP,P004,0,0,0.0
2025-03-04,JP,P005,167,179,1430.21
2025-03-04,JP,P006,69,73,1824.27
2025-03-04,JP,P007,106,116,1158.84
2025-03-04,JP,P009,0,0,0.0
2025-03-04,JP,P010,64,66,329.34
2025-03-04,JP,P011,54,56,1119.44
2025-03-04,JP,P012,15,17,1359.83
2025-03-04,GLOBAL_WEST,P001,476,537,531.63
2025-03-04,GLOBAL_WEST,P002,250,278,1387.22
2025-03-04,GLOBAL_WEST,P003,270,285,4272.15
2025-03-04,GLOBAL_WEST,P004,0,0,0.0
2025-03-04,GLOBAL_WEST,P005,291,306,2444.94
2025-03-04,GLOBAL_WEST,P006,156,156,3898.44
2025-03-04,GLOBAL_WEST,P007,182,194,1938.06
2025-03-04,GLOBAL_WEST,P009,0,0,0.0
2025-03-04,GLOBAL_WEST,P010,125,128,638.72
2025-03-04,GLOBAL_WEST,P011,137,153,3058.47
2025-03-04,GLOBAL_WEST,P012,83,88,7039.12
2025-03-05,KR,P001,319,342,338.58
2025-03-05,KR,P002,171,189,943.11
2025-03-05,KR,P003,171,181,2713.19
2025-03-05,KR,P004,0,0,0.0
2025-03-05,KR,P005,196,210,1677.9
2025-03-05,KR,P006,104,110,2748.9
2025-03-05,KR,P007,129,137,1368.63
2025-03-05,KR,P009,0,0,0.0
2025-03-05,KR,P010,95,107,533.93
2025-03-05,KR,P011,33,36,719.64
2025-03-05,KR,P012,4,4,319.96
2025-03-05,JP,P001,307,331,327.69
2025-03-05,JP,P002,161,174,868.26
2025-03-05,JP,P003,159,165,2473.35
2025-03-05,JP,P004,0,0,0.0
2025-03-05,JP,P005,190,206,1645.94
2025-03-05,JP,P006,81,91,2274.09
2025-03-05,JP,P007,124,140,1398.6
2025-03-05,JP,P009,0,0,0.0
2025-03-05,JP,P010,84,89,444.11
2025-03-05,JP,P011,60,65,1299.35
2025-03-05,JP,P012,37,39,3119.61
2025-03-05,GLOBAL_WEST,P001,436,465,460.35
2025-03-05,GLOBAL_WEST,P002,268,302,1506.98
2025-03-05,GLOBAL_WEST,P003,249,271,4062.29
2025-03-05,GLOBAL_WEST,P004,0,0,0.0
2025-03-05,GLOBAL_WEST,P005,305,324,2588.76
2025-03-05,GLOBAL_WEST,P006,156,169,4223.31
2025-03-05,GLOBAL_WEST,P007,143,153,1528.47
2025-03-05,GLOBAL_WEST,P009,0,0,0.0
2025-03-05,GLOBAL_WEST,P010,154,164,818.36
2025-03-05,GLOBAL_WEST,P011,80,82,1639.18
2025-03-05,GLOBAL_WEST,P012,47,50,3999.5
2025-03-06,KR,P001,348,377,373.23
2025-03-06,KR,P002,162,169,843.31
2025-03-06,KR,P003,169,181,2713.19
2025-03-06,KR,P004,0,0,0.0
2025-03-06,KR,P005,213,234,1869.66
2025-03-06,KR,P006,101,108,2698.92
2025-03-06,KR,P007,159,171,1708.29
2025-03-06,KR,P009,0,0,0.0
2025-03-06,KR,P010,113,120,598.8
2025-03-06,KR,P011,54,55,1099.45
2025-03-06,KR,P012,36,38,3039.62
2025-03-06,JP,P001,288,326,322.74
2025-03-06,JP,P002,149,169,843.31
2025-03-06,JP,P003,157,166,2488.34
2025-03-06,JP,P004,0,0,0.0
2025-03-06,JP,P005,170,184,1470.16
2025-03-06,JP,P006,71,78,1949.22
2025-03-06,JP,P007,88,98,979.02
2025-03-06,JP,P009,0,0,0.0
2025-03-06,JP,P010,72,80,399.2
2025-03-06,JP,P011,58,61,1219.39
2025-03-06,JP,P012,26,28,2239.72
2025-03-06,GLOBAL_WEST,P001,476,514,508.86
2025-03-06,GLOBAL_WEST,P002,234,256,1277.44
2025-03-06,GLOBAL_WEST,P003,280,323,4841.77
2025-03-06,GLOBAL_WEST,P004,0,0,0.0
2025-03-06,GLOBAL_WEST,P005,231,248,1981.52
2025-03-06,GLOBAL_WEST,P006,85,91,2274.09
2025-03-06,GLOBAL_WEST,P007,181,185,1848.15
2025-03-06,GLOBAL_WEST,P009,0,0,0.0
2025-03-06,GLOBAL_WEST,P010,218,241,1202.59
2025-03-06,GLOBAL_WEST,P011,98,103,2058.97
2025-03-06,GLOBAL_WEST,P012,61,65,5199.35
2025-03-07,KR,P001,338,369,365.31
2025-03-07,KR,P002,159,170,848.3
2025-03-07,KR,P003,155,169,2533.31
2025-03-07,KR,P004,0,0,0.0
2025-03-07,KR,P005,191,212,1693.88
2025-03-07,KR,P006,98,104,2598.96
2025-03-07,KR,P007,72,75,749.25
2025-03-07,KR,P009,0,0,0.0
2025-03-07,KR,P010,81,85,424.15
2025-03-07,KR,P011,54,56,1119.44
2025-03-07,KR,P012,16,16,1279.84
2025-03-07,JP,P001,303,316,312.84
2025-03-07,JP,P002,149,153,763.47
2025-03-07,JP,P003,141,149,2233.51
2025-03-07,JP,P004,0,0,0.0
2025-03-07,JP,P005,164,188,1502.12
2025-03-07,JP,P006,83,92,2299.08
2025-03-07,JP,P007,102,106,1058.94
2025-03-07,JP,P009,0,0,0.0
2025-03-07,JP,P010,97,100,499.0
2025-03-07,JP,P011,41,43,859.57
2025-03-07,JP,P012,28,30,2399.7
2025-03-07,GLOBAL_WEST,P001,457,478,473.22
2025-03-07,GLOBAL_WEST,P002,220,250,1247.5
2025-03-07,GLOBAL_WEST,P003,222,247,3702.53
2025-03-07,GLOBAL_WEST,P004,0,0,0.0
2025-03-07,GLOBAL_WEST,P005,271,274,2189.26
2025-03-07,GLOBAL_WEST,P006,152,165,4123.35
2025-03-07,GLOBAL_WEST,P007,166,178,1778.22
2025-03-07,GLOBAL_WEST,P009,0,0,0.0
2025-03-07,GLOBAL_WEST,P010,148,160,798.4
2025-03-07,GLOBAL_WEST,P011,92,97,1939.03
2025-03-07,GLOBAL_WEST,P012,41,42,3359.58
2025-03-08,KR,P001,352,385,381.15
2025-03-08,KR,P002,170,185,923.15
2025-03-08,KR,P003,176,196,2938.04
2025-03-08,KR,P004,0,0,0.0
2025-03-08,KR,P005,214,238,1901.62
2025-03-08,KR,P006,103,114,2848.86
2025-03-08,KR,P007,137,146,1458.54
2025-03-08,KR,P009,0,0,0.0
2025-03-08,KR,P010,113,118,588.82
2025-03-08,KR,P011,85,89,1779.11
2025-03-08,KR,P012,8,9,719.91
2025-03-08,JP,P001,269,292,289.08
2025-03-08,JP,P002,147,158,788.42
2025-03-08,JP,P003,140,149,2233.51
2025-03-08,JP,P004,0,0,0.0
2025-03-08,JP,P005,176,187,1494.13
2025-03-08,JP,P006,98,105,2623.95
2025-03-08,JP,P007,82,82,819.18
2025-03-08,JP,P009,0,0,0.0
2025-03-08,JP,P010,54,57,284.43
2025-03-08,JP,P011,36,39,779.61
2025-03-08,JP,P012,0,0,0.0
2025-03-08,GLOBAL_WEST,P001,429,444,439.56
2025-03-08,GLOBAL_WEST,P002,251,270,1347.3
2025-03-08,GLOBAL_WEST,P003,217,229,3432.71
2025-03-08,GLOBAL_WEST,P004,0,0,0.0
2025-03-08,GLOBAL_WEST,P005,304,318,2540.82
2025-03-08,GLOBAL_WEST,P006,122,132,3298.68
2025-03-08,GLOBAL_WEST,P007,199,209,2087.91
2025-03-08,GLOBAL_WEST,P009,0,0,0.0
2025-03-08,GLOBAL_WEST,P010,130,144,718.56
2025-03-08,GLOBAL_WEST,P011,98,105,2098.95
2025-03-08,GLOBAL_WEST,P012,24,24,1919.76
2025-03-09,KR,P001,335,350,346.5
2025-03-09,KR,P002,159,175,873.25
2025-03-09,KR,P003,159,169,2533.31
2025-03-09,KR,P004,0,0,0.0
2025-03-09,KR,P005,205,214,1709.86
2025-03-09,KR,P006,89,98,2449.02
2025-03-09,KR,P007,129,145,1448.55
2025-03-09,KR,P009,0,0,0.0
2025-03-09,KR,P010,87,94,469.06
2025-03-09,KR,P011,66,70,1399.3
2025-03-09,KR,P012,9,9,719.91
2025-03-09,JP,P001,284,313,309.87
2025-03-09,JP,P002,142,161,803.39
2025-03-09,JP,P003,149,168,2518.32
2025-03-09,JP,P004,0,0,0.0
2025-03-09,JP,P005,170,184,1470.16
2025-03-09,JP,P006,96,97,2424.03
2025-03-09,JP,P007,124,136,1358.64
2025-03-09,JP,P009,0,0,0.0
2025-03-09,JP,P010,88,96,479.04
2025-03-09,JP,P011,45,48,959.52
2025-03-09,JP,P012,22,23,1839.77
2025-03-09,GLOBAL_WEST,P001,460,494,489.06
2025-03-09,GLOBAL_WEST,P002,298,329,1641.71
2025-03-09,GLOBAL_WEST,P003,244,248,3717.52
2025-03-09,GLOBAL_WEST,P004,0,0,0.0
2025-03-09,GLOBAL_WEST,P005,288,312,2492.88
2025-03-09,GLOBAL_WEST,P006,162,173,4323.27
2025-03-09,GLOBAL_WEST,P007,166,175,1748.25
2025-03-09,GLOBAL_WEST,P009,0,0,0.0
2025-03-09,GLOBAL_WEST,P010,168,173,863.27
2025-03-09,GLOBAL_WEST,P011,127,141,2818.59
2025-03-09,GLOBAL_WEST,P012,63,65,5199.35
2025-03-10,KR,P001,305,329,325.71
2025-03-10,KR,P002,162,172,858.28
2025-03-10,KR,P003,165,173,2593.27
2025-03-10,KR,P004,0,0,0.0
2025-03-10,KR,P005,188,204,1629.96
2025-03-10,KR,P006,79,83,2074.17
2025-03-10,KR,P007,125,128,1278.72
2025-03-10,KR,P009,0,0,0.0
2025-03-10,KR,P010,78,84,419.16
2025-03-10,KR,P011,40,42,839.58
2025-03-10,KR,P012,18,19,1519.81
2025-03-10,JP,P001,259,274,271.26
2025-03-10,JP,P002,153,165,823.35
2025-03-10,JP,P003,167,180,2698.2
2025-03-10,JP,P004,0,0,0.0
2025-03-10,JP,P005,133,148,1182.52
2025-03-10,JP,P006,79,86,2149.14
2025-03-10,JP,P007,109,123,1228.77
2025-03-10,JP,P009,0,0,0.0
2025-03-10,JP,P010,82,88,439.12
2025-03-10,JP,P011,62,65,1299.35
2025-03-10,JP,P012,19,20,1599.8
2025-03-10,GLOBAL_WEST,P001,461,497,492.03
2025-03-10,GLOBAL_WEST,P002,200,232,1157.68
2025-03-10,GLOBAL_WEST,P003,243,259,3882.41
2025-03-10,GLOBAL_WEST,P004,0,0,0.0
2025-03-10,GLOBAL_WEST,P005,275,301,2404.99
2025-03-10,GLOBAL_WEST,P006,160,173,4323.27
2025-03-10,GLOBAL_WEST,P007,182,198,1978.02
2025-03-10,GLOBAL_WEST,P009,0,0,0.0
2025-03-10,GLOBAL_WEST,P010,175,176,878.24
2025-03-10,GLOBAL_WEST,P011,95,106,2118.94
2025-03-10,GLOBAL_WEST,P012,41,43,3439.57
2025-03-11,KR,P001,335,358,354.42
2025-03-11,KR,P002,155,173,863.27
2025-03-11,KR,P003,174,187,2803.13
2025-03-11,KR,P004,0,0,0.0
2025-03-11,KR,P005,187,208,1661.92
2025-03-11,KR,P006,116,125,3123.75
2025-03-11,KR,P007,116,123,1228.77
2025-03-11,KR,P009,0,0,0.0
2025-03-11,KR,P010,91,98,489.02
2025-03-11,KR,P011,46,48,959.52
2025-03-11,KR,P012,13,14,1119.86
2025-03-11,JP,P001,281,287,284.13
2025-03-11,JP,P002,121,133,663.67
2025-03-11,JP,P003,130,141,2113.59
2025-03-11,JP,P004,0,0,0.0
2025-03-11,JP,P005,152,164,1310.36
2025-03-11,JP,P006,79,80,1999.2
2025-03-11,JP,P007,93,97,969.03
2025-03-11,JP,P009,0,0,0.0
2025-03-11,JP,P010,74,81,404.19
2025-03-11,JP,P011,45,48,959.52
2025-03-11,JP,P012,40,44,3519.56
2025-03-11,GLOBAL_WEST,P001,503,542,536.58
2025-03-11,GLOBAL_WEST,P002,210,228,1137.72
2025-03-11,GLOBAL_WEST,P003,254,254,3807.46
2025-03-11,GLOBAL_WEST,P004,0,0,0.0
2025-03-11,GLOBAL_WEST,P005,271,293,2341.07
2025-03-11,GLOBAL_WEST,P006,161,171,4273.29
2025-03-11,GLOBAL_WEST,P007,147,155,1548.45
2025-03-11,GLOBAL_WEST,P009,0,0,0.0
2025-03-11,GLOBAL_WEST,P010,125,132,658.68
2025-03-11,GLOBAL_WEST,P011,92,103,2058.97
2025-03-11,GLOBAL_WEST,P012,50,52,4159.48
2025-03-12,KR,P001,303,326,322.74
2025-03-12,KR,P002,185,193,963.07
2025-03-12,KR,P003,157,176,2638.24
2025-03-12,KR,P004,0,0,0.0
2025-03-12,KR,P005,168,178,1422.22
2025-03-12,KR,P006,59,63,1574.37
2025-03-12,KR,P007,134,151,1508.49
2025-03-12,KR,P009,0,0,0.0
2025-03-12,KR,P010,81,86,429.14
2025-03-12,KR,P011,64,72,1439.28
2025-03-12,KR,P012,25,27,2159.73
2025-03-12,JP,P001,264,294,291.06
2025-03-12,JP,P002,120,129,643.71
2025-03-12,JP,P003,134,145,2173.55
2025-03-12,JP,P004,0,0,0.0
2025-03-12,JP,P005,165,179,1430.21
2025-03-12,JP,P006,72,79,1974.21
2025-03-12,JP,P007,81,84,839.16
2025-03-12,JP,P009,0,0,0.0
2025-03-12,JP,P010,105,112,558.88
2025-03-12,JP,P011,40,42,839.58
2025-03-12,JP,P012,6,6,479.94
2025-03-12,GLOBAL_WEST,P001,473,500,495.0
2025-03-12,GLOBAL_WEST,P002,224,240,1197.6
2025-03-12,GLOBAL_WEST,P003,257,265,3972.35
2025-03-12,GLOBAL_WEST,P004,0,0,0.0
2025-03-12,GLOBAL_WEST,P005,205,207,1653.93
2025-03-12,GLOBAL_WEST,P006,140,155,3873.45
2025-03-12,GLOBAL_WEST,P007,155,165,1648.35
2025-03-12,GLOBAL_WEST,P009,0,0,0.0
2025-03-12,GLOBAL_WEST,P010,141,154,768.46
2025-03-12,GLOBAL_WEST,P011,90,94,1879.06
2025-03-12,GLOBAL_WEST,P012,28,30,2399.7
2025-03-13,KR,P001,280,280,277.2
2025-03-13,KR,P002,154,169,843.31
2025-03-13,KR,P003,153,172,2578.28
2025-03-13,KR,P004,0,0,0.0
2025-03-13,KR,P005,151,151,1206.49
2025-03-13,KR,P006,79,80,1999.2
2025-03-13,KR,P007,87,96,959.04
2025-03-13,KR,P009,0,0,0.0
2025-03-13,KR,P010,62,68,339.32
2025-03-13,KR,P011,54,61,1219.39
2025-03-13,KR,P012,22,23,1839.77
2025-03-13,JP,P001,270,303,299.97
2025-03-13,JP,P002,141,157,783.43
2025-03-13,JP,P003,136,139,2083.61
2025-03-13,JP,P004,0,0,0.0
2025-03-13,JP,P005,134,139,1110.61
2025-03-13,JP,P006,56,59,1474.41
2025-03-13,JP,P007,105,114,1138.86
2025-03-13,JP,P009,0,0,0.0
2025-03-13,JP,P010,103,109,543.91
2025-03-13,JP,P011,70,77,1539.23
2025-03-13,JP,P012,12,12,959.88
2025-03-13,GLOBAL_WEST,P001,527,538,532.62
2025-03-13,GLOBAL_WEST,P002,228,246,1227.54
2025-03-13,GLOBAL_WEST,P003,178,184,2758.16
2025-03-13,GLOBAL_WEST,P004,0,0,0.0
2025-03-13,GLOBAL_WEST,P005,289,303,2420.97
2025-03-13,GLOBAL_WEST,P006,139,146,3648.54
2025-03-13,GLOBAL_WEST,P007,201,209,2087.91
2025-03-13,GLOBAL_WEST,P009,0,0,0.0
2025-03-13,GLOBAL_WEST,P010,182,190,948.1
2025-03-13,GLOBAL_WEST,P011,69,72,1439.28
2025-03-13,GLOBAL_WEST,P012,37,38,3039.62
2025-03-14,KR,P001,281,299,296.01
2025-03-14,KR,P002,161,168,838.32
2025-03-14,KR,P003,127,135,2023.65
2025-03-14,KR,P004,0,0,0.0
2025-03-14,KR,P005,184,196,1566.04
2025-03-14,KR,P006,107,110,2748.9
2025-03-14,KR,P007,125,137,1368.63
2025-03-14,KR,P009,0,0,0.0
2025-03-14,KR,P010,112,118,588.82
2025-03-14,KR,P011,46,49,979.51
2025-03-14,KR,P012,22,23,1839.77
2025-03-14,JP,P001,284,313,309.87
2025-03-14,JP,P002,151,163,813.37
2025-03-14,JP,P003,144,155,2323.45
2025-03-14,JP,P004,0,0,0.0
2025-03-14,JP,P005,157,168,1342.32
2025-03-14,JP,P006,92,99,2474.01
2025-03-14,JP,P007,123,135,1348.65
2025-03-14,JP,P009,0,0,0.0
2025-03-14,JP,P010,78,84,419.16
2025-03-14,JP,P011,47,50,999.5
2025-03-14,JP,P012,33,35,2799.65
2025-03-14,GLOBAL_WEST,P001,457,482,477.18
2025-03-14,GLOBAL_WEST,P002,194,205,1022.95
2025-03-14,GLOBAL_WEST,P003,253,277,4152.23
2025-03-14,GLOBAL_WEST,P004,0,0,0.0
2025-03-14,GLOBAL_WEST,P005,303,329,2628.71
2025-03-14,GLOBAL_WEST,P006,104,110,2748.9
2025-03-14,GLOBAL_WEST,P007,169,177,1768.23
2025-03-14,GLOBAL_WEST,P009,0,0,0.0
2025-03-14,GLOBAL_WEST,P010,147,162,808.38
2025-03-14,GLOBAL_WEST,P011,80,84,1679.16
2025-03-14,GLOBAL_WEST,P012,18,19,1519.81
2025-03-15,KR,P001,311,330,326.7
2025-03-15,KR,P002,145,158,788.42
2025-03-15,KR,P003,156,169,2533.31
2025-03-15,KR,P004,0,0,0.0
2025-03-15,KR,P005,163,178,1422.22
2025-03-15,KR,P006,92,99,2474.01
2025-03-15,KR,P007,102,112,1118.88
2025-03-15,KR,P009,0,0,0.0
2025-03-15,KR,P010,74,82,409.18
2025-03-15,KR,P011,67,74,1479.26
2025-03-15,KR,P012,15,15,1199.85
2025-03-15,JP,P001,282,296,293.04
2025-03-15,JP,P002,143,154,768.46
2025-03-15,JP,P003,142,148,2218.52
2025-03-15,JP,P004,0,0,0.0
2025-03-15,JP,P005,144,159,1270.41
2025-03-15,JP,P006,64,67,1674.33
2025-03-15,JP,P007,103,120,1198.8
2025-03-15,JP,P009,0,0,0.0
2025-03-15,JP,P010,89,94,469.06
2025-03-15,JP,P011,41,45,899.55
2025-03-15,JP,P012,10,10,799.9
2025-03-15,GLOBAL_WEST,P001,481,520,514.8
2025-03-15,GLOBAL_WEST,P002,245,254,1267.46
2025-03-15,GLOBAL_WEST,P003,271,276,4137.24
2025-03-15,GLOBAL_WEST,P004,0,0,0.0
2025-03-15,GLOBAL_WEST,P005,246,254,2029.46
2025-03-15,GLOBAL_WEST,P006,122,131,3273.69
2025-03-15,GLOBAL_WEST,P007,161,172,1718.28
2025-03-15,GLOBAL_WEST,P009,0,0,0.0
2025-03-15,GLOBAL_WEST,P010,174,177,883.23
2025-03-15,GLOBAL_WEST,P011,91,100,1999.0
2025-03-15,GLOBAL_WEST,P012,45,48,3839.52
2025-03-16,KR,P001,327,361,357.39
2025-03-16,KR,P002,155,171,853.29
2025-03-16,KR,P003,146,154,2308.46
2025-03-16,KR,P004,0,0,0.0
2025-03-16,KR,P005,164,184,1470.16
2025-03-16,KR,P006,76,81,2024.19
2025-03-16,KR,P007,132,149,1488.51
2025-03-16,KR,P009,0,0,0.0
2025-03-16,KR,P010,104,113,563.87
2025-03-16,KR,P011,47,50,999.5
2025-03-16,KR,P012,23,25,1999.75
2025-03-16,JP,P001,273,286,283.14
2025-03-16,JP,P002,127,141,703.59
2025-03-16,JP,P003,151,167,2503.33
2025-03-16,JP,P004,0,0,0.0
2025-03-16,JP,P005,172,191,1526.09
2025-03-16,JP,P006,92,97,2424.03
2025-03-16,JP,P007,116,121,1208.79
2025-03-16,JP,P009,0,0,0.0
2025-03-16,JP,P010,77,80,399.2
2025-03-16,JP,P011,70,74,1479.26
2025-03-16,JP,P012,28,31,2479.69
2025-03-16,GLOBAL_WEST,P001,476,534,528.66
2025-03-16,GLOBAL_WEST,P002,247,275,1372.25
2025-03-16,GLOBAL_WEST,P003,232,252,3777.48
2025-03-16,GLOBAL_WEST,P004,0,0,0.0
2025-03-16,GLOBAL_WEST,P005,271,302,2412.98
2025-03-16,GLOBAL_WEST,P006,124,139,3473.61
2025-03-16,GLOBAL_WEST,P007,179,186,1858.14
2025-03-16,GLOBAL_WEST,P009,0,0,0.0
2025-03-16,GLOBAL_WEST,P010,102,106,528.94
2025-03-16,GLOBAL_WEST,P011,83,89,1779.11
2025-03-16,GLOBAL_WEST,P012,0,0,0.0
2025-03-17,KR,P001,338,369,365.31
2025-03-17,KR,P002,166,172,858.28
2025-03-17,KR,P003,153,169,2533.31
2025-03-17,KR,P004,0,0,0.0
2025-03-17,KR,P005,176,186,1486.14
2025-03-17,KR,P006,107,116,2898.84
2025-03-17,KR,P007,128,138,1378.62
2025-03-17,KR,P009,0,0,0.0
2025-03-17,KR,P010,61,65,324.35
2025-03-17,KR,P011,42,45,899.55
2025-03-17,KR,P012,36,39,3119.61
2025-03-17,JP,P001,270,298,295.02
2025-03-17,JP,P002,123,140,698.6
2025-03-17,JP,P003,120,128,1918.72
2025-03-17,JP,P004,0,0,0.0
2025-03-17,JP,P005,143,155,1238.45
2025-03-17,JP,P006,61,65,1624.35
2025-03-17,JP,P007,96,97,969.03
2025-03-17,JP,P009,0,0,0.0
2025-03-17,JP,P010,76,81,404.19
2025-03-17,JP,P011,49,52,1039.48
2025-03-17,JP,P012,14,15,1199.85
2025-03-17,GLOBAL_WEST,P001,425,470,465.3
2025-03-17,GLOBAL_WEST,P002,236,257,1282.43
2025-03-17,GLOBAL_WEST,P003,232,251,3762.49
2025-03-17,GLOBAL_WEST,P004,0,0,0.0
2025-03-17,GLOBAL_WEST,P005,215,234,1869.66
2025-03-17,GLOBAL_WEST,P006,98,107,2673.93
2025-03-17,GLOBAL_WEST,P007,153,170,1698.3
2025-03-17,GLOBAL_WEST,P009,0,0,0.0
2025-03-17,GLOBAL_WEST,P010,144,154,768.46
2025-03-17,GLOBAL_WEST,P011,87,95,1899.05
2025-03-17,GLOBAL_WEST,P012,44,47,3759.53
2025-03-18,KR,P001,301,306,302.94
2025-03-18,KR,P002,171,188,938.12
2025-03-18,KR,P003,177,186,2788.14
2025-03-18,KR,P004,0,0,0.0
2025-03-18,KR,P005,181,197,1574.03
2025-03-18,KR,P006,78,82,2049.18
2025-03-18,KR,P007,146,158,1578.42
2025-03-18,KR,P009,0,0,0.0
2025-03-18,KR,P010,72,78,389.22
2025-03-18,KR,P011,54,58,1159.42
2025-03-18,KR,P012,26,29,2319.71
2025-03-18,JP,P001,292,316,312.84
2025-03-18,JP,P002,142,156,778.44
2025-03-18,JP,P003,162,180,2698.2
2025-03-18,JP,P004,0,0,0.0
2025-03-18,JP,P005,145,149,1190.51
2025-03-18,JP,P006,61,65,1624.35
2025-03-18,JP,P007,116,126,1258.74
2025-03-18,JP,P009,0,0,0.0
2025-03-18,JP,P010,99,108,538.92
2025-03-18,JP,P011,55,58,1159.42
2025-03-18,JP,P012,31,33,2639.67
2025-03-18,GLOBAL_WEST,P001,465,513,507.87
2025-03-18,GLOBAL_WEST,P002,266,279,1392.21
2025-03-18,GLOBAL_WEST,P003,208,223,3342.77
2025-03-18,GLOBAL_WEST,P004,0,0,0.0
2025-03-18,GLOBAL_WEST,P005,262,277,2213.23
2025-03-18,GLOBAL_WEST,P006,134,139,3473.61
2025-03-18,GLOBAL_WEST,P007,187,201,2007.99
2025-03-18,GLOBAL_WEST,P009,0,0,0.0
2025-03-18,GLOBAL_WEST,P010,142,152,758.48
2025-03-18,GLOBAL_WEST,P011,94,99,1979.01
2025-03-18,GLOBAL_WEST,P012,27,27,2159.73
2025-03-19,KR,P001,295,311,307.89
2025-03-19,KR,P002,143,161,803.39
2025-03-19,KR,P003,163,177,2653.23
2025-03-19,KR,P004,0,0,0.0
2025-03-19,KR,P005,158,163,1302.37
2025-03-19,KR,P006,89,98,2449.02
2025-03-19,KR,P007,125,125,1248.75
2025-03-19,KR,P009,0,0,0.0
2025-03-19,KR,P010,83,89,444.11
2025-03-19,KR,P011,65,68,1359.32
2025-03-19,KR,P012,14,14,1119.86
2025-03-19,JP,P001,270,282,279.18
2025-03-19,JP,P002,145,151,753.49
2025-03-19,JP,P003,126,135,2023.65
2025-03-19,JP,P004,0,0,0.0
2025-03-19,JP,P005,166,183,1462.17
2025-03-19,JP,P006,75,83,2074.17
2025-03-19,JP,P007,78,84,839.16
2025-03-19,JP,P009,0,0,0.0
2025-03-19,JP,P010,89,96,479.04
2025-03-19,JP,P011,27,29,579.71
2025-03-19,JP,P012,19,19,1519.81
2025-03-19,GLOBAL_WEST,P001,475,493,488.07
2025-03-19,GLOBAL_WEST,P002,224,243,1212.57
2025-03-19,GLOBAL_WEST,P003,241,255,3822.45
2025-03-19,GLOBAL_WEST,P004,0,0,0.0
2025-03-19,GLOBAL_WEST,P005,246,264,2109.36
2025-03-19,GLOBAL_WEST,P006,121,130,3248.7
2025-03-19,GLOBAL_WEST,P007,199,206,2057.94
2025-03-19,GLOBAL_WEST,P009,0,0,0.0
2025-03-19,GLOBAL_WEST,P010,145,157,783.43
2025-03-19,GLOBAL_WEST,P011,55,61,1219.39
2025-03-19,GLOBAL_WEST,P012,0,0,0.0
2025-03-20,KR,P001,234,254,251.46
2025-03-20,KR,P002,124,132,658.68
2025-03-20,KR,P003,115,125,1873.75
2025-03-20,KR,P004,0,0,0.0
2025-03-20,KR,P005,148,162,1294.38
2025-03-20,KR,P006,74,83,2074.17
2025-03-20,KR,P007,103,106,1058.94
2025-03-20,KR,P009,0,0,0.0
2025-03-20,KR,P010,98,105,523.95
2025-03-20,KR,P011,46,50,999.5
2025-03-20,KR,P012,40,43,3439.57
2025-03-20,JP,P001,239,248,245.52
2025-03-20,JP,P002,124,132,658.68
2025-03-20,JP,P003,120,127,1903.73
2025-03-20,JP,P004,0,0,0.0
2025-03-20,JP,P005,136,143,1142.57
2025-03-20,JP,P006,49,55,1374.45
2025-03-20,JP,P007,97,102,1018.98
2025-03-20,JP,P009,0,0,0.0
2025-03-20,JP,P010,57,59,294.41
2025-03-20,JP,P011,38,40,799.6
2025-03-20,JP,P012,1,1,79.99
2025-03-20,GLOBAL_WEST,P001,396,427,422.73
2025-03-20,GLOBAL_WEST,P002,194,211,1052.89
2025-03-20,GLOBAL_WEST,P003,201,217,3252.83
2025-03-20,GLOBAL_WEST,P004,0,0,0.0
2025-03-20,GLOBAL_WEST,P005,227,243,1941.57
2025-03-20,GLOBAL_WEST,P006,76,77,1924.23
2025-03-20,GLOBAL_WEST,P007,106,110,1098.9
2025-03-20,GLOBAL_WEST,P009,0,0,0.0
2025-03-20,GLOBAL_WEST,P010,67,73,364.27
2025-03-20,GLOBAL_WEST,P011,76,83,1659.17
2025-03-20,GLOBAL_WEST,P012,36,38,3039.62
2025-03-21,KR,P001,263,292,289.08
2025-03-21,KR,P002,132,137,683.63
2025-03-21,KR,P003,98,111,1663.89
2025-03-21,KR,P004,0,0,0.0
2025-03-21,KR,P005,127,136,1086.64
2025-03-21,KR,P006,75,82,2049.18
2025-03-21,KR,P007,83,83,829.17
2025-03-21,KR,P009,0,0,0.0
2025-03-21,KR,P010,74,80,399.2
2025-03-21,KR,P011,37,40,799.6
2025-03-21,KR,P012,11,11,879.89
2025-03-21,JP,P001,254,276,273.24
2025-03-21,JP,P002,120,128,638.72
2025-03-21,JP,P003,125,131,1963.69
2025-03-21,JP,P004,0,0,0.0
2025-03-21,JP,P005,159,174,1390.26
2025-03-21,JP,P006,48,55,1374.45
2025-03-21,JP,P007,73,78,779.22
2025-03-21,JP,P009,0,0,0.0
2025-03-21,JP,P010,87,92,459.08
2025-03-21,JP,P011,54,61,1219.39
2025-03-21,JP,P012,32,35,2799.65
2025-03-21,GLOBAL_WEST,P001,385,391,387.09
2025-03-21,GLOBAL_WEST,P002,169,179,893.21
2025-03-21,GLOBAL_WEST,P003,172,185,2773.15
2025-03-21,GLOBAL_WEST,P004,0,0,0.0
2025-03-21,GLOBAL_WEST,P005,187,197,1574.03
2025-03-21,GLOBAL_WEST,P006,111,117,2923.83
2025-03-21,GLOBAL_WEST,P007,137,150,1498.5
2025-03-21,GLOBAL_WEST,P009,0,0,0.0
2025-03-21,GLOBAL_WEST,P010,98,104,518.96
2025-03-21,GLOBAL_WEST,P011,62,66,1319.34
2025-03-21,GLOBAL_WEST,P012,45,49,3919.51
2025-03-22,KR,P001,215,230,227.7
2025-03-22,KR,P002,109,116,578.84
2025-03-22,KR,P003,118,122,1828.78
2025-03-22,KR,P004,0,0,0.0
2025-03-22,KR,P005,122,135,1078.65
2025-03-22,KR,P006,54,58,1449.42
2025-03-22,KR,P007,87,92,919.08
2025-03-22,KR,P009,0,0,0.0
2025-03-22,KR,P010,69,72,359.28
2025-03-22,KR,P011,56,59,1179.41
2025-03-22,KR,P012,0,0,0.0
2025-03-22,JP,P001,217,242,239.58
2025-03-22,JP,P002,109,119,593.81
2025-03-22,JP,P003,106,114,1708.86
2025-03-22,JP,P004,0,0,0.0
2025-03-22,JP,P005,140,150,1198.5
2025-03-22,JP,P006,90,99,2474.01
2025-03-22,JP,P007,102,108,1078.92
2025-03-22,JP,P009,0,0,0.0
2025-03-22,JP,P010,69,75,374.25
2025-03-22,JP,P011,45,48,959.52
2025-03-22,JP,P012,16,17,1359.83
2025-03-22,GLOBAL_WEST,P001,345,377,373.23
2025-03-22,GLOBAL_WEST,P002,143,157,783.43
2025-03-22,GLOBAL_WEST,P003,177,191,2863.09
2025-03-22,GLOBAL_WEST,P004,0,0,0.0
2025-03-22,GLOBAL_WEST,P005,194,208,1661.92
2025-03-22,GLOBAL_WEST,P006,109,119,2973.81
2025-03-22,GLOBAL_WEST,P007,134,146,1458.54
2025-03-22,GLOBAL_WEST,P009,0,0,0.0
2025-03-22,GLOBAL_WEST,P010,138,146,728.54
2025-03-22,GLOBAL_WEST,P011,59,61,1219.39
2025-03-22,GLOBAL_WEST,P012,39,40,3199.6
2025-03-23,KR,P001,245,269,266.31
2025-03-23,KR,P002,117,131,653.69
2025-03-23,KR,P003,129,138,2068.62
2025-03-23,KR,P004,0,0,0.0
2025-03-23,KR,P005,126,137,1094.63
2025-03-23,KR,P006,74,81,2024.19
2025-03-23,KR,P007,70,77,769.23
2025-03-23,KR,P009,0,0,0.0
2025-03-23,KR,P010,76,81,404.19
2025-03-23,KR,P011,44,46,919.54
2025-03-23,KR,P012,23,24,1919.76
2025-03-23,JP,P001,201,224,221.76
2025-03-23,JP,P002,99,108,538.92
2025-03-23,JP,P003,89,97,1454.03
2025-03-23,JP,P004,0,0,0.0
2025-03-23,JP,P005,101,105,838.95
2025-03-23,JP,P006,61,66,1649.34
2025-03-23,JP,P007,62,67,669.33
2025-03-23,JP,P009,0,0,0.0
2025-03-23,JP,P010,56,63,314.37
2025-03-23,JP,P011,30,31,619.69
2025-03-23,JP,P012,3,3,239.97
2025-03-23,GLOBAL_WEST,P001,325,339,335.61
2025-03-23,GLOBAL_WEST,P002,194,203,1012.97
2025-03-23,GLOBAL_WEST,P003,151,159,2383.41
2025-03-23,GLOBAL_WEST,P004,0,0,0.0
2025-03-23,GLOBAL_WEST,P005,198,223,1781.77
2025-03-23,GLOBAL_WEST,P006,96,103,2573.97
2025-03-23,GLOBAL_WEST,P007,163,178,1778.22
2025-03-23,GLOBAL_WEST,P009,0,0,0.0
2025-03-23,GLOBAL_WEST,P010,94,104,518.96
2025-03-23,GLOBAL_WEST,P011,75,80,1599.2
2025-03-23,GLOBAL_WEST,P012,8,10,799.9
2025-03-24,KR,P001,243,268,265.32
2025-03-24,KR,P002,98,105,523.95
2025-03-24,KR,P003,110,116,1738.84
2025-03-24,KR,P004,0,0,0.0
2025-03-24,KR,P005,127,130,1038.7
2025-03-24,KR,P006,70,76,1899.24
2025-03-24,KR,P007,76,81,809.19
2025-03-24,KR,P009,0,0,0.0
2025-03-24,KR,P010,67,73,364.27
2025-03-24,KR,P011,26,27,539.73
2025-03-24,KR,P012,6,6,479.94
2025-03-24,JP,P001,229,249,246.51
2025-03-24,JP,P002,108,113,563.87
2025-03-24,JP,P003,120,131,1963.69
2025-03-24,JP,P004,0,0,0.0
2025-03-24,JP,P005,120,131,1046.69
2025-03-24,JP,P006,53,58,1449.42
2025-03-24,JP,P007,78,82,819.18
2025-03-24,JP,P009,0,0,0.0
2025-03-24,JP,P010,62,63,314.37
2025-03-24,JP,P011,34,36,719.64
2025-03-24,JP,P012,20,22,1759.78
2025-03-24,GLOBAL_WEST,P001,300,328,324.72
2025-03-24,GLOBAL_WEST,P002,134,143,713.57
2025-03-24,GLOBAL_WEST,P003,140,152,2278.48
2025-03-24,GLOBAL_WEST,P004,0,0,0.0
2025-03-24,GLOBAL_WEST,P005,227,249,1989.51
2025-03-24,GLOBAL_WEST,P006,89,98,2449.02
2025-03-24,GLOBAL_WEST,P007,97,106,1058.94
2025-03-24,GLOBAL_WEST,P009,0,0,0.0
2025-03-24,GLOBAL_WEST,P010,111,116,578.84
2025-03-24,GLOBAL_WEST,P011,60,66,1319.34
2025-03-24,GLOBAL_WEST,P012,24,26,2079.74
2025-03-25,KR,P001,250,278,275.22
2025-03-25,KR,P002,99,107,533.93
2025-03-25,KR,P003,100,109,1633.91
2025-03-25,KR,P004,0,0,0.0
2025-03-25,KR,P005,156,165,1318.35
2025-03-25,KR,P006,74,78,1949.22
2025-03-25,KR,P007,87,95,949.05
2025-03-25,KR,P009,0,0,0.0
2025-03-25,KR,P010,60,65,324.35
2025-03-25,KR,P011,40,44,879.56
2025-03-25,KR,P012,29,30,2399.7
2025-03-25,JP,P001,212,237,234.63
2025-03-25,JP,P002,81,91,454.09
2025-03-25,JP,P003,109,124,1858.76
2025-03-25,JP,P004,0,0,0.0
2025-03-25,JP,P005,121,131,1046.69
2025-03-25,JP,P006,60,62,1549.38
2025-03-25,JP,P007,80,85,849.15
2025-03-25,JP,P009,0,0,0.0
2025-03-25,JP,P010,62,65,324.35
2025-03-25,JP,P011,26,28,559.72
2025-03-25,JP,P012,20,21,1679.79
2025-03-25,GLOBAL_WEST,P001,333,364,360.36
2025-03-25,GLOBAL_WEST,P002,171,186,928.14
2025-03-25,GLOBAL_WEST,P003,184,190,2848.1
2025-03-25,GLOBAL_WEST,P004,0,0,0.0
2025-03-25,GLOBAL_WEST,P005,199,218,1741.82
2025-03-25,GLOBAL_WEST,P006,117,123,3073.77
2025-03-25,GLOBAL_WEST,P007,138,153,1528.47
2025-03-25,GLOBAL_WEST,P009,0,0,0.0
2025-03-25,GLOBAL_WEST,P010,77,81,404.19
2025-03-25,GLOBAL_WEST,P011,10,11,219.89
2025-03-25,GLOBAL_WEST,P012,43,44,3519.56
2025-03-26,KR,P001,219,243,240.57
2025-03-26,KR,P002,107,114,568.86
2025-03-26,KR,P003,111,121,1813.79
2025-03-26,KR,P004,0,0,0.0
2025-03-26,KR,P005,134,142,1134.58
2025-03-26,KR,P006,54,55,1374.45
2025-03-26,KR,P007,75,84,839.16
2025-03-26,KR,P009,0,0,0.0
2025-03-26,KR,P010,53,55,274.45
2025-03-26,KR,P011,30,31,619.69
2025-03-26,KR,P012,0,0,0.0
2025-03-26,JP,P001,209,213,210.87
2025-03-26,JP,P002,108,113,563.87
2025-03-26,JP,P003,96,104,1558.96
2025-03-26,JP,P004,0,0,0.0
2025-03-26,JP,P005,117,126,1006.74
2025-03-26,JP,P006,59,63,1574.37
2025-03-26,JP,P007,69,75,749.25
2025-03-26,JP,P009,0,0,0.0
2025-03-26,JP,P010,60,64,319.36
2025-03-26,JP,P011,48,50,999.5
2025-03-26,JP,P012,28,29,2319.71
2025-03-26,GLOBAL_WEST,P001,339,354,350.46
2025-03-26,GLOBAL_WEST,P002,156,173,863.27
2025-03-26,GLOBAL_WEST,P003,134,137,2053.63
2025-03-26,GLOBAL_WEST,P004,0,0,0.0
2025-03-26,GLOBAL_WEST,P005,166,184,1470.16
2025-03-26,GLOBAL_WEST,P006,86,96,2399.04
2025-03-26,GLOBAL_WEST,P007,125,134,1338.66
2025-03-26,GLOBAL_WEST,P009,0,0,0.0
2025-03-26,GLOBAL_WEST,P010,102,110,548.9
2025-03-26,GLOBAL_WEST,P011,95,103,2058.97
2025-03-26,GLOBAL_WEST,P012,13,15,1199.85
2025-03-27,KR,P001,213,237,234.63
2025-03-27,KR,P002,105,114,568.86
2025-03-27,KR,P003,98,109,1633.91
2025-03-27,KR,P004,0,0,0.0
2025-03-27,KR,P005,132,146,1166.54
2025-03-27,KR,P006,54,58,1449.42
2025-03-27,KR,P007,76,85,849.15
2025-03-27,KR,P009,0,0,0.0
2025-03-27,KR,P010,46,51,254.49
2025-03-27,KR,P011,34,37,739.63
2025-03-27,KR,P012,13,13,1039.87
2025-03-27,JP,P001,207,221,218.79
2025-03-27,JP,P002,104,114,568.86
2025-03-27,JP,P003,99,105,1573.95
2025-03-27,JP,P004,0,0,0.0
2025-03-27,JP,P005,112,118,942.82
2025-03-27,JP,P006,61,65,1624.35
2025-03-27,JP,P007,71,76,759.24
2025-03-27,JP,P009,0,0,0.0
2025-03-27,JP,P010,58,61,304.39
2025-03-27,JP,P011,31,34,679.66
2025-03-27,JP,P012,0,0,0.0
2025-03-27,GLOBAL_WEST,P001,304,350,346.5
2025-03-27,GLOBAL_WEST,P002,140,155,773.45
2025-03-27,GLOBAL_WEST,P003,131,143,2143.57
2025-03-27,GLOBAL_WEST,P004,0,0,0.0
2025-03-27,GLOBAL_WEST,P005,159,174,1390.26
2025-03-27,GLOBAL_WEST,P006,79,82,2049.18
2025-03-27,GLOBAL_WEST,P007,91,94,939.06
2025-03-27,GLOBAL_WEST,P009,0,0,0.0
2025-03-27,GLOBAL_WEST,P010,78,85,424.15
2025-03-27,GLOBAL_WEST,P011,51,53,1059.47
2025-03-27,GLOBAL_WEST,P012,48,51,4079.49
2025-03-28,KR,P001,186,200,198.0
2025-03-28,KR,P002,98,103,513.97
2025-03-28,KR,P003,101,110,1648.9
2025-03-28,KR,P004,0,0,0.0
2025-03-28,KR,P005,115,118,942.82
2025-03-28,KR,P006,61,65,1624.35
2025-03-28,KR,P007,79,81,809.19
2025-03-28,KR,P009,0,0,0.0
2025-03-28,KR,P010,56,65,324.35
2025-03-28,KR,P011,52,55,1099.45
2025-03-28,KR,P012,27,28,2239.72
2025-03-28,JP,P001,215,234,231.66
2025-03-28,JP,P002,102,109,543.91
2025-03-28,JP,P003,100,103,1543.97
2025-03-28,JP,P004,0,0,0.0
2025-03-28,JP,P005,120,124,990.76
2025-03-28,JP,P006,71,78,1949.22
2025-03-28,JP,P007,70,70,699.3
2025-03-28,JP,P009,0,0,0.0
2025-03-28,JP,P010,65,67,334.33
2025-03-28,JP,P011,36,39,779.61
2025-03-28,JP,P012,0,0,0.0
2025-03-28,GLOBAL_WEST,P001,264,280,277.2
2025-03-28,GLOBAL_WEST,P002,152,156,778.44
2025-03-28,GLOBAL_WEST,P003,141,153,2293.47
2025-03-28,GLOBAL_WEST,P004,0,0,0.0
2025-03-28,GLOBAL_WEST,P005,162,178,1422.22
2025-03-28,GLOBAL_WEST,P006,96,104,2598.96
2025-03-28,GLOBAL_WEST,P007,119,130,1298.7
2025-03-28,GLOBAL_WEST,P009,0,0,0.0
2025-03-28,GLOBAL_WEST,P010,94,100,499.0
2025-03-28,GLOBAL_WEST,P011,60,64,1279.36
2025-03-28,GLOBAL_WEST,P012,0,0,0.0
2025-03-29,KR,P001,180,196,194.04
2025-03-29,KR,P002,99,109,543.91
2025-03-29,KR,P003,109,120,1798.8
2025-03-29,KR,P004,0,0,0.0
2025-03-29,KR,P005,113,121,966.79
2025-03-29,KR,P006,62,68,1699.32
2025-03-29,KR,P007,76,83,829.17
2025-03-29,KR,P009,0,0,0.0
2025-03-29,KR,P010,55,57,284.43
2025-03-29,KR,P011,19,21,419.79
2025-03-29,KR,P012,21,22,1759.78
2025-03-29,JP,P001,197,217,214.83
2025-03-29,JP,P002,95,98,489.02
2025-03-29,JP,P003,107,113,1693.87
2025-03-29,JP,P004,0,0,0.0
2025-03-29,JP,P005,109,117,934.83
2025-03-29,JP,P006,71,72,1799.28
2025-03-29,JP,P007,72,76,759.24
2025-03-29,JP,P009,0,0,0.0
2025-03-29,JP,P010,68,73,364.27
2025-03-29,JP,P011,34,36,719.64
2025-03-29,JP,P012,17,17,1359.83
2025-03-29,GLOBAL_WEST,P001,269,285,282.15
2025-03-29,GLOBAL_WEST,P002,166,172,858.28
2025-03-29,GLOBAL_WEST,P003,129,143,2143.57
2025-03-29,GLOBAL_WEST,P004,0,0,0.0
2025-03-29,GLOBAL_WEST,P005,165,184,1470.16
2025-03-29,GLOBAL_WEST,P006,62,67,1674.33
2025-03-29,GLOBAL_WEST,P007,114,121,1208.79
2025-03-29,GLOBAL_WEST,P009,0,0,0.0
2025-03-29,GLOBAL_WEST,P010,96,105,523.95
2025-03-29,GLOBAL_WEST,P011,34,35,699.65
2025-03-29,GLOBAL_WEST,P012,17,17,1359.83
2025-03-30,KR,P001,189,198,196.02
2025-03-30,KR,P002,87,94,469.06
2025-03-30,KR,P003,85,92,1379.08
2025-03-30,KR,P004,0,0,0.0
2025-03-30,KR,P005,113,116,926.84
2025-03-30,KR,P006,48,51,1274.49
2025-03-30,KR,P007,78,81,809.19
2025-03-30,KR,P009,0,0,0.0
2025-03-30,KR,P010,70,73,364.27
2025-03-30,KR,P011,29,30,599.7
2025-03-30,KR,P012,25,25,1999.75
2025-03-30,JP,P001,214,224,221.76
2025-03-30,JP,P002,104,110,548.9
2025-03-30,JP,P003,117,124,1858.76
2025-03-30,JP,P004,0,0,0.0
2025-03-30,JP,P005,122,130,1038.7
2025-03-30,JP,P006,67,73,1824.27
2025-03-30,JP,P007,66,70,699.3
2025-03-30,JP,P009,0,0,0.0
2025-03-30,JP,P010,63,68,339.32
2025-03-30,JP,P011,34,35,699.65
2025-03-30,JP,P012,15,16,1279.84
2025-03-30,GLOBAL_WEST,P001,270,282,279.18
2025-03-30,GLOBAL_WEST,P002,158,163,813.37
2025-03-30,GLOBAL_WEST,P003,153,155,2323.45
2025-03-30,GLOBAL_WEST,P004,0,0,0.0
2025-03-30,GLOBAL_WEST,P005,190,214,1709.86
2025-03-30,GLOBAL_WEST,P006,54,56,1399.44
2025-03-30,GLOBAL_WEST,P007,89,94,939.06
2025-03-30,GLOBAL_WEST,P009,0,0,0.0
2025-03-30,GLOBAL_WEST,P010,92,97,484.03
2025-03-30,GLOBAL_WEST,P011,51,55,1099.45
2025-03-30,GLOBAL_WEST,P012,0,0,0.0
2025-03-31,KR,P001,206,217,214.83
2025-03-31,KR,P002,92,97,484.03
2025-03-31,KR,P003,87,93,1394.07
2025-03-31,KR,P004,0,0,0.0
2025-03-31,KR,P005,135,144,1150.56
2025-03-31,KR,P006,59,64,1599.36
2025-03-31,KR,P007,82,89,889.11
2025-03-31,KR,P009,0,0,0.0
2025-03-31,KR,P010,57,62,309.38
2025-03-31,KR,P011,28,29,579.71
2025-03-31,KR,P012,16,18,1439.82
2025-03-31,JP,P001,201,217,214.83
2025-03-31,JP,P002,100,107,533.93
2025-03-31,JP,P003,92,96,1439.04
2025-03-31,JP,P004,0,0,0.0
2025-03-31,JP,P005,126,132,1054.68
2025-03-31,JP,P006,62,67,1674.33
2025-03-31,JP,P007,76,81,809.19
2025-03-31,JP,P009,0,0,0.0
2025-03-31,JP,P010,49,53,264.47
2025-03-31,JP,P011,31,34,679.66
2025-03-31,JP,P012,8,8,639.92
2025-03-31,GLOBAL_WEST,P001,276,303,299.97
2025-03-31,GLOBAL_WEST,P002,112,124,618.76
2025-03-31,GLOBAL_WEST,P003,132,143,2143.57
2025-03-31,GLOBAL_WEST,P004,0,0,0.0
2025-03-31,GLOBAL_WEST,P005,170,184,1470.16
2025-03-31,GLOBAL_WEST,P006,86,96,2399.04
2025-03-31,GLOBAL_WEST,P007,105,109,1088.91
2025-03-31,GLOBAL_WEST,P009,0,0,0.0
2025-03-31,GLOBAL_WEST,P010,77,84,419.16
2025-03-31,GLOBAL_WEST,P011,58,63,1259.37
2025-03-31,GLOBAL_WEST,P012,27,29,2319.71
2025-04-01,KR,P001,184,204,201.96
2025-04-01,KR,P002,91,96,479.04
2025-04-01,KR,P003,93,101,1513.99
2025-04-01,KR,P004,0,0,0.0
2025-04-01,KR,P005,123,132,1054.68
2025-04-01,KR,P006,48,51,1274.49
2025-04-01,KR,P007,80,91,909.09
2025-04-01,KR,P009,0,0,0.0
2025-04-01,KR,P010,54,58,289.42
2025-04-01,KR,P011,39,41,819.59
2025-04-01,KR,P012,6,6,479.94
2025-04-01,JP,P001,201,220,217.8
2025-04-01,JP,P002,97,104,518.96
2025-04-01,JP,P003,104,109,1633.91
2025-04-01,JP,P004,0,0,0.0
2025-04-01,JP,P005,123,134,1070.66
2025-04-01,JP,P006,48,52,1299.48
2025-04-01,JP,P007,89,95,949.05
2025-04-01,JP,P009,0,0,0.0
2025-04-01,JP,P010,71,72,359.28
2025-04-01,JP,P011,45,48,959.52
2025-04-01,JP,P012,12,12,959.88
2025-04-01,GLOBAL_WEST,P001,297,318,314.82
2025-04-01,GLOBAL_WEST,P002,141,148,738.52
2025-04-01,GLOBAL_WEST,P003,144,154,2308.46
2025-04-01,GLOBAL_WEST,P004,0,0,0.0
2025-04-01,GLOBAL_WEST,P005,141,147,1174.53
2025-04-01,GLOBAL_WEST,P006,68,72,1799.28
2025-04-01,GLOBAL_WEST,P007,118,125,1248.75
2025-04-01,GLOBAL_WEST,P009,0,0,0.0
2025-04-01,GLOBAL_WEST,P010,109,118,588.82
2025-04-01,GLOBAL_WEST,P011,36,38,759.62
2025-04-01,GLOBAL_WEST,P012,44,48,3839.52
2025-04-02,KR,P001,158,171,169.29
2025-04-02,KR,P002,88,93,464.07
2025-04-02,KR,P003,96,105,1573.95
2025-04-02,KR,P004,0,0,0.0
2025-04-02,KR,P005,113,120,958.8
2025-04-02,KR,P006,50,55,1374.45
2025-04-02,KR,P007,69,76,759.24
2025-04-02,KR,P009,0,0,0.0
2025-04-02,KR,P010,53,56,279.44
2025-04-02,KR,P011,22,22,439.78
2025-04-02,KR,P012,36,37,2959.63
2025-04-02,JP,P001,175,181,179.19
2025-04-02,JP,P002,102,111,553.89
2025-04-02,JP,P003,92,104,1558.96
2025-04-02,JP,P004,0,0,0.0
2025-04-02,JP,P005,102,112,894.88
2025-04-02,JP,P006,57,64,1599.36
2025-04-02,JP,P007,84,92,919.08
2025-04-02,JP,P009,0,0,0.0
2025-04-02,JP,P010,58,61,304.39
2025-04-02,JP,P011,22,24,479.76
2025-04-02,JP,P012,11,12,959.88
2025-04-02,GLOBAL_WEST,P001,280,295,292.05
2025-04-02,GLOBAL_WEST,P002,111,124,618.76
2025-04-02,GLOBAL_WEST,P003,116,127,1903.73
2025-04-02,GLOBAL_WEST,P004,0,0,0.0
2025-04-02,GLOBAL_WEST,P005,147,162,1294.38
2025-04-02,GLOBAL_WEST,P006,88,94,2349.06
2025-04-02,GLOBAL_WEST,P007,76,80,799.2
2025-04-02,GLOBAL_WEST,P009,0,0,0.0
2025-04-02,GLOBAL_WEST,P010,70,74,369.26
2025-04-02,GLOBAL_WEST,P011,53,57,1139.43
2025-04-02,GLOBAL_WEST,P012,15,16,1279.84
2025-04-03,KR,P001,194,207,204.93
2025-04-03,KR,P002,85,90,449.1
2025-04-03,KR,P003,118,127,1903.73
2025-04-03,KR,P004,0,0,0.0
2025-04-03,KR,P005,99,102,814.98
2025-04-03,KR,P006,45,47,1174.53
2025-04-03,KR,P007,83,85,849.15
2025-04-03,KR,P009,0,0,0.0
2025-04-03,KR,P010,52,56,279.44
2025-04-03,KR,P011,47,48,959.52
2025-04-03,KR,P012,27,28,2239.72
2025-04-03,JP,P001,186,197,195.03
2025-04-03,JP,P002,83,91,454.09
2025-04-03,JP,P003,82,90,1349.1
2025-04-03,JP,P004,0,0,0.0
2025-04-03,JP,P005,108,115,918.85
2025-04-03,JP,P006,60,65,1624.35
2025-04-03,JP,P007,74,79,789.21
2025-04-03,JP,P009,0,0,0.0
2025-04-03,JP,P010,77,83,414.17
2025-04-03,JP,P011,34,39,779.61
2025-04-03,JP,P012,24,26,2079.74
2025-04-03,GLOBAL_WEST,P001,280,303,299.97
2025-04-03,GLOBAL_WEST,P002,140,149,743.51
2025-04-03,GLOBAL_WEST,P003,168,187,2803.13
2025-04-03,GLOBAL_WEST,P004,0,0,0.0
2025-04-03,GLOBAL_WEST,P005,164,177,1414.23
2025-04-03,GLOBAL_WEST,P006,62,68,1699.32
2025-04-03,GLOBAL_WEST,P007,87,100,999.0
2025-04-03,GLOBAL_WEST,P009,0,0,0.0
2025-04-03,GLOBAL_WEST,P010,72,76,379.24
2025-04-03,GLOBAL_WEST,P011,35,37,739.63
2025-04-03,GLOBAL_WEST,P012,24,26,2079.74
2025-04-04,KR,P001,177,192,190.08
2025-04-04,KR,P002,85,92,459.08
2025-04-04,KR,P003,84,90,1349.1
2025-04-04,KR,P004,0,0,0.0
2025-04-04,KR,P005,99,109,870.91
2025-04-04,KR,P006,52,57,1424.43
2025-04-04,KR,P007,77,85,849.15
2025-04-04,KR,P009,0,0,0.0
2025-04-04,KR,P010,52,57,284.43
2025-04-04,KR,P011,29,32,639.68
2025-04-04,KR,P012,8,8,639.92
2025-04-04,JP,P001,175,194,192.06
2025-04-04,JP,P002,97,100,499.0
2025-04-04,JP,P003,93,101,1513.99
2025-04-04,JP,P004,0,0,0.0
2025-04-04,JP,P005,106,114,910.86
2025-04-04,JP,P006,48,50,1249.5
2025-04-04,JP,P007,80,87,869.13
2025-04-04,JP,P009,0,0,0.0
2025-04-04,JP,P010,51,57,284.43
2025-04-04,JP,P011,40,41,819.59
2025-04-04,JP,P012,16,16,1279.84
2025-04-04,GLOBAL_WEST,P001,255,264,261.36
2025-04-04,GLOBAL_WEST,P002,112,123,613.77
2025-04-04,GLOBAL_WEST,P003,135,145,2173.55
2025-04-04,GLOBAL_WEST,P004,0,0,0.0
2025-04-04,GLOBAL_WEST,P005,130,136,1086.64
2025-04-04,GLOBAL_WEST,P006,90,97,2424.03
2025-04-04,GLOBAL_WEST,P007,98,107,1068.93
2025-04-04,GLOBAL_WEST,P009,0,0,0.0
2025-04-04,GLOBAL_WEST,P010,82,85,424.15
2025-04-04,GLOBAL_WEST,P011,44,48,959.52
2025-04-04,GLOBAL_WEST,P012,43,44,3519.56
2025-04-05,KR,P001,170,190,188.1
2025-04-05,KR,P002,79,84,419.16
2025-04-05,KR,P003,87,94,1409.06
2025-04-05,KR,P004,0,0,0.0
2025-04-05,KR,P005,92,101,806.99
2025-04-05,KR,P006,60,68,1699.32
2025-04-05,KR,P007,78,81,809.19
2025-04-05,KR,P009,0,0,0.0
2025-04-05,KR,P010,48,49,244.51
2025-04-05,KR,P011,31,34,679.66
2025-04-05,KR,P012,9,9,719.91
2025-04-05,JP,P001,174,186,184.14
2025-04-05,JP,P002,96,102,508.98
2025-04-05,JP,P003,85,92,1379.08
2025-04-05,JP,P004,0,0,0.0
2025-04-05,JP,P005,117,126,1006.74
2025-04-05,JP,P006,62,69,1724.31
2025-04-05,JP,P007,65,69,689.31
2025-04-05,JP,P009,0,0,0.0
2025-04-05,JP,P010,40,42,209.58
2025-04-05,JP,P011,24,27,539.73
2025-04-05,JP,P012,0,0,0.0
2025-04-05,GLOBAL_WEST,P001,261,286,283.14
2025-04-05,GLOBAL_WEST,P002,138,151,753.49
2025-04-05,GLOBAL_WEST,P003,128,136,2038.64
2025-04-05,GLOBAL_WEST,P004,0,0,0.0
2025-04-05,GLOBAL_WEST,P005,140,150,1198.5
2025-04-05,GLOBAL_WEST,P006,96,103,2573.97
2025-04-05,GLOBAL_WEST,P007,102,113,1128.87
2025-04-05,GLOBAL_WEST,P009,0,0,0.0
2025-04-05,GLOBAL_WEST,P010,73,79,394.21
2025-04-05,GLOBAL_WEST,P011,65,67,1339.33
2025-04-05,GLOBAL_WEST,P012,2,2,159.98
2025-04-06,KR,P001,165,178,176.22
2025-04-06,KR,P002,71,75,374.25
2025-04-06,KR,P003,95,105,1573.95
2025-04-06,KR,P004,0,0,0.0
2025-04-06,KR,P005,111,118,942.82
2025-04-06,KR,P006,58,61,1524.39
2025-04-06,KR,P007,51,56,559.44
2025-04-06,KR,P009,0,0,0.0
2025-04-06,KR,P010,52,54,269.46
2025-04-06,KR,P011,6,6,119.94
2025-04-06,KR,P012,1,2,159.98
2025-04-06,JP,P001,184,200,198.0
2025-04-06,JP,P002,73,79,394.21
2025-04-06,JP,P003,93,99,1484.01
2025-04-06,JP,P004,0,0,0.0
2025-04-06,JP,P005,124,129,1030.71
2025-04-06,JP,P006,53,56,1399.44
2025-04-06,JP,P007,67,71,709.29
2025-04-06,JP,P009,0,0,0.0
2025-04-06,JP,P010,57,61,304.39
2025-04-06,JP,P011,43,48,959.52
2025-04-06,JP,P012,6,7,559.93
2025-04-06,GLOBAL_WEST,P001,231,259,256.41
2025-04-06,GLOBAL_WEST,P002,104,115,573.85
2025-04-06,GLOBAL_WEST,P003,119,131,1963.69
2025-04-06,GLOBAL_WEST,P004,0,0,0.0
2025-04-06,GLOBAL_WEST,P005,172,186,1486.14
2025-04-06,GLOBAL_WEST,P006,97,104,2598.96
2025-04-06,GLOBAL_WEST,P007,108,114,1138.86
2025-04-06,GLOBAL_WEST,P009,0,0,0.0
2025-04-06,GLOBAL_WEST,P010,72,76,379.24
2025-04-06,GLOBAL_WEST,P011,19,19,379.81
2025-04-06,GLOBAL_WEST,P012,0,0,0.0
2025-04-07,KR,P001,152,159,157.41
2025-04-07,KR,P002,68,72,359.28
2025-04-07,KR,P003,62,68,1019.32
2025-04-07,KR,P004,0,0,0.0
2025-04-07,KR,P005,84,93,743.07
2025-04-07,KR,P006,42,44,1099.56
2025-04-07,KR,P007,56,64,639.36
2025-04-07,KR,P009,0,0,0.0
2025-04-07,KR,P010,41,45,224.55
2025-04-07,KR,P011,27,28,559.72
2025-04-07,KR,P012,11,11,879.89
2025-04-07,JP,P001,187,208,205.92
2025-04-07,JP,P002,94,102,508.98
2025-04-07,JP,P003,101,107,1603.93
2025-04-07,JP,P004,0,0,0.0
2025-04-07,JP,P005,118,123,982.77
2025-04-07,JP,P006,63,67,1674.33
2025-04-07,JP,P007,77,82,819.18
2025-04-07,JP,P009,0,0,0.0
2025-04-07,JP,P010,66,72,359.28
2025-04-07,JP,P011,33,34,679.66
2025-04-07,JP,P012,19,20,1599.8
2025-04-07,GLOBAL_WEST,P001,203,227,224.73
2025-04-07,GLOBAL_WEST,P002,119,123,613.77
2025-04-07,GLOBAL_WEST,P003,115,126,1888.74
2025-04-07,GLOBAL_WEST,P004,0,0,0.0
2025-04-07,GLOBAL_WEST,P005,146,158,1262.42
2025-04-07,GLOBAL_WEST,P006,82,90,2249.1
2025-04-07,GLOBAL_WEST,P007,78,83,829.17
2025-04-07,GLOBAL_WEST,P009,0,0,0.0
2025-04-07,GLOBAL_WEST,P010,70,75,374.25
2025-04-07,GLOBAL_WEST,P011,27,28,559.72
2025-04-07,GLOBAL_WEST,P012,3,4,319.96
2025-04-08,KR,P001,141,153,151.47
2025-04-08,KR,P002,86,96,479.04
2025-04-08,KR,P003,69,72,1079.28
2025-04-08,KR,P004,0,0,0.0
2025-04-08,KR,P005,92,96,767.04
2025-04-08,KR,P006,38,41,1024.59
2025-04-08,KR,P007,65,72,719.28
2025-04-08,KR,P009,0,0,0.0
2025-04-08,KR,P010,41,43,214.57
2025-04-08,KR,P011,21,21,419.79
2025-04-08,KR,P012,20,20,1599.8
2025-04-08,JP,P001,183,202,199.98
2025-04-08,JP,P002,84,92,459.08
2025-04-08,JP,P003,98,109,1633.91
2025-04-08,JP,P004,0,0,0.0
2025-04-08,JP,P005,105,120,958.8
2025-04-08,JP,P006,43,49,1224.51
2025-04-08,JP,P007,58,63,629.37
2025-04-08,JP,P009,0,0,0.0
2025-04-08,JP,P010,61,62,309.38
2025-04-08,JP,P011,30,33,659.67
2025-04-08,JP,P012,14,16,1279.84
2025-04-08,GLOBAL_WEST,P001,255,281,278.19
2025-04-08,GLOBAL_WEST,P002,124,126,628.74
2025-04-08,GLOBAL_WEST,P003,127,137,2053.63
2025-04-08,GLOBAL_WEST,P004,0,0,0.0
2025-04-08,GLOBAL_WEST,P005,146,162,1294.38
2025-04-08,GLOBAL_WEST,P006,75,77,1924.23
2025-04-08,GLOBAL_WEST,P007,83,88,879.12
2025-04-08,GLOBAL_WEST,P009,0,0,0.0
2025-04-08,GLOBAL_WEST,P010,61,68,339.32
2025-04-08,GLOBAL_WEST,P011,39,42,839.58
2025-04-08,GLOBAL_WEST,P012,2,2,159.98
2025-04-09,KR,P001,150,166,164.34
2025-04-09,KR,P002,78,86,429.14
2025-04-09,KR,P003,76,79,1184.21
2025-04-09,KR,P004,0,0,0.0
2025-04-09,KR,P005,102,108,862.92
2025-04-09,KR,P006,44,47,1174.53
2025-04-09,KR,P007,57,61,609.39
2025-04-09,KR,P009,0,0,0.0
2025-04-09,KR,P010,41,45,224.55
2025-04-09,KR,P011,28,30,599.7
2025-04-09,KR,P012,15,17,1359.83
2025-04-09,JP,P001,184,200,198.0
2025-04-09,JP,P002,96,101,503.99
2025-04-09,JP,P003,88,96,1439.04
2025-04-09,JP,P004,0,0,0.0
2025-04-09,JP,P005,125,144,1150.56
2025-04-09,JP,P006,46,48,1199.52
2025-04-09,JP,P007,83,86,859.14
2025-04-09,JP,P009,0,0,0.0
2025-04-09,JP,P010,65,68,339.32
2025-04-09,JP,P011,29,32,639.68
2025-04-09,JP,P012,18,19,1519.81
2025-04-09,GLOBAL_WEST,P001,229,248,245.52
2025-04-09,GLOBAL_WEST,P002,106,114,568.86
2025-04-09,GLOBAL_WEST,P003,101,106,1588.94
2025-04-09,GLOBAL_WEST,P004,0,0,0.0
2025-04-09,GLOBAL_WEST,P005,129,137,1094.63
2025-04-09,GLOBAL_WEST,P006,60,65,1624.35
2025-04-09,GLOBAL_WEST,P007,92,104,1038.96
2025-04-09,GLOBAL_WEST,P009,0,0,0.0
2025-04-09,GLOBAL_WEST,P010,61,66,329.34
2025-04-09,GLOBAL_WEST,P011,42,47,939.53
2025-04-09,GLOBAL_WEST,P012,8,8,639.92
2025-04-10,KR,P001,160,175,173.25
2025-04-10,KR,P002,81,88,439.12
2025-04-10,KR,P003,81,87,1304.13
2025-04-10,KR,P004,0,0,0.0
2025-04-10,KR,P005,102,109,870.91
2025-04-10,KR,P006,46,48,1199.52
2025-04-10,KR,P007,71,75,749.25
2025-04-10,KR,P009,0,0,0.0
2025-04-10,KR,P010,35,37,184.63
2025-04-10,KR,P011,20,20,399.8
2025-04-10,KR,P012,8,10,799.9
2025-04-10,JP,P001,181,195,193.05
2025-04-10,JP,P002,80,84,419.16
2025-04-10,JP,P003,87,87,1304.13
2025-04-10,JP,P004,0,0,0.0
2025-04-10,JP,P005,91,98,783.02
2025-04-10,JP,P006,43,47,1174.53
2025-04-10,JP,P007,56,61,609.39
2025-04-10,JP,P009,0,0,0.0
2025-04-10,JP,P010,61,67,334.33
2025-04-10,JP,P011,24,26,519.74
2025-04-10,JP,P012,26,26,2079.74
2025-04-10,GLOBAL_WEST,P001,203,213,210.87
2025-04-10,GLOBAL_WEST,P002,66,70,349.3
2025-04-10,GLOBAL_WEST,P003,114,124,1858.76
2025-04-10,GLOBAL_WEST,P004,0,0,0.0
2025-04-10,GLOBAL_WEST,P005,121,129,1030.71
2025-04-10,GLOBAL_WEST,P006,71,79,1974.21
2025-04-10,GLOBAL_WEST,P007,84,88,879.12
2025-04-10,GLOBAL_WEST,P009,0,0,0.0
2025-04-10,GLOBAL_WEST,P010,62,65,324.35
2025-04-10,GLOBAL_WEST,P011,50,56,1119.44
2025-04-10,GLOBAL_WEST,P012,19,19,1519.81
2025-04-11,KR,P001,168,181,179.19
2025-04-11,KR,P002,54,56,279.44
2025-04-11,KR,P003,81,90,1349.1
2025-04-11,KR,P004,0,0,0.0
2025-04-11,KR,P005,96,102,814.98
2025-04-11,KR,P006,52,58,1449.42
2025-04-11,KR,P007,62,67,669.33
2025-04-11,KR,P009,0,0,0.0
2025-04-11,KR,P010,59,62,309.38
2025-04-11,KR,P011,31,33,659.67
2025-04-11,KR,P012,5,5,399.95
2025-04-11,JP,P001,173,190,188.1
2025-04-11,JP,P002,84,90,449.1
2025-04-11,JP,P003,91,96,1439.04
2025-04-11,JP,P004,0,0,0.0
2025-04-11,JP,P005,107,116,926.84
2025-04-11,JP,P006,44,47,1174.53
2025-04-11,JP,P007,85,89,889.11
2025-04-11,JP,P009,0,0,0.0
2025-04-11,JP,P010,45,49,244.51
2025-04-11,JP,P011,33,36,719.64
2025-04-11,JP,P012,16,17,1359.83
2025-04-11,GLOBAL_WEST,P001,211,224,221.76
2025-04-11,GLOBAL_WEST,P002,117,129,643.71
2025-04-11,GLOBAL_WEST,P003,83,94,1409.06
2025-04-11,GLOBAL_WEST,P004,0,0,0.0
2025-04-11,GLOBAL_WEST,P005,139,148,1182.52
2025-04-11,GLOBAL_WEST,P006,70,79,1974.21
2025-04-11,GLOBAL_WEST,P007,94,102,1018.98
2025-04-11,GLOBAL_WEST,P009,0,0,0.0
2025-04-11,GLOBAL_WEST,P010,59,60,299.4
2025-04-11,GLOBAL_WEST,P011,59,65,1299.35
2025-04-11,GLOBAL_WEST,P012,13,13,1039.87
2025-04-12,KR,P001,156,169,167.31
2025-04-12,KR,P002,88,96,479.04
2025-04-12,KR,P003,68,74,1109.26
2025-04-12,KR,P004,0,0,0.0
2025-04-12,KR,P005,104,115,918.85
2025-04-12,KR,P006,55,58,1449.42
2025-04-12,KR,P007,56,58,579.42
2025-04-12,KR,P009,0,0,0.0
2025-04-12,KR,P010,44,49,244.51
2025-04-12,KR,P011,32,34,679.66
2025-04-12,KR,P012,11,11,879.89
2025-04-12,JP,P001,178,190,188.1
2025-04-12,JP,P002,79,82,409.18
2025-04-12,JP,P003,99,111,1663.89
2025-04-12,JP,P004,0,0,0.0
2025-04-12,JP,P005,104,115,918.85
2025-04-12,JP,P006,44,47,1174.53
2025-04-12,JP,P007,68,73,729.27
2025-04-12,JP,P009,0,0,0.0
2025-04-12,JP,P010,52,54,269.46
2025-04-12,JP,P011,19,22,439.78
2025-04-12,JP,P012,15,16,1279.84
2025-04-12,GLOBAL_WEST,P001,221,252,249.48
2025-04-12,GLOBAL_WEST,P002,89,99,494.01
2025-04-12,GLOBAL_WEST,P003,110,119,1783.81
2025-04-12,GLOBAL_WEST,P004,0,0,0.0
2025-04-12,GLOBAL_WEST,P005,121,130,1038.7
2025-04-12,GLOBAL_WEST,P006,70,70,1749.3
2025-04-12,GLOBAL_WEST,P007,88,95,949.05
2025-04-12,GLOBAL_WEST,P009,0,0,0.0
2025-04-12,GLOBAL_WEST,P010,64,69,344.31
2025-04-12,GLOBAL_WEST,P011,41,43,859.57
2025-04-12,GLOBAL_WEST,P012,33,35,2799.65
2025-04-13,KR,P001,160,178,176.22
2025-04-13,KR,P002,79,86,429.14
2025-04-13,KR,P003,84,88,1319.12
2025-04-13,KR,P004,0,0,0.0
2025-04-13,KR,P005,93,96,767.04
2025-04-13,KR,P006,42,46,1149.54
2025-04-13,KR,P007,61,66,659.34
2025-04-13,KR,P009,0,0,0.0
2025-04-13,KR,P010,48,50,249.5
2025-04-13,KR,P011,23,26,519.74
2025-04-13,KR,P012,23,23,1839.77
2025-04-13,JP,P001,176,194,192.06
2025-04-13,JP,P002,81,84,419.16
2025-04-13,JP,P003,89,94,1409.06
2025-04-13,JP,P004,0,0,0.0
2025-04-13,JP,P005,103,113,902.87
2025-04-13,JP,P006,60,65,1624.35
2025-04-13,JP,P007,74,79,789.21
2025-04-13,JP,P009,0,0,0.0
2025-04-13,JP,P010,54,58,289.42
2025-04-13,JP,P011,39,43,859.57
2025-04-13,JP,P012,16,17,1359.83
2025-04-13,GLOBAL_WEST,P001,211,230,227.7
2025-04-13,GLOBAL_WEST,P002,87,94,469.06
2025-04-13,GLOBAL_WEST,P003,111,126,1888.74
2025-04-13,GLOBAL_WEST,P004,0,0,0.0
2025-04-13,GLOBAL_WEST,P005,123,131,1046.69
2025-04-13,GLOBAL_WEST,P006,63,67,1674.33
2025-04-13,GLOBAL_WEST,P007,68,74,739.26
2025-04-13,GLOBAL_WEST,P009,0,0,0.0
2025-04-13,GLOBAL_WEST,P010,61,66,329.34
2025-04-13,GLOBAL_WEST,P011,40,43,859.57
2025-04-13,GLOBAL_WEST,P012,44,46,3679.54
2025-04-14,KR,P001,159,181,179.19
2025-04-14,KR,P002,71,78,389.22
2025-04-14,KR,P003,86,94,1409.06
2025-04-14,KR,P004,0,0,0.0
2025-04-14,KR,P005,79,86,687.14
2025-04-14,KR,P006,46,50,1249.5
2025-04-14,KR,P007,75,80,799.2
2025-04-14,KR,P009,0,0,0.0
2025-04-14,KR,P010,40,43,214.57
2025-04-14,KR,P011,24,26,519.74
2025-04-14,KR,P012,13,13,1039.87
2025-04-14,JP,P001,159,172,170.28
2025-04-14,JP,P002,67,74,369.26
2025-04-14,JP,P003,84,95,1424.05
2025-04-14,JP,P004,0,0,0.0
2025-04-14,JP,P005,100,108,862.92
2025-04-14,JP,P006,44,46,1149.54
2025-04-14,JP,P007,79,87,869.13
2025-04-14,JP,P009,0,0,0.0
2025-04-14,JP,P010,44,49,244.51
2025-04-14,JP,P011,42,45,899.55
2025-04-14,JP,P012,22,22,1759.78
2025-04-14,GLOBAL_WEST,P001,190,203,200.97
2025-04-14,GLOBAL_WEST,P002,93,96,479.04
2025-04-14,GLOBAL_WEST,P003,106,116,1738.84
2025-04-14,GLOBAL_WEST,P004,0,0,0.0
2025-04-14,GLOBAL_WEST,P005,86,98,783.02
2025-04-14,GLOBAL_WEST,P006,36,40,999.6
2025-04-14,GLOBAL_WEST,P007,72,76,759.24
2025-04-14,GLOBAL_WEST,P009,0,0,0.0
2025-04-14,GLOBAL_WEST,P010,43,46,229.54
2025-04-14,GLOBAL_WEST,P011,32,33,659.67
2025-04-14,GLOBAL_WEST,P012,13,14,1119.86
2025-04-15,KR,P001,147,164,162.36
2025-04-15,KR,P002,77,81,404.19
2025-04-15,KR,P003,62,70,1049.3
2025-04-15,KR,P004,0,0,0.0
2025-04-15,KR,P005,82,85,679.15
2025-04-15,KR,P006,51,53,1324.47
2025-04-15,KR,P007,75,77,769.23
2025-04-15,KR,P009,0,0,0.0
2025-04-15,KR,P010,35,37,184.63
2025-04-15,KR,P011,38,39,779.61
2025-04-15,KR,P012,10,12,959.88
2025-04-15,JP,P001,178,191,189.09
2025-04-15,JP,P002,83,90,449.1
2025-04-15,JP,P003,74,77,1154.23
2025-04-15,JP,P004,0,0,0.0
2025-04-15,JP,P005,107,115,918.85
2025-04-15,JP,P006,21,23,574.77
2025-04-15,JP,P007,54,57,569.43
2025-04-15,JP,P009,0,0,0.0
2025-04-15,JP,P010,52,55,274.45
2025-04-15,JP,P011,31,34,679.66
2025-04-15,JP,P012,4,4,319.96
2025-04-15,GLOBAL_WEST,P001,199,213,210.87
2025-04-15,GLOBAL_WEST,P002,109,118,588.82
2025-04-15,GLOBAL_WEST,P003,96,97,1454.03
2025-04-15,GLOBAL_WEST,P004,0,0,0.0
2025-04-15,GLOBAL_WEST,P005,104,111,886.89
2025-04-15,GLOBAL_WEST,P006,84,93,2324.07
2025-04-15,GLOBAL_WEST,P007,62,68,679.32
2025-04-15,GLOBAL_WEST,P009,0,0,0.0
2025-04-15,GLOBAL_WEST,P010,64,67,334.33
2025-04-15,GLOBAL_WEST,P011,18,19,379.81
2025-04-15,GLOBAL_WEST,P012,3,4,319.96
2025-04-16,KR,P001,136,150,148.5
2025-04-16,KR,P002,72,77,384.23
2025-04-16,KR,P003,70,72,1079.28
2025-04-16,KR,P004,0,0,0.0
2025-04-16,KR,P005,74,74,591.26
2025-04-16,KR,P006,20,21,524.79
2025-04-16,KR,P007,50,52,519.48
2025-04-16,KR,P009,0,0,0.0
2025-04-16,KR,P010,38,40,199.6
2025-04-16,KR,P011,22,24,479.76
2025-04-16,KR,P012,5,6,479.94
2025-04-16,JP,P001,177,191,189.09
2025-04-16,JP,P002,79,88,439.12
2025-04-16,JP,P003,91,96,1439.04
2025-04-16,JP,P004,0,0,0.0
2025-04-16,JP,P005,109,118,942.82
2025-04-16,JP,P006,49,53,1324.47
2025-04-16,JP,P007,61,63,629.37
2025-04-16,JP,P009,0,0,0.0
2025-04-16,JP,P010,49,53,264.47
2025-04-16,JP,P011,29,33,659.67
2025-04-16,JP,P012,15,16,1279.84
2025-04-16,GLOBAL_WEST,P001,187,205,202.95
2025-04-16,GLOBAL_WEST,P002,92,95,474.05
2025-04-16,GLOBAL_WEST,P003,112,117,1753.83
2025-04-16,GLOBAL_WEST,P004,0,0,0.0
2025-04-16,GLOBAL_WEST,P005,123,133,1062.67
2025-04-16,GLOBAL_WEST,P006,71,78,1949.22
2025-04-16,GLOBAL_WEST,P007,68,75,749.25
2025-04-16,GLOBAL_WEST,P009,0,0,0.0
2025-04-16,GLOBAL_WEST,P010,56,60,299.4
2025-04-16,GLOBAL_WEST,P011,57,61,1219.39
2025-04-16,GLOBAL_WEST,P012,8,9,719.91
2025-04-17,KR,P001,141,153,151.47
2025-04-17,KR,P002,73,77,384.23
2025-04-17,KR,P003,63,65,974.35
2025-04-17,KR,P004,0,0,0.0
2025-04-17,KR,P005,91,103,822.97
2025-04-17,KR,P006,44,45,1124.55
2025-04-17,KR,P007,53,55,549.45
2025-04-17,KR,P009,0,0,0.0
2025-04-17,KR,P010,38,42,209.58
2025-04-17,KR,P011,33,35,699.65
2025-04-17,KR,P012,26,29,2319.71
2025-04-17,JP,P001,183,195,193.05
2025-04-17,JP,P002,79,85,424.15
2025-04-17,JP,P003,96,102,1528.98
2025-04-17,JP,P004,0,0,0.0
2025-04-17,JP,P005,105,115,918.85
2025-04-17,JP,P006,60,64,1599.36
2025-04-17,JP,P007,56,61,609.39
2025-04-17,JP,P009,0,0,0.0
2025-04-17,JP,P010,52,55,274.45
2025-04-17,JP,P011,30,31,619.69
2025-04-17,JP,P012,12,12,959.88
2025-04-17,GLOBAL_WEST,P001,174,178,176.22
2025-04-17,GLOBAL_WEST,P002,94,102,508.98
2025-04-17,GLOBAL_WEST,P003,88,96,1439.04
2025-04-17,GLOBAL_WEST,P004,0,0,0.0
2025-04-17,GLOBAL_WEST,P005,94,102,814.98
2025-04-17,GLOBAL_WEST,P006,56,57,1424.43
2025-04-17,GLOBAL_WEST,P007,74,78,779.22
2025-04-17,GLOBAL_WEST,P009,0,0,0.0
2025-04-17,GLOBAL_WEST,P010,49,54,269.46
2025-04-17,GLOBAL_WEST,P011,28,30,599.7
2025-04-17,GLOBAL_WEST,P012,24,26,2079.74
2025-04-18,KR,P001,134,143,141.57
2025-04-18,KR,P002,68,71,354.29
2025-04-18,KR,P003,61,64,959.36
2025-04-18,KR,P004,0,0,0.0
2025-04-18,KR,P005,81,86,687.14
2025-04-18,KR,P006,36,37,924.63
2025-04-18,KR,P007,55,60,599.4
2025-04-18,KR,P009,0,0,0.0
2025-04-18,KR,P010,41,45,224.55
2025-04-18,KR,P011,36,38,759.62
2025-04-18,KR,P012,19,19,1519.81
2025-04-18,JP,P001,171,183,181.17
2025-04-18,JP,P002,75,79,394.21
2025-04-18,JP,P003,89,91,1364.09
2025-04-18,JP,P004,0,0,0.0
2025-04-18,JP,P005,93,97,775.03
2025-04-18,JP,P006,52,57,1424.43
2025-04-18,JP,P007,46,51,509.49
2025-04-18,JP,P009,0,0,0.0
2025-04-18,JP,P010,43,47,234.53
2025-04-18,JP,P011,46,46,919.54
2025-04-18,JP,P012,0,0,0.0
2025-04-18,GLOBAL_WEST,P001,181,190,188.1
2025-04-18,GLOBAL_WEST,P002,97,109,543.91
2025-04-18,GLOBAL_WEST,P003,88,91,1364.09
2025-04-18,GLOBAL_WEST,P004,0,0,0.0
2025-04-18,GLOBAL_WEST,P005,106,112,894.88
2025-04-18,GLOBAL_WEST,P006,47,51,1274.49
2025-04-18,GLOBAL_WEST,P007,78,82,819.18
2025-04-18,GLOBAL_WEST,P009,0,0,0.0
2025-04-18,GLOBAL_WEST,P010,44,49,244.51
2025-04-18,GLOBAL_WEST,P011,42,48,959.52
2025-04-18,GLOBAL_WEST,P012,29,31,2479.69
2025-04-19,KR,P001,136,142,140.58
2025-04-19,KR,P002,60,67,334.33
2025-04-19,KR,P003,69,74,1109.26
2025-04-19,KR,P004,0,0,0.0
2025-04-19,KR,P005,75,86,687.14
2025-04-19,KR,P006,39,42,1049.58
2025-04-19,KR,P007,48,54,539.46
2025-04-19,KR,P009,0,0,0.0
2025-04-19,KR,P010,53,59,294.41
2025-04-19,KR,P011,30,32,639.68
2025-04-19,KR,P012,4,4,319.96
2025-04-19,JP,P001,169,189,187.11
2025-04-19,JP,P002,74,81,404.19
2025-04-19,JP,P003,97,107,1603.93
2025-04-19,JP,P004,0,0,0.0
2025-04-19,JP,P005,86,86,687.14
2025-04-19,JP,P006,51,54,1349.46
2025-04-19,JP,P007,57,59,589.41
2025-04-19,JP,P009,0,0,0.0
2025-04-19,JP,P010,54,57,284.43
2025-04-19,JP,P011,32,35,699.65
2025-04-19,JP,P012,4,6,479.94
2025-04-19,GLOBAL_WEST,P001,175,196,194.04
2025-04-19,GLOBAL_WEST,P002,83,88,439.12
2025-04-19,GLOBAL_WEST,P003,94,98,1469.02
2025-04-19,GLOBAL_WEST,P004,0,0,0.0
2025-04-19,GLOBAL_WEST,P005,108,123,982.77
2025-04-19,GLOBAL_WEST,P006,50,54,1349.46
2025-04-19,GLOBAL_WEST,P007,57,62,619.38
2025-04-19,GLOBAL_WEST,P009,0,0,0.0
2025-04-19,GLOBAL_WEST,P010,52,55,274.45
2025-04-19,GLOBAL_WEST,P011,37,39,779.61
2025-04-19,GLOBAL_WEST,P012,23,23,1839.77
2025-04-20,KR,P001,145,154,152.46
2025-04-20,KR,P002,66,68,339.32
2025-04-20,KR,P003,65,66,989.34
2025-04-20,KR,P004,0,0,0.0
2025-04-20,KR,P005,94,106,846.94
2025-04-20,KR,P006,49,55,1374.45
2025-04-20,KR,P007,47,50,499.5
2025-04-20,KR,P009,0,0,0.0
2025-04-20,KR,P010,31,33,164.67
2025-04-20,KR,P011,32,33,659.67
2025-04-20,KR,P012,16,16,1279.84
2025-04-20,JP,P001,167,174,172.26
2025-04-20,JP,P002,67,76,379.24
2025-04-20,JP,P003,84,84,1259.16
2025-04-20,JP,P004,0,0,0.0
2025-04-20,JP,P005,103,113,902.87
2025-04-20,JP,P006,54,58,1449.42
2025-04-20,JP,P007,57,62,619.38
2025-04-20,JP,P009,0,0,0.0
2025-04-20,JP,P010,38,42,209.58
2025-04-20,JP,P011,21,22,439.78
2025-04-20,JP,P012,3,3,239.97
2025-04-20,GLOBAL_WEST,P001,187,200,198.0
2025-04-20,GLOBAL_WEST,P002,95,98,489.02
2025-04-20,GLOBAL_WEST,P003,83,85,1274.15
2025-04-20,GLOBAL_WEST,P004,0,0,0.0
2025-04-20,GLOBAL_WEST,P005,103,113,902.87
2025-04-20,GLOBAL_WEST,P006,47,52,1299.48
2025-04-20,GLOBAL_WEST,P007,64,69,689.31
2025-04-20,GLOBAL_WEST,P009,0,0,0.0
2025-04-20,GLOBAL_WEST,P010,50,54,269.46
2025-04-20,GLOBAL_WEST,P011,25,27,539.73
2025-04-20,GLOBAL_WEST,P012,21,21,1679.79
2025-04-21,KR,P001,130,140,138.6
2025-04-21,KR,P002,53,60,299.4
2025-04-21,KR,P003,68,77,1154.23
2025-04-21,KR,P004,0,0,0.0
2025-04-21,KR,P005,85,92,735.08
2025-04-21,KR,P006,43,44,1099.56
2025-04-21,KR,P007,48,51,509.49
2025-04-21,KR,P009,0,0,0.0
2025-04-21,KR,P010,30,32,159.68
2025-04-21,KR,P011,24,26,519.74
2025-04-21,KR,P012,25,29,2319.71
2025-04-21,JP,P001,174,178,176.22
2025-04-21,JP,P002,82,89,444.11
2025-04-21,JP,P003,86,94,1409.06
2025-04-21,JP,P004,0,0,0.0
2025-04-21,JP,P005,103,107,854.93
2025-04-21,JP,P006,51,55,1374.45
2025-04-21,JP,P007,56,64,639.36
2025-04-21,JP,P009,0,0,0.0
2025-04-21,JP,P010,58,62,309.38
2025-04-21,JP,P011,21,23,459.77
2025-04-21,JP,P012,8,9,719.91
2025-04-21,GLOBAL_WEST,P001,168,180,178.2
2025-04-21,GLOBAL_WEST,P002,93,104,518.96
2025-04-21,GLOBAL_WEST,P003,75,82,1229.18
2025-04-21,GLOBAL_WEST,P004,0,0,0.0
2025-04-21,GLOBAL_WEST,P005,119,128,1022.72
2025-04-21,GLOBAL_WEST,P006,52,56,1399.44
2025-04-21,GLOBAL_WEST,P007,61,64,639.36
2025-04-21,GLOBAL_WEST,P009,0,0,0.0
2025-04-21,GLOBAL_WEST,P010,42,47,234.53
2025-04-21,GLOBAL_WEST,P011,11,12,239.88
2025-04-21,GLOBAL_WEST,P012,5,6,479.94
2025-04-22,KR,P001,143,153,151.47
2025-04-22,KR,P002,71,74,369.26
2025-04-22,KR,P003,61,65,974.35
2025-04-22,KR,P004,0,0,0.0
2025-04-22,KR,P005,65,73,583.27
2025-04-22,KR,P006,46,48,1199.52
2025-04-22,KR,P007,45,49,489.51
2025-04-22,KR,P009,0,0,0.0
2025-04-22,KR,P010,31,31,154.69
2025-04-22,KR,P011,32,35,699.65
2025-04-22,KR,P012,11,11,879.89
2025-04-22,JP,P001,187,218,215.82
2025-04-22,JP,P002,81,84,419.16
2025-04-22,JP,P003,81,88,1319.12
2025-04-22,JP,P004,0,0,0.0
2025-04-22,JP,P005,107,114,910.86
2025-04-22,JP,P006,51,56,1399.44
2025-04-22,JP,P007,64,68,679.32
2025-04-22,JP,P009,0,0,0.0
2025-04-22,JP,P010,45,49,244.51
2025-04-22,JP,P011,25,27,539.73
2025-04-22,JP,P012,8,9,719.91
2025-04-22,GLOBAL_WEST,P001,172,184,182.16
2025-04-22,GLOBAL_WEST,P002,78,82,409.18
2025-04-22,GLOBAL_WEST,P003,87,92,1379.08
2025-04-22,GLOBAL_WEST,P004,0,0,0.0
2025-04-22,GLOBAL_WEST,P005,102,112,894.88
2025-04-22,GLOBAL_WEST,P006,38,39,974.61
2025-04-22,GLOBAL_WEST,P007,62,67,669.33
2025-04-22,GLOBAL_WEST,P009,0,0,0.0
2025-04-22,GLOBAL_WEST,P010,51,53,264.47
2025-04-22,GLOBAL_WEST,P011,21,21,419.79
2025-04-22,GLOBAL_WEST,P012,17,17,1359.83
2025-04-23,KR,P001,123,127,125.73
2025-04-23,KR,P002,77,82,409.18
2025-04-23,KR,P003,52,57,854.43
2025-04-23,KR,P004,0,0,0.0
2025-04-23,KR,P005,71,76,607.24
2025-04-23,KR,P006,35,39,974.61
2025-04-23,KR,P007,54,58,579.42
2025-04-23,KR,P009,0,0,0.0
2025-04-23,KR,P010,45,47,234.53
2025-04-23,KR,P011,26,28,559.72
2025-04-23,KR,P012,0,0,0.0
2025-04-23,JP,P001,158,172,170.28
2025-04-23,JP,P002,59,63,314.37
2025-04-23,JP,P003,71,72,1079.28
2025-04-23,JP,P004,0,0,0.0
2025-04-23,JP,P005,93,100,799.0
2025-04-23,JP,P006,44,46,1149.54
2025-04-23,JP,P007,58,63,629.37
2025-04-23,JP,P009,0,0,0.0
2025-04-23,JP,P010,57,59,294.41
2025-04-23,JP,P011,26,28,559.72
2025-04-23,JP,P012,8,8,639.92
2025-04-23,GLOBAL_WEST,P001,162,178,176.22
2025-04-23,GLOBAL_WEST,P002,82,88,439.12
2025-04-23,GLOBAL_WEST,P003,81,86,1289.14
2025-04-23,GLOBAL_WEST,P004,0,0,0.0
2025-04-23,GLOBAL_WEST,P005,104,115,918.85
2025-04-23,GLOBAL_WEST,P006,49,52,1299.48
2025-04-23,GLOBAL_WEST,P007,65,68,679.32
2025-04-23,GLOBAL_WEST,P009,0,0,0.0
2025-04-23,GLOBAL_WEST,P010,47,49,244.51
2025-04-23,GLOBAL_WEST,P011,15,16,319.84
2025-04-23,GLOBAL_WEST,P012,20,20,1599.8
2025-04-24,KR,P001,127,137,135.63
2025-04-24,KR,P002,70,76,379.24
2025-04-24,KR,P003,55,60,899.4
2025-04-24,KR,P004,0,0,0.0
2025-04-24,KR,P005,70,76,607.24
2025-04-24,KR,P006,45,47,1174.53
2025-04-24,KR,P007,46,49,489.51
2025-04-24,KR,P009,0,0,0.0
2025-04-24,KR,P010,38,39,194.61
2025-04-24,KR,P011,24,26,519.74
2025-04-24,KR,P012,6,7,559.93
2025-04-24,JP,P001,165,175,173.25
2025-04-24,JP,P002,71,78,389.22
2025-04-24,JP,P003,82,86,1289.14
2025-04-24,JP,P004,0,0,0.0
2025-04-24,JP,P005,90,94,751.06
2025-04-24,JP,P006,44,46,1149.54
2025-04-24,JP,P007,61,67,669.33
2025-04-24,JP,P009,0,0,0.0
2025-04-24,JP,P010,55,57,284.43
2025-04-24,JP,P011,31,33,659.67
2025-04-24,JP,P012,3,3,239.97
2025-04-24,GLOBAL_WEST,P001,179,190,188.1
2025-04-24,GLOBAL_WEST,P002,103,115,573.85
2025-04-24,GLOBAL_WEST,P003,100,103,1543.97
2025-04-24,GLOBAL_WEST,P004,0,0,0.0
2025-04-24,GLOBAL_WEST,P005,99,107,854.93
2025-04-24,GLOBAL_WEST,P006,36,37,924.63
2025-04-24,GLOBAL_WEST,P007,78,86,859.14
2025-04-24,GLOBAL_WEST,P009,0,0,0.0
2025-04-24,GLOBAL_WEST,P010,54,55,274.45
2025-04-24,GLOBAL_WEST,P011,34,36,719.64
2025-04-24,GLOBAL_WEST,P012,13,13,1039.87
2025-04-25,KR,P001,125,135,133.65
2025-04-25,KR,P002,67,70,349.3
2025-04-25,KR,P003,64,68,1019.32
2025-04-25,KR,P004,0,0,0.0
2025-04-25,KR,P005,87,95,759.05
2025-04-25,KR,P006,40,42,1049.58
2025-04-25,KR,P007,47,51,509.49
2025-04-25,KR,P009,0,0,0.0
2025-04-25,KR,P010,29,32,159.68
2025-04-25,KR,P011,12,12,239.88
2025-04-25,KR,P012,9,9,719.91
2025-04-25,JP,P001,146,161,159.39
2025-04-25,JP,P002,66,71,354.29
2025-04-25,JP,P003,77,81,1214.19
2025-04-25,JP,P004,0,0,0.0
2025-04-25,JP,P005,92,98,783.02
2025-04-25,JP,P006,48,52,1299.48
2025-04-25,JP,P007,72,80,799.2
2025-04-25,JP,P009,0,0,0.0
2025-04-25,JP,P010,43,47,234.53
2025-04-25,JP,P011,28,30,599.7
2025-04-25,JP,P012,10,10,799.9
2025-04-25,GLOBAL_WEST,P001,160,170,168.3
2025-04-25,GLOBAL_WEST,P002,73,82,409.18
2025-04-25,GLOBAL_WEST,P003,83,91,1364.09
2025-04-25,GLOBAL_WEST,P004,0,0,0.0
2025-04-25,GLOBAL_WEST,P005,95,104,830.96
2025-04-25,GLOBAL_WEST,P006,43,45,1124.55
2025-04-25,GLOBAL_WEST,P007,49,53,529.47
2025-04-25,GLOBAL_WEST,P009,0,0,0.0
2025-04-25,GLOBAL_WEST,P010,54,59,294.41
2025-04-25,GLOBAL_WEST,P011,37,40,799.6
2025-04-25,GLOBAL_WEST,P012,10,10,799.9
2025-04-26,KR,P001,119,125,123.75
2025-04-26,KR,P002,62,66,329.34
2025-04-26,KR,P003,50,54,809.46
2025-04-26,KR,P004,0,0,0.0
2025-04-26,KR,P005,70,73,583.27
2025-04-26,KR,P006,37,40,999.6
2025-04-26,KR,P007,52,57,569.43
2025-04-26,KR,P009,0,0,0.0
2025-04-26,KR,P010,27,30,149.7
2025-04-26,KR,P011,21,22,439.78
2025-04-26,KR,P012,0,0,0.0
2025-04-26,JP,P001,148,159,157.41
2025-04-26,JP,P002,84,93,464.07
2025-04-26,JP,P003,60,66,989.34
2025-04-26,JP,P004,0,0,0.0
2025-04-26,JP,P005,90,92,735.08
2025-04-26,JP,P006,53,55,1374.45
2025-04-26,JP,P007,65,72,719.28
2025-04-26,JP,P009,0,0,0.0
2025-04-26,JP,P010,42,44,219.56
2025-04-26,JP,P011,44,47,939.53
2025-04-26,JP,P012,10,11,879.89
2025-04-26,GLOBAL_WEST,P001,154,155,153.45
2025-04-26,GLOBAL_WEST,P002,87,91,454.09
2025-04-26,GLOBAL_WEST,P003,65,73,1094.27
2025-04-26,GLOBAL_WEST,P004,0,0,0.0
2025-04-26,GLOBAL_WEST,P005,83,89,711.11
2025-04-26,GLOBAL_WEST,P006,40,43,1074.57
2025-04-26,GLOBAL_WEST,P007,58,64,639.36
2025-04-26,GLOBAL_WEST,P009,0,0,0.0
2025-04-26,GLOBAL_WEST,P010,44,45,224.55
2025-04-26,GLOBAL_WEST,P011,21,23,459.77
2025-04-26,GLOBAL_WEST,P012,1,1,79.99
2025-04-27,KR,P001,131,146,144.54
2025-04-27,KR,P002,50,53,264.47
2025-04-27,KR,P003,56,60,899.4
2025-04-27,KR,P004,0,0,0.0
2025-04-27,KR,P005,81,88,703.12
2025-04-27,KR,P006,17,20,499.8
2025-04-27,KR,P007,48,52,519.48
2025-04-27,KR,P009,0,0,0.0
2025-04-27,KR,P010,44,47,234.53
2025-04-27,KR,P011,25,29,579.71
2025-04-27,KR,P012,0,0,0.0
2025-04-27,JP,P001,151,163,161.37
2025-04-27,JP,P002,66,69,344.31
2025-04-27,JP,P003,65,72,1079.28
2025-04-27,JP,P004,0,0,0.0
2025-04-27,JP,P005,77,85,679.15
2025-04-27,JP,P006,35,38,949.62
2025-04-27,JP,P007,61,63,629.37
2025-04-27,JP,P009,0,0,0.0
2025-04-27,JP,P010,35,37,184.63
2025-04-27,JP,P011,20,22,439.78
2025-04-27,JP,P012,16,16,1279.84
2025-04-27,GLOBAL_WEST,P001,164,174,172.26
2025-04-27,GLOBAL_WEST,P002,82,87,434.13
2025-04-27,GLOBAL_WEST,P003,73,76,1139.24
2025-04-27,GLOBAL_WEST,P004,0,0,0.0
2025-04-27,GLOBAL_WEST,P005,89,94,751.06
2025-04-27,GLOBAL_WEST,P006,33,35,874.65
2025-04-27,GLOBAL_WEST,P007,62,67,669.33
2025-04-27,GLOBAL_WEST,P009,0,0,0.0
2025-04-27,GLOBAL_WEST,P010,49,55,274.45
2025-04-27,GLOBAL_WEST,P011,34,36,719.64
2025-04-27,GLOBAL_WEST,P012,12,13,1039.87
2025-04-28,KR,P001,131,142,140.58
2025-04-28,KR,P002,67,71,354.29
2025-04-28,KR,P003,60,67,1004.33
2025-04-28,KR,P004,0,0,0.0
2025-04-28,KR,P005,79,86,687.14
2025-04-28,KR,P006,27,29,724.71
2025-04-28,KR,P007,56,56,559.44
2025-04-28,KR,P009,0,0,0.0
2025-04-28,KR,P010,42,46,229.54
2025-04-28,KR,P011,33,35,699.65
2025-04-28,KR,P012,15,15,1199.85
2025-04-28,JP,P001,146,154,152.46
2025-04-28,JP,P002,66,71,354.29
2025-04-28,JP,P003,69,74,1109.26
2025-04-28,JP,P004,0,0,0.0
2025-04-28,JP,P005,84,90,719.1
2025-04-28,JP,P006,39,43,1074.57
2025-04-28,JP,P007,61,66,659.34
2025-04-28,JP,P009,0,0,0.0
2025-04-28,JP,P010,42,46,229.54
2025-04-28,JP,P011,26,30,599.7
2025-04-28,JP,P012,17,19,1519.81
2025-04-28,GLOBAL_WEST,P001,166,185,183.15
2025-04-28,GLOBAL_WEST,P002,73,80,399.2
2025-04-28,GLOBAL_WEST,P003,79,86,1289.14
2025-04-28,GLOBAL_WEST,P004,0,0,0.0
2025-04-28,GLOBAL_WEST,P005,85,90,719.1
2025-04-28,GLOBAL_WEST,P006,49,55,1374.45
2025-04-28,GLOBAL_WEST,P007,43,46,459.54
2025-04-28,GLOBAL_WEST,P009,0,0,0.0
2025-04-28,GLOBAL_WEST,P010,37,40,199.6
2025-04-28,GLOBAL_WEST,P011,28,30,599.7
2025-04-28,GLOBAL_WEST,P012,15,16,1279.84
2025-04-29,KR,P001,117,122,120.78
2025-04-29,KR,P002,43,47,234.53
2025-04-29,KR,P003,63,66,989.34
2025-04-29,KR,P004,0,0,0.0
2025-04-29,KR,P005,70,78,623.22
2025-04-29,KR,P006,31,35,874.65
2025-04-29,KR,P007,43,45,449.55
2025-04-29,KR,P009,0,0,0.0
2025-04-29,KR,P010,31,33,164.67
2025-04-29,KR,P011,25,25,499.75
2025-04-29,KR,P012,1,1,79.99
2025-04-29,JP,P001,149,157,155.43
2025-04-29,JP,P002,78,83,414.17
2025-04-29,JP,P003,68,73,1094.27
2025-04-29,JP,P004,0,0,0.0
2025-04-29,JP,P005,81,93,743.07
2025-04-29,JP,P006,41,44,1099.56
2025-04-29,JP,P007,52,57,569.43
2025-04-29,JP,P009,0,0,0.0
2025-04-29,JP,P010,58,62,309.38
2025-04-29,JP,P011,17,18,359.82
2025-04-29,JP,P012,6,7,559.93
2025-04-29,GLOBAL_WEST,P001,137,147,145.53
2025-04-29,GLOBAL_WEST,P002,76,80,399.2
2025-04-29,GLOBAL_WEST,P003,79,83,1244.17
2025-04-29,GLOBAL_WEST,P004,0,0,0.0
2025-04-29,GLOBAL_WEST,P005,101,111,886.89
2025-04-29,GLOBAL_WEST,P006,47,50,1249.5
2025-04-29,GLOBAL_WEST,P007,60,64,639.36
2025-04-29,GLOBAL_WEST,P009,0,0,0.0
2025-04-29,GLOBAL_WEST,P010,30,31,154.69
2025-04-29,GLOBAL_WEST,P011,31,32,639.68
2025-04-29,GLOBAL_WEST,P012,11,12,959.88
2025-04-30,KR,P001,124,135,133.65
2025-04-30,KR,P002,59,60,299.4
2025-04-30,KR,P003,58,62,929.38
2025-04-30,KR,P004,0,0,0.0
2025-04-30,KR,P005,69,74,591.26
2025-04-30,KR,P006,19,21,524.79
2025-04-30,KR,P007,45,46,459.54
2025-04-30,KR,P009,0,0,0.0
2025-04-30,KR,P010,30,32,159.68
2025-04-30,KR,P011,26,27,539.73
2025-04-30,KR,P012,0,0,0.0
2025-04-30,JP,P001,149,161,159.39
2025-04-30,JP,P002,79,91,454.09
2025-04-30,JP,P003,70,73,1094.27
2025-04-30,JP,P004,0,0,0.0
2025-04-30,JP,P005,81,90,719.1
2025-04-30,JP,P006,44,46,1149.54
2025-04-30,JP,P007,59,65,649.35
2025-04-30,JP,P009,0,0,0.0
2025-04-30,JP,P010,43,46,229.54
2025-04-30,JP,P011,41,43,859.57
2025-04-30,JP,P012,10,10,799.9
2025-04-30,GLOBAL_WEST,P001,149,164,162.36
2025-04-30,GLOBAL_WEST,P002,70,71,354.29
2025-04-30,GLOBAL_WEST,P003,75,83,1244.17
2025-04-30,GLOBAL_WEST,P004,0,0,0.0
2025-04-30,GLOBAL_WEST,P005,86,93,743.07
2025-04-30,GLOBAL_WEST,P006,24,26,649.74
2025-04-30,GLOBAL_WEST,P007,45,49,489.51
2025-04-30,GLOBAL_WEST,P009,0,0,0.0
2025-04-30,GLOBAL_WEST,P010,48,53,264.47
2025-04-30,GLOBAL_WEST,P011,35,36,719.64
2025-04-30,GLOBAL_WEST,P012,15,16,1279.84
2025-05-01,KR,P001,133,149,147.51
2025-05-01,KR,P002,50,52,259.48
2025-05-01,KR,P003,64,72,1079.28
2025-05-01,KR,P004,0,0,0.0
2025-05-01,KR,P005,81,84,671.16
2025-05-01,KR,P006,39,43,1074.57
2025-05-01,KR,P007,50,51,509.49
2025-05-01,KR,P009,0,0,0.0
2025-05-01,KR,P010,36,36,179.64
2025-05-01,KR,P011,30,32,639.68
2025-05-01,KR,P012,6,6,479.94
2025-05-01,JP,P001,180,197,195.03
2025-05-01,JP,P002,92,100,499.0
2025-05-01,JP,P003,74,77,1154.23
2025-05-01,JP,P004,0,0,0.0
2025-05-01,JP,P005,105,117,934.83
2025-05-01,JP,P006,38,41,1024.59
2025-05-01,JP,P007,58,61,609.39
2025-05-01,JP,P009,0,0,0.0
2025-05-01,JP,P010,54,57,284.43
2025-05-01,JP,P011,40,42,839.58
2025-05-01,JP,P012,9,9,719.91
2025-05-01,GLOBAL_WEST,P001,190,204,201.96
2025-05-01,GLOBAL_WEST,P002,98,104,518.96
2025-05-01,GLOBAL_WEST,P003,83,90,1349.1
2025-05-01,GLOBAL_WEST,P004,0,0,0.0
2025-05-01,GLOBAL_WEST,P005,99,105,838.95
2025-05-01,GLOBAL_WEST,P006,43,49,1224.51
2025-05-01,GLOBAL_WEST,P007,55,55,549.45
2025-05-01,GLOBAL_WEST,P009,0,0,0.0
2025-05-01,GLOBAL_WEST,P010,59,64,319.36
2025-05-01,GLOBAL_WEST,P011,49,53,1059.47
2025-05-01,GLOBAL_WEST,P012,13,13,1039.87
2025-05-02,KR,P001,143,158,156.42
2025-05-02,KR,P002,74,78,389.22
2025-05-02,KR,P003,63,69,1034.31
2025-05-02,KR,P004,0,0,0.0
2025-05-02,KR,P005,75,81,647.19
2025-05-02,KR,P006,47,52,1299.48
2025-05-02,KR,P007,41,43,429.57
2025-05-02,KR,P009,0,0,0.0
2025-05-02,KR,P010,40,43,214.57
2025-05-02,KR,P011,31,34,679.66
2025-05-02,KR,P012,16,18,1439.82
2025-05-02,JP,P001,191,201,198.99
2025-05-02,JP,P002,92,96,479.04
2025-05-02,JP,P003,94,101,1513.99
2025-05-02,JP,P004,0,0,0.0
2025-05-02,JP,P005,100,109,870.91
2025-05-02,JP,P006,56,58,1449.42
2025-05-02,JP,P007,59,62,619.38
2025-05-02,JP,P009,0,0,0.0
2025-05-02,JP,P010,61,68,339.32
2025-05-02,JP,P011,52,57,1139.43
2025-05-02,JP,P012,6,7,559.93
2025-05-02,GLOBAL_WEST,P001,175,191,189.09
2025-05-02,GLOBAL_WEST,P002,108,117,583.83
2025-05-02,GLOBAL_WEST,P003,78,84,1259.16
2025-05-02,GLOBAL_WEST,P004,0,0,0.0
2025-05-02,GLOBAL_WEST,P005,100,112,894.88
2025-05-02,GLOBAL_WEST,P006,30,33,824.67
2025-05-02,GLOBAL_WEST,P007,64,64,639.36
2025-05-02,GLOBAL_WEST,P009,0,0,0.0
2025-05-02,GLOBAL_WEST,P010,40,40,199.6
2025-05-02,GLOBAL_WEST,P011,23,24,479.76
2025-05-02,GLOBAL_WEST,P012,14,14,1119.86
2025-05-03,KR,P001,154,167,165.33
2025-05-03,KR,P002,71,78,389.22
2025-05-03,KR,P003,75,79,1184.21
2025-05-03,KR,P004,0,0,0.0
2025-05-03,KR,P005,84,92,735.08
2025-05-03,KR,P006,36,39,974.61
2025-05-03,KR,P007,53,59,589.41
2025-05-03,KR,P009,0,0,0.0
2025-05-03,KR,P010,53,56,279.44
2025-05-03,KR,P011,24,26,519.74
2025-05-03,KR,P012,18,19,1519.81
2025-05-03,JP,P001,169,180,178.2
2025-05-03,JP,P002,86,96,479.04
2025-05-03,JP,P003,81,82,1229.18
2025-05-03,JP,P004,0,0,0.0
2025-05-03,JP,P005,98,106,846.94
2025-05-03,JP,P006,45,49,1224.51
2025-05-03,JP,P007,65,73,729.27
2025-05-03,JP,P009,0,0,0.0
2025-05-03,JP,P010,44,48,239.52
2025-05-03,JP,P011,31,35,699.65
2025-05-03,JP,P012,11,11,879.89
2025-05-03,GLOBAL_WEST,P001,201,217,214.83
2025-05-03,GLOBAL_WEST,P002,87,97,484.03
2025-05-03,GLOBAL_WEST,P003,93,95,1424.05
2025-05-03,GLOBAL_WEST,P004,0,0,0.0
2025-05-03,GLOBAL_WEST,P005,93,97,775.03
2025-05-03,GLOBAL_WEST,P006,52,55,1374.45
2025-05-03,GLOBAL_WEST,P007,66,73,729.27
2025-05-03,GLOBAL_WEST,P009,0,0,0.0
2025-05-03,GLOBAL_WEST,P010,35,39,194.61
2025-05-03,GLOBAL_WEST,P011,27,29,579.71
2025-05-03,GLOBAL_WEST,P012,28,29,2319.71
2025-05-04,KR,P001,153,166,164.34
2025-05-04,KR,P002,75,83,414.17
2025-05-04,KR,P003,55,60,899.4
2025-05-04,KR,P004,0,0,0.0
2025-05-04,KR,P005,86,89,711.11
2025-05-04,KR,P006,46,51,1274.49
2025-05-04,KR,P007,43,45,449.55
2025-05-04,KR,P009,0,0,0.0
2025-05-04,KR,P010,36,38,189.62
2025-05-04,KR,P011,22,22,439.78
2025-05-04,KR,P012,17,17,1359.83
2025-05-04,JP,P001,193,204,201.96
2025-05-04,JP,P002,78,80,399.2
2025-05-04,JP,P003,76,78,1169.22
2025-05-04,JP,P004,0,0,0.0
2025-05-04,JP,P005,96,101,806.99
2025-05-04,JP,P006,47,50,1249.5
2025-05-04,JP,P007,76,80,799.2
2025-05-04,JP,P009,0,0,0.0
2025-05-04,JP,P010,53,60,299.4
2025-05-04,JP,P011,39,40,799.6
2025-05-04,JP,P012,12,13,1039.87
2025-05-04,GLOBAL_WEST,P001,176,188,186.12
2025-05-04,GLOBAL_WEST,P002,90,95,474.05
2025-05-04,GLOBAL_WEST,P003,96,108,1618.92
2025-05-04,GLOBAL_WEST,P004,0,0,0.0
2025-05-04,GLOBAL_WEST,P005,117,121,966.79
2025-05-04,GLOBAL_WEST,P006,49,52,1299.48
2025-05-04,GLOBAL_WEST,P007,73,77,769.23
2025-05-04,GLOBAL_WEST,P009,0,0,0.0
2025-05-04,GLOBAL_WEST,P010,46,50,249.5
2025-05-04,GLOBAL_WEST,P011,29,31,619.69
2025-05-04,GLOBAL_WEST,P012,4,4,319.96
2025-05-05,KR,P001,138,153,151.47
2025-05-05,KR,P002,81,84,419.16
2025-05-05,KR,P003,71,72,1079.28
2025-05-05,KR,P004,0,0,0.0
2025-05-05,KR,P005,84,93,743.07
2025-05-05,KR,P006,40,43,1074.57
2025-05-05,KR,P007,54,60,599.4
2025-05-05,KR,P009,0,0,0.0
2025-05-05,KR,P010,47,49,244.51
2025-05-05,KR,P011,25,26,519.74
2025-05-05,KR,P012,18,19,1519.81
2025-05-05,JP,P001,158,176,174.24
2025-05-05,JP,P002,101,104,518.96
2025-05-05,JP,P003,81,87,1304.13
2025-05-05,JP,P004,0,0,0.0
2025-05-05,JP,P005,114,119,950.81
2025-05-05,JP,P006,59,65,1624.35
2025-05-05,JP,P007,57,65,649.35
2025-05-05,JP,P009,0,0,0.0
2025-05-05,JP,P010,43,47,234.53
2025-05-05,JP,P011,31,31,619.69
2025-05-05,JP,P012,21,22,1759.78
2025-05-05,GLOBAL_WEST,P001,163,176,174.24
2025-05-05,GLOBAL_WEST,P002,85,98,489.02
2025-05-05,GLOBAL_WEST,P003,84,90,1349.1
2025-05-05,GLOBAL_WEST,P004,0,0,0.0
2025-05-05,GLOBAL_WEST,P005,111,124,990.76
2025-05-05,GLOBAL_WEST,P006,39,41,1024.59
2025-05-05,GLOBAL_WEST,P007,72,77,769.23
2025-05-05,GLOBAL_WEST,P009,0,0,0.0
2025-05-05,GLOBAL_WEST,P010,46,48,239.52
2025-05-05,GLOBAL_WEST,P011,36,39,779.61
2025-05-05,GLOBAL_WEST,P012,6,6,479.94
2025-05-06,KR,P001,140,154,152.46
2025-05-06,KR,P002,76,80,399.2
2025-05-06,KR,P003,74,81,1214.19
2025-05-06,KR,P004,0,0,0.0
2025-05-06,KR,P005,81,91,727.09
2025-05-06,KR,P006,49,51,1274.49
2025-05-06,KR,P007,62,67,669.33
2025-05-06,KR,P009,0,0,0.0
2025-05-06,KR,P010,44,47,234.53
2025-05-06,KR,P011,44,47,939.53
2025-05-06,KR,P012,20,23,1839.77
2025-05-06,JP,P001,166,171,169.29
2025-05-06,JP,P002,101,105,523.95
2025-05-06,JP,P003,85,88,1319.12
2025-05-06,JP,P004,0,0,0.0
2025-05-06,JP,P005,98,109,870.91
2025-05-06,JP,P006,41,44,1099.56
2025-05-06,JP,P007,79,86,859.14
2025-05-06,JP,P009,0,0,0.0
2025-05-06,JP,P010,55,60,299.4
2025-05-06,JP,P011,33,35,699.65
2025-05-06,JP,P012,15,15,1199.85
2025-05-06,GLOBAL_WEST,P001,217,229,226.71
2025-05-06,GLOBAL_WEST,P002,80,86,429.14
2025-05-06,GLOBAL_WEST,P003,101,107,1603.93
2025-05-06,GLOBAL_WEST,P004,0,0,0.0
2025-05-06,GLOBAL_WEST,P005,96,103,822.97
2025-05-06,GLOBAL_WEST,P006,64,67,1674.33
2025-05-06,GLOBAL_WEST,P007,75,82,819.18
2025-05-06,GLOBAL_WEST,P009,0,0,0.0
2025-05-06,GLOBAL_WEST,P010,61,63,314.37
2025-05-06,GLOBAL_WEST,P011,25,27,539.73
2025-05-06,GLOBAL_WEST,P012,20,23,1839.77
2025-05-07,KR,P001,138,149,147.51
2025-05-07,KR,P002,70,79,394.21
2025-05-07,KR,P003,67,69,1034.31
2025-05-07,KR,P004,0,0,0.0
2025-05-07,KR,P005,91,97,775.03
2025-05-07,KR,P006,35,39,974.61
2025-05-07,KR,P007,46,47,469.53
2025-05-07,KR,P009,0,0,0.0
2025-05-07,KR,P010,53,55,274.45
2025-05-07,KR,P011,17,18,359.82
2025-05-07,KR,P012,10,10,799.9
2025-05-07,JP,P001,166,178,176.22
2025-05-07,JP,P002,97,102,508.98
2025-05-07,JP,P003,93,98,1469.02
2025-05-07,JP,P004,0,0,0.0
2025-05-07,JP,P005,111,122,974.78
2025-05-07,JP,P006,46,48,1199.52
2025-05-07,JP,P007,59,63,629.37
2025-05-07,JP,P009,0,0,0.0
2025-05-07,JP,P010,59,63,314.37
2025-05-07,JP,P011,34,38,759.62
2025-05-07,JP,P012,10,11,879.89
2025-05-07,GLOBAL_WEST,P001,189,205,202.95
2025-05-07,GLOBAL_WEST,P002,89,94,469.06
2025-05-07,GLOBAL_WEST,P003,92,100,1499.0
2025-05-07,GLOBAL_WEST,P004,0,0,0.0
2025-05-07,GLOBAL_WEST,P005,98,109,870.91
2025-05-07,GLOBAL_WEST,P006,48,51,1274.49
2025-05-07,GLOBAL_WEST,P007,70,74,739.26
2025-05-07,GLOBAL_WEST,P009,0,0,0.0
2025-05-07,GLOBAL_WEST,P010,52,58,289.42
2025-05-07,GLOBAL_WEST,P011,36,38,759.62
2025-05-07,GLOBAL_WEST,P012,0,0,0.0
2025-05-08,KR,P001,142,154,152.46
2025-05-08,KR,P002,87,91,454.09
2025-05-08,KR,P003,81,94,1409.06
2025-05-08,KR,P004,0,0,0.0
2025-05-08,KR,P005,82,88,703.12
2025-05-08,KR,P006,52,55,1374.45
2025-05-08,KR,P007,36,40,399.6
2025-05-08,KR,P009,0,0,0.0
2025-05-08,KR,P010,42,45,224.55
2025-05-08,KR,P011,23,25,499.75
2025-05-08,KR,P012,12,12,959.88
2025-05-08,JP,P001,171,183,181.17
2025-05-08,JP,P002,84,88,439.12
2025-05-08,JP,P003,100,109,1633.91
2025-05-08,JP,P004,0,0,0.0
2025-05-08,JP,P005,99,109,870.91
2025-05-08,JP,P006,48,49,1224.51
2025-05-08,JP,P007,79,86,859.14
2025-05-08,JP,P009,0,0,0.0
2025-05-08,JP,P010,56,62,309.38
2025-05-08,JP,P011,35,37,739.63
2025-05-08,JP,P012,11,11,879.89
2025-05-08,GLOBAL_WEST,P001,196,214,211.86
2025-05-08,GLOBAL_WEST,P002,103,108,538.92
2025-05-08,GLOBAL_WEST,P003,78,87,1304.13
2025-05-08,GLOBAL_WEST,P004,0,0,0.0
2025-05-08,GLOBAL_WEST,P005,113,124,990.76
2025-05-08,GLOBAL_WEST,P006,50,52,1299.48
2025-05-08,GLOBAL_WEST,P007,70,74,739.26
2025-05-08,GLOBAL_WEST,P009,0,0,0.0
2025-05-08,GLOBAL_WEST,P010,94,99,494.01
2025-05-08,GLOBAL_WEST,P011,21,22,439.78
2025-05-08,GLOBAL_WEST,P012,18,20,1599.8
2025-05-09,KR,P001,140,155,153.45
2025-05-09,KR,P002,67,72,359.28
2025-05-09,KR,P003,74,79,1184.21
2025-05-09,KR,P004,0,0,0.0
2025-05-09,KR,P005,92,96,767.04
2025-05-09,KR,P006,45,49,1224.51
2025-05-09,KR,P007,45,50,499.5
2025-05-09,KR,P009,0,0,0.0
2025-05-09,KR,P010,51,53,264.47
2025-05-09,KR,P011,24,27,539.73
2025-05-09,KR,P012,13,14,1119.86
2025-05-09,JP,P001,171,181,179.19
2025-05-09,JP,P002,82,86,429.14
2025-05-09,JP,P003,76,77,1154.23
2025-05-09,JP,P004,0,0,0.0
2025-05-09,JP,P005,102,106,846.94
2025-05-09,JP,P006,64,67,1674.33
2025-05-09,JP,P007,61,64,639.36
2025-05-09,JP,P009,0,0,0.0
2025-05-09,JP,P010,46,50,249.5
2025-05-09,JP,P011,23,24,479.76
2025-05-09,JP,P012,13,13,1039.87
2025-05-09,GLOBAL_WEST,P001,189,189,187.11
2025-05-09,GLOBAL_WEST,P002,94,98,489.02
2025-05-09,GLOBAL_WEST,P003,93,100,1499.0
2025-05-09,GLOBAL_WEST,P004,0,0,0.0
2025-05-09,GLOBAL_WEST,P005,122,129,1030.71
2025-05-09,GLOBAL_WEST,P006,50,54,1349.46
2025-05-09,GLOBAL_WEST,P007,55,60,599.4
2025-05-09,GLOBAL_WEST,P009,0,0,0.0
2025-05-09,GLOBAL_WEST,P010,52,59,294.41
2025-05-09,GLOBAL_WEST,P011,36,39,779.61
2025-05-09,GLOBAL_WEST,P012,13,13,1039.87
2025-05-10,KR,P001,137,150,148.5
2025-05-10,KR,P002,62,68,339.32
2025-05-10,KR,P003,65,70,1049.3
2025-05-10,KR,P004,0,0,0.0
2025-05-10,KR,P005,91,97,775.03
2025-05-10,KR,P006,39,44,1099.56
2025-05-10,KR,P007,63,69,689.31
2025-05-10,KR,P009,0,0,0.0
2025-05-10,KR,P010,39,42,209.58
2025-05-10,KR,P011,34,36,719.64
2025-05-10,KR,P012,14,15,1199.85
2025-05-10,JP,P001,164,173,171.27
2025-05-10,JP,P002,85,91,454.09
2025-05-10,JP,P003,83,83,1244.17
2025-05-10,JP,P004,0,0,0.0
2025-05-10,JP,P005,96,107,854.93
2025-05-10,JP,P006,56,56,1399.44
2025-05-10,JP,P007,63,66,659.34
2025-05-10,JP,P009,0,0,0.0
2025-05-10,JP,P010,32,33,164.67
2025-05-10,JP,P011,43,47,939.53
2025-05-10,JP,P012,5,6,479.94
2025-05-10,GLOBAL_WEST,P001,190,198,196.02
2025-05-10,GLOBAL_WEST,P002,99,104,518.96
2025-05-10,GLOBAL_WEST,P003,96,103,1543.97
2025-05-10,GLOBAL_WEST,P004,0,0,0.0
2025-05-10,GLOBAL_WEST,P005,124,132,1054.68
2025-05-10,GLOBAL_WEST,P006,58,61,1524.39
2025-05-10,GLOBAL_WEST,P007,76,78,779.22
2025-05-10,GLOBAL_WEST,P009,0,0,0.0
2025-05-10,GLOBAL_WEST,P010,56,61,304.39
2025-05-10,GLOBAL_WEST,P011,58,66,1319.34
2025-05-10,GLOBAL_WEST,P012,18,18,1439.82
2025-05-11,KR,P001,143,154,152.46
2025-05-11,KR,P002,60,65,324.35
2025-05-11,KR,P003,68,75,1124.25
2025-05-11,KR,P004,0,0,0.0
2025-05-11,KR,P005,72,78,623.22
2025-05-11,KR,P006,40,44,1099.56
2025-05-11,KR,P007,53,57,569.43
2025-05-11,KR,P009,0,0,0.0
2025-05-11,KR,P010,44,46,229.54
2025-05-11,KR,P011,36,38,759.62
2025-05-11,KR,P012,0,0,0.0
2025-05-11,JP,P001,159,171,169.29
2025-05-11,JP,P002,80,89,444.11
2025-05-11,JP,P003,84,89,1334.11
2025-05-11,JP,P004,0,0,0.0
2025-05-11,JP,P005,97,102,814.98
2025-05-11,JP,P006,48,52,1299.48
2025-05-11,JP,P007,59,63,629.37
2025-05-11,JP,P009,0,0,0.0
2025-05-11,JP,P010,52,54,269.46
2025-05-11,JP,P011,22,23,459.77
2025-05-11,JP,P012,0,0,0.0
2025-05-11,GLOBAL_WEST,P001,209,217,214.83
2025-05-11,GLOBAL_WEST,P002,79,86,429.14
2025-05-11,GLOBAL_WEST,P003,96,102,1528.98
2025-05-11,GLOBAL_WEST,P004,0,0,0.0
2025-05-11,GLOBAL_WEST,P005,113,120,958.8
2025-05-11,GLOBAL_WEST,P006,71,79,1974.21
2025-05-11,GLOBAL_WEST,P007,69,77,769.23
2025-05-11,GLOBAL_WEST,P009,0,0,0.0
2025-05-11,GLOBAL_WEST,P010,51,55,274.45
2025-05-11,GLOBAL_WEST,P011,28,30,599.7
2025-05-11,GLOBAL_WEST,P012,0,0,0.0
2025-05-12,KR,P001,148,167,165.33
2025-05-12,KR,P002,70,72,359.28
2025-05-12,KR,P003,84,90,1349.1
2025-05-12,KR,P004,0,0,0.0
2025-05-12,KR,P005,83,92,735.08
2025-05-12,KR,P006,44,50,1249.5
2025-05-12,KR,P007,58,61,609.39
2025-05-12,KR,P009,0,0,0.0
2025-05-12,KR,P010,59,60,299.4
2025-05-12,KR,P011,30,32,639.68
2025-05-12,KR,P012,6,7,559.93
2025-05-12,JP,P001,188,202,199.98
2025-05-12,JP,P002,78,88,439.12
2025-05-12,JP,P003,100,109,1633.91
2025-05-12,JP,P004,0,0,0.0
2025-05-12,JP,P005,102,115,918.85
2025-05-12,JP,P006,63,68,1699.32
2025-05-12,JP,P007,61,65,649.35
2025-05-12,JP,P009,0,0,0.0
2025-05-12,JP,P010,63,65,324.35
2025-05-12,JP,P011,33,35,699.65
2025-05-12,JP,P012,8,8,639.92
2025-05-12,GLOBAL_WEST,P001,213,216,213.84
2025-05-12,GLOBAL_WEST,P002,103,111,553.89
2025-05-12,GLOBAL_WEST,P003,104,113,1693.87
2025-05-12,GLOBAL_WEST,P004,0,0,0.0
2025-05-12,GLOBAL_WEST,P005,89,101,806.99
2025-05-12,GLOBAL_WEST,P006,57,61,1524.39
2025-05-12,GLOBAL_WEST,P007,93,103,1028.97
2025-05-12,GLOBAL_WEST,P009,0,0,0.0
2025-05-12,GLOBAL_WEST,P010,55,59,294.41
2025-05-12,GLOBAL_WEST,P011,36,38,759.62
2025-05-12,GLOBAL_WEST,P012,5,5,399.95
2025-05-13,KR,P001,157,168,166.32
2025-05-13,KR,P002,69,74,369.26
2025-05-13,KR,P003,90,100,1499.0
2025-05-13,KR,P004,0,0,0.0
2025-05-13,KR,P005,89,95,759.05
2025-05-13,KR,P006,43,45,1124.55
2025-05-13,KR,P007,56,61,609.39
2025-05-13,KR,P009,0,0,0.0
2025-05-13,KR,P010,44,46,229.54
2025-05-13,KR,P011,48,51,1019.49
2025-05-13,KR,P012,8,8,639.92
2025-05-13,JP,P001,188,199,197.01
2025-05-13,JP,P002,88,96,479.04
2025-05-13,JP,P003,77,86,1289.14
2025-05-13,JP,P004,0,0,0.0
2025-05-13,JP,P005,100,108,862.92
2025-05-13,JP,P006,49,52,1299.48
2025-05-13,JP,P007,65,67,669.33
2025-05-13,JP,P009,0,0,0.0
2025-05-13,JP,P010,52,55,274.45
2025-05-13,JP,P011,31,32,639.68
2025-05-13,JP,P012,0,0,0.0
2025-05-13,GLOBAL_WEST,P001,227,239,236.61
2025-05-13,GLOBAL_WEST,P002,108,118,588.82
2025-05-13,GLOBAL_WEST,P003,115,121,1813.79
2025-05-13,GLOBAL_WEST,P004,0,0,0.0
2025-05-13,GLOBAL_WEST,P005,110,121,966.79
2025-05-13,GLOBAL_WEST,P006,54,58,1449.42
2025-05-13,GLOBAL_WEST,P007,87,90,899.1
2025-05-13,GLOBAL_WEST,P009,0,0,0.0
2025-05-13,GLOBAL_WEST,P010,81,85,424.15
2025-05-13,GLOBAL_WEST,P011,29,30,599.7
2025-05-13,GLOBAL_WEST,P012,17,17,1359.83
2025-05-14,KR,P001,141,158,156.42
2025-05-14,KR,P002,62,68,339.32
2025-05-14,KR,P003,64,71,1064.29
2025-05-14,KR,P004,0,0,0.0
2025-05-14,KR,P005,96,102,814.98
2025-05-14,KR,P006,38,40,999.6
2025-05-14,KR,P007,52,56,559.44
2025-05-14,KR,P009,0,0,0.0
2025-05-14,KR,P010,50,50,249.5
2025-05-14,KR,P011,32,34,679.66
2025-05-14,KR,P012,9,12,959.88
2025-05-14,JP,P001,172,185,183.15
2025-05-14,JP,P002,91,102,508.98
2025-05-14,JP,P003,102,115,1723.85
2025-05-14,JP,P004,0,0,0.0
2025-05-14,JP,P005,103,105,838.95
2025-05-14,JP,P006,44,49,1224.51
2025-05-14,JP,P007,57,61,609.39
2025-05-14,JP,P009,0,0,0.0
2025-05-14,JP,P010,40,43,214.57
2025-05-14,JP,P011,43,46,919.54
2025-05-14,JP,P012,12,14,1119.86
2025-05-14,GLOBAL_WEST,P001,209,229,226.71
2025-05-14,GLOBAL_WEST,P002,87,96,479.04
2025-05-14,GLOBAL_WEST,P003,102,110,1648.9
2025-05-14,GLOBAL_WEST,P004,0,0,0.0
2025-05-14,GLOBAL_WEST,P005,133,141,1126.59
2025-05-14,GLOBAL_WEST,P006,52,56,1399.44
2025-05-14,GLOBAL_WEST,P007,81,84,839.16
2025-05-14,GLOBAL_WEST,P009,0,0,0.0
2025-05-14,GLOBAL_WEST,P010,56,60,299.4
2025-05-14,GLOBAL_WEST,P011,51,54,1079.46
2025-05-14,GLOBAL_WEST,P012,28,29,2319.71
2025-05-15,KR,P001,194,204,201.96
2025-05-15,KR,P002,98,103,513.97
2025-05-15,KR,P003,80,87,1304.13
2025-05-15,KR,P004,0,0,0.0
2025-05-15,KR,P005,101,112,894.88
2025-05-15,KR,P006,62,66,1649.34
2025-05-15,KR,P007,62,67,669.33
2025-05-15,KR,P008,65,70,909.3
2025-05-15,KR,P009,0,0,0.0
2025-05-15,KR,P010,58,63,314.37
2025-05-15,KR,P011,37,38,759.62
2025-05-15,KR,P012,18,18,1439.82
2025-05-15,JP,P001,216,231,228.69
2025-05-15,JP,P002,131,148,738.52
2025-05-15,JP,P003,108,122,1828.78
2025-05-15,JP,P004,0,0,0.0
2025-05-15,JP,P005,130,134,1070.66
2025-05-15,JP,P006,76,77,1924.23
2025-05-15,JP,P007,62,70,699.3
2025-05-15,JP,P008,61,64,831.36
2025-05-15,JP,P009,0,0,0.0
2025-05-15,JP,P010,72,77,384.23
2025-05-15,JP,P011,48,51,1019.49
2025-05-15,JP,P012,31,33,2639.67
2025-05-15,GLOBAL_WEST,P001,282,302,298.98
2025-05-15,GLOBAL_WEST,P002,132,141,703.59
2025-05-15,GLOBAL_WEST,P003,140,156,2338.44
2025-05-15,GLOBAL_WEST,P004,0,0,0.0
2025-05-15,GLOBAL_WEST,P005,125,139,1110.61
2025-05-15,GLOBAL_WEST,P006,90,96,2399.04
2025-05-15,GLOBAL_WEST,P007,101,112,1118.88
2025-05-15,GLOBAL_WEST,P008,94,105,1363.95
2025-05-15,GLOBAL_WEST,P009,0,0,0.0
2025-05-15,GLOBAL_WEST,P010,87,92,459.08
2025-05-15,GLOBAL_WEST,P011,39,39,779.61
2025-05-15,GLOBAL_WEST,P012,1,1,79.99
2025-05-16,KR,P001,213,227,224.73
2025-05-16,KR,P002,96,102,508.98
2025-05-16,KR,P003,88,99,1484.01
2025-05-16,KR,P004,0,0,0.0
2025-05-16,KR,P005,103,110,878.9
2025-05-16,KR,P006,40,43,1074.57
2025-05-16,KR,P007,55,57,569.43
2025-05-16,KR,P008,67,78,1013.22
2025-05-16,KR,P009,0,0,0.0
2025-05-16,KR,P010,50,55,274.45
2025-05-16,KR,P011,41,44,879.56
2025-05-16,KR,P012,23,24,1919.76
2025-05-16,JP,P001,226,249,246.51
2025-05-16,JP,P002,108,116,578.84
2025-05-16,JP,P003,97,105,1573.95
2025-05-16,JP,P004,0,0,0.0
2025-05-16,JP,P005,114,127,1014.73
2025-05-16,JP,P006,72,78,1949.22
2025-05-16,JP,P007,85,90,899.1
2025-05-16,JP,P008,75,84,1091.16
2025-05-16,JP,P009,0,0,0.0
2025-05-16,JP,P010,63,72,359.28
2025-05-16,JP,P011,37,40,799.6
2025-05-16,JP,P012,11,11,879.89
2025-05-16,GLOBAL_WEST,P001,270,279,276.21
2025-05-16,GLOBAL_WEST,P002,143,158,788.42
2025-05-16,GLOBAL_WEST,P003,105,116,1738.84
2025-05-16,GLOBAL_WEST,P004,0,0,0.0
2025-05-16,GLOBAL_WEST,P005,168,174,1390.26
2025-05-16,GLOBAL_WEST,P006,70,73,1824.27
2025-05-16,GLOBAL_WEST,P007,103,105,1048.95
2025-05-16,GLOBAL_WEST,P008,97,103,1337.97
2025-05-16,GLOBAL_WEST,P009,0,0,0.0
2025-05-16,GLOBAL_WEST,P010,67,72,359.28
2025-05-16,GLOBAL_WEST,P011,26,28,559.72
2025-05-16,GLOBAL_WEST,P012,28,28,2239.72
2025-05-17,KR,P001,207,223,220.77
2025-05-17,KR,P002,93,103,513.97
2025-05-17,KR,P003,88,88,1319.12
2025-05-17,KR,P004,0,0,0.0
2025-05-17,KR,P005,109,117,934.83
2025-05-17,KR,P006,55,60,1499.4
2025-05-17,KR,P007,63,67,669.33
2025-05-17,KR,P008,61,67,870.33
2025-05-17,KR,P009,0,0,0.0
2025-05-17,KR,P010,61,64,319.36
2025-05-17,KR,P011,29,32,639.68
2025-05-17,KR,P012,4,4,319.96
2025-05-17,JP,P001,231,263,260.37
2025-05-17,JP,P002,107,117,583.83
2025-05-17,JP,P003,102,104,1558.96
2025-05-17,JP,P004,0,0,0.0
2025-05-17,JP,P005,118,126,1006.74
2025-05-17,JP,P006,64,68,1699.32
2025-05-17,JP,P007,65,71,709.29
2025-05-17,JP,P008,71,78,1013.22
2025-05-17,JP,P009,0,0,0.0
2025-05-17,JP,P010,61,68,339.32
2025-05-17,JP,P011,41,44,879.56
2025-05-17,JP,P012,12,14,1119.86
2025-05-17,GLOBAL_WEST,P001,286,314,310.86
2025-05-17,GLOBAL_WEST,P002,158,167,833.33
2025-05-17,GLOBAL_WEST,P003,110,113,1693.87
2025-05-17,GLOBAL_WEST,P004,0,0,0.0
2025-05-17,GLOBAL_WEST,P005,150,155,1238.45
2025-05-17,GLOBAL_WEST,P006,65,66,1649.34
2025-05-17,GLOBAL_WEST,P007,68,73,729.27
2025-05-17,GLOBAL_WEST,P008,75,78,1013.22
2025-05-17,GLOBAL_WEST,P009,0,0,0.0
2025-05-17,GLOBAL_WEST,P010,83,90,449.1
2025-05-17,GLOBAL_WEST,P011,63,68,1359.32
2025-05-17,GLOBAL_WEST,P012,14,15,1199.85
2025-05-18,KR,P001,189,202,199.98
2025-05-18,KR,P002,91,99,494.01
2025-05-18,KR,P003,93,102,1528.98
2025-05-18,KR,P004,0,0,0.0
2025-05-18,KR,P005,103,111,886.89
2025-05-18,KR,P006,78,85,2124.15
2025-05-18,KR,P007,70,74,739.26
2025-05-18,KR,P008,68,74,961.26
2025-05-18,KR,P009,0,0,0.0
2025-05-18,KR,P010,48,51,254.49
2025-05-18,KR,P011,38,41,819.59
2025-05-18,KR,P012,22,24,1919.76
2025-05-18,JP,P001,234,263,260.37
2025-05-18,JP,P002,102,108,538.92
2025-05-18,JP,P003,93,100,1499.0
2025-05-18,JP,P004,0,0,0.0
2025-05-18,JP,P005,113,119,950.81
2025-05-18,JP,P006,91,95,2374.05
2025-05-18,JP,P007,64,68,679.32
2025-05-18,JP,P008,70,80,1039.2
2025-05-18,JP,P009,0,0,0.0
2025-05-18,JP,P010,80,86,429.14
2025-05-18,JP,P011,43,44,879.56
2025-05-18,JP,P012,17,17,1359.83
2025-05-18,GLOBAL_WEST,P001,313,345,341.55
2025-05-18,GLOBAL_WEST,P002,163,175,873.25
2025-05-18,GLOBAL_WEST,P003,120,136,2038.64
2025-05-18,GLOBAL_WEST,P004,0,0,0.0
2025-05-18,GLOBAL_WEST,P005,138,152,1214.48
2025-05-18,GLOBAL_WEST,P006,116,129,3223.71
2025-05-18,GLOBAL_WEST,P007,77,80,799.2
2025-05-18,GLOBAL_WEST,P008,83,92,1195.08
2025-05-18,GLOBAL_WEST,P009,0,0,0.0
2025-05-18,GLOBAL_WEST,P010,75,85,424.15
2025-05-18,GLOBAL_WEST,P011,64,66,1319.34
2025-05-18,GLOBAL_WEST,P012,37,39,3119.61
2025-05-19,KR,P001,221,230,227.7
2025-05-19,KR,P002,96,102,508.98
2025-05-19,KR,P003,98,110,1648.9
2025-05-19,KR,P004,0,0,0.0
2025-05-19,KR,P005,97,102,814.98
2025-05-19,KR,P006,56,59,1474.41
2025-05-19,KR,P007,60,63,629.37
2025-05-19,KR,P008,74,82,1065.18
2025-05-19,KR,P009,0,0,0.0
2025-05-19,KR,P010,73,76,379.24
2025-05-19,KR,P011,35,37,739.63
2025-05-19,KR,P012,2,2,159.98
2025-05-19,JP,P001,216,233,230.67
2025-05-19,JP,P002,116,129,643.71
2025-05-19,JP,P003,104,109,1633.91
2025-05-19,JP,P004,0,0,0.0
2025-05-19,JP,P005,107,117,934.83
2025-05-19,JP,P006,60,66,1649.34
2025-05-19,JP,P007,49,53,529.47
2025-05-19,JP,P008,59,65,844.35
2025-05-19,JP,P009,0,0,0.0
2025-05-19,JP,P010,55,59,294.41
2025-05-19,JP,P011,38,40,799.6
2025-05-19,JP,P012,11,11,879.89
2025-05-19,GLOBAL_WEST,P001,309,337,333.63
2025-05-19,GLOBAL_WEST,P002,144,153,763.47
2025-05-19,GLOBAL_WEST,P003,124,131,1963.69
2025-05-19,GLOBAL_WEST,P004,0,0,0.0
2025-05-19,GLOBAL_WEST,P005,169,183,1462.17
2025-05-19,GLOBAL_WEST,P006,102,110,2748.9
2025-05-19,GLOBAL_WEST,P007,114,126,1258.74
2025-05-19,GLOBAL_WEST,P008,83,88,1143.12
2025-05-19,GLOBAL_WEST,P009,0,0,0.0
2025-05-19,GLOBAL_WEST,P010,107,114,568.86
2025-05-19,GLOBAL_WEST,P011,54,58,1159.42
2025-05-19,GLOBAL_WEST,P012,44,45,3599.55
2025-05-20,KR,P001,199,216,213.84
2025-05-20,KR,P002,121,133,663.67
2025-05-20,KR,P003,96,100,1499.0
2025-05-20,KR,P004,0,0,0.0
2025-05-20,KR,P005,103,114,910.86
2025-05-20,KR,P006,66,73,1824.27
2025-05-20,KR,P007,55,58,579.42
2025-05-20,KR,P008,75,79,1026.21
2025-05-20,KR,P009,0,0,0.0
2025-05-20,KR,P010,58,63,314.37
2025-05-20,KR,P011,47,50,999.5
2025-05-20,KR,P012,15,15,1199.85
2025-05-20,JP,P001,226,239,236.61
2025-05-20,JP,P002,117,131,653.69
2025-05-20,JP,P003,110,116,1738.84
2025-05-20,JP,P004,0,0,0.0
2025-05-20,JP,P005,121,131,1046.69
2025-05-20,JP,P006,76,79,1974.21
2025-05-20,JP,P007,79,83,829.17
2025-05-20,JP,P008,67,74,961.26
2025-05-20,JP,P009,0,0,0.0
2025-05-20,JP,P010,61,63,314.37
2025-05-20,JP,P011,27,29,579.71
2025-05-20,JP,P012,21,22,1759.78
2025-05-20,GLOBAL_WEST,P001,314,358,354.42
2025-05-20,GLOBAL_WEST,P002,129,144,718.56
2025-05-20,GLOBAL_WEST,P003,110,115,1723.85
2025-05-20,GLOBAL_WEST,P004,0,0,0.0
2025-05-20,GLOBAL_WEST,P005,133,141,1126.59
2025-05-20,GLOBAL_WEST,P006,53,56,1399.44
2025-05-20,GLOBAL_WEST,P007,80,83,829.17
2025-05-20,GLOBAL_WEST,P008,80,84,1091.16
2025-05-20,GLOBAL_WEST,P009,0,0,0.0
2025-05-20,GLOBAL_WEST,P010,92,99,494.01
2025-05-20,GLOBAL_WEST,P011,49,54,1079.46
2025-05-20,GLOBAL_WEST,P012,18,19,1519.81
2025-05-21,KR,P001,192,201,198.99
2025-05-21,KR,P002,110,117,583.83
2025-05-21,KR,P003,91,99,1484.01
2025-05-21,KR,P004,0,0,0.0
2025-05-21,KR,P005,106,114,910.86
2025-05-21,KR,P006,69,77,1924.23
2025-05-21,KR,P007,55,60,599.4
2025-05-21,KR,P008,73,75,974.25
2025-05-21,KR,P009,0,0,0.0
2025-05-21,KR,P010,60,63,314.37
2025-05-21,KR,P011,30,31,619.69
2025-05-21,KR,P012,24,24,1919.76
2025-05-21,JP,P001,235,252,249.48
2025-05-21,JP,P002,119,127,633.73
2025-05-21,JP,P003,117,133,1993.67
2025-05-21,JP,P004,0,0,0.0
2025-05-21,JP,P005,113,124,990.76
2025-05-21,JP,P006,75,77,1924.23
2025-05-21,JP,P007,69,73,729.27
2025-05-21,JP,P008,75,76,987.24
2025-05-21,JP,P009,0,0,0.0
2025-05-21,JP,P010,62,66,329.34
2025-05-21,JP,P011,34,34,679.66
2025-05-21,JP,P012,30,31,2479.69
2025-05-21,GLOBAL_WEST,P001,275,299,296.01
2025-05-21,GLOBAL_WEST,P002,175,187,933.13
2025-05-21,GLOBAL_WEST,P003,130,139,2083.61
2025-05-21,GLOBAL_WEST,P004,0,0,0.0
2025-05-21,GLOBAL_WEST,P005,159,170,1358.3
2025-05-21,GLOBAL_WEST,P006,89,92,2299.08
2025-05-21,GLOBAL_WEST,P007,105,111,1108.89
2025-05-21,GLOBAL_WEST,P008,96,103,1337.97
2025-05-21,GLOBAL_WEST,P009,0,0,0.0
2025-05-21,GLOBAL_WEST,P010,70,72,359.28
2025-05-21,GLOBAL_WEST,P011,75,80,1599.2
2025-05-21,GLOBAL_WEST,P012,27,31,2479.69
2025-05-22,KR,P001,206,219,216.81
2025-05-22,KR,P002,102,107,533.93
2025-05-22,KR,P003,86,92,1379.08
2025-05-22,KR,P004,0,0,0.0
2025-05-22,KR,P005,110,115,918.85
2025-05-22,KR,P006,71,76,1899.24
2025-05-22,KR,P007,57,60,599.4
2025-05-22,KR,P008,72,79,1026.21
2025-05-22,KR,P009,0,0,0.0
2025-05-22,KR,P010,52,56,279.44
2025-05-22,KR,P011,39,41,819.59
2025-05-22,KR,P012,17,18,1439.82
2025-05-22,JP,P001,235,249,246.51
2025-05-22,JP,P002,114,125,623.75
2025-05-22,JP,P003,92,94,1409.06
2025-05-22,JP,P004,0,0,0.0
2025-05-22,JP,P005,110,117,934.83
2025-05-22,JP,P006,64,66,1649.34
2025-05-22,JP,P007,78,83,829.17
2025-05-22,JP,P008,83,89,1156.11
2025-05-22,JP,P009,0,0,0.0
2025-05-22,JP,P010,74,79,394.21
2025-05-22,JP,P011,54,57,1139.43
2025-05-22,JP,P012,18,21,1679.79
2025-05-22,GLOBAL_WEST,P001,325,342,338.58
2025-05-22,GLOBAL_WEST,P002,179,198,988.02
2025-05-22,GLOBAL_WEST,P003,152,165,2473.35
2025-05-22,GLOBAL_WEST,P004,0,0,0.0
2025-05-22,GLOBAL_WEST,P005,166,182,1454.18
2025-05-22,GLOBAL_WEST,P006,74,78,1949.22
2025-05-22,GLOBAL_WEST,P007,92,93,929.07
2025-05-22,GLOBAL_WEST,P008,100,110,1428.9
2025-05-22,GLOBAL_WEST,P009,0,0,0.0
2025-05-22,GLOBAL_WEST,P010,64,65,324.35
2025-05-22,GLOBAL_WEST,P011,33,34,679.66
2025-05-22,GLOBAL_WEST,P012,26,28,2239.72
2025-05-23,KR,P001,218,237,234.63
2025-05-23,KR,P002,110,118,588.82
2025-05-23,KR,P003,82,93,1394.07
2025-05-23,KR,P004,0,0,0.0
2025-05-23,KR,P005,99,107,854.93
2025-05-23,KR,P006,63,66,1649.34
2025-05-23,KR,P007,59,66,659.34
2025-05-23,KR,P008,55,62,805.38
2025-05-23,KR,P009,0,0,0.0
2025-05-23,KR,P010,53,56,279.44
2025-05-23,KR,P011,23,24,479.76
2025-05-23,KR,P012,16,16,1279.84
2025-05-23,JP,P001,231,248,245.52
2025-05-23,JP,P002,101,109,543.91
2025-05-23,JP,P003,105,110,1648.9
2025-05-23,JP,P004,0,0,0.0
2025-05-23,JP,P005,118,133,1062.67
2025-05-23,JP,P006,68,73,1824.27
2025-05-23,JP,P007,39,42,419.58
2025-05-23,JP,P008,90,97,1260.03
2025-05-23,JP,P009,0,0,0.0
2025-05-23,JP,P010,70,71,354.29
2025-05-23,JP,P011,35,36,719.64
2025-05-23,JP,P012,34,34,2719.66
2025-05-23,GLOBAL_WEST,P001,313,344,340.56
2025-05-23,GLOBAL_WEST,P002,135,146,728.54
2025-05-23,GLOBAL_WEST,P003,114,120,1798.8
2025-05-23,GLOBAL_WEST,P004,0,0,0.0
2025-05-23,GLOBAL_WEST,P005,170,180,1438.2
2025-05-23,GLOBAL_WEST,P006,72,76,1899.24
2025-05-23,GLOBAL_WEST,P007,80,84,839.16
2025-05-23,GLOBAL_WEST,P008,120,124,1610.76
2025-05-23,GLOBAL_WEST,P009,0,0,0.0
2025-05-23,GLOBAL_WEST,P010,104,112,558.88
2025-05-23,GLOBAL_WEST,P011,23,24,479.76
2025-05-23,GLOBAL_WEST,P012,50,53,4239.47
2025-05-24,KR,P001,201,219,216.81
2025-05-24,KR,P002,106,113,563.87
2025-05-24,KR,P003,95,104,1558.96
2025-05-24,KR,P004,0,0,0.0
2025-05-24,KR,P005,111,121,966.79
2025-05-24,KR,P006,52,56,1399.44
2025-05-24,KR,P007,83,89,889.11
2025-05-24,KR,P008,71,78,1013.22
2025-05-24,KR,P009,0,0,0.0
2025-05-24,KR,P010,75,81,404.19
2025-05-24,KR,P011,56,62,1239.38
2025-05-24,KR,P012,14,15,1199.85
2025-05-24,JP,P001,207,237,234.63
2025-05-24,JP,P002,117,125,623.75
2025-05-24,JP,P003,90,97,1454.03
2025-05-24,JP,P004,0,0,0.0
2025-05-24,JP,P005,115,130,1038.7
2025-05-24,JP,P006,57,64,1599.36
2025-05-24,JP,P007,69,74,739.26
2025-05-24,JP,P008,52,55,714.45
2025-05-24,JP,P009,0,0,0.0
2025-05-24,JP,P010,68,70,349.3
2025-05-24,JP,P011,42,45,899.55
2025-05-24,JP,P012,20,20,1599.8
2025-05-24,GLOBAL_WEST,P001,320,338,334.62
2025-05-24,GLOBAL_WEST,P002,165,171,853.29
2025-05-24,GLOBAL_WEST,P003,157,166,2488.34
2025-05-24,GLOBAL_WEST,P004,0,0,0.0
2025-05-24,GLOBAL_WEST,P005,168,188,1502.12
2025-05-24,GLOBAL_WEST,P006,80,86,2149.14
2025-05-24,GLOBAL_WEST,P007,120,134,1338.66
2025-05-24,GLOBAL_WEST,P008,78,84,1091.16
2025-05-24,GLOBAL_WEST,P009,0,0,0.0
2025-05-24,GLOBAL_WEST,P010,105,105,523.95
2025-05-24,GLOBAL_WEST,P011,46,49,979.51
2025-05-24,GLOBAL_WEST,P012,41,44,3519.56
2025-05-25,KR,P001,208,222,219.78
2025-05-25,KR,P002,111,119,593.81
2025-05-25,KR,P003,93,102,1528.98
2025-05-25,KR,P004,0,0,0.0
2025-05-25,KR,P005,109,116,926.84
2025-05-25,KR,P006,66,73,1824.27
2025-05-25,KR,P007,53,57,569.43
2025-05-25,KR,P008,78,81,1052.19
2025-05-25,KR,P009,0,0,0.0
2025-05-25,KR,P010,44,46,229.54
2025-05-25,KR,P011,35,38,759.62
2025-05-25,KR,P012,0,0,0.0
2025-05-25,JP,P001,225,239,236.61
2025-05-25,JP,P002,114,123,613.77
2025-05-25,JP,P003,102,108,1618.92
2025-05-25,JP,P004,0,0,0.0
2025-05-25,JP,P005,123,133,1062.67
2025-05-25,JP,P006,63,63,1574.37
2025-05-25,JP,P007,78,85,849.15
2025-05-25,JP,P008,75,81,1052.19
2025-05-25,JP,P009,0,0,0.0
2025-05-25,JP,P010,54,57,284.43
2025-05-25,JP,P011,27,28,559.72
2025-05-25,JP,P012,31,32,2559.68
2025-05-25,GLOBAL_WEST,P001,334,363,359.37
2025-05-25,GLOBAL_WEST,P002,136,141,703.59
2025-05-25,GLOBAL_WEST,P003,132,143,2143.57
2025-05-25,GLOBAL_WEST,P004,0,0,0.0
2025-05-25,GLOBAL_WEST,P005,193,200,1598.0
2025-05-25,GLOBAL_WEST,P006,102,109,2723.91
2025-05-25,GLOBAL_WEST,P007,97,104,1038.96
2025-05-25,GLOBAL_WEST,P008,104,112,1454.88
2025-05-25,GLOBAL_WEST,P009,0,0,0.0
2025-05-25,GLOBAL_WEST,P010,70,75,374.25
2025-05-25,GLOBAL_WEST,P011,67,72,1439.28
2025-05-25,GLOBAL_WEST,P012,41,44,3519.56
2025-05-26,KR,P001,202,215,212.85
2025-05-26,KR,P002,91,96,479.04
2025-05-26,KR,P003,95,107,1603.93
2025-05-26,KR,P004,0,0,0.0
2025-05-26,KR,P005,108,119,950.81
2025-05-26,KR,P006,52,54,1349.46
2025-05-26,KR,P007,59,59,589.41
2025-05-26,KR,P008,59,63,818.37
2025-05-26,KR,P009,0,0,0.0
2025-05-26,KR,P010,49,52,259.48
2025-05-26,KR,P011,43,44,879.56
2025-05-26,KR,P012,22,22,1759.78
2025-05-26,JP,P001,227,244,241.56
2025-05-26,JP,P002,112,121,603.79
2025-05-26,JP,P003,96,102,1528.98
2025-05-26,JP,P004,0,0,0.0
2025-05-26,JP,P005,113,116,926.84
2025-05-26,JP,P006,61,65,1624.35
2025-05-26,JP,P007,51,55,549.45
2025-05-26,JP,P008,78,83,1078.17
2025-05-26,JP,P009,0,0,0.0
2025-05-26,JP,P010,63,64,319.36
2025-05-26,JP,P011,44,47,939.53
2025-05-26,JP,P012,31,33,2639.67
2025-05-26,GLOBAL_WEST,P001,334,342,338.58
2025-05-26,GLOBAL_WEST,P002,165,183,913.17
2025-05-26,GLOBAL_WEST,P003,144,149,2233.51
2025-05-26,GLOBAL_WEST,P004,0,0,0.0
2025-05-26,GLOBAL_WEST,P005,130,135,1078.65
2025-05-26,GLOBAL_WEST,P006,68,73,1824.27
2025-05-26,GLOBAL_WEST,P007,113,124,1238.76
2025-05-26,GLOBAL_WEST,P008,106,113,1467.87
2025-05-26,GLOBAL_WEST,P009,0,0,0.0
2025-05-26,GLOBAL_WEST,P010,63,70,349.3
2025-05-26,GLOBAL_WEST,P011,52,55,1099.45
2025-05-26,GLOBAL_WEST,P012,37,39,3119.61
2025-05-27,KR,P001,208,235,232.65
2025-05-27,KR,P002,111,124,618.76
2025-05-27,KR,P003,110,114,1708.86
2025-05-27,KR,P004,0,0,0.0
2025-05-27,KR,P005,112,124,990.76
2025-05-27,KR,P006,79,86,2149.14
2025-05-27,KR,P007,68,71,709.29
2025-05-27,KR,P008,70,74,961.26
2025-05-27,KR,P009,0,0,0.0
2025-05-27,KR,P010,69,72,359.28
2025-05-27,KR,P011,30,31,619.69
2025-05-27,KR,P012,18,19,1519.81
2025-05-27,JP,P001,239,270,267.3
2025-05-27,JP,P002,109,116,578.84
2025-05-27,JP,P003,119,130,1948.7
2025-05-27,JP,P004,0,0,0.0
2025-05-27,JP,P005,125,136,1086.64
2025-05-27,JP,P006,68,76,1899.24
2025-05-27,JP,P007,56,62,619.38
2025-05-27,JP,P008,95,105,1363.95
2025-05-27,JP,P009,0,0,0.0
2025-05-27,JP,P010,61,64,319.36
2025-05-27,JP,P011,43,44,879.56
2025-05-27,JP,P012,39,44,3519.56
2025-05-27,GLOBAL_WEST,P001,316,336,332.64
2025-05-27,GLOBAL_WEST,P002,159,162,808.38
2025-05-27,GLOBAL_WEST,P003,155,160,2398.4
2025-05-27,GLOBAL_WEST,P004,0,0,0.0
2025-05-27,GLOBAL_WEST,P005,137,149,1190.51
2025-05-27,GLOBAL_WEST,P006,87,91,2274.09
2025-05-27,GLOBAL_WEST,P007,119,130,1298.7
2025-05-27,GLOBAL_WEST,P008,73,78,1013.22
2025-05-27,GLOBAL_WEST,P009,0,0,0.0
2025-05-27,GLOBAL_WEST,P010,86,92,459.08
2025-05-27,GLOBAL_WEST,P011,77,85,1699.15
2025-05-27,GLOBAL_WEST,P012,39,41,3279.59
2025-05-28,KR,P001,212,228,225.72
2025-05-28,KR,P002,115,125,623.75
2025-05-28,KR,P003,110,118,1768.82
2025-05-28,KR,P004,0,0,0.0
2025-05-28,KR,P005,116,120,958.8
2025-05-28,KR,P006,55,61,1524.39
2025-05-28,KR,P007,75,85,849.15
2025-05-28,KR,P008,82,86,1117.14
2025-05-28,KR,P009,0,0,0.0
2025-05-28,KR,P010,55,58,289.42
2025-05-28,KR,P011,45,47,939.53
2025-05-28,KR,P012,10,10,799.9
2025-05-28,JP,P001,246,275,272.25
2025-05-28,JP,P002,119,129,643.71
2025-05-28,JP,P003,92,99,1484.01
2025-05-28,JP,P004,0,0,0.0
2025-05-28,JP,P005,121,127,1014.73
2025-05-28,JP,P006,77,85,2124.15
2025-05-28,JP,P007,72,76,759.24
2025-05-28,JP,P008,69,74,961.26
2025-05-28,JP,P009,0,0,0.0
2025-05-28,JP,P010,58,66,329.34
2025-05-28,JP,P011,47,52,1039.48
2025-05-28,JP,P012,20,20,1599.8
2025-05-28,GLOBAL_WEST,P001,310,331,327.69
2025-05-28,GLOBAL_WEST,P002,124,137,683.63
2025-05-28,GLOBAL_WEST,P003,135,150,2248.5
2025-05-28,GLOBAL_WEST,P004,0,0,0.0
2025-05-28,GLOBAL_WEST,P005,158,169,1350.31
2025-05-28,GLOBAL_WEST,P006,75,80,1999.2
2025-05-28,GLOBAL_WEST,P007,97,107,1068.93
2025-05-28,GLOBAL_WEST,P008,102,105,1363.95
2025-05-28,GLOBAL_WEST,P009,0,0,0.0
2025-05-28,GLOBAL_WEST,P010,76,79,394.21
2025-05-28,GLOBAL_WEST,P011,31,34,679.66
2025-05-28,GLOBAL_WEST,P012,38,40,3199.6
2025-05-29,KR,P001,201,228,225.72
2025-05-29,KR,P002,94,102,508.98
2025-05-29,KR,P003,92,101,1513.99
2025-05-29,KR,P004,0,0,0.0
2025-05-29,KR,P005,110,121,966.79
2025-05-29,KR,P006,60,63,1574.37
2025-05-29,KR,P007,52,53,529.47
2025-05-29,KR,P008,55,60,779.4
2025-05-29,KR,P009,0,0,0.0
2025-05-29,KR,P010,46,49,244.51
2025-05-29,KR,P011,41,43,859.57
2025-05-29,KR,P012,5,5,399.95
2025-05-29,JP,P001,236,261,258.39
2025-05-29,JP,P002,103,110,548.9
2025-05-29,JP,P003,119,129,1933.71
2025-05-29,JP,P004,0,0,0.0
2025-05-29,JP,P005,111,120,958.8
2025-05-29,JP,P006,59,62,1549.38
2025-05-29,JP,P007,75,82,819.18
2025-05-29,JP,P008,71,76,987.24
2025-05-29,JP,P009,0,0,0.0
2025-05-29,JP,P010,68,76,379.24
2025-05-29,JP,P011,33,34,679.66
2025-05-29,JP,P012,45,48,3839.52
2025-05-29,GLOBAL_WEST,P001,325,359,355.41
2025-05-29,GLOBAL_WEST,P002,155,171,853.29
2025-05-29,GLOBAL_WEST,P003,135,140,2098.6
2025-05-29,GLOBAL_WEST,P004,0,0,0.0
2025-05-29,GLOBAL_WEST,P005,153,168,1342.32
2025-05-29,GLOBAL_WEST,P006,78,84,2099.16
2025-05-29,GLOBAL_WEST,P007,93,96,959.04
2025-05-29,GLOBAL_WEST,P008,109,113,1467.87
2025-05-29,GLOBAL_WEST,P009,0,0,0.0
2025-05-29,GLOBAL_WEST,P010,84,91,454.09
2025-05-29,GLOBAL_WEST,P011,65,70,1399.3
2025-05-29,GLOBAL_WEST,P012,0,0,0.0
2025-05-30,KR,P001,216,221,218.79
2025-05-30,KR,P002,104,116,578.84
2025-05-30,KR,P003,102,111,1663.89
2025-05-30,KR,P004,0,0,0.0
2025-05-30,KR,P005,135,150,1198.5
2025-05-30,KR,P006,55,59,1474.41
2025-05-30,KR,P007,65,70,699.3
2025-05-30,KR,P008,73,82,1065.18
2025-05-30,KR,P009,0,0,0.0
2025-05-30,KR,P010,49,50,249.5
2025-05-30,KR,P011,43,45,899.55
2025-05-30,KR,P012,7,7,559.93
2025-05-30,JP,P001,257,269,266.31
2025-05-30,JP,P002,118,128,638.72
2025-05-30,JP,P003,110,116,1738.84
2025-05-30,JP,P004,0,0,0.0
2025-05-30,JP,P005,103,109,870.91
2025-05-30,JP,P006,82,85,2124.15
2025-05-30,JP,P007,71,72,719.28
2025-05-30,JP,P008,71,75,974.25
2025-05-30,JP,P009,0,0,0.0
2025-05-30,JP,P010,89,95,474.05
2025-05-30,JP,P011,56,59,1179.41
2025-05-30,JP,P012,13,13,1039.87
2025-05-30,GLOBAL_WEST,P001,313,346,342.54
2025-05-30,GLOBAL_WEST,P002,152,163,813.37
2025-05-30,GLOBAL_WEST,P003,126,131,1963.69
2025-05-30,GLOBAL_WEST,P004,0,0,0.0
2025-05-30,GLOBAL_WEST,P005,168,178,1422.22
2025-05-30,GLOBAL_WEST,P006,84,91,2274.09
2025-05-30,GLOBAL_WEST,P007,81,87,869.13
2025-05-30,GLOBAL_WEST,P008,108,115,1493.85
2025-05-30,GLOBAL_WEST,P009,0,0,0.0
2025-05-30,GLOBAL_WEST,P010,73,75,374.25
2025-05-30,GLOBAL_WEST,P011,36,41,819.59
2025-05-30,GLOBAL_WEST,P012,21,22,1759.78
2025-05-31,KR,P001,210,230,227.7
2025-05-31,KR,P002,109,119,593.81
2025-05-31,KR,P003,94,106,1588.94
2025-05-31,KR,P004,0,0,0.0
2025-05-31,KR,P005,102,113,902.87
2025-05-31,KR,P006,39,41,1024.59
2025-05-31,KR,P007,74,78,779.22
2025-05-31,KR,P008,71,78,1013.22
2025-05-31,KR,P009,0,0,0.0
2025-05-31,KR,P010,39,41,204.59
2025-05-31,KR,P011,31,32,639.68
2025-05-31,KR,P012,24,25,1999.75
2025-05-31,JP,P001,239,259,256.41
2025-05-31,JP,P002,127,138,688.62
2025-05-31,JP,P003,107,113,1693.87
2025-05-31,JP,P004,0,0,0.0
2025-05-31,JP,P005,119,135,1078.65
2025-05-31,JP,P006,58,64,1599.36
2025-05-31,JP,P007,74,78,779.22
2025-05-31,JP,P008,91,99,1286.01
2025-05-31,JP,P009,0,0,0.0
2025-05-31,JP,P010,81,89,444.11
2025-05-31,JP,P011,44,47,939.53
2025-05-31,JP,P012,1,1,79.99
2025-05-31,GLOBAL_WEST,P001,294,324,320.76
2025-05-31,GLOBAL_WEST,P002,127,137,683.63
2025-05-31,GLOBAL_WEST,P003,147,159,2383.41
2025-05-31,GLOBAL_WEST,P004,0,0,0.0
2025-05-31,GLOBAL_WEST,P005,139,145,1158.55
2025-05-31,GLOBAL_WEST,P006,113,121,3023.79
2025-05-31,GLOBAL_WEST,P007,100,110,1098.9
2025-05-31,GLOBAL_WEST,P008,100,106,1376.94
2025-05-31,GLOBAL_WEST,P009,0,0,0.0
2025-05-31,GLOBAL_WEST,P010,86,89,444.11
2025-05-31,GLOBAL_WEST,P011,64,68,1359.32
2025-05-31,GLOBAL_WEST,P012,14,14,1119.86
2025-06-01,KR,P001,205,227,224.73
2025-06-01,KR,P002,109,118,588.82
2025-06-01,KR,P003,93,99,1484.01
2025-06-01,KR,P004,0,0,0.0
2025-06-01,KR,P005,116,131,1046.69
2025-06-01,KR,P006,59,61,1524.39
2025-06-01,KR,P007,40,43,429.57
2025-06-01,KR,P008,76,79,1026.21
2025-06-01,KR,P009,0,0,0.0
2025-06-01,KR,P010,64,71,354.29
2025-06-01,KR,P011,59,67,1339.33
2025-06-01,KR,P012,5,5,399.95
2025-06-01,JP,P001,236,255,252.45
2025-06-01,JP,P002,102,111,553.89
2025-06-01,JP,P003,95,105,1573.95
2025-06-01,JP,P004,0,0,0.0
2025-06-01,JP,P005,109,113,902.87
2025-06-01,JP,P006,70,75,1874.25
2025-06-01,JP,P007,90,91,909.09
2025-06-01,JP,P008,81,85,1104.15
2025-06-01,JP,P009,0,0,0.0
2025-06-01,JP,P010,79,82,409.18
2025-06-01,JP,P011,44,45,899.55
2025-06-01,JP,P012,12,12,959.88
2025-06-01,GLOBAL_WEST,P001,323,359,355.41
2025-06-01,GLOBAL_WEST,P002,140,152,758.48
2025-06-01,GLOBAL_WEST,P003,149,164,2458.36
2025-06-01,GLOBAL_WEST,P004,0,0,0.0
2025-06-01,GLOBAL_WEST,P005,169,177,1414.23
2025-06-01,GLOBAL_WEST,P006,66,70,1749.3
2025-06-01,GLOBAL_WEST,P007,108,116,1158.84
2025-06-01,GLOBAL_WEST,P008,126,138,1792.62
2025-06-01,GLOBAL_WEST,P009,0,0,0.0
2025-06-01,GLOBAL_WEST,P010,111,119,593.81
2025-06-01,GLOBAL_WEST,P011,50,52,1039.48
2025-06-01,GLOBAL_WEST,P012,40,44,3519.56
2025-06-02,KR,P001,208,236,233.64
2025-06-02,KR,P002,102,113,563.87
2025-06-02,KR,P003,91,100,1499.0
2025-06-02,KR,P004,0,0,0.0
2025-06-02,KR,P005,106,115,918.85
2025-06-02,KR,P006,51,53,1324.47
2025-06-02,KR,P007,50,52,519.48
2025-06-02,KR,P008,66,70,909.3
2025-06-02,KR,P009,0,0,0.0
2025-06-02,KR,P010,73,78,389.22
2025-06-02,KR,P011,40,44,879.56
2025-06-02,KR,P012,11,12,959.88
2025-06-02,JP,P001,262,284,281.16
2025-06-02,JP,P002,116,127,633.73
2025-06-02,JP,P003,119,127,1903.73
2025-06-02,JP,P004,0,0,0.0
2025-06-02,JP,P005,116,125,998.75
2025-06-02,JP,P006,53,57,1424.43
2025-06-02,JP,P007,85,94,939.06
2025-06-02,JP,P008,95,106,1376.94
2025-06-02,JP,P009,0,0,0.0
2025-06-02,JP,P010,78,82,409.18
2025-06-02,JP,P011,47,52,1039.48
2025-06-02,JP,P012,22,23,1839.77
2025-06-02,GLOBAL_WEST,P001,325,349,345.51
2025-06-02,GLOBAL_WEST,P002,171,184,918.16
2025-06-02,GLOBAL_WEST,P003,149,164,2458.36
2025-06-02,GLOBAL_WEST,P004,0,0,0.0
2025-06-02,GLOBAL_WEST,P005,171,184,1470.16
2025-06-02,GLOBAL_WEST,P006,102,114,2848.86
2025-06-02,GLOBAL_WEST,P007,90,93,929.07
2025-06-02,GLOBAL_WEST,P008,106,110,1428.9
2025-06-02,GLOBAL_WEST,P009,0,0,0.0
2025-06-02,GLOBAL_WEST,P010,73,74,369.26
2025-06-02,GLOBAL_WEST,P011,61,65,1299.35
2025-06-02,GLOBAL_WEST,P012,32,34,2719.66
2025-06-03,KR,P001,217,228,225.72
2025-06-03,KR,P002,104,111,553.89
2025-06-03,KR,P003,88,96,1439.04
2025-06-03,KR,P004,0,0,0.0
2025-06-03,KR,P005,119,126,1006.74
2025-06-03,KR,P006,76,82,2049.18
2025-06-03,KR,P007,63,68,679.32
2025-06-03,KR,P008,72,81,1052.19
2025-06-03,KR,P009,0,0,0.0
2025-06-03,KR,P010,39,44,219.56
2025-06-03,KR,P011,33,35,699.65
2025-06-03,KR,P012,16,17,1359.83
2025-06-03,JP,P001,238,262,259.38
2025-06-03,JP,P002,112,117,583.83
2025-06-03,JP,P003,104,110,1648.9
2025-06-03,JP,P004,0,0,0.0
2025-06-03,JP,P005,117,127,1014.73
2025-06-03,JP,P006,67,72,1799.28
2025-06-03,JP,P007,61,64,639.36
2025-06-03,JP,P008,81,88,1143.12
2025-06-03,JP,P009,0,0,0.0
2025-06-03,JP,P010,54,54,269.46
2025-06-03,JP,P011,30,33,659.67
2025-06-03,JP,P012,18,19,1519.81
2025-06-03,GLOBAL_WEST,P001,330,348,344.52
2025-06-03,GLOBAL_WEST,P002,165,172,858.28
2025-06-03,GLOBAL_WEST,P003,146,154,2308.46
2025-06-03,GLOBAL_WEST,P004,0,0,0.0
2025-06-03,GLOBAL_WEST,P005,157,161,1286.39
2025-06-03,GLOBAL_WEST,P006,80,88,2199.12
2025-06-03,GLOBAL_WEST,P007,112,115,1148.85
2025-06-03,GLOBAL_WEST,P008,153,167,2169.33
2025-06-03,GLOBAL_WEST,P009,0,0,0.0
2025-06-03,GLOBAL_WEST,P010,88,94,469.06
2025-06-03,GLOBAL_WEST,P011,52,56,1119.44
2025-06-03,GLOBAL_WEST,P012,29,30,2399.7
2025-06-04,KR,P001,202,219,216.81
2025-06-04,KR,P002,97,104,518.96
2025-06-04,KR,P003,97,104,1558.96
2025-06-04,KR,P004,0,0,0.0
2025-06-04,KR,P005,108,117,934.83
2025-06-04,KR,P006,35,39,974.61
2025-06-04,KR,P007,56,59,589.41
2025-06-04,KR,P008,58,62,805.38
2025-06-04,KR,P009,0,0,0.0
2025-06-04,KR,P010,54,61,304.39
2025-06-04,KR,P011,46,47,939.53
2025-06-04,KR,P012,10,10,799.9
2025-06-04,JP,P001,242,261,258.39
2025-06-04,JP,P002,103,108,538.92
2025-06-04,JP,P003,117,124,1858.76
2025-06-04,JP,P004,0,0,0.0
2025-06-04,JP,P005,108,114,910.86
2025-06-04,JP,P006,54,59,1474.41
2025-06-04,JP,P007,66,70,699.3
2025-06-04,JP,P008,69,73,948.27
2025-06-04,JP,P009,0,0,0.0
2025-06-04,JP,P010,55,57,284.43
2025-06-04,JP,P011,42,45,899.55
2025-06-04,JP,P012,18,19,1519.81
2025-06-04,GLOBAL_WEST,P001,334,362,358.38
2025-06-04,GLOBAL_WEST,P002,155,169,843.31
2025-06-04,GLOBAL_WEST,P003,155,166,2488.34
2025-06-04,GLOBAL_WEST,P004,0,0,0.0
2025-06-04,GLOBAL_WEST,P005,153,164,1310.36
2025-06-04,GLOBAL_WEST,P006,106,107,2673.93
2025-06-04,GLOBAL_WEST,P007,106,110,1098.9
2025-06-04,GLOBAL_WEST,P008,117,126,1636.74
2025-06-04,GLOBAL_WEST,P009,0,0,0.0
2025-06-04,GLOBAL_WEST,P010,73,77,384.23
2025-06-04,GLOBAL_WEST,P011,37,38,759.62
2025-06-04,GLOBAL_WEST,P012,20,22,1759.78
2025-06-05,KR,P001,207,221,218.79
2025-06-05,KR,P002,109,121,603.79
2025-06-05,KR,P003,85,91,1364.09
2025-06-05,KR,P004,0,0,0.0
2025-06-05,KR,P005,112,124,990.76
2025-06-05,KR,P006,63,71,1774.29
2025-06-05,KR,P007,58,63,629.37
2025-06-05,KR,P008,93,100,1299.0
2025-06-05,KR,P009,0,0,0.0
2025-06-05,KR,P010,57,60,299.4
2025-06-05,KR,P011,37,38,759.62
2025-06-05,KR,P012,30,32,2559.68
2025-06-05,JP,P001,247,277,274.23
2025-06-05,JP,P002,101,110,548.9
2025-06-05,JP,P003,121,124,1858.76
2025-06-05,JP,P004,0,0,0.0
2025-06-05,JP,P005,137,140,1118.6
2025-06-05,JP,P006,66,72,1799.28
2025-06-05,JP,P007,78,83,829.17
2025-06-05,JP,P008,79,83,1078.17
2025-06-05,JP,P009,0,0,0.0
2025-06-05,JP,P010,75,79,394.21
2025-06-05,JP,P011,46,50,999.5
2025-06-05,JP,P012,0,0,0.0
2025-06-05,GLOBAL_WEST,P001,321,356,352.44
2025-06-05,GLOBAL_WEST,P002,183,206,1027.94
2025-06-05,GLOBAL_WEST,P003,147,160,2398.4
2025-06-05,GLOBAL_WEST,P004,0,0,0.0
2025-06-05,GLOBAL_WEST,P005,144,150,1198.5
2025-06-05,GLOBAL_WEST,P006,90,96,2399.04
2025-06-05,GLOBAL_WEST,P007,94,102,1018.98
2025-06-05,GLOBAL_WEST,P008,147,155,2013.45
2025-06-05,GLOBAL_WEST,P009,0,0,0.0
2025-06-05,GLOBAL_WEST,P010,89,102,508.98
2025-06-05,GLOBAL_WEST,P011,66,72,1439.28
2025-06-05,GLOBAL_WEST,P012,13,13,1039.87
2025-06-06,KR,P001,203,221,218.79
2025-06-06,KR,P002,116,126,628.74
2025-06-06,KR,P003,100,108,1618.92
2025-06-06,KR,P004,0,0,0.0
2025-06-06,KR,P005,123,133,1062.67
2025-06-06,KR,P006,49,52,1299.48
2025-06-06,KR,P007,69,75,749.25
2025-06-06,KR,P008,84,92,1195.08
2025-06-06,KR,P009,0,0,0.0
2025-06-06,KR,P010,51,57,284.43
2025-06-06,KR,P011,43,46,919.54
2025-06-06,KR,P012,31,33,2639.67
2025-06-06,JP,P001,220,240,237.6
2025-06-06,JP,P002,118,128,638.72
2025-06-06,JP,P003,104,111,1663.89
2025-06-06,JP,P004,0,0,0.0
2025-06-06,JP,P005,124,132,1054.68
2025-06-06,JP,P006,91,99,2474.01
2025-06-06,JP,P007,84,93,929.07
2025-06-06,JP,P008,86,92,1195.08
2025-06-06,JP,P009,0,0,0.0
2025-06-06,JP,P010,61,66,329.34
2025-06-06,JP,P011,50,54,1079.46
2025-06-06,JP,P012,25,25,1999.75
2025-06-06,GLOBAL_WEST,P001,324,355,351.45
2025-06-06,GLOBAL_WEST,P002,171,184,918.16
2025-06-06,GLOBAL_WEST,P003,167,173,2593.27
2025-06-06,GLOBAL_WEST,P004,0,0,0.0
2025-06-06,GLOBAL_WEST,P005,160,182,1454.18
2025-06-06,GLOBAL_WEST,P006,121,126,3148.74
2025-06-06,GLOBAL_WEST,P007,121,129,1288.71
2025-06-06,GLOBAL_WEST,P008,109,114,1480.86
2025-06-06,GLOBAL_WEST,P009,0,0,0.0
2025-06-06,GLOBAL_WEST,P010,80,85,424.15
2025-06-06,GLOBAL_WEST,P011,56,60,1199.4
2025-06-06,GLOBAL_WEST,P012,23,25,1999.75
2025-06-07,KR,P001,214,225,222.75
2025-06-07,KR,P002,114,124,618.76
2025-06-07,KR,P003,82,87,1304.13
2025-06-07,KR,P004,0,0,0.0
2025-06-07,KR,P005,112,113,902.87
2025-06-07,KR,P006,65,67,1674.33
2025-06-07,KR,P007,61,64,639.36
2025-06-07,KR,P008,60,61,792.39
2025-06-07,KR,P009,0,0,0.0
2025-06-07,KR,P010,51,55,274.45
2025-06-07,KR,P011,48,50,999.5
2025-06-07,KR,P012,34,37,2959.63
2025-06-07,JP,P001,248,267,264.33
2025-06-07,JP,P002,128,143,713.57
2025-06-07,JP,P003,102,111,1663.89
2025-06-07,JP,P004,0,0,0.0
2025-06-07,JP,P005,134,145,1158.55
2025-06-07,JP,P006,69,74,1849.26
2025-06-07,JP,P007,79,84,839.16
2025-06-07,JP,P008,89,97,1260.03
2025-06-07,JP,P009,0,0,0.0
2025-06-07,JP,P010,74,82,409.18
2025-06-07,JP,P011,38,40,799.6
2025-06-07,JP,P012,14,16,1279.84
2025-06-07,GLOBAL_WEST,P001,325,345,341.55
2025-06-07,GLOBAL_WEST,P002,165,178,888.22
2025-06-07,GLOBAL_WEST,P003,164,172,2578.28
2025-06-07,GLOBAL_WEST,P004,0,0,0.0
2025-06-07,GLOBAL_WEST,P005,174,197,1574.03
2025-06-07,GLOBAL_WEST,P006,105,110,2748.9
2025-06-07,GLOBAL_WEST,P007,85,93,929.07
2025-06-07,GLOBAL_WEST,P008,136,144,1870.56
2025-06-07,GLOBAL_WEST,P009,0,0,0.0
2025-06-07,GLOBAL_WEST,P010,103,107,533.93
2025-06-07,GLOBAL_WEST,P011,64,67,1339.33
2025-06-07,GLOBAL_WEST,P012,0,0,0.0
2025-06-08,KR,P001,215,220,217.8
2025-06-08,KR,P002,98,106,528.94
2025-06-08,KR,P003,96,106,1588.94
2025-06-08,KR,P004,0,0,0.0
2025-06-08,KR,P005,121,132,1054.68
2025-06-08,KR,P006,49,52,1299.48
2025-06-08,KR,P007,81,87,869.13
2025-06-08,KR,P008,68,73,948.27
2025-06-08,KR,P009,0,0,0.0
2025-06-08,KR,P010,54,60,299.4
2025-06-08,KR,P011,43,47,939.53
2025-06-08,KR,P012,5,5,399.95
2025-06-08,JP,P001,223,236,233.64
2025-06-08,JP,P002,128,144,718.56
2025-06-08,JP,P003,103,113,1693.87
2025-06-08,JP,P004,0,0,0.0
2025-06-08,JP,P005,109,115,918.85
2025-06-08,JP,P006,60,67,1674.33
2025-06-08,JP,P007,87,98,979.02
2025-06-08,JP,P008,71,76,987.24
2025-06-08,JP,P009,0,0,0.0
2025-06-08,JP,P010,66,71,354.29
2025-06-08,JP,P011,30,34,679.66
2025-06-08,JP,P012,29,30,2399.7
2025-06-08,GLOBAL_WEST,P001,321,348,344.52
2025-06-08,GLOBAL_WEST,P002,182,206,1027.94
2025-06-08,GLOBAL_WEST,P003,160,172,2578.28
2025-06-08,GLOBAL_WEST,P004,0,0,0.0
2025-06-08,GLOBAL_WEST,P005,174,177,1414.23
2025-06-08,GLOBAL_WEST,P006,94,101,2523.99
2025-06-08,GLOBAL_WEST,P007,164,171,1708.29
2025-06-08,GLOBAL_WEST,P008,113,121,1571.79
2025-06-08,GLOBAL_WEST,P009,0,0,0.0
2025-06-08,GLOBAL_WEST,P010,123,133,663.67
2025-06-08,GLOBAL_WEST,P011,78,84,1679.16
2025-06-08,GLOBAL_WEST,P012,18,21,1679.79
2025-06-09,KR,P001,203,209,206.91
2025-06-09,KR,P002,92,100,499.0
2025-06-09,KR,P003,95,106,1588.94
2025-06-09,KR,P004,0,0,0.0
2025-06-09,KR,P005,104,116,926.84
2025-06-09,KR,P006,60,62,1549.38
2025-06-09,KR,P007,59,62,619.38
2025-06-09,KR,P008,59,65,844.35
2025-06-09,KR,P009,0,0,0.0
2025-06-09,KR,P010,72,81,404.19
2025-06-09,KR,P011,39,43,859.57
2025-06-09,KR,P012,10,11,879.89
2025-06-09,JP,P001,238,263,260.37
2025-06-09,JP,P002,135,148,738.52
2025-06-09,JP,P003,91,97,1454.03
2025-06-09,JP,P004,0,0,0.0
2025-06-09,JP,P005,125,135,1078.65
2025-06-09,JP,P006,79,82,2049.18
2025-06-09,JP,P007,72,76,759.24
2025-06-09,JP,P008,65,67,870.33
2025-06-09,JP,P009,0,0,0.0
2025-06-09,JP,P010,80,85,424.15
2025-06-09,JP,P011,52,58,1159.42
2025-06-09,JP,P012,10,10,799.9
2025-06-09,GLOBAL_WEST,P001,335,359,355.41
2025-06-09,GLOBAL_WEST,P002,183,194,968.06
2025-06-09,GLOBAL_WEST,P003,165,181,2713.19
2025-06-09,GLOBAL_WEST,P004,0,0,0.0
2025-06-09,GLOBAL_WEST,P005,171,182,1454.18
2025-06-09,GLOBAL_WEST,P006,143,154,3848.46
2025-06-09,GLOBAL_WEST,P007,112,119,1188.81
2025-06-09,GLOBAL_WEST,P008,104,112,1454.88
2025-06-09,GLOBAL_WEST,P009,0,0,0.0
2025-06-09,GLOBAL_WEST,P010,68,75,374.25
2025-06-09,GLOBAL_WEST,P011,73,77,1539.23
2025-06-09,GLOBAL_WEST,P012,9,9,719.91
2025-06-10,KR,P001,205,212,209.88
2025-06-10,KR,P002,111,118,588.82
2025-06-10,KR,P003,76,80,1199.2
2025-06-10,KR,P004,0,0,0.0
2025-06-10,KR,P005,107,108,862.92
2025-06-10,KR,P006,52,57,1424.43
2025-06-10,KR,P007,57,63,629.37
2025-06-10,KR,P008,73,73,948.27
2025-06-10,KR,P009,0,0,0.0
2025-06-10,KR,P010,74,81,404.19
2025-06-10,KR,P011,40,42,839.58
2025-06-10,KR,P012,12,13,1039.87
2025-06-10,JP,P001,241,260,257.4
2025-06-10,JP,P002,121,133,663.67
2025-06-10,JP,P003,92,99,1484.01
2025-06-10,JP,P004,0,0,0.0
2025-06-10,JP,P005,116,124,990.76
2025-06-10,JP,P006,67,73,1824.27
2025-06-10,JP,P007,70,72,719.28
2025-06-10,JP,P008,81,85,1104.15
2025-06-10,JP,P009,0,0,0.0
2025-06-10,JP,P010,47,50,249.5
2025-06-10,JP,P011,36,40,799.6
2025-06-10,JP,P012,10,11,879.89
2025-06-10,GLOBAL_WEST,P001,376,402,397.98
2025-06-10,GLOBAL_WEST,P002,172,182,908.18
2025-06-10,GLOBAL_WEST,P003,180,192,2878.08
2025-06-10,GLOBAL_WEST,P004,0,0,0.0
2025-06-10,GLOBAL_WEST,P005,222,243,1941.57
2025-06-10,GLOBAL_WEST,P006,117,125,3123.75
2025-06-10,GLOBAL_WEST,P007,145,166,1658.34
2025-06-10,GLOBAL_WEST,P008,115,127,1649.73
2025-06-10,GLOBAL_WEST,P009,0,0,0.0
2025-06-10,GLOBAL_WEST,P010,121,132,658.68
2025-06-10,GLOBAL_WEST,P011,83,85,1699.15
2025-06-10,GLOBAL_WEST,P012,27,29,2319.71
2025-06-11,KR,P001,210,229,226.71
2025-06-11,KR,P002,93,94,469.06
2025-06-11,KR,P003,83,90,1349.1
2025-06-11,KR,P004,0,0,0.0
2025-06-11,KR,P005,109,115,918.85
2025-06-11,KR,P006,61,68,1699.32
2025-06-11,KR,P007,70,74,739.26
2025-06-11,KR,P008,74,78,1013.22
2025-06-11,KR,P009,0,0,0.0
2025-06-11,KR,P010,76,84,419.16
2025-06-11,KR,P011,45,48,959.52
2025-06-11,KR,P012,24,25,1999.75
2025-06-11,JP,P001,228,239,236.61
2025-06-11,JP,P002,109,117,583.83
2025-06-11,JP,P003,108,114,1708.86
2025-06-11,JP,P004,0,0,0.0
2025-06-11,JP,P005,127,138,1102.62
2025-06-11,JP,P006,72,76,1899.24
2025-06-11,JP,P007,64,68,679.32
2025-06-11,JP,P008,73,76,987.24
2025-06-11,JP,P009,0,0,0.0
2025-06-11,JP,P010,65,68,339.32
2025-06-11,JP,P011,26,27,539.73
2025-06-11,JP,P012,7,7,559.93
2025-06-11,GLOBAL_WEST,P001,350,375,371.25
2025-06-11,GLOBAL_WEST,P002,165,172,858.28
2025-06-11,GLOBAL_WEST,P003,161,168,2518.32
2025-06-11,GLOBAL_WEST,P004,0,0,0.0
2025-06-11,GLOBAL_WEST,P005,195,213,1701.87
2025-06-11,GLOBAL_WEST,P006,90,95,2374.05
2025-06-11,GLOBAL_WEST,P007,123,133,1328.67
2025-06-11,GLOBAL_WEST,P008,133,134,1740.66
2025-06-11,GLOBAL_WEST,P009,0,0,0.0
2025-06-11,GLOBAL_WEST,P010,104,110,548.9
2025-06-11,GLOBAL_WEST,P011,87,94,1879.06
2025-06-11,GLOBAL_WEST,P012,0,0,0.0
2025-06-12,KR,P001,197,204,201.96
2025-06-12,KR,P002,94,102,508.98
2025-06-12,KR,P003,87,95,1424.05
2025-06-12,KR,P004,0,0,0.0
2025-06-12,KR,P005,115,129,1030.71
2025-06-12,KR,P006,77,83,2074.17
2025-06-12,KR,P007,77,82,819.18
2025-06-12,KR,P008,61,65,844.35
2025-06-12,KR,P009,0,0,0.0
2025-06-12,KR,P010,63,69,344.31
2025-06-12,KR,P011,38,41,819.59
2025-06-12,KR,P012,12,12,959.88
2025-06-12,JP,P001,242,264,261.36
2025-06-12,JP,P002,115,126,628.74
2025-06-12,JP,P003,104,110,1648.9
2025-06-12,JP,P004,0,0,0.0
2025-06-12,JP,P005,122,131,1046.69
2025-06-12,JP,P006,77,83,2074.17
2025-06-12,JP,P007,83,86,859.14
2025-06-12,JP,P008,96,107,1389.93
2025-06-12,JP,P009,0,0,0.0
2025-06-12,JP,P010,56,61,304.39
2025-06-12,JP,P011,58,64,1279.36
2025-06-12,JP,P012,31,34,2719.66
2025-06-12,GLOBAL_WEST,P001,382,436,431.64
2025-06-12,GLOBAL_WEST,P002,181,193,963.07
2025-06-12,GLOBAL_WEST,P003,200,207,3102.93
2025-06-12,GLOBAL_WEST,P004,0,0,0.0
2025-06-12,GLOBAL_WEST,P005,181,187,1494.13
2025-06-12,GLOBAL_WEST,P006,96,104,2598.96
2025-06-12,GLOBAL_WEST,P007,142,151,1508.49
2025-06-12,GLOBAL_WEST,P008,133,145,1883.55
2025-06-12,GLOBAL_WEST,P009,0,0,0.0
2025-06-12,GLOBAL_WEST,P010,100,111,553.89
2025-06-12,GLOBAL_WEST,P011,95,104,2078.96
2025-06-12,GLOBAL_WEST,P012,28,29,2319.71
2025-06-13,KR,P001,203,225,222.75
2025-06-13,KR,P002,96,105,523.95
2025-06-13,KR,P003,97,105,1573.95
2025-06-13,KR,P004,0,0,0.0
2025-06-13,KR,P005,123,130,1038.7
2025-06-13,KR,P006,66,70,1749.3
2025-06-13,KR,P007,86,95,949.05
2025-06-13,KR,P008,58,63,818.37
2025-06-13,KR,P009,0,0,0.0
2025-06-13,KR,P010,67,70,349.3
2025-06-13,KR,P011,45,47,939.53
2025-06-13,KR,P012,23,24,1919.76
2025-06-13,JP,P001,217,228,225.72
2025-06-13,JP,P002,141,156,778.44
2025-06-13,JP,P003,94,103,1543.97
2025-06-13,JP,P004,0,0,0.0
2025-06-13,JP,P005,110,126,1006.74
2025-06-13,JP,P006,74,78,1949.22
2025-06-13,JP,P007,77,81,809.19
2025-06-13,JP,P008,86,95,1234.05
2025-06-13,JP,P009,0,0,0.0
2025-06-13,JP,P010,69,72,359.28
2025-06-13,JP,P011,58,64,1279.36
2025-06-13,JP,P012,5,7,559.93
2025-06-13,GLOBAL_WEST,P001,330,364,360.36
2025-06-13,GLOBAL_WEST,P002,155,172,858.28
2025-06-13,GLOBAL_WEST,P003,109,118,1768.82
2025-06-13,GLOBAL_WEST,P004,0,0,0.0
2025-06-13,GLOBAL_WEST,P005,168,184,1470.16
2025-06-13,GLOBAL_WEST,P006,129,141,3523.59
2025-06-13,GLOBAL_WEST,P007,82,89,889.11
2025-06-13,GLOBAL_WEST,P008,91,96,1247.04
2025-06-13,GLOBAL_WEST,P009,0,0,0.0
2025-06-13,GLOBAL_WEST,P010,115,129,643.71
2025-06-13,GLOBAL_WEST,P011,73,78,1559.22
2025-06-13,GLOBAL_WEST,P012,57,62,4959.38
2025-06-14,KR,P001,211,230,227.7
2025-06-14,KR,P002,99,107,533.93
2025-06-14,KR,P003,88,95,1424.05
2025-06-14,KR,P004,0,0,0.0
2025-06-14,KR,P005,108,117,934.83
2025-06-14,KR,P006,58,61,1524.39
2025-06-14,KR,P007,61,65,649.35
2025-06-14,KR,P008,72,76,987.24
2025-06-14,KR,P009,0,0,0.0
2025-06-14,KR,P010,67,70,349.3
2025-06-14,KR,P011,48,54,1079.46
2025-06-14,KR,P012,21,21,1679.79
2025-06-14,JP,P001,226,245,242.55
2025-06-14,JP,P002,124,137,683.63
2025-06-14,JP,P003,97,104,1558.96
2025-06-14,JP,P004,0,0,0.0
2025-06-14,JP,P005,142,157,1254.43
2025-06-14,JP,P006,68,73,1824.27
2025-06-14,JP,P007,88,95,949.05
2025-06-14,JP,P008,87,94,1221.06
2025-06-14,JP,P009,0,0,0.0
2025-06-14,JP,P010,66,67,334.33
2025-06-14,JP,P011,38,40,799.6
2025-06-14,JP,P012,2,2,159.98
2025-06-14,GLOBAL_WEST,P001,331,363,359.37
2025-06-14,GLOBAL_WEST,P002,170,181,903.19
2025-06-14,GLOBAL_WEST,P003,166,180,2698.2
2025-06-14,GLOBAL_WEST,P004,0,0,0.0
2025-06-14,GLOBAL_WEST,P005,146,159,1270.41
2025-06-14,GLOBAL_WEST,P006,118,125,3123.75
2025-06-14,GLOBAL_WEST,P007,114,125,1248.75
2025-06-14,GLOBAL_WEST,P008,95,105,1363.95
2025-06-14,GLOBAL_WEST,P009,0,0,0.0
2025-06-14,GLOBAL_WEST,P010,96,101,503.99
2025-06-14,GLOBAL_WEST,P011,80,88,1759.12
2025-06-14,GLOBAL_WEST,P012,48,51,4079.49
2025-06-15,KR,P001,178,191,189.09
2025-06-15,KR,P002,84,89,444.11
2025-06-15,KR,P003,78,84,1259.16
2025-06-15,KR,P004,0,0,0.0
2025-06-15,KR,P005,85,89,711.11
2025-06-15,KR,P006,47,50,1249.5
2025-06-15,KR,P007,51,54,539.46
2025-06-15,KR,P008,57,60,779.4
2025-06-15,KR,P009,0,0,0.0
2025-06-15,KR,P010,37,39,194.61
2025-06-15,KR,P011,40,42,839.58
2025-06-15,KR,P012,2,2,159.98
2025-06-15,JP,P001,203,220,217.8
2025-06-15,JP,P002,87,99,494.01
2025-06-15,JP,P003,79,88,1319.12
2025-06-15,JP,P004,0,0,0.0
2025-06-15,JP,P005,106,111,886.89
2025-06-15,JP,P006,65,69,1724.31
2025-06-15,JP,P007,58,63,629.37
2025-06-15,JP,P008,72,74,961.26
2025-06-15,JP,P009,0,0,0.0
2025-06-15,JP,P010,56,62,309.38
2025-06-15,JP,P011,41,44,879.56
2025-06-15,JP,P012,23,25,1999.75
2025-06-15,GLOBAL_WEST,P001,265,278,275.22
2025-06-15,GLOBAL_WEST,P002,152,169,843.31
2025-06-15,GLOBAL_WEST,P003,90,100,1499.0
2025-06-15,GLOBAL_WEST,P004,0,0,0.0
2025-06-15,GLOBAL_WEST,P005,151,152,1214.48
2025-06-15,GLOBAL_WEST,P006,56,60,1499.4
2025-06-15,GLOBAL_WEST,P007,60,64,639.36
2025-06-15,GLOBAL_WEST,P008,73,78,1013.22
2025-06-15,GLOBAL_WEST,P009,0,0,0.0
2025-06-15,GLOBAL_WEST,P010,93,96,479.04
2025-06-15,GLOBAL_WEST,P011,71,75,1499.25
2025-06-15,GLOBAL_WEST,P012,23,26,2079.74
2025-06-16,KR,P001,174,192,190.08
2025-06-16,KR,P002,92,104,518.96
2025-06-16,KR,P003,78,87,1304.13
2025-06-16,KR,P004,0,0,0.0
2025-06-16,KR,P005,90,100,799.0
2025-06-16,KR,P006,39,41,1024.59
2025-06-16,KR,P007,66,70,699.3
2025-06-16,KR,P008,54,59,766.41
2025-06-16,KR,P009,0,0,0.0
2025-06-16,KR,P010,45,48,239.52
2025-06-16,KR,P011,26,29,579.71
2025-06-16,KR,P012,26,29,2319.71
2025-06-16,JP,P001,213,239,236.61
2025-06-16,JP,P002,106,118,588.82
2025-06-16,JP,P003,108,121,1813.79
2025-06-16,JP,P004,0,0,0.0
2025-06-16,JP,P005,114,129,1030.71
2025-06-16,JP,P006,66,73,1824.27
2025-06-16,JP,P007,69,75,749.25
2025-06-16,JP,P008,79,86,1117.14
2025-06-16,JP,P009,0,0,0.0
2025-06-16,JP,P010,67,69,344.31
2025-06-16,JP,P011,39,42,839.58
2025-06-16,JP,P012,8,8,639.92
2025-06-16,GLOBAL_WEST,P001,296,334,330.66
2025-06-16,GLOBAL_WEST,P002,120,130,648.7
2025-06-16,GLOBAL_WEST,P003,122,134,2008.66
2025-06-16,GLOBAL_WEST,P004,0,0,0.0
2025-06-16,GLOBAL_WEST,P005,132,140,1118.6
2025-06-16,GLOBAL_WEST,P006,99,104,2598.96
2025-06-16,GLOBAL_WEST,P007,77,84,839.16
2025-06-16,GLOBAL_WEST,P008,113,120,1558.8
2025-06-16,GLOBAL_WEST,P009,0,0,0.0
2025-06-16,GLOBAL_WEST,P010,89,95,474.05
2025-06-16,GLOBAL_WEST,P011,76,77,1539.23
2025-06-16,GLOBAL_WEST,P012,16,17,1359.83
2025-06-17,KR,P001,169,193,191.07
2025-06-17,KR,P002,79,86,429.14
2025-06-17,KR,P003,61,65,974.35
2025-06-17,KR,P004,0,0,0.0
2025-06-17,KR,P005,78,85,679.15
2025-06-17,KR,P006,43,45,1124.55
2025-06-17,KR,P007,54,55,549.45
2025-06-17,KR,P008,68,75,974.25
2025-06-17,KR,P009,0,0,0.0
2025-06-17,KR,P010,28,29,144.71
2025-06-17,KR,P011,52,55,1099.45
2025-06-17,KR,P012,12,12,959.88
2025-06-17,JP,P001,192,208,205.92
2025-06-17,JP,P002,102,111,553.89
2025-06-17,JP,P003,86,89,1334.11
2025-06-17,JP,P004,0,0,0.0
2025-06-17,JP,P005,109,115,918.85
2025-06-17,JP,P006,74,82,2049.18
2025-06-17,JP,P007,54,60,599.4
2025-06-17,JP,P008,52,55,714.45
2025-06-17,JP,P009,0,0,0.0
2025-06-17,JP,P010,60,65,324.35
2025-06-17,JP,P011,35,37,739.63
2025-06-17,JP,P012,6,7,559.93
2025-06-17,GLOBAL_WEST,P001,258,279,276.21
2025-06-17,GLOBAL_WEST,P002,143,149,743.51
2025-06-17,GLOBAL_WEST,P003,139,152,2278.48
2025-06-17,GLOBAL_WEST,P004,0,0,0.0
2025-06-17,GLOBAL_WEST,P005,127,132,1054.68
2025-06-17,GLOBAL_WEST,P006,56,60,1499.4
2025-06-17,GLOBAL_WEST,P007,84,94,939.06
2025-06-17,GLOBAL_WEST,P008,83,88,1143.12
2025-06-17,GLOBAL_WEST,P009,0,0,0.0
2025-06-17,GLOBAL_WEST,P010,82,93,464.07
2025-06-17,GLOBAL_WEST,P011,43,45,899.55
2025-06-17,GLOBAL_WEST,P012,11,12,959.88
2025-06-18,KR,P001,157,161,159.39
2025-06-18,KR,P002,76,82,409.18
2025-06-18,KR,P003,85,93,1394.07
2025-06-18,KR,P004,0,0,0.0
2025-06-18,KR,P005,94,103,822.97
2025-06-18,KR,P006,51,56,1399.44
2025-06-18,KR,P007,47,49,489.51
2025-06-18,KR,P008,69,72,935.28
2025-06-18,KR,P009,0,0,0.0
2025-06-18,KR,P010,46,49,244.51
2025-06-18,KR,P011,34,35,699.65
2025-06-18,KR,P012,20,20,1599.8
2025-06-18,JP,P001,210,222,219.78
2025-06-18,JP,P002,103,115,573.85
2025-06-18,JP,P003,101,108,1618.92
2025-06-18,JP,P004,0,0,0.0
2025-06-18,JP,P005,85,90,719.1
2025-06-18,JP,P006,49,51,1274.49
2025-06-18,JP,P007,64,68,679.32
2025-06-18,JP,P008,66,72,935.28
2025-06-18,JP,P009,0,0,0.0
2025-06-18,JP,P010,48,50,249.5
2025-06-18,JP,P011,34,34,679.66
2025-06-18,JP,P012,16,16,1279.84
2025-06-18,GLOBAL_WEST,P001,264,285,282.15
2025-06-18,GLOBAL_WEST,P002,144,151,753.49
2025-06-18,GLOBAL_WEST,P003,134,146,2188.54
2025-06-18,GLOBAL_WEST,P004,0,0,0.0
2025-06-18,GLOBAL_WEST,P005,115,121,966.79
2025-06-18,GLOBAL_WEST,P006,85,91,2274.09
2025-06-18,GLOBAL_WEST,P007,73,80,799.2
2025-06-18,GLOBAL_WEST,P008,85,93,1208.07
2025-06-18,GLOBAL_WEST,P009,0,0,0.0
2025-06-18,GLOBAL_WEST,P010,86,92,459.08
2025-06-18,GLOBAL_WEST,P011,49,54,1079.46
2025-06-18,GLOBAL_WEST,P012,16,16,1279.84
2025-06-19,KR,P001,162,168,166.32
2025-06-19,KR,P002,90,93,464.07
2025-06-19,KR,P003,72,77,1154.23
2025-06-19,KR,P004,0,0,0.0
2025-06-19,KR,P005,87,92,735.08
2025-06-19,KR,P006,43,47,1174.53
2025-06-19,KR,P007,50,53,529.47
2025-06-19,KR,P008,61,63,818.37
2025-06-19,KR,P009,0,0,0.0
2025-06-19,KR,P010,38,39,194.61
2025-06-19,KR,P011,29,30,599.7
2025-06-19,KR,P012,20,21,1679.79
2025-06-19,JP,P001,214,230,227.7
2025-06-19,JP,P002,80,89,444.11
2025-06-19,JP,P003,97,106,1588.94
2025-06-19,JP,P004,0,0,0.0
2025-06-19,JP,P005,117,123,982.77
2025-06-19,JP,P006,47,49,1224.51
2025-06-19,JP,P007,57,62,619.38
2025-06-19,JP,P008,56,62,805.38
2025-06-19,JP,P009,0,0,0.0
2025-06-19,JP,P010,72,80,399.2
2025-06-19,JP,P011,54,61,1219.39
2025-06-19,JP,P012,6,6,479.94
2025-06-19,GLOBAL_WEST,P001,299,330,326.7
2025-06-19,GLOBAL_WEST,P002,132,135,673.65
2025-06-19,GLOBAL_WEST,P003,115,119,1783.81
2025-06-19,GLOBAL_WEST,P004,0,0,0.0
2025-06-19,GLOBAL_WEST,P005,134,143,1142.57
2025-06-19,GLOBAL_WEST,P006,62,66,1649.34
2025-06-19,GLOBAL_WEST,P007,105,118,1178.82
2025-06-19,GLOBAL_WEST,P008,87,89,1156.11
2025-06-19,GLOBAL_WEST,P009,0,0,0.0
2025-06-19,GLOBAL_WEST,P010,79,84,419.16
2025-06-19,GLOBAL_WEST,P011,28,29,579.71
2025-06-19,GLOBAL_WEST,P012,33,36,2879.64
2025-06-20,KR,P001,173,194,192.06
2025-06-20,KR,P002,87,96,479.04
2025-06-20,KR,P003,82,85,1274.15
2025-06-20,KR,P004,0,0,0.0
2025-06-20,KR,P005,82,90,719.1
2025-06-20,KR,P006,63,65,1624.35
2025-06-20,KR,P007,60,62,619.38
2025-06-20,KR,P008,60,62,805.38
2025-06-20,KR,P009,0,0,0.0
2025-06-20,KR,P010,50,54,269.46
2025-06-20,KR,P011,28,31,619.69
2025-06-20,KR,P012,5,5,399.95
2025-06-20,JP,P001,211,217,214.83
2025-06-20,JP,P002,111,119,593.81
2025-06-20,JP,P003,81,94,1409.06
2025-06-20,JP,P004,0,0,0.0
2025-06-20,JP,P005,99,102,814.98
2025-06-20,JP,P006,77,81,2024.19
2025-06-20,JP,P007,77,85,849.15
2025-06-20,JP,P008,68,69,896.31
2025-06-20,JP,P009,0,0,0.0
2025-06-20,JP,P010,51,56,279.44
2025-06-20,JP,P011,51,53,1059.47
2025-06-20,JP,P012,15,15,1199.85
2025-06-20,GLOBAL_WEST,P001,270,285,282.15
2025-06-20,GLOBAL_WEST,P002,148,161,803.39
2025-06-20,GLOBAL_WEST,P003,131,138,2068.62
2025-06-20,GLOBAL_WEST,P004,0,0,0.0
2025-06-20,GLOBAL_WEST,P005,148,156,1246.44
2025-06-20,GLOBAL_WEST,P006,95,104,2598.96
2025-06-20,GLOBAL_WEST,P007,91,97,969.03
2025-06-20,GLOBAL_WEST,P008,99,107,1389.93
2025-06-20,GLOBAL_WEST,P009,0,0,0.0
2025-06-20,GLOBAL_WEST,P010,109,121,603.79
2025-06-20,GLOBAL_WEST,P011,33,35,699.65
2025-06-20,GLOBAL_WEST,P012,0,0,0.0
2025-06-21,KR,P001,167,179,177.21
2025-06-21,KR,P002,93,101,503.99
2025-06-21,KR,P003,85,93,1394.07
2025-06-21,KR,P004,0,0,0.0
2025-06-21,KR,P005,103,113,902.87
2025-06-21,KR,P006,46,48,1199.52
2025-06-21,KR,P007,62,64,639.36
2025-06-21,KR,P008,72,77,1000.23
2025-06-21,KR,P009,0,0,0.0
2025-06-21,KR,P010,48,50,249.5
2025-06-21,KR,P011,32,34,679.66
2025-06-21,KR,P012,16,16,1279.84
2025-06-21,JP,P001,195,204,201.96
2025-06-21,JP,P002,107,119,593.81
2025-06-21,JP,P003,79,83,1244.17
2025-06-21,JP,P004,0,0,0.0
2025-06-21,JP,P005,107,111,886.89
2025-06-21,JP,P006,72,79,1974.21
2025-06-21,JP,P007,74,81,809.19
2025-06-21,JP,P008,53,57,740.43
2025-06-21,JP,P009,0,0,0.0
2025-06-21,JP,P010,71,77,384.23
2025-06-21,JP,P011,38,40,799.6
2025-06-21,JP,P012,6,7,559.93
2025-06-21,GLOBAL_WEST,P001,287,299,296.01
2025-06-21,GLOBAL_WEST,P002,155,166,828.34
2025-06-21,GLOBAL_WEST,P003,143,153,2293.47
2025-06-21,GLOBAL_WEST,P004,0,0,0.0
2025-06-21,GLOBAL_WEST,P005,166,180,1438.2
2025-06-21,GLOBAL_WEST,P006,65,71,1774.29
2025-06-21,GLOBAL_WEST,P007,84,87,869.13
2025-06-21,GLOBAL_WEST,P008,84,91,1182.09
2025-06-21,GLOBAL_WEST,P009,0,0,0.0
2025-06-21,GLOBAL_WEST,P010,89,100,499.0
2025-06-21,GLOBAL_WEST,P011,60,63,1259.37
2025-06-21,GLOBAL_WEST,P012,6,6,479.94
2025-06-22,KR,P001,187,203,200.97
2025-06-22,KR,P002,93,98,489.02
2025-06-22,KR,P003,84,91,1364.09
2025-06-22,KR,P004,0,0,0.0
2025-06-22,KR,P005,94,103,822.97
2025-06-22,KR,P006,47,51,1274.49
2025-06-22,KR,P007,55,58,579.42
2025-06-22,KR,P008,65,74,961.26
2025-06-22,KR,P009,0,0,0.0
2025-06-22,KR,P010,46,49,244.51
2025-06-22,KR,P011,46,49,979.51
2025-06-22,KR,P012,13,13,1039.87
2025-06-22,JP,P001,212,233,230.67
2025-06-22,JP,P002,102,109,543.91
2025-06-22,JP,P003,99,110,1648.9
2025-06-22,JP,P004,0,0,0.0
2025-06-22,JP,P005,108,117,934.83
2025-06-22,JP,P006,57,61,1524.39
2025-06-22,JP,P007,77,83,829.17
2025-06-22,JP,P008,82,91,1182.09
2025-06-22,JP,P009,0,0,0.0
2025-06-22,JP,P010,58,61,304.39
2025-06-22,JP,P011,40,42,839.58
2025-06-22,JP,P012,1,1,79.99
2025-06-22,GLOBAL_WEST,P001,247,268,265.32
2025-06-22,GLOBAL_WEST,P002,122,132,658.68
2025-06-22,GLOBAL_WEST,P003,126,136,2038.64
2025-06-22,GLOBAL_WEST,P004,0,0,0.0
2025-06-22,GLOBAL_WEST,P005,136,147,1174.53
2025-06-22,GLOBAL_WEST,P006,68,76,1899.24
2025-06-22,GLOBAL_WEST,P007,92,96,959.04
2025-06-22,GLOBAL_WEST,P008,91,91,1182.09
2025-06-22,GLOBAL_WEST,P009,0,0,0.0
2025-06-22,GLOBAL_WEST,P010,57,62,309.38
2025-06-22,GLOBAL_WEST,P011,57,60,1199.4
2025-06-22,GLOBAL_WEST,P012,34,36,2879.64
2025-06-23,KR,P001,169,172,170.28
2025-06-23,KR,P002,93,96,479.04
2025-06-23,KR,P003,78,86,1289.14
2025-06-23,KR,P004,0,0,0.0
2025-06-23,KR,P005,80,81,647.19
2025-06-23,KR,P006,48,50,1249.5
2025-06-23,KR,P007,54,58,579.42
2025-06-23,KR,P008,54,56,727.44
2025-06-23,KR,P009,0,0,0.0
2025-06-23,KR,P010,37,40,199.6
2025-06-23,KR,P011,32,33,659.67
2025-06-23,KR,P012,15,17,1359.83
2025-06-23,JP,P001,210,225,222.75
2025-06-23,JP,P002,125,132,658.68
2025-06-23,JP,P003,93,101,1513.99
2025-06-23,JP,P004,0,0,0.0
2025-06-23,JP,P005,106,111,886.89
2025-06-23,JP,P006,61,68,1699.32
2025-06-23,JP,P007,77,84,839.16
2025-06-23,JP,P008,58,62,805.38
2025-06-23,JP,P009,0,0,0.0
2025-06-23,JP,P010,67,72,359.28
2025-06-23,JP,P011,35,35,699.65
2025-06-23,JP,P012,18,20,1599.8
2025-06-23,GLOBAL_WEST,P001,255,269,266.31
2025-06-23,GLOBAL_WEST,P002,141,154,768.46
2025-06-23,GLOBAL_WEST,P003,102,111,1663.89
2025-06-23,GLOBAL_WEST,P004,0,0,0.0
2025-06-23,GLOBAL_WEST,P005,157,161,1286.39
2025-06-23,GLOBAL_WEST,P006,68,73,1824.27
2025-06-23,GLOBAL_WEST,P007,104,111,1108.89
2025-06-23,GLOBAL_WEST,P008,94,104,1350.96
2025-06-23,GLOBAL_WEST,P009,0,0,0.0
2025-06-23,GLOBAL_WEST,P010,65,69,344.31
2025-06-23,GLOBAL_WEST,P011,45,48,959.52
2025-06-23,GLOBAL_WEST,P012,52,54,4319.46
2025-06-24,KR,P001,161,182,180.18
2025-06-24,KR,P002,93,99,494.01
2025-06-24,KR,P003,76,83,1244.17
2025-06-24,KR,P004,0,0,0.0
2025-06-24,KR,P005,87,96,767.04
2025-06-24,KR,P006,49,51,1274.49
2025-06-24,KR,P007,47,50,499.5
2025-06-24,KR,P008,54,58,753.42
2025-06-24,KR,P009,0,0,0.0
2025-06-24,KR,P010,48,51,254.49
2025-06-24,KR,P011,25,27,539.73
2025-06-24,KR,P012,3,3,239.97
2025-06-24,JP,P001,203,218,215.82
2025-06-24,JP,P002,106,116,578.84
2025-06-24,JP,P003,97,105,1573.95
2025-06-24,JP,P004,0,0,0.0
2025-06-24,JP,P005,124,135,1078.65
2025-06-24,JP,P006,62,65,1624.35
2025-06-24,JP,P007,63,68,679.32
2025-06-24,JP,P008,60,64,831.36
2025-06-24,JP,P009,0,0,0.0
2025-06-24,JP,P010,69,71,354.29
2025-06-24,JP,P011,21,22,439.78
2025-06-24,JP,P012,10,10,799.9
2025-06-24,GLOBAL_WEST,P001,302,317,313.83
2025-06-24,GLOBAL_WEST,P002,134,145,723.55
2025-06-24,GLOBAL_WEST,P003,142,154,2308.46
2025-06-24,GLOBAL_WEST,P004,0,0,0.0
2025-06-24,GLOBAL_WEST,P005,153,164,1310.36
2025-06-24,GLOBAL_WEST,P006,98,103,2573.97
2025-06-24,GLOBAL_WEST,P007,99,103,1028.97
2025-06-24,GLOBAL_WEST,P008,96,103,1337.97
2025-06-24,GLOBAL_WEST,P009,0,0,0.0
2025-06-24,GLOBAL_WEST,P010,91,95,474.05
2025-06-24,GLOBAL_WEST,P011,64,71,1419.29
2025-06-24,GLOBAL_WEST,P012,14,16,1279.84
2025-06-25,KR,P001,177,182,180.18
2025-06-25,KR,P002,92,95,474.05
2025-06-25,KR,P003,72,78,1169.22
2025-06-25,KR,P004,0,0,0.0
2025-06-25,KR,P005,88,94,751.06
2025-06-25,KR,P006,55,61,1524.39
2025-06-25,KR,P007,41,42,419.58
2025-06-25,KR,P008,66,69,896.31
2025-06-25,KR,P009,0,0,0.0
2025-06-25,KR,P010,30,30,149.7
2025-06-25,KR,P011,28,30,599.7
2025-06-25,KR,P012,13,15,1199.85
2025-06-25,JP,P001,224,244,241.56
2025-06-25,JP,P002,108,116,578.84
2025-06-25,JP,P003,83,90,1349.1
2025-06-25,JP,P004,0,0,0.0
2025-06-25,JP,P005,111,115,918.85
2025-06-25,JP,P006,76,80,1999.2
2025-06-25,JP,P007,49,55,549.45
2025-06-25,JP,P008,71,79,1026.21
2025-06-25,JP,P009,0,0,0.0
2025-06-25,JP,P010,54,59,294.41
2025-06-25,JP,P011,24,26,519.74
2025-06-25,JP,P012,17,18,1439.82
2025-06-25,GLOBAL_WEST,P001,263,283,280.17
2025-06-25,GLOBAL_WEST,P002,138,142,708.58
2025-06-25,GLOBAL_WEST,P003,119,123,1843.77
2025-06-25,GLOBAL_WEST,P004,0,0,0.0
2025-06-25,GLOBAL_WEST,P005,137,146,1166.54
2025-06-25,GLOBAL_WEST,P006,101,110,2748.9
2025-06-25,GLOBAL_WEST,P007,76,81,809.19
2025-06-25,GLOBAL_WEST,P008,113,124,1610.76
2025-06-25,GLOBAL_WEST,P009,0,0,0.0
2025-06-25,GLOBAL_WEST,P010,103,114,568.86
2025-06-25,GLOBAL_WEST,P011,48,51,1019.49
2025-06-25,GLOBAL_WEST,P012,18,20,1599.8
2025-06-26,KR,P001,180,204,201.96
2025-06-26,KR,P002,104,110,548.9
2025-06-26,KR,P003,76,79,1184.21
2025-06-26,KR,P004,0,0,0.0
2025-06-26,KR,P005,83,91,727.09
2025-06-26,KR,P006,27,29,724.71
2025-06-26,KR,P007,69,76,759.24
2025-06-26,KR,P008,62,64,831.36
2025-06-26,KR,P009,0,0,0.0
2025-06-26,KR,P010,37,41,204.59
2025-06-26,KR,P011,31,35,699.65
2025-06-26,KR,P012,30,32,2559.68
2025-06-26,JP,P001,197,213,210.87
2025-06-26,JP,P002,103,111,553.89
2025-06-26,JP,P003,99,111,1663.89
2025-06-26,JP,P004,0,0,0.0
2025-06-26,JP,P005,105,112,894.88
2025-06-26,JP,P006,64,66,1649.34
2025-06-26,JP,P007,76,79,789.21
2025-06-26,JP,P008,54,56,727.44
2025-06-26,JP,P009,0,0,0.0
2025-06-26,JP,P010,69,75,374.25
2025-06-26,JP,P011,41,45,899.55
2025-06-26,JP,P012,28,29,2319.71
2025-06-26,GLOBAL_WEST,P001,285,294,291.06
2025-06-26,GLOBAL_WEST,P002,126,137,683.63
2025-06-26,GLOBAL_WEST,P003,149,159,2383.41
2025-06-26,GLOBAL_WEST,P004,0,0,0.0
2025-06-26,GLOBAL_WEST,P005,149,162,1294.38
2025-06-26,GLOBAL_WEST,P006,40,43,1074.57
2025-06-26,GLOBAL_WEST,P007,82,92,919.08
2025-06-26,GLOBAL_WEST,P008,119,126,1636.74
2025-06-26,GLOBAL_WEST,P009,0,0,0.0
2025-06-26,GLOBAL_WEST,P010,73,80,399.2
2025-06-26,GLOBAL_WEST,P011,43,44,879.56
2025-06-26,GLOBAL_WEST,P012,36,39,3119.61
2025-06-27,KR,P001,171,171,169.29
2025-06-27,KR,P002,104,112,558.88
2025-06-27,KR,P003,86,95,1424.05
2025-06-27,KR,P004,0,0,0.0
2025-06-27,KR,P005,97,106,846.94
2025-06-27,KR,P006,41,43,1074.57
2025-06-27,KR,P007,74,82,819.18
2025-06-27,KR,P008,52,57,740.43
2025-06-27,KR,P009,0,0,0.0
2025-06-27,KR,P010,33,35,174.65
2025-06-27,KR,P011,22,23,459.77
2025-06-27,KR,P012,1,1,79.99
2025-06-27,JP,P001,212,214,211.86
2025-06-27,JP,P002,96,100,499.0
2025-06-27,JP,P003,96,105,1573.95
2025-06-27,JP,P004,0,0,0.0
2025-06-27,JP,P005,106,112,894.88
2025-06-27,JP,P006,68,76,1899.24
2025-06-27,JP,P007,74,81,809.19
2025-06-27,JP,P008,68,72,935.28
2025-06-27,JP,P009,0,0,0.0
2025-06-27,JP,P010,61,64,319.36
2025-06-27,JP,P011,43,48,959.52
2025-06-27,JP,P012,9,10,799.9
2025-06-27,GLOBAL_WEST,P001,251,268,265.32
2025-06-27,GLOBAL_WEST,P002,158,178,888.22
2025-06-27,GLOBAL_WEST,P003,129,137,2053.63
2025-06-27,GLOBAL_WEST,P004,0,0,0.0
2025-06-27,GLOBAL_WEST,P005,146,155,1238.45
2025-06-27,GLOBAL_WEST,P006,92,101,2523.99
2025-06-27,GLOBAL_WEST,P007,84,90,899.1
2025-06-27,GLOBAL_WEST,P008,98,100,1299.0
2025-06-27,GLOBAL_WEST,P009,0,0,0.0
2025-06-27,GLOBAL_WEST,P010,74,81,404.19
2025-06-27,GLOBAL_WEST,P011,51,56,1119.44
2025-06-27,GLOBAL_WEST,P012,22,23,1839.77
2025-06-28,KR,P001,164,180,178.2
2025-06-28,KR,P002,89,91,454.09
2025-06-28,KR,P003,82,91,1364.09
2025-06-28,KR,P004,0,0,0.0
2025-06-28,KR,P005,87,93,743.07
2025-06-28,KR,P006,50,52,1299.48
2025-06-28,KR,P007,50,55,549.45
2025-06-28,KR,P008,60,65,844.35
2025-06-28,KR,P009,0,0,0.0
2025-06-28,KR,P010,51,54,269.46
2025-06-28,KR,P011,33,34,679.66
2025-06-28,KR,P012,20,21,1679.79
2025-06-28,JP,P001,193,199,197.01
2025-06-28,JP,P002,106,111,553.89
2025-06-28,JP,P003,82,88,1319.12
2025-06-28,JP,P004,0,0,0.0
2025-06-28,JP,P005,102,112,894.88
2025-06-28,JP,P006,47,51,1274.49
2025-06-28,JP,P007,93,100,999.0
2025-06-28,JP,P008,81,89,1156.11
2025-06-28,JP,P009,0,0,0.0
2025-06-28,JP,P010,68,71,354.29
2025-06-28,JP,P011,39,42,839.58
2025-06-28,JP,P012,5,5,399.95
2025-06-28,GLOBAL_WEST,P001,283,305,301.95
2025-06-28,GLOBAL_WEST,P002,146,158,788.42
2025-06-28,GLOBAL_WEST,P003,120,127,1903.73
2025-06-28,GLOBAL_WEST,P004,0,0,0.0
2025-06-28,GLOBAL_WEST,P005,145,150,1198.5
2025-06-28,GLOBAL_WEST,P006,68,77,1924.23
2025-06-28,GLOBAL_WEST,P007,63,69,689.31
2025-06-28,GLOBAL_WEST,P008,92,99,1286.01
2025-06-28,GLOBAL_WEST,P009,0,0,0.0
2025-06-28,GLOBAL_WEST,P010,72,79,394.21
2025-06-28,GLOBAL_WEST,P011,41,45,899.55
2025-06-28,GLOBAL_WEST,P012,42,45,3599.55
2025-06-29,KR,P001,168,183,181.17
2025-06-29,KR,P002,99,112,558.88
2025-06-29,KR,P003,68,75,1124.25
2025-06-29,KR,P004,0,0,0.0
2025-06-29,KR,P005,106,110,878.9
2025-06-29,KR,P006,57,61,1524.39
2025-06-29,KR,P007,49,54,539.46
2025-06-29,KR,P008,53,60,779.4
2025-06-29,KR,P009,0,0,0.0
2025-06-29,KR,P010,42,44,219.56
2025-06-29,KR,P011,39,41,819.59
2025-06-29,KR,P012,11,11,879.89
2025-06-29,JP,P001,201,226,223.74
2025-06-29,JP,P002,98,101,503.99
2025-06-29,JP,P003,84,86,1289.14
2025-06-29,JP,P004,0,0,0.0
2025-06-29,JP,P005,111,117,934.83
2025-06-29,JP,P006,44,48,1199.52
2025-06-29,JP,P007,59,63,629.37
2025-06-29,JP,P008,73,77,1000.23
2025-06-29,JP,P009,0,0,0.0
2025-06-29,JP,P010,73,73,364.27
2025-06-29,JP,P011,47,51,1019.49
2025-06-29,JP,P012,17,17,1359.83
2025-06-29,GLOBAL_WEST,P001,273,286,283.14
2025-06-29,GLOBAL_WEST,P002,152,166,828.34
2025-06-29,GLOBAL_WEST,P003,109,117,1753.83
2025-06-29,GLOBAL_WEST,P004,0,0,0.0
2025-06-29,GLOBAL_WEST,P005,137,137,1094.63
2025-06-29,GLOBAL_WEST,P006,74,78,1949.22
2025-06-29,GLOBAL_WEST,P007,81,82,819.18
2025-06-29,GLOBAL_WEST,P008,83,88,1143.12
2025-06-29,GLOBAL_WEST,P009,0,0,0.0
2025-06-29,GLOBAL_WEST,P010,47,49,244.51
2025-06-29,GLOBAL_WEST,P011,47,49,979.51
2025-06-29,GLOBAL_WEST,P012,23,27,2159.73
2025-06-30,KR,P001,185,197,195.03
2025-06-30,KR,P002,73,79,394.21
2025-06-30,KR,P003,84,89,1334.11
2025-06-30,KR,P004,0,0,0.0
2025-06-30,KR,P005,95,101,806.99
2025-06-30,KR,P006,67,73,1824.27
2025-06-30,KR,P007,40,43,429.57
2025-06-30,KR,P008,56,59,766.41
2025-06-30,KR,P009,0,0,0.0
2025-06-30,KR,P010,58,64,319.36
2025-06-30,KR,P011,35,37,739.63
2025-06-30,KR,P012,3,4,319.96
2025-06-30,JP,P001,190,209,206.91
2025-06-30,JP,P002,108,115,573.85
2025-06-30,JP,P003,75,77,1154.23
2025-06-30,JP,P004,0,0,0.0
2025-06-30,JP,P005,129,135,1078.65
2025-06-30,JP,P006,51,55,1374.45
2025-06-30,JP,P007,64,69,689.31
2025-06-30,JP,P008,70,74,961.26
2025-06-30,JP,P009,0,0,0.0
2025-06-30,JP,P010,38,42,209.58
2025-06-30,JP,P011,38,40,799.6
2025-06-30,JP,P012,14,14,1119.86
2025-06-30,GLOBAL_WEST,P001,263,278,275.22
2025-06-30,GLOBAL_WEST,P002,129,145,723.55
2025-06-30,GLOBAL_WEST,P003,128,135,2023.65
2025-06-30,GLOBAL_WEST,P004,0,0,0.0
2025-06-30,GLOBAL_WEST,P005,129,137,1094.63
2025-06-30,GLOBAL_WEST,P006,93,98,2449.02
2025-06-30,GLOBAL_WEST,P007,64,73,729.27
2025-06-30,GLOBAL_WEST,P008,72,79,1026.21
2025-06-30,GLOBAL_WEST,P009,0,0,0.0
2025-06-30,GLOBAL_WEST,P010,73,78,389.22
2025-06-30,GLOBAL_WEST,P011,58,63,1259.37
2025-06-30,GLOBAL_WEST,P012,5,5,399.95
2025-07-01,KR,P001,186,200,198.0
2025-07-01,KR,P002,87,93,464.07
2025-07-01,KR,P003,87,90,1349.1
2025-07-01,KR,P004,0,0,0.0
2025-07-01,KR,P005,91,93,743.07
2025-07-01,KR,P006,48,50,1249.5
2025-07-01,KR,P007,38,41,409.59
2025-07-01,KR,P008,64,68,883.32
2025-07-01,KR,P009,0,0,0.0
2025-07-01,KR,P010,61,67,334.33
2025-07-01,KR,P011,45,47,939.53
2025-07-01,KR,P012,8,9,719.91
2025-07-01,JP,P001,206,215,212.85
2025-07-01,JP,P002,82,89,444.11
2025-07-01,JP,P003,103,108,1618.92
2025-07-01,JP,P004,0,0,0.0
2025-07-01,JP,P005,115,125,998.75
2025-07-01,JP,P006,58,63,1574.37
2025-07-01,JP,P007,41,46,459.54
2025-07-01,JP,P008,74,78,1013.22
2025-07-01,JP,P009,0,0,0.0
2025-07-01,JP,P010,63,67,334.33
2025-07-01,JP,P011,40,42,839.58
2025-07-01,JP,P012,22,24,1919.76
2025-07-01,GLOBAL_WEST,P001,285,313,309.87
2025-07-01,GLOBAL_WEST,P002,144,151,753.49
2025-07-01,GLOBAL_WEST,P003,133,144,2158.56
2025-07-01,GLOBAL_WEST,P004,0,0,0.0
2025-07-01,GLOBAL_WEST,P005,119,123,982.77
2025-07-01,GLOBAL_WEST,P006,91,97,2424.03
2025-07-01,GLOBAL_WEST,P007,96,101,1008.99
2025-07-01,GLOBAL_WEST,P008,80,87,1130.13
2025-07-01,GLOBAL_WEST,P009,0,0,0.0
2025-07-01,GLOBAL_WEST,P010,75,80,399.2
2025-07-01,GLOBAL_WEST,P011,72,76,1519.24
2025-07-01,GLOBAL_WEST,P012,15,15,1199.85
2025-07-02,KR,P001,169,179,177.21
2025-07-02,KR,P002,92,102,508.98
2025-07-02,KR,P003,70,78,1169.22
2025-07-02,KR,P004,0,0,0.0
2025-07-02,KR,P005,93,96,767.04
2025-07-02,KR,P006,46,48,1199.52
2025-07-02,KR,P007,48,50,499.5
2025-07-02,KR,P008,58,64,831.36
2025-07-02,KR,P009,0,0,0.0
2025-07-02,KR,P010,62,67,334.33
2025-07-02,KR,P011,23,25,499.75
2025-07-02,KR,P012,15,17,1359.83
2025-07-02,JP,P001,196,207,204.93
2025-07-02,JP,P002,96,107,533.93
2025-07-02,JP,P003,100,102,1528.98
2025-07-02,JP,P004,0,0,0.0
2025-07-02,JP,P005,108,115,918.85
2025-07-02,JP,P006,71,73,1824.27
2025-07-02,JP,P007,67,72,719.28
2025-07-02,JP,P008,52,55,714.45
2025-07-02,JP,P009,0,0,0.0
2025-07-02,JP,P010,40,40,199.6
2025-07-02,JP,P011,29,30,599.7
2025-07-02,JP,P012,3,3,239.97
2025-07-02,GLOBAL_WEST,P001,262,272,269.28
2025-07-02,GLOBAL_WEST,P002,142,154,768.46
2025-07-02,GLOBAL_WEST,P003,118,129,1933.71
2025-07-02,GLOBAL_WEST,P004,0,0,0.0
2025-07-02,GLOBAL_WEST,P005,125,136,1086.64
2025-07-02,GLOBAL_WEST,P006,78,85,2124.15
2025-07-02,GLOBAL_WEST,P007,93,99,989.01
2025-07-02,GLOBAL_WEST,P008,76,79,1026.21
2025-07-02,GLOBAL_WEST,P009,0,0,0.0
2025-07-02,GLOBAL_WEST,P010,86,98,489.02
2025-07-02,GLOBAL_WEST,P011,59,64,1279.36
2025-07-02,GLOBAL_WEST,P012,6,7,559.93
2025-07-03,KR,P001,159,171,169.29
2025-07-03,KR,P002,90,92,459.08
2025-07-03,KR,P003,68,73,1094.27
2025-07-03,KR,P004,0,0,0.0
2025-07-03,KR,P005,95,105,838.95
2025-07-03,KR,P006,39,40,999.6
2025-07-03,KR,P007,50,53,529.47
2025-07-03,KR,P008,59,64,831.36
2025-07-03,KR,P009,0,0,0.0
2025-07-03,KR,P010,57,62,309.38
2025-07-03,KR,P011,27,29,579.71
2025-07-03,KR,P012,19,21,1679.79
2025-07-03,JP,P001,214,228,225.72
2025-07-03,JP,P002,105,112,558.88
2025-07-03,JP,P003,86,94,1409.06
2025-07-03,JP,P004,0,0,0.0
2025-07-03,JP,P005,89,97,775.03
2025-07-03,JP,P006,41,42,1049.58
2025-07-03,JP,P007,76,80,799.2
2025-07-03,JP,P008,76,80,1039.2
2025-07-03,JP,P009,0,0,0.0
2025-07-03,JP,P010,64,68,339.32
2025-07-03,JP,P011,51,55,1099.45
2025-07-03,JP,P012,18,19,1519.81
2025-07-03,GLOBAL_WEST,P001,279,309,305.91
2025-07-03,GLOBAL_WEST,P002,152,171,853.29
2025-07-03,GLOBAL_WEST,P003,133,148,2218.52
2025-07-03,GLOBAL_WEST,P004,0,0,0.0
2025-07-03,GLOBAL_WEST,P005,156,178,1422.22
2025-07-03,GLOBAL_WEST,P006,85,88,2199.12
2025-07-03,GLOBAL_WEST,P007,78,87,869.13
2025-07-03,GLOBAL_WEST,P008,68,69,896.31
2025-07-03,GLOBAL_WEST,P009,0,0,0.0
2025-07-03,GLOBAL_WEST,P010,80,84,419.16
2025-07-03,GLOBAL_WEST,P011,69,74,1479.26
2025-07-03,GLOBAL_WEST,P012,0,0,0.0
2025-07-04,KR,P001,161,169,167.31
2025-07-04,KR,P002,79,90,449.1
2025-07-04,KR,P003,76,81,1214.19
2025-07-04,KR,P004,0,0,0.0
2025-07-04,KR,P005,87,92,735.08
2025-07-04,KR,P006,35,37,924.63
2025-07-04,KR,P007,51,55,549.45
2025-07-04,KR,P008,70,72,935.28
2025-07-04,KR,P009,0,0,0.0
2025-07-04,KR,P010,45,48,239.52
2025-07-04,KR,P011,17,18,359.82
2025-07-04,KR,P012,19,19,1519.81
2025-07-04,JP,P001,189,196,194.04
2025-07-04,JP,P002,88,94,469.06
2025-07-04,JP,P003,88,93,1394.07
2025-07-04,JP,P004,0,0,0.0
2025-07-04,JP,P005,107,115,918.85
2025-07-04,JP,P006,54,58,1449.42
2025-07-04,JP,P007,62,67,669.33
2025-07-04,JP,P008,67,71,922.29
2025-07-04,JP,P009,0,0,0.0
2025-07-04,JP,P010,74,77,384.23
2025-07-04,JP,P011,32,36,719.64
2025-07-04,JP,P012,15,16,1279.84
2025-07-04,GLOBAL_WEST,P001,283,296,293.04
2025-07-04,GLOBAL_WEST,P002,126,137,683.63
2025-07-04,GLOBAL_WEST,P003,122,125,1873.75
2025-07-04,GLOBAL_WEST,P004,0,0,0.0
2025-07-04,GLOBAL_WEST,P005,125,133,1062.67
2025-07-04,GLOBAL_WEST,P006,67,70,1749.3
2025-07-04,GLOBAL_WEST,P007,90,96,959.04
2025-07-04,GLOBAL_WEST,P008,78,80,1039.2
2025-07-04,GLOBAL_WEST,P009,0,0,0.0
2025-07-04,GLOBAL_WEST,P010,90,97,484.03
2025-07-04,GLOBAL_WEST,P011,40,44,879.56
2025-07-04,GLOBAL_WEST,P012,18,22,1759.78
2025-07-05,KR,P001,161,166,164.34
2025-07-05,KR,P002,81,87,434.13
2025-07-05,KR,P003,70,76,1139.24
2025-07-05,KR,P004,0,0,0.0
2025-07-05,KR,P005,76,83,663.17
2025-07-05,KR,P006,54,58,1449.42
2025-07-05,KR,P007,56,62,619.38
2025-07-05,KR,P008,54,60,779.4
2025-07-05,KR,P009,0,0,0.0
2025-07-05,KR,P010,51,54,269.46
2025-07-05,KR,P011,15,15,299.85
2025-07-05,KR,P012,23,24,1919.76
2025-07-05,JP,P001,216,227,224.73
2025-07-05,JP,P002,100,105,523.95
2025-07-05,JP,P003,114,123,1843.77
2025-07-05,JP,P004,0,0,0.0
2025-07-05,JP,P005,127,135,1078.65
2025-07-05,JP,P006,67,73,1824.27
2025-07-05,JP,P007,70,80,799.2
2025-07-05,JP,P008,78,86,1117.14
2025-07-05,JP,P009,0,0,0.0
2025-07-05,JP,P010,59,63,314.37
2025-07-05,JP,P011,35,38,759.62
2025-07-05,JP,P012,23,24,1919.76
2025-07-05,GLOBAL_WEST,P001,270,287,284.13
2025-07-05,GLOBAL_WEST,P002,135,139,693.61
2025-07-05,GLOBAL_WEST,P003,138,151,2263.49
2025-07-05,GLOBAL_WEST,P004,0,0,0.0
2025-07-05,GLOBAL_WEST,P005,164,167,1334.33
2025-07-05,GLOBAL_WEST,P006,73,81,2024.19
2025-07-05,GLOBAL_WEST,P007,57,61,609.39
2025-07-05,GLOBAL_WEST,P008,100,105,1363.95
2025-07-05,GLOBAL_WEST,P009,0,0,0.0
2025-07-05,GLOBAL_WEST,P010,88,96,479.04
2025-07-05,GLOBAL_WEST,P011,44,48,959.52
2025-07-05,GLOBAL_WEST,P012,0,0,0.0
2025-07-06,KR,P001,164,175,173.25
2025-07-06,KR,P002,81,88,439.12
2025-07-06,KR,P003,65,71,1064.29
2025-07-06,KR,P004,0,0,0.0
2025-07-06,KR,P005,88,94,751.06
2025-07-06,KR,P006,45,48,1199.52
2025-07-06,KR,P007,44,45,449.55
2025-07-06,KR,P008,48,52,675.48
2025-07-06,KR,P009,0,0,0.0
2025-07-06,KR,P010,42,45,224.55
2025-07-06,KR,P011,24,24,479.76
2025-07-06,KR,P012,29,30,2399.7
2025-07-06,JP,P001,215,237,234.63
2025-07-06,JP,P002,100,109,543.91
2025-07-06,JP,P003,95,103,1543.97
2025-07-06,JP,P004,0,0,0.0
2025-07-06,JP,P005,118,126,1006.74
2025-07-06,JP,P006,67,70,1749.3
2025-07-06,JP,P007,59,62,619.38
2025-07-06,JP,P008,85,90,1169.1
2025-07-06,JP,P009,0,0,0.0
2025-07-06,JP,P010,62,67,334.33
2025-07-06,JP,P011,39,40,799.6
2025-07-06,JP,P012,13,13,1039.87
2025-07-06,GLOBAL_WEST,P001,288,301,297.99
2025-07-06,GLOBAL_WEST,P002,141,157,783.43
2025-07-06,GLOBAL_WEST,P003,124,135,2023.65
2025-07-06,GLOBAL_WEST,P004,0,0,0.0
2025-07-06,GLOBAL_WEST,P005,134,137,1094.63
2025-07-06,GLOBAL_WEST,P006,91,91,2274.09
2025-07-06,GLOBAL_WEST,P007,88,93,929.07
2025-07-06,GLOBAL_WEST,P008,108,114,1480.86
2025-07-06,GLOBAL_WEST,P009,0,0,0.0
2025-07-06,GLOBAL_WEST,P010,79,88,439.12
2025-07-06,GLOBAL_WEST,P011,71,77,1539.23
2025-07-06,GLOBAL_WEST,P012,14,14,1119.86
2025-07-07,KR,P001,187,189,187.11
2025-07-07,KR,P002,86,91,454.09
2025-07-07,KR,P003,85,89,1334.11
2025-07-07,KR,P004,0,0,0.0
2025-07-07,KR,P005,97,98,783.02
2025-07-07,KR,P006,39,43,1074.57
2025-07-07,KR,P007,47,49,489.51
2025-07-07,KR,P008,50,52,675.48
2025-07-07,KR,P009,0,0,0.0
2025-07-07,KR,P010,55,60,299.4
2025-07-07,KR,P011,28,29,579.71
2025-07-07,KR,P012,0,0,0.0
2025-07-07,JP,P001,198,205,202.95
2025-07-07,JP,P002,102,102,508.98
2025-07-07,JP,P003,95,106,1588.94
2025-07-07,JP,P004,0,0,0.0
2025-07-07,JP,P005,106,117,934.83
2025-07-07,JP,P006,66,66,1649.34
2025-07-07,JP,P007,74,78,779.22
2025-07-07,JP,P008,58,64,831.36
2025-07-07,JP,P009,0,0,0.0
2025-07-07,JP,P010,56,61,304.39
2025-07-07,JP,P011,41,43,859.57
2025-07-07,JP,P012,21,23,1839.77
2025-07-07,GLOBAL_WEST,P001,272,306,302.94
2025-07-07,GLOBAL_WEST,P002,102,113,563.87
2025-07-07,GLOBAL_WEST,P003,101,104,1558.96
2025-07-07,GLOBAL_WEST,P004,0,0,0.0
2025-07-07,GLOBAL_WEST,P005,138,147,1174.53
2025-07-07,GLOBAL_WEST,P006,83,90,2249.1
2025-07-07,GLOBAL_WEST,P007,80,83,829.17
2025-07-07,GLOBAL_WEST,P008,105,113,1467.87
2025-07-07,GLOBAL_WEST,P009,0,0,0.0
2025-07-07,GLOBAL_WEST,P010,74,84,419.16
2025-07-07,GLOBAL_WEST,P011,75,81,1619.19
2025-07-07,GLOBAL_WEST,P012,13,14,1119.86
2025-07-08,KR,P001,194,201,198.99
2025-07-08,KR,P002,83,88,439.12
2025-07-08,KR,P003,84,91,1364.09
2025-07-08,KR,P004,0,0,0.0
2025-07-08,KR,P005,92,101,806.99
2025-07-08,KR,P006,54,57,1424.43
2025-07-08,KR,P007,60,62,619.38
2025-07-08,KR,P008,69,74,961.26
2025-07-08,KR,P009,0,0,0.0
2025-07-08,KR,P010,38,40,199.6
2025-07-08,KR,P011,48,50,999.5
2025-07-08,KR,P012,15,15,1199.85
2025-07-08,JP,P001,219,231,228.69
2025-07-08,JP,P002,102,111,553.89
2025-07-08,JP,P003,78,82,1229.18
2025-07-08,JP,P004,0,0,0.0
2025-07-08,JP,P005,112,115,918.85
2025-07-08,JP,P006,46,48,1199.52
2025-07-08,JP,P007,58,61,609.39
2025-07-08,JP,P008,73,79,1026.21
2025-07-08,JP,P009,0,0,0.0
2025-07-08,JP,P010,54,58,289.42
2025-07-08,JP,P011,28,29,579.71
2025-07-08,JP,P012,6,6,479.94
2025-07-08,GLOBAL_WEST,P001,258,271,268.29
2025-07-08,GLOBAL_WEST,P002,107,115,573.85
2025-07-08,GLOBAL_WEST,P003,124,135,2023.65
2025-07-08,GLOBAL_WEST,P004,0,0,0.0
2025-07-08,GLOBAL_WEST,P005,142,155,1238.45
2025-07-08,GLOBAL_WEST,P006,80,83,2074.17
2025-07-08,GLOBAL_WEST,P007,82,88,879.12
2025-07-08,GLOBAL_WEST,P008,92,99,1286.01
2025-07-08,GLOBAL_WEST,P009,0,0,0.0
2025-07-08,GLOBAL_WEST,P010,97,107,533.93
2025-07-08,GLOBAL_WEST,P011,54,56,1119.44
2025-07-08,GLOBAL_WEST,P012,3,3,239.97
2025-07-09,KR,P001,256,274,271.26
2025-07-09,KR,P002,143,152,758.48
2025-07-09,KR,P003,124,136,2038.64
2025-07-09,KR,P004,104,104,2078.96
2025-07-09,KR,P005,126,136,1086.64
2025-07-09,KR,P006,100,107,2673.93
2025-07-09,KR,P007,107,119,1188.81
2025-07-09,KR,P008,114,121,1571.79
2025-07-09,KR,P009,143,154,4618.46
2025-07-09,KR,P010,70,70,349.3
2025-07-09,KR,P011,46,49,979.51
2025-07-09,KR,P012,33,35,2799.65
2025-07-09,JP,P001,305,315,311.85
2025-07-09,JP,P002,156,172,858.28
2025-07-09,JP,P003,147,158,2368.42
2025-07-09,JP,P004,115,122,2438.78
2025-07-09,JP,P005,170,172,1374.28
2025-07-09,JP,P006,116,124,3098.76
2025-07-09,JP,P007,120,127,1268.73
2025-07-09,JP,P008,131,146,1896.54
2025-07-09,JP,P009,156,159,4768.41
2025-07-09,JP,P010,81,86,429.14
2025-07-09,JP,P011,30,31,619.69
2025-07-09,JP,P012,4,4,319.96
2025-07-09,GLOBAL_WEST,P001,363,369,365.31
2025-07-09,GLOBAL_WEST,P002,227,249,1242.51
2025-07-09,GLOBAL_WEST,P003,195,212,3177.88
2025-07-09,GLOBAL_WEST,P004,140,154,3078.46
2025-07-09,GLOBAL_WEST,P005,192,203,1621.97
2025-07-09,GLOBAL_WEST,P006,154,171,4273.29
2025-07-09,GLOBAL_WEST,P007,137,147,1468.53
2025-07-09,GLOBAL_WEST,P008,145,151,1961.49
2025-07-09,GLOBAL_WEST,P009,216,235,7047.65
2025-07-09,GLOBAL_WEST,P010,117,127,633.73
2025-07-09,GLOBAL_WEST,P011,60,67,1339.33
2025-07-09,GLOBAL_WEST,P012,21,22,1759.78
2025-07-10,KR,P001,274,295,292.05
2025-07-10,KR,P002,123,138,688.62
2025-07-10,KR,P003,123,137,2053.63
2025-07-10,KR,P004,116,123,2458.77
2025-07-10,KR,P005,151,153,1222.47
2025-07-10,KR,P006,84,90,2249.1
2025-07-10,KR,P007,102,111,1108.89
2025-07-10,KR,P008,128,132,1714.68
2025-07-10,KR,P009,154,158,4738.42
2025-07-10,KR,P010,64,69,344.31
2025-07-10,KR,P011,53,57,1139.43
2025-07-10,KR,P012,21,24,1919.76
2025-07-10,JP,P001,289,310,306.9
2025-07-10,JP,P002,143,152,758.48
2025-07-10,JP,P003,141,150,2248.5
2025-07-10,JP,P004,120,129,2578.71
2025-07-10,JP,P005,152,172,1374.28
2025-07-10,JP,P006,129,141,3523.59
2025-07-10,JP,P007,90,102,1018.98
2025-07-10,JP,P008,116,123,1597.77
2025-07-10,JP,P009,150,163,4888.37
2025-07-10,JP,P010,68,73,364.27
2025-07-10,JP,P011,48,51,1019.49
2025-07-10,JP,P012,9,9,719.91
2025-07-10,GLOBAL_WEST,P001,404,425,420.75
2025-07-10,GLOBAL_WEST,P002,176,192,958.08
2025-07-10,GLOBAL_WEST,P003,156,169,2533.31
2025-07-10,GLOBAL_WEST,P004,135,144,2878.56
2025-07-10,GLOBAL_WEST,P005,164,176,1406.24
2025-07-10,GLOBAL_WEST,P006,162,170,4248.3
2025-07-10,GLOBAL_WEST,P007,129,140,1398.6
2025-07-10,GLOBAL_WEST,P008,194,206,2675.94
2025-07-10,GLOBAL_WEST,P009,211,236,7077.64
2025-07-10,GLOBAL_WEST,P010,130,141,703.59
2025-07-10,GLOBAL_WEST,P011,47,50,999.5
2025-07-10,GLOBAL_WEST,P012,31,34,2719.66
2025-07-11,KR,P001,275,283,280.17
2025-07-11,KR,P002,141,152,758.48
2025-07-11,KR,P003,126,142,2128.58
2025-07-11,KR,P004,103,110,2198.9
2025-07-11,KR,P005,131,136,1086.64
2025-07-11,KR,P006,106,112,2798.88
2025-07-11,KR,P007,112,120,1198.8
2025-07-11,KR,P008,122,129,1675.71
2025-07-11,KR,P009,134,146,4378.54
2025-07-11,KR,P010,92,98,489.02
2025-07-11,KR,P011,37,37,739.63
2025-07-11,KR,P012,33,34,2719.66
2025-07-11,JP,P001,298,333,329.67
2025-07-11,JP,P002,140,153,763.47
2025-07-11,JP,P003,124,131,1963.69
2025-07-11,JP,P004,98,99,1979.01
2025-07-11,JP,P005,160,174,1390.26
2025-07-11,JP,P006,107,113,2823.87
2025-07-11,JP,P007,106,113,1128.87
2025-07-11,JP,P008,139,140,1818.6
2025-07-11,JP,P009,167,170,5098.3
2025-07-11,JP,P010,56,58,289.42
2025-07-11,JP,P011,57,58,1159.42
2025-07-11,JP,P012,24,25,1999.75
2025-07-11,GLOBAL_WEST,P001,410,453,448.47
2025-07-11,GLOBAL_WEST,P002,236,261,1302.39
2025-07-11,GLOBAL_WEST,P003,173,177,2653.23
2025-07-11,GLOBAL_WEST,P004,152,157,3138.43
2025-07-11,GLOBAL_WEST,P005,230,237,1893.63
2025-07-11,GLOBAL_WEST,P006,139,152,3798.48
2025-07-11,GLOBAL_WEST,P007,142,150,1498.5
2025-07-11,GLOBAL_WEST,P008,180,202,2623.98
2025-07-11,GLOBAL_WEST,P009,218,231,6927.69
2025-07-11,GLOBAL_WEST,P010,100,106,528.94
2025-07-11,GLOBAL_WEST,P011,58,63,1259.37
2025-07-11,GLOBAL_WEST,P012,28,31,2479.69
2025-07-12,KR,P001,264,283,280.17
2025-07-12,KR,P002,144,155,773.45
2025-07-12,KR,P003,106,107,1603.93
2025-07-12,KR,P004,88,93,1859.07
2025-07-12,KR,P005,150,163,1302.37
2025-07-12,KR,P006,89,94,2349.06
2025-07-12,KR,P007,86,93,929.07
2025-07-12,KR,P008,118,122,1584.78
2025-07-12,KR,P009,136,145,4348.55
2025-07-12,KR,P010,97,104,518.96
2025-07-12,KR,P011,17,20,399.8
2025-07-12,KR,P012,30,31,2479.69
2025-07-12,JP,P001,290,304,300.96
2025-07-12,JP,P002,142,147,733.53
2025-07-12,JP,P003,118,130,1948.7
2025-07-12,JP,P004,107,117,2338.83
2025-07-12,JP,P005,151,161,1286.39
2025-07-12,JP,P006,137,155,3873.45
2025-07-12,JP,P007,106,110,1098.9
2025-07-12,JP,P008,135,141,1831.59
2025-07-12,JP,P009,161,177,5308.23
2025-07-12,JP,P010,79,82,409.18
2025-07-12,JP,P011,39,41,819.59
2025-07-12,JP,P012,5,6,479.94
2025-07-12,GLOBAL_WEST,P001,462,493,488.07
2025-07-12,GLOBAL_WEST,P002,224,240,1197.6
2025-07-12,GLOBAL_WEST,P003,217,237,3552.63
2025-07-12,GLOBAL_WEST,P004,150,162,3238.38
2025-07-12,GLOBAL_WEST,P005,186,190,1518.1
2025-07-12,GLOBAL_WEST,P006,119,129,3223.71
2025-07-12,GLOBAL_WEST,P007,185,195,1948.05
2025-07-12,GLOBAL_WEST,P008,168,174,2260.26
2025-07-12,GLOBAL_WEST,P009,232,249,7467.51
2025-07-12,GLOBAL_WEST,P010,125,130,648.7
2025-07-12,GLOBAL_WEST,P011,64,66,1319.34
2025-07-12,GLOBAL_WEST,P012,28,28,2239.72
2025-07-13,KR,P001,279,301,297.99
2025-07-13,KR,P002,157,165,823.35
2025-07-13,KR,P003,140,151,2263.49
2025-07-13,KR,P004,130,144,2878.56
2025-07-13,KR,P005,135,143,1142.57
2025-07-13,KR,P006,93,103,2573.97
2025-07-13,KR,P007,129,132,1318.68
2025-07-13,KR,P008,103,114,1480.86
2025-07-13,KR,P009,133,144,4318.56
2025-07-13,KR,P010,75,85,424.15
2025-07-13,KR,P011,64,70,1399.3
2025-07-13,KR,P012,32,35,2799.65
2025-07-13,JP,P001,306,346,342.54
2025-07-13,JP,P002,133,142,708.58
2025-07-13,JP,P003,120,136,2038.64
2025-07-13,JP,P004,119,124,2478.76
2025-07-13,JP,P005,146,163,1302.37
2025-07-13,JP,P006,131,142,3548.58
2025-07-13,JP,P007,94,100,999.0
2025-07-13,JP,P008,105,115,1493.85
2025-07-13,JP,P009,168,178,5338.22
2025-07-13,JP,P010,88,93,464.07
2025-07-13,JP,P011,56,60,1199.4
2025-07-13,JP,P012,19,19,1519.81
2025-07-13,GLOBAL_WEST,P001,416,459,454.41
2025-07-13,GLOBAL_WEST,P002,166,181,903.19
2025-07-13,GLOBAL_WEST,P003,198,217,3252.83
2025-07-13,GLOBAL_WEST,P004,144,157,3138.43
2025-07-13,GLOBAL_WEST,P005,206,236,1885.64
2025-07-13,GLOBAL_WEST,P006,151,162,4048.38
2025-07-13,GLOBAL_WEST,P007,169,187,1868.13
2025-07-13,GLOBAL_WEST,P008,166,172,2234.28
2025-07-13,GLOBAL_WEST,P009,211,228,6837.72
2025-07-13,GLOBAL_WEST,P010,81,89,444.11
2025-07-13,GLOBAL_WEST,P011,66,70,1399.3
2025-07-13,GLOBAL_WEST,P012,24,26,2079.74
2025-07-14,KR,P001,271,284,281.16
2025-07-14,KR,P002,135,145,723.55
2025-07-14,KR,P003,141,150,2248.5
2025-07-14,KR,P004,89,95,1899.05
2025-07-14,KR,P005,175,187,1494.13
2025-07-14,KR,P006,100,111,2773.89
2025-07-14,KR,P007,107,115,1148.85
2025-07-14,KR,P008,127,135,1753.65
2025-07-14,KR,P009,168,176,5278.24
2025-07-14,KR,P010,92,102,508.98
2025-07-14,KR,P011,42,46,919.54
2025-07-14,KR,P012,22,22,1759.78
2025-07-14,JP,P001,296,308,304.92
2025-07-14,JP,P002,145,157,783.43
2025-07-14,JP,P003,143,147,2203.53
2025-07-14,JP,P004,110,119,2378.81
2025-07-14,JP,P005,162,175,1398.25
2025-07-14,JP,P006,128,140,3498.6
2025-07-14,JP,P007,116,127,1268.73
2025-07-14,JP,P008,133,145,1883.55
2025-07-14,JP,P009,147,158,4738.42
2025-07-14,JP,P010,99,112,558.88
2025-07-14,JP,P011,69,72,1439.28
2025-07-14,JP,P012,40,42,3359.58
2025-07-14,GLOBAL_WEST,P001,432,468,463.32
2025-07-14,GLOBAL_WEST,P002,208,227,1132.73
2025-07-14,GLOBAL_WEST,P003,183,199,2983.01
2025-07-14,GLOBAL_WEST,P004,163,174,3478.26
2025-07-14,GLOBAL_WEST,P005,243,267,2133.33
2025-07-14,GLOBAL_WEST,P006,159,178,4448.22
2025-07-14,GLOBAL_WEST,P007,192,209,2087.91
2025-07-14,GLOBAL_WEST,P008,169,177,2299.23
2025-07-14,GLOBAL_WEST,P009,240,252,7557.48
2025-07-14,GLOBAL_WEST,P010,134,141,703.59
2025-07-14,GLOBAL_WEST,P011,104,115,2298.85
2025-07-14,GLOBAL_WEST,P012,29,30,2399.7
2025-07-15,KR,P001,281,286,283.14
2025-07-15,KR,P002,128,129,643.71
2025-07-15,KR,P003,160,176,2638.24
2025-07-15,KR,P004,116,125,2498.75
2025-07-15,KR,P005,155,171,1366.29
2025-07-15,KR,P006,126,132,3298.68
2025-07-15,KR,P007,132,142,1418.58
2025-07-15,KR,P008,105,110,1428.9
2025-07-15,KR,P009,158,168,5038.32
2025-07-15,KR,P010,90,97,484.03
2025-07-15,KR,P011,38,40,799.6
2025-07-15,KR,P012,32,34,2719.66
2025-07-15,JP,P001,334,365,361.35
2025-07-15,JP,P002,151,167,833.33
2025-07-15,JP,P003,134,139,2083.61
2025-07-15,JP,P004,116,126,2518.74
2025-07-15,JP,P005,163,171,1366.29
2025-07-15,JP,P006,115,125,3123.75
2025-07-15,JP,P007,118,134,1338.66
2025-07-15,JP,P008,74,83,1078.17
2025-07-15,JP,P009,148,158,4738.42
2025-07-15,JP,P010,102,111,553.89
2025-07-15,JP,P011,57,60,1199.4
2025-07-15,JP,P012,21,22,1759.78
2025-07-15,GLOBAL_WEST,P001,451,482,477.18
2025-07-15,GLOBAL_WEST,P002,203,216,1077.84
2025-07-15,GLOBAL_WEST,P003,217,229,3432.71
2025-07-15,GLOBAL_WEST,P004,152,166,3318.34
2025-07-15,GLOBAL_WEST,P005,243,261,2085.39
2025-07-15,GLOBAL_WEST,P006,179,194,4848.06
2025-07-15,GLOBAL_WEST,P007,188,212,2117.88
2025-07-15,GLOBAL_WEST,P008,181,203,2636.97
2025-07-15,GLOBAL_WEST,P009,255,265,7947.35
2025-07-15,GLOBAL_WEST,P010,137,148,738.52
2025-07-15,GLOBAL_WEST,P011,116,119,2378.81
2025-07-15,GLOBAL_WEST,P012,70,73,5839.27
2025-07-16,KR,P001,309,334,330.66
2025-07-16,KR,P002,183,200,998.0
2025-07-16,KR,P003,164,175,2623.25
2025-07-16,KR,P004,99,107,2138.93
2025-07-16,KR,P005,181,194,1550.06
2025-07-16,KR,P006,129,140,3498.6
2025-07-16,KR,P007,126,137,1368.63
2025-07-16,KR,P008,112,122,1584.78
2025-07-16,KR,P009,169,185,5548.15
2025-07-16,KR,P010,87,91,454.09
2025-07-16,KR,P011,47,52,1039.48
2025-07-16,KR,P012,28,30,2399.7
2025-07-16,JP,P001,296,321,317.79
2025-07-16,JP,P002,151,162,808.38
2025-07-16,JP,P003,134,141,2113.59
2025-07-16,JP,P004,92,101,2018.99
2025-07-16,JP,P005,144,155,1238.45
2025-07-16,JP,P006,108,120,2998.8
2025-07-16,JP,P007,139,145,1448.55
2025-07-16,JP,P008,100,109,1415.91
2025-07-16,JP,P009,158,176,5278.24
2025-07-16,JP,P010,96,103,513.97
2025-07-16,JP,P011,39,42,839.58
2025-07-16,JP,P012,14,15,1199.85
2025-07-16,GLOBAL_WEST,P001,479,506,500.94
2025-07-16,GLOBAL_WEST,P002,238,258,1287.42
2025-07-16,GLOBAL_WEST,P003,234,250,3747.5
2025-07-16,GLOBAL_WEST,P004,158,171,3418.29
2025-07-16,GLOBAL_WEST,P005,248,259,2069.41
2025-07-16,GLOBAL_WEST,P006,148,151,3773.49
2025-07-16,GLOBAL_WEST,P007,180,194,1938.06
2025-07-16,GLOBAL_WEST,P008,125,135,1753.65
2025-07-16,GLOBAL_WEST,P009,243,253,7587.47
2025-07-16,GLOBAL_WEST,P010,169,188,938.12
2025-07-16,GLOBAL_WEST,P011,65,71,1419.29
2025-07-16,GLOBAL_WEST,P012,16,18,1439.82
2025-07-17,KR,P001,294,308,304.92
2025-07-17,KR,P002,160,176,878.24
2025-07-17,KR,P003,125,136,2038.64
2025-07-17,KR,P004,91,94,1879.06
2025-07-17,KR,P005,129,143,1142.57
2025-07-17,KR,P006,117,129,3223.71
2025-07-17,KR,P007,147,156,1558.44
2025-07-17,KR,P008,107,114,1480.86
2025-07-17,KR,P009,168,176,5278.24
2025-07-17,KR,P010,85,88,439.12
2025-07-17,KR,P011,58,60,1199.4
2025-07-17,KR,P012,22,22,1759.78
2025-07-17,JP,P001,318,354,350.46
2025-07-17,JP,P002,139,147,733.53
2025-07-17,JP,P003,148,157,2353.43
2025-07-17,JP,P004,100,109,2178.91
2025-07-17,JP,P005,141,151,1206.49
2025-07-17,JP,P006,104,110,2748.9
2025-07-17,JP,P007,121,128,1278.72
2025-07-17,JP,P008,102,110,1428.9
2025-07-17,JP,P009,159,176,5278.24
2025-07-17,JP,P010,96,104,518.96
2025-07-17,JP,P011,65,70,1399.3
2025-07-17,JP,P012,50,55,4399.45
2025-07-17,GLOBAL_WEST,P001,480,524,518.76
2025-07-17,GLOBAL_WEST,P002,262,271,1352.29
2025-07-17,GLOBAL_WEST,P003,199,221,3312.79
2025-07-17,GLOBAL_WEST,P004,101,107,2138.93
2025-07-17,GLOBAL_WEST,P005,230,254,2029.46
2025-07-17,GLOBAL_WEST,P006,207,219,5472.81
2025-07-17,GLOBAL_WEST,P007,172,181,1808.19
2025-07-17,GLOBAL_WEST,P008,105,112,1454.88
2025-07-17,GLOBAL_WEST,P009,258,276,8277.24
2025-07-17,GLOBAL_WEST,P010,96,101,503.99
2025-07-17,GLOBAL_WEST,P011,125,143,2858.57
2025-07-17,GLOBAL_WEST,P012,20,20,1599.8
2025-07-18,KR,P001,299,347,343.53
2025-07-18,KR,P002,144,157,783.43
2025-07-18,KR,P003,119,127,1903.73
2025-07-18,KR,P004,127,138,2758.62
2025-07-18,KR,P005,158,169,1350.31
2025-07-18,KR,P006,120,126,3148.74
2025-07-18,KR,P007,132,146,1458.54
2025-07-18,KR,P008,98,104,1350.96
2025-07-18,KR,P009,152,161,4828.39
2025-07-18,KR,P010,83,93,464.07
2025-07-18,KR,P011,67,72,1439.28
2025-07-18,KR,P012,20,20,1599.8
2025-07-18,JP,P001,311,329,325.71
2025-07-18,JP,P002,155,164,818.36
2025-07-18,JP,P003,124,130,1948.7
2025-07-18,JP,P004,122,134,2678.66
2025-07-18,JP,P005,161,169,1350.31
2025-07-18,JP,P006,122,133,3323.67
2025-07-18,JP,P007,116,124,1238.76
2025-07-18,JP,P008,100,112,1454.88
2025-07-18,JP,P009,165,176,5278.24
2025-07-18,JP,P010,71,74,369.26
2025-07-18,JP,P011,36,38,759.62
2025-07-18,JP,P012,37,39,3119.61
2025-07-18,GLOBAL_WEST,P001,428,469,464.31
2025-07-18,GLOBAL_WEST,P002,230,252,1257.48
2025-07-18,GLOBAL_WEST,P003,182,206,3087.94
2025-07-18,GLOBAL_WEST,P004,187,204,4077.96
2025-07-18,GLOBAL_WEST,P005,243,272,2173.28
2025-07-18,GLOBAL_WEST,P006,203,225,5622.75
2025-07-18,GLOBAL_WEST,P007,191,206,2057.94
2025-07-18,GLOBAL_WEST,P008,170,178,2312.22
2025-07-18,GLOBAL_WEST,P009,232,242,7257.58
2025-07-18,GLOBAL_WEST,P010,128,140,698.6
2025-07-18,GLOBAL_WEST,P011,91,98,1959.02
2025-07-18,GLOBAL_WEST,P012,64,67,5359.33
2025-07-19,KR,P001,299,314,310.86
2025-07-19,KR,P002,147,155,773.45
2025-07-19,KR,P003,167,180,2698.2
2025-07-19,KR,P004,95,107,2138.93
2025-07-19,KR,P005,161,177,1414.23
2025-07-19,KR,P006,100,109,2723.91
2025-07-19,KR,P007,112,119,1188.81
2025-07-19,KR,P008,96,102,1324.98
2025-07-19,KR,P009,189,204,6117.96
2025-07-19,KR,P010,111,123,613.77
2025-07-19,KR,P011,48,52,1039.48
2025-07-19,KR,P012,18,18,1439.82
2025-07-19,JP,P001,294,323,319.77
2025-07-19,JP,P002,163,179,893.21
2025-07-19,JP,P003,136,151,2263.49
2025-07-19,JP,P004,110,117,2338.83
2025-07-19,JP,P005,161,173,1382.27
2025-07-19,JP,P006,115,128,3198.72
2025-07-19,JP,P007,112,120,1198.8
2025-07-19,JP,P008,99,107,1389.93
2025-07-19,JP,P009,151,160,4798.4
2025-07-19,JP,P010,98,101,503.99
2025-07-19,JP,P011,65,67,1339.33
2025-07-19,JP,P012,24,27,2159.73
2025-07-19,GLOBAL_WEST,P001,525,569,563.31
2025-07-19,GLOBAL_WEST,P002,275,302,1506.98
2025-07-19,GLOBAL_WEST,P003,184,191,2863.09
2025-07-19,GLOBAL_WEST,P004,235,241,4817.59
2025-07-19,GLOBAL_WEST,P005,283,300,2397.0
2025-07-19,GLOBAL_WEST,P006,160,168,4198.32
2025-07-19,GLOBAL_WEST,P007,158,165,1648.35
2025-07-19,GLOBAL_WEST,P008,157,168,2182.32
2025-07-19,GLOBAL_WEST,P009,270,291,8727.09
2025-07-19,GLOBAL_WEST,P010,141,151,753.49
2025-07-19,GLOBAL_WEST,P011,119,127,2538.73
2025-07-19,GLOBAL_WEST,P012,7,7,559.93
2025-07-20,KR,P001,289,305,301.95
2025-07-20,KR,P002,134,147,733.53
2025-07-20,KR,P003,129,145,2173.55
2025-07-20,KR,P004,100,109,2178.91
2025-07-20,KR,P005,152,159,1270.41
2025-07-20,KR,P006,114,117,2923.83
2025-07-20,KR,P007,113,122,1218.78
2025-07-20,KR,P008,119,128,1662.72
2025-07-20,KR,P009,200,213,6387.87
2025-07-20,KR,P010,97,102,508.98
2025-07-20,KR,P011,40,42,839.58
2025-07-20,KR,P012,16,18,1439.82
2025-07-20,JP,P001,309,336,332.64
2025-07-20,JP,P002,143,162,808.38
2025-07-20,JP,P003,142,151,2263.49
2025-07-20,JP,P004,119,130,2598.7
2025-07-20,JP,P005,165,182,1454.18
2025-07-20,JP,P006,101,105,2623.95
2025-07-20,JP,P007,121,133,1328.67
2025-07-20,JP,P008,117,128,1662.72
2025-07-20,JP,P009,174,189,5668.11
2025-07-20,JP,P010,85,94,469.06
2025-07-20,JP,P011,52,58,1159.42
2025-07-20,JP,P012,26,28,2239.72
2025-07-20,GLOBAL_WEST,P001,437,460,455.4
2025-07-20,GLOBAL_WEST,P002,219,247,1232.53
2025-07-20,GLOBAL_WEST,P003,180,193,2893.07
2025-07-20,GLOBAL_WEST,P004,199,225,4497.75
2025-07-20,GLOBAL_WEST,P005,263,280,2237.2
2025-07-20,GLOBAL_WEST,P006,179,196,4898.04
2025-07-20,GLOBAL_WEST,P007,211,231,2307.69
2025-07-20,GLOBAL_WEST,P008,109,111,1441.89
2025-07-20,GLOBAL_WEST,P009,225,250,7497.5
2025-07-20,GLOBAL_WEST,P010,165,189,943.11
2025-07-20,GLOBAL_WEST,P011,109,117,2338.83
2025-07-20,GLOBAL_WEST,P012,74,78,6239.22
2025-07-21,KR,P001,342,375,371.25
2025-07-21,KR,P002,173,188,938.12
2025-07-21,KR,P003,101,103,1543.97
2025-07-21,KR,P004,116,127,2538.73
2025-07-21,KR,P005,163,175,1398.25
2025-07-21,KR,P006,110,119,2973.81
2025-07-21,KR,P007,120,127,1268.73
2025-07-21,KR,P008,102,113,1467.87
2025-07-21,KR,P009,185,204,6117.96
2025-07-21,KR,P010,100,109,543.91
2025-07-21,KR,P011,52,53,1059.47
2025-07-21,KR,P012,29,30,2399.7
2025-07-21,JP,P001,302,320,316.8
2025-07-21,JP,P002,168,186,928.14
2025-07-21,JP,P003,128,141,2113.59
2025-07-21,JP,P004,106,119,2378.81
2025-07-21,JP,P005,170,180,1438.2
2025-07-21,JP,P006,123,138,3448.62
2025-07-21,JP,P007,116,120,1198.8
2025-07-21,JP,P008,121,132,1714.68
2025-07-21,JP,P009,151,169,5068.31
2025-07-21,JP,P010,70,76,379.24
2025-07-21,JP,P011,49,52,1039.48
2025-07-21,JP,P012,6,6,479.94
2025-07-21,GLOBAL_WEST,P001,488,552,546.48
2025-07-21,GLOBAL_WEST,P002,255,268,1337.32
2025-07-21,GLOBAL_WEST,P003,214,229,3432.71
2025-07-21,GLOBAL_WEST,P004,180,189,3778.11
2025-07-21,GLOBAL_WEST,P005,235,257,2053.43
2025-07-21,GLOBAL_WEST,P006,204,220,5497.8
2025-07-21,GLOBAL_WEST,P007,195,215,2147.85
2025-07-21,GLOBAL_WEST,P008,136,144,1870.56
2025-07-21,GLOBAL_WEST,P009,296,317,9506.83
2025-07-21,GLOBAL_WEST,P010,127,137,683.63
2025-07-21,GLOBAL_WEST,P011,78,81,1619.19
2025-07-21,GLOBAL_WEST,P012,32,36,2879.64
2025-07-22,KR,P001,283,305,301.95
2025-07-22,KR,P002,154,166,828.34
2025-07-22,KR,P003,167,180,2698.2
2025-07-22,KR,P004,141,150,2998.5
2025-07-22,KR,P005,126,134,1070.66
2025-07-22,KR,P006,130,138,3448.62
2025-07-22,KR,P007,115,120,1198.8
2025-07-22,KR,P008,103,107,1389.93
2025-07-22,KR,P009,167,183,5488.17
2025-07-22,KR,P010,112,119,593.81
2025-07-22,KR,P011,42,43,859.57
2025-07-22,KR,P012,3,3,239.97
2025-07-22,JP,P001,301,317,313.83
2025-07-22,JP,P002,140,149,743.51
2025-07-22,JP,P003,150,163,2443.37
2025-07-22,JP,P004,116,127,2538.73
2025-07-22,JP,P005,156,170,1358.3
2025-07-22,JP,P006,107,114,2848.86
2025-07-22,JP,P007,98,104,1038.96
2025-07-22,JP,P008,119,127,1649.73
2025-07-22,JP,P009,174,185,5548.15
2025-07-22,JP,P010,69,74,369.26
2025-07-22,JP,P011,54,59,1179.41
2025-07-22,JP,P012,37,40,3199.6
2025-07-22,GLOBAL_WEST,P001,530,583,577.17
2025-07-22,GLOBAL_WEST,P002,243,255,1272.45
2025-07-22,GLOBAL_WEST,P003,236,251,3762.49
2025-07-22,GLOBAL_WEST,P004,162,166,3318.34
2025-07-22,GLOBAL_WEST,P005,263,281,2245.19
2025-07-22,GLOBAL_WEST,P006,181,199,4973.01
2025-07-22,GLOBAL_WEST,P007,207,226,2257.74
2025-07-22,GLOBAL_WEST,P008,194,215,2792.85
2025-07-22,GLOBAL_WEST,P009,272,305,9146.95
2025-07-22,GLOBAL_WEST,P010,116,121,603.79
2025-07-22,GLOBAL_WEST,P011,77,84,1679.16
2025-07-22,GLOBAL_WEST,P012,15,15,1199.85
2025-07-23,KR,P001,300,337,333.63
2025-07-23,KR,P002,136,143,713.57
2025-07-23,KR,P003,151,165,2473.35
2025-07-23,KR,P004,113,128,2558.72
2025-07-23,KR,P005,150,155,1238.45
2025-07-23,KR,P006,107,115,2873.85
2025-07-23,KR,P007,121,121,1208.79
2025-07-23,KR,P008,118,130,1688.7
2025-07-23,KR,P009,181,201,6027.99
2025-07-23,KR,P010,94,102,508.98
2025-07-23,KR,P011,37,38,759.62
2025-07-23,KR,P012,17,19,1519.81
2025-07-23,JP,P001,303,314,310.86
2025-07-23,JP,P002,150,162,808.38
2025-07-23,JP,P003,138,150,2248.5
2025-07-23,JP,P004,124,134,2678.66
2025-07-23,JP,P005,158,175,1398.25
2025-07-23,JP,P006,135,148,3698.52
2025-07-23,JP,P007,129,142,1418.58
2025-07-23,JP,P008,119,129,1675.71
2025-07-23,JP,P009,156,173,5188.27
2025-07-23,JP,P010,75,81,404.19
2025-07-23,JP,P011,45,48,959.52
2025-07-23,JP,P012,37,40,3199.6
2025-07-23,GLOBAL_WEST,P001,486,544,538.56
2025-07-23,GLOBAL_WEST,P002,280,294,1467.06
2025-07-23,GLOBAL_WEST,P003,210,225,3372.75
2025-07-23,GLOBAL_WEST,P004,207,229,4577.71
2025-07-23,GLOBAL_WEST,P005,236,254,2029.46
2025-07-23,GLOBAL_WEST,P006,198,212,5297.88
2025-07-23,GLOBAL_WEST,P007,214,251,2507.49
2025-07-23,GLOBAL_WEST,P008,169,186,2416.14
2025-07-23,GLOBAL_WEST,P009,289,313,9386.87
2025-07-23,GLOBAL_WEST,P010,141,150,748.5
2025-07-23,GLOBAL_WEST,P011,107,119,2378.81
2025-07-23,GLOBAL_WEST,P012,2,2,159.98
2025-07-24,KR,P001,303,313,309.87
2025-07-24,KR,P002,166,181,903.19
2025-07-24,KR,P003,148,161,2413.39
2025-07-24,KR,P004,101,109,2178.91
2025-07-24,KR,P005,150,162,1294.38
2025-07-24,KR,P006,109,115,2873.85
2025-07-24,KR,P007,115,130,1298.7
2025-07-24,KR,P008,109,121,1571.79
2025-07-24,KR,P009,147,157,4708.43
2025-07-24,KR,P010,72,77,384.23
2025-07-24,KR,P011,43,47,939.53
2025-07-24,KR,P012,29,32,2559.68
2025-07-24,JP,P001,314,336,332.64
2025-07-24,JP,P002,125,140,698.6
2025-07-24,JP,P003,171,187,2803.13
2025-07-24,JP,P004,113,119,2378.81
2025-07-24,JP,P005,156,167,1334.33
2025-07-24,JP,P006,142,165,4123.35
2025-07-24,JP,P007,123,129,1288.71
2025-07-24,JP,P008,105,110,1428.9
2025-07-24,JP,P009,179,193,5788.07
2025-07-24,JP,P010,99,103,513.97
2025-07-24,JP,P011,76,79,1579.21
2025-07-24,JP,P012,19,19,1519.81
2025-07-24,GLOBAL_WEST,P001,502,560,554.4
2025-07-24,GLOBAL_WEST,P002,225,238,1187.62
2025-07-24,GLOBAL_WEST,P003,276,293,4392.07
2025-07-24,GLOBAL_WEST,P004,199,223,4457.77
2025-07-24,GLOBAL_WEST,P005,261,284,2269.16
2025-07-24,GLOBAL_WEST,P006,179,197,4923.03
2025-07-24,GLOBAL_WEST,P007,131,136,1358.64
2025-07-24,GLOBAL_WEST,P008,145,154,2000.46
2025-07-24,GLOBAL_WEST,P009,253,265,7947.35
2025-07-24,GLOBAL_WEST,P010,144,150,748.5
2025-07-24,GLOBAL_WEST,P011,55,58,1159.42
2025-07-24,GLOBAL_WEST,P012,39,41,3279.59
2025-07-25,KR,P001,307,326,322.74
2025-07-25,KR,P002,136,147,733.53
2025-07-25,KR,P003,155,171,2563.29
2025-07-25,KR,P004,120,129,2578.71
2025-07-25,KR,P005,199,216,1725.84
2025-07-25,KR,P006,151,160,3998.4
2025-07-25,KR,P007,131,143,1428.57
2025-07-25,KR,P008,110,121,1571.79
2025-07-25,KR,P009,198,205,6147.95
2025-07-25,KR,P010,96,106,528.94
2025-07-25,KR,P011,56,58,1159.42
2025-07-25,KR,P012,30,31,2479.69
2025-07-25,JP,P001,297,326,322.74
2025-07-25,JP,P002,144,149,743.51
2025-07-25,JP,P003,131,133,1993.67
2025-07-25,JP,P004,123,133,2658.67
2025-07-25,JP,P005,161,176,1406.24
2025-07-25,JP,P006,100,110,2748.9
2025-07-25,JP,P007,138,151,1508.49
2025-07-25,JP,P008,116,125,1623.75
2025-07-25,JP,P009,169,179,5368.21
2025-07-25,JP,P010,83,88,439.12
2025-07-25,JP,P011,76,79,1579.21
2025-07-25,JP,P012,11,11,879.89
2025-07-25,GLOBAL_WEST,P001,486,507,501.93
2025-07-25,GLOBAL_WEST,P002,263,274,1367.26
2025-07-25,GLOBAL_WEST,P003,208,234,3507.66
2025-07-25,GLOBAL_WEST,P004,175,186,3718.14
2025-07-25,GLOBAL_WEST,P005,312,327,2612.73
2025-07-25,GLOBAL_WEST,P006,190,211,5272.89
2025-07-25,GLOBAL_WEST,P007,185,199,1988.01
2025-07-25,GLOBAL_WEST,P008,167,170,2208.3
2025-07-25,GLOBAL_WEST,P009,323,349,10466.51
2025-07-25,GLOBAL_WEST,P010,123,136,678.64
2025-07-25,GLOBAL_WEST,P011,87,92,1839.08
2025-07-25,GLOBAL_WEST,P012,71,75,5999.25
2025-07-26,KR,P001,350,393,389.07
2025-07-26,KR,P002,153,161,803.39
2025-07-26,KR,P003,180,193,2893.07
2025-07-26,KR,P004,136,147,2938.53
2025-07-26,KR,P005,200,216,1725.84
2025-07-26,KR,P006,108,115,2873.85
2025-07-26,KR,P007,137,147,1468.53
2025-07-26,KR,P008,114,125,1623.75
2025-07-26,KR,P009,184,196,5878.04
2025-07-26,KR,P010,112,120,598.8
2025-07-26,KR,P011,64,71,1419.29
2025-07-26,KR,P012,6,6,479.94
2025-07-26,JP,P001,294,315,311.85
2025-07-26,JP,P002,156,164,818.36
2025-07-26,JP,P003,128,130,1948.7
2025-07-26,JP,P004,107,110,2198.9
2025-07-26,JP,P005,164,178,1422.22
2025-07-26,JP,P006,108,115,2873.85
2025-07-26,JP,P007,122,137,1368.63
2025-07-26,JP,P008,119,129,1675.71
2025-07-26,JP,P009,149,161,4828.39
2025-07-26,JP,P010,86,93,464.07
2025-07-26,JP,P011,68,72,1439.28
2025-07-26,JP,P012,27,27,2159.73
2025-07-26,GLOBAL_WEST,P001,470,498,493.02
2025-07-26,GLOBAL_WEST,P002,279,301,1501.99
2025-07-26,GLOBAL_WEST,P003,193,207,3102.93
2025-07-26,GLOBAL_WEST,P004,194,214,4277.86
2025-07-26,GLOBAL_WEST,P005,244,271,2165.29
2025-07-26,GLOBAL_WEST,P006,195,209,5222.91
2025-07-26,GLOBAL_WEST,P007,227,235,2347.65
2025-07-26,GLOBAL_WEST,P008,165,178,2312.22
2025-07-26,GLOBAL_WEST,P009,247,270,8097.3
2025-07-26,GLOBAL_WEST,P010,162,179,893.21
2025-07-26,GLOBAL_WEST,P011,73,78,1559.22
2025-07-26,GLOBAL_WEST,P012,33,34,2719.66
2025-07-27,KR,P001,325,359,355.41
2025-07-27,KR,P002,178,188,938.12
2025-07-27,KR,P003,137,142,2128.58
2025-07-27,KR,P004,125,136,2718.64
2025-07-27,KR,P005,162,175,1398.25
2025-07-27,KR,P006,110,118,2948.82
2025-07-27,KR,P007,126,134,1338.66
2025-07-27,KR,P008,137,144,1870.56
2025-07-27,KR,P009,179,193,5788.07
2025-07-27,KR,P010,89,98,489.02
2025-07-27,KR,P011,54,59,1179.41
2025-07-27,KR,P012,32,34,2719.66
2025-07-27,JP,P001,288,319,315.81
2025-07-27,JP,P002,135,147,733.53
2025-07-27,JP,P003,145,156,2338.44
2025-07-27,JP,P004,139,148,2958.52
2025-07-27,JP,P005,169,187,1494.13
2025-07-27,JP,P006,100,103,2573.97
2025-07-27,JP,P007,111,114,1138.86
2025-07-27,JP,P008,100,105,1363.95
2025-07-27,JP,P009,171,184,5518.16
2025-07-27,JP,P010,98,106,528.94
2025-07-27,JP,P011,60,68,1359.32
2025-07-27,JP,P012,28,28,2239.72
2025-07-27,GLOBAL_WEST,P001,527,598,592.02
2025-07-27,GLOBAL_WEST,P002,289,324,1616.76
2025-07-27,GLOBAL_WEST,P003,234,252,3777.48
2025-07-27,GLOBAL_WEST,P004,180,191,3818.09
2025-07-27,GLOBAL_WEST,P005,256,271,2165.29
2025-07-27,GLOBAL_WEST,P006,198,221,5522.79
2025-07-27,GLOBAL_WEST,P007,170,192,1918.08
2025-07-27,GLOBAL_WEST,P008,164,176,2286.24
2025-07-27,GLOBAL_WEST,P009,304,336,10076.64
2025-07-27,GLOBAL_WEST,P010,147,161,803.39
2025-07-27,GLOBAL_WEST,P011,93,93,1859.07
2025-07-27,GLOBAL_WEST,P012,20,21,1679.79
2025-07-28,KR,P001,294,336,332.64
2025-07-28,KR,P002,141,159,793.41
2025-07-28,KR,P003,157,173,2593.27
2025-07-28,KR,P004,129,141,2818.59
2025-07-28,KR,P005,160,179,1430.21
2025-07-28,KR,P006,150,162,4048.38
2025-07-28,KR,P007,116,125,1248.75
2025-07-28,KR,P008,103,114,1480.86
2025-07-28,KR,P009,178,185,5548.15
2025-07-28,KR,P010,119,131,653.69
2025-07-28,KR,P011,52,57,1139.43
2025-07-28,KR,P012,19,21,1679.79
2025-07-28,JP,P001,333,346,342.54
2025-07-28,JP,P002,173,178,888.22
2025-07-28,JP,P003,158,171,2563.29
2025-07-28,JP,P004,115,120,2398.8
2025-07-28,JP,P005,186,192,1534.08
2025-07-28,JP,P006,114,123,3073.77
2025-07-28,JP,P007,123,135,1348.65
2025-07-28,JP,P008,86,93,1208.07
2025-07-28,JP,P009,182,191,5728.09
2025-07-28,JP,P010,113,126,628.74
2025-07-28,JP,P011,53,54,1079.46
2025-07-28,JP,P012,15,17,1359.83
2025-07-28,GLOBAL_WEST,P001,534,576,570.24
2025-07-28,GLOBAL_WEST,P002,289,314,1566.86
2025-07-28,GLOBAL_WEST,P003,236,250,3747.5
2025-07-28,GLOBAL_WEST,P004,190,216,4317.84
2025-07-28,GLOBAL_WEST,P005,275,299,2389.01
2025-07-28,GLOBAL_WEST,P006,169,174,4348.26
2025-07-28,GLOBAL_WEST,P007,177,188,1878.12
2025-07-28,GLOBAL_WEST,P008,183,187,2429.13
2025-07-28,GLOBAL_WEST,P009,324,363,10886.37
2025-07-28,GLOBAL_WEST,P010,151,166,828.34
2025-07-28,GLOBAL_WEST,P011,78,85,1699.15
2025-07-28,GLOBAL_WEST,P012,48,53,4239.47
2025-07-29,KR,P001,337,381,377.19
2025-07-29,KR,P002,190,191,953.09
2025-07-29,KR,P003,151,158,2368.42
2025-07-29,KR,P004,115,125,2498.75
2025-07-29,KR,P005,163,175,1398.25
2025-07-29,KR,P006,121,127,3173.73
2025-07-29,KR,P007,150,166,1658.34
2025-07-29,KR,P008,118,131,1701.69
2025-07-29,KR,P009,172,192,5758.08
2025-07-29,KR,P010,83,90,449.1
2025-07-29,KR,P011,38,41,819.59
2025-07-29,KR,P012,6,6,479.94
2025-07-29,JP,P001,321,351,347.49
2025-07-29,JP,P002,168,174,868.26
2025-07-29,JP,P003,150,158,2368.42
2025-07-29,JP,P004,94,104,2078.96
2025-07-29,JP,P005,164,168,1342.32
2025-07-29,JP,P006,129,138,3448.62
2025-07-29,JP,P007,125,137,1368.63
2025-07-29,JP,P008,110,114,1480.86
2025-07-29,JP,P009,174,198,5938.02
2025-07-29,JP,P010,83,89,444.11
2025-07-29,JP,P011,44,46,919.54
2025-07-29,JP,P012,12,13,1039.87
2025-07-29,GLOBAL_WEST,P001,528,586,580.14
2025-07-29,GLOBAL_WEST,P002,229,242,1207.58
2025-07-29,GLOBAL_WEST,P003,205,230,3447.7
2025-07-29,GLOBAL_WEST,P004,231,254,5077.46
2025-07-29,GLOBAL_WEST,P005,262,290,2317.1
2025-07-29,GLOBAL_WEST,P006,200,209,5222.91
2025-07-29,GLOBAL_WEST,P007,197,213,2127.87
2025-07-29,GLOBAL_WEST,P008,199,221,2870.79
2025-07-29,GLOBAL_WEST,P009,300,323,9686.77
2025-07-29,GLOBAL_WEST,P010,179,186,928.14
2025-07-29,GLOBAL_WEST,P011,58,63,1259.37
2025-07-29,GLOBAL_WEST,P012,50,52,4159.48
2025-07-30,KR,P001,345,358,354.42
2025-07-30,KR,P002,200,218,1087.82
2025-07-30,KR,P003,144,149,2233.51
2025-07-30,KR,P004,114,119,2378.81
2025-07-30,KR,P005,151,170,1358.3
2025-07-30,KR,P006,119,126,3148.74
2025-07-30,KR,P007,128,139,1388.61
2025-07-30,KR,P008,125,134,1740.66
2025-07-30,KR,P009,188,197,5908.03
2025-07-30,KR,P010,112,117,583.83
2025-07-30,KR,P011,74,80,1599.2
2025-07-30,KR,P012,34,35,2799.65
2025-07-30,JP,P001,321,345,341.55
2025-07-30,JP,P002,166,178,888.22
2025-07-30,JP,P003,162,179,2683.21
2025-07-30,JP,P004,127,139,2778.61
2025-07-30,JP,P005,149,160,1278.4
2025-07-30,JP,P006,112,119,2973.81
2025-07-30,JP,P007,132,148,1478.52
2025-07-30,JP,P008,97,113,1467.87
2025-07-30,JP,P009,144,150,4498.5
2025-07-30,JP,P010,95,103,513.97
2025-07-30,JP,P011,45,49,979.51
2025-07-30,JP,P012,16,16,1279.84
2025-07-30,GLOBAL_WEST,P001,550,583,577.17
2025-07-30,GLOBAL_WEST,P002,252,279,1392.21
2025-07-30,GLOBAL_WEST,P003,207,229,3432.71
2025-07-30,GLOBAL_WEST,P004,159,172,3438.28
2025-07-30,GLOBAL_WEST,P005,268,297,2373.03
2025-07-30,GLOBAL_WEST,P006,218,230,5747.7
2025-07-30,GLOBAL_WEST,P007,227,230,2297.7
2025-07-30,GLOBAL_WEST,P008,167,187,2429.13
2025-07-30,GLOBAL_WEST,P009,236,255,7647.45
2025-07-30,GLOBAL_WEST,P010,174,191,953.09
2025-07-30,GLOBAL_WEST,P011,110,117,2338.83
2025-07-30,GLOBAL_WEST,P012,44,47,3759.53
2025-07-31,KR,P001,213,223,220.77
2025-07-31,KR,P002,119,127,633.73
2025-07-31,KR,P003,124,142,2128.58
2025-07-31,KR,P004,0,0,0.0
2025-07-31,KR,P005,127,142,1134.58
2025-07-31,KR,P006,72,78,1949.22
2025-07-31,KR,P007,75,79,789.21
2025-07-31,KR,P008,47,50,649.5
2025-07-31,KR,P009,0,0,0.0
2025-07-31,KR,P010,59,64,319.36
2025-07-31,KR,P011,30,31,619.69
2025-07-31,KR,P012,15,18,1439.82
2025-07-31,JP,P001,241,245,242.55
2025-07-31,JP,P002,115,121,603.79
2025-07-31,JP,P003,116,126,1888.74
2025-07-31,JP,P004,0,0,0.0
2025-07-31,JP,P005,111,117,934.83
2025-07-31,JP,P006,69,74,1849.26
2025-07-31,JP,P007,70,78,779.22
2025-07-31,JP,P008,66,69,896.31
2025-07-31,JP,P009,0,0,0.0
2025-07-31,JP,P010,74,81,404.19
2025-07-31,JP,P011,50,51,1019.49
2025-07-31,JP,P012,3,4,319.96
2025-07-31,GLOBAL_WEST,P001,332,365,361.35
2025-07-31,GLOBAL_WEST,P002,155,161,803.39
2025-07-31,GLOBAL_WEST,P003,147,156,2338.44
2025-07-31,GLOBAL_WEST,P004,0,0,0.0
2025-07-31,GLOBAL_WEST,P005,174,188,1502.12
2025-07-31,GLOBAL_WEST,P006,108,115,2873.85
2025-07-31,GLOBAL_WEST,P007,85,91,909.09
2025-07-31,GLOBAL_WEST,P008,102,114,1480.86
2025-07-31,GLOBAL_WEST,P009,0,0,0.0
2025-07-31,GLOBAL_WEST,P010,114,125,623.75
2025-07-31,GLOBAL_WEST,P011,74,81,1619.19
2025-07-31,GLOBAL_WEST,P012,0,0,0.0
2025-08-01,KR,P001,225,241,238.59
2025-08-01,KR,P002,124,128,638.72
2025-08-01,KR,P003,106,117,1753.83
2025-08-01,KR,P004,0,0,0.0
2025-08-01,KR,P005,99,102,814.98
2025-08-01,KR,P006,71,76,1899.24
2025-08-01,KR,P007,65,71,709.29
2025-08-01,KR,P008,55,60,779.4
2025-08-01,KR,P009,0,0,0.0
2025-08-01,KR,P010,71,75,374.25
2025-08-01,KR,P011,36,38,759.62
2025-08-01,KR,P012,16,17,1359.83
2025-08-01,JP,P001,229,264,261.36
2025-08-01,JP,P002,120,124,618.76
2025-08-01,JP,P003,105,111,1663.89
2025-08-01,JP,P004,0,0,0.0
2025-08-01,JP,P005,101,115,918.85
2025-08-01,JP,P006,78,81,2024.19
2025-08-01,JP,P007,81,91,909.09
2025-08-01,JP,P008,75,82,1065.18
2025-08-01,JP,P009,0,0,0.0
2025-08-01,JP,P010,73,79,394.21
2025-08-01,JP,P011,49,52,1039.48
2025-08-01,JP,P012,35,36,2879.64
2025-08-01,GLOBAL_WEST,P001,327,355,351.45
2025-08-01,GLOBAL_WEST,P002,193,203,1012.97
2025-08-01,GLOBAL_WEST,P003,128,141,2113.59
2025-08-01,GLOBAL_WEST,P004,0,0,0.0
2025-08-01,GLOBAL_WEST,P005,163,169,1350.31
2025-08-01,GLOBAL_WEST,P006,105,109,2723.91
2025-08-01,GLOBAL_WEST,P007,129,142,1418.58
2025-08-01,GLOBAL_WEST,P008,85,91,1182.09
2025-08-01,GLOBAL_WEST,P009,0,0,0.0
2025-08-01,GLOBAL_WEST,P010,109,117,583.83
2025-08-01,GLOBAL_WEST,P011,50,54,1079.46
2025-08-01,GLOBAL_WEST,P012,23,24,1919.76
2025-08-02,KR,P001,226,255,252.45
2025-08-02,KR,P002,94,105,523.95
2025-08-02,KR,P003,85,90,1349.1
2025-08-02,KR,P004,0,0,0.0
2025-08-02,KR,P005,117,125,998.75
2025-08-02,KR,P006,64,67,1674.33
2025-08-02,KR,P007,62,65,649.35
2025-08-02,KR,P008,65,70,909.3
2025-08-02,KR,P009,0,0,0.0
2025-08-02,KR,P010,82,85,424.15
2025-08-02,KR,P011,43,48,959.52
2025-08-02,KR,P012,12,13,1039.87
2025-08-02,JP,P001,247,259,256.41
2025-08-02,JP,P002,110,118,588.82
2025-08-02,JP,P003,101,110,1648.9
2025-08-02,JP,P004,0,0,0.0
2025-08-02,JP,P005,119,130,1038.7
2025-08-02,JP,P006,71,74,1849.26
2025-08-02,JP,P007,71,79,789.21
2025-08-02,JP,P008,45,46,597.54
2025-08-02,JP,P009,0,0,0.0
2025-08-02,JP,P010,80,84,419.16
2025-08-02,JP,P011,39,40,799.6
2025-08-02,JP,P012,21,22,1759.78
2025-08-02,GLOBAL_WEST,P001,380,397,393.03
2025-08-02,GLOBAL_WEST,P002,140,145,723.55
2025-08-02,GLOBAL_WEST,P003,132,149,2233.51
2025-08-02,GLOBAL_WEST,P004,0,0,0.0
2025-08-02,GLOBAL_WEST,P005,139,144,1150.56
2025-08-02,GLOBAL_WEST,P006,89,92,2299.08
2025-08-02,GLOBAL_WEST,P007,129,141,1408.59
2025-08-02,GLOBAL_WEST,P008,96,109,1415.91
2025-08-02,GLOBAL_WEST,P009,0,0,0.0
2025-08-02,GLOBAL_WEST,P010,102,111,553.89
2025-08-02,GLOBAL_WEST,P011,72,78,1559.22
2025-08-02,GLOBAL_WEST,P012,15,16,1279.84
2025-08-03,KR,P001,233,250,247.5
2025-08-03,KR,P002,109,112,558.88
2025-08-03,KR,P003,111,118,1768.82
2025-08-03,KR,P004,0,0,0.0
2025-08-03,KR,P005,117,129,1030.71
2025-08-03,KR,P006,79,82,2049.18
2025-08-03,KR,P007,71,72,719.28
2025-08-03,KR,P008,62,65,844.35
2025-08-03,KR,P009,0,0,0.0
2025-08-03,KR,P010,58,60,299.4
2025-08-03,KR,P011,52,56,1119.44
2025-08-03,KR,P012,4,4,319.96
2025-08-03,JP,P001,201,228,225.72
2025-08-03,JP,P002,123,126,628.74
2025-08-03,JP,P003,87,95,1424.05
2025-08-03,JP,P004,0,0,0.0
2025-08-03,JP,P005,120,134,1070.66
2025-08-03,JP,P006,71,77,1924.23
2025-08-03,JP,P007,66,72,719.28
2025-08-03,JP,P008,60,65,844.35
2025-08-03,JP,P009,0,0,0.0
2025-08-03,JP,P010,56,59,294.41
2025-08-03,JP,P011,38,42,839.58
2025-08-03,JP,P012,10,11,879.89
2025-08-03,GLOBAL_WEST,P001,354,385,381.15
2025-08-03,GLOBAL_WEST,P002,174,185,923.15
2025-08-03,GLOBAL_WEST,P003,171,187,2803.13
2025-08-03,GLOBAL_WEST,P004,0,0,0.0
2025-08-03,GLOBAL_WEST,P005,145,148,1182.52
2025-08-03,GLOBAL_WEST,P006,116,122,3048.78
2025-08-03,GLOBAL_WEST,P007,96,106,1058.94
2025-08-03,GLOBAL_WEST,P008,103,106,1376.94
2025-08-03,GLOBAL_WEST,P009,0,0,0.0
2025-08-03,GLOBAL_WEST,P010,87,95,474.05
2025-08-03,GLOBAL_WEST,P011,46,47,939.53
2025-08-03,GLOBAL_WEST,P012,39,40,3199.6
2025-08-04,KR,P001,236,260,257.4
2025-08-04,KR,P002,111,118,588.82
2025-08-04,KR,P003,107,109,1633.91
2025-08-04,KR,P004,0,0,0.0
2025-08-04,KR,P005,136,142,1134.58
2025-08-04,KR,P006,63,65,1624.35
2025-08-04,KR,P007,64,70,699.3
2025-08-04,KR,P008,52,55,714.45
2025-08-04,KR,P009,0,0,0.0
2025-08-04,KR,P010,57,62,309.38
2025-08-04,KR,P011,50,54,1079.46
2025-08-04,KR,P012,9,9,719.91
2025-08-04,JP,P001,230,256,253.44
2025-08-04,JP,P002,108,113,563.87
2025-08-04,JP,P003,83,89,1334.11
2025-08-04,JP,P004,0,0,0.0
2025-08-04,JP,P005,102,104,830.96
2025-08-04,JP,P006,66,71,1774.29
2025-08-04,JP,P007,78,81,809.19
2025-08-04,JP,P008,40,43,558.57
2025-08-04,JP,P009,0,0,0.0
2025-08-04,JP,P010,65,73,364.27
2025-08-04,JP,P011,28,29,579.71
2025-08-04,JP,P012,28,29,2319.71
2025-08-04,GLOBAL_WEST,P001,332,368,364.32
2025-08-04,GLOBAL_WEST,P002,138,144,718.56
2025-08-04,GLOBAL_WEST,P003,145,151,2263.49
2025-08-04,GLOBAL_WEST,P004,0,0,0.0
2025-08-04,GLOBAL_WEST,P005,160,171,1366.29
2025-08-04,GLOBAL_WEST,P006,68,71,1774.29
2025-08-04,GLOBAL_WEST,P007,75,80,799.2
2025-08-04,GLOBAL_WEST,P008,103,111,1441.89
2025-08-04,GLOBAL_WEST,P009,0,0,0.0
2025-08-04,GLOBAL_WEST,P010,141,143,713.57
2025-08-04,GLOBAL_WEST,P011,60,66,1319.34
2025-08-04,GLOBAL_WEST,P012,40,44,3519.56
2025-08-05,KR,P001,219,232,229.68
2025-08-05,KR,P002,100,108,538.92
2025-08-05,KR,P003,94,98,1469.02
2025-08-05,KR,P004,0,0,0.0
2025-08-05,KR,P005,98,106,846.94
2025-08-05,KR,P006,64,71,1774.29
2025-08-05,KR,P007,45,51,509.49
2025-08-05,KR,P008,50,54,701.46
2025-08-05,KR,P009,0,0,0.0
2025-08-05,KR,P010,75,80,399.2
2025-08-05,KR,P011,54,58,1159.42
2025-08-05,KR,P012,18,21,1679.79
2025-08-05,JP,P001,213,222,219.78
2025-08-05,JP,P002,118,119,593.81
2025-08-05,JP,P003,102,112,1678.88
2025-08-05,JP,P004,0,0,0.0
2025-08-05,JP,P005,127,138,1102.62
2025-08-05,JP,P006,76,82,2049.18
2025-08-05,JP,P007,64,67,669.33
2025-08-05,JP,P008,61,62,805.38
2025-08-05,JP,P009,0,0,0.0
2025-08-05,JP,P010,49,53,264.47
2025-08-05,JP,P011,58,62,1239.38
2025-08-05,JP,P012,26,27,2159.73
2025-08-05,GLOBAL_WEST,P001,371,393,389.07
2025-08-05,GLOBAL_WEST,P002,152,167,833.33
2025-08-05,GLOBAL_WEST,P003,130,131,1963.69
2025-08-05,GLOBAL_WEST,P004,0,0,0.0
2025-08-05,GLOBAL_WEST,P005,191,198,1582.02
2025-08-05,GLOBAL_WEST,P006,96,99,2474.01
2025-08-05,GLOBAL_WEST,P007,107,122,1218.78
2025-08-05,GLOBAL_WEST,P008,55,61,792.39
2025-08-05,GLOBAL_WEST,P009,0,0,0.0
2025-08-05,GLOBAL_WEST,P010,94,103,513.97
2025-08-05,GLOBAL_WEST,P011,59,63,1259.37
2025-08-05,GLOBAL_WEST,P012,20,20,1599.8
2025-08-06,KR,P001,213,228,225.72
2025-08-06,KR,P002,114,120,598.8
2025-08-06,KR,P003,97,104,1558.96
2025-08-06,KR,P004,0,0,0.0
2025-08-06,KR,P005,113,115,918.85
2025-08-06,KR,P006,69,70,1749.3
2025-08-06,KR,P007,57,61,609.39
2025-08-06,KR,P008,62,65,844.35
2025-08-06,KR,P009,0,0,0.0
2025-08-06,KR,P010,53,57,284.43
2025-08-06,KR,P011,62,68,1359.32
2025-08-06,KR,P012,2,2,159.98
2025-08-06,JP,P001,235,261,258.39
2025-08-06,JP,P002,117,130,648.7
2025-08-06,JP,P003,105,111,1663.89
2025-08-06,JP,P004,0,0,0.0
2025-08-06,JP,P005,123,131,1046.69
2025-08-06,JP,P006,69,73,1824.27
2025-08-06,JP,P007,86,92,919.08
2025-08-06,JP,P008,65,73,948.27
2025-08-06,JP,P009,0,0,0.0
2025-08-06,JP,P010,76,86,429.14
2025-08-06,JP,P011,45,49,979.51
2025-08-06,JP,P012,27,27,2159.73
2025-08-06,GLOBAL_WEST,P001,370,417,412.83
2025-08-06,GLOBAL_WEST,P002,139,154,768.46
2025-08-06,GLOBAL_WEST,P003,148,165,2473.35
2025-08-06,GLOBAL_WEST,P004,0,0,0.0
2025-08-06,GLOBAL_WEST,P005,154,169,1350.31
2025-08-06,GLOBAL_WEST,P006,97,97,2424.03
2025-08-06,GLOBAL_WEST,P007,100,106,1058.94
2025-08-06,GLOBAL_WEST,P008,73,75,974.25
2025-08-06,GLOBAL_WEST,P009,0,0,0.0
2025-08-06,GLOBAL_WEST,P010,100,110,548.9
2025-08-06,GLOBAL_WEST,P011,46,49,979.51
2025-08-06,GLOBAL_WEST,P012,33,35,2799.65
2025-08-07,KR,P001,213,229,226.71
2025-08-07,KR,P002,111,118,588.82
2025-08-07,KR,P003,85,92,1379.08
2025-08-07,KR,P004,0,0,0.0
2025-08-07,KR,P005,133,145,1158.55
2025-08-07,KR,P006,55,57,1424.43
2025-08-07,KR,P007,61,65,649.35
2025-08-07,KR,P008,55,61,792.39
2025-08-07,KR,P009,0,0,0.0
2025-08-07,KR,P010,68,73,364.27
2025-08-07,KR,P011,33,36,719.64
2025-08-07,KR,P012,33,34,2719.66
2025-08-07,JP,P001,226,256,253.44
2025-08-07,JP,P002,128,140,698.6
2025-08-07,JP,P003,91,99,1484.01
2025-08-07,JP,P004,0,0,0.0
2025-08-07,JP,P005,112,123,982.77
2025-08-07,JP,P006,52,56,1399.44
2025-08-07,JP,P007,67,72,719.28
2025-08-07,JP,P008,66,72,935.28
2025-08-07,JP,P009,0,0,0.0
2025-08-07,JP,P010,64,66,329.34
2025-08-07,JP,P011,49,51,1019.49
2025-08-07,JP,P012,26,28,2239.72
2025-08-07,GLOBAL_WEST,P001,339,375,371.25
2025-08-07,GLOBAL_WEST,P002,166,173,863.27
2025-08-07,GLOBAL_WEST,P003,128,132,1978.68
2025-08-07,GLOBAL_WEST,P004,0,0,0.0
2025-08-07,GLOBAL_WEST,P005,162,179,1430.21
2025-08-07,GLOBAL_WEST,P006,56,63,1574.37
2025-08-07,GLOBAL_WEST,P007,83,89,889.11
2025-08-07,GLOBAL_WEST,P008,112,125,1623.75
2025-08-07,GLOBAL_WEST,P009,0,0,0.0
2025-08-07,GLOBAL_WEST,P010,67,71,354.29
2025-08-07,GLOBAL_WEST,P011,60,64,1279.36
2025-08-07,GLOBAL_WEST,P012,15,18,1439.82
2025-08-08,KR,P001,213,223,220.77
2025-08-08,KR,P002,109,119,593.81
2025-08-08,KR,P003,110,120,1798.8
2025-08-08,KR,P004,0,0,0.0
2025-08-08,KR,P005,102,111,886.89
2025-08-08,KR,P006,67,71,1774.29
2025-08-08,KR,P007,56,59,589.41
2025-08-08,KR,P008,65,69,896.31
2025-08-08,KR,P009,0,0,0.0
2025-08-08,KR,P010,82,88,439.12
2025-08-08,KR,P011,41,42,839.58
2025-08-08,KR,P012,23,26,2079.74
2025-08-08,JP,P001,231,260,257.4
2025-08-08,JP,P002,101,104,518.96
2025-08-08,JP,P003,111,119,1783.81
2025-08-08,JP,P004,0,0,0.0
2025-08-08,JP,P005,120,128,1022.72
2025-08-08,JP,P006,83,86,2149.14
2025-08-08,JP,P007,64,65,649.35
2025-08-08,JP,P008,58,62,805.38
2025-08-08,JP,P009,0,0,0.0
2025-08-08,JP,P010,59,64,319.36
2025-08-08,JP,P011,44,46,919.54
2025-08-08,JP,P012,11,12,959.88
2025-08-08,GLOBAL_WEST,P001,323,340,336.6
2025-08-08,GLOBAL_WEST,P002,163,179,893.21
2025-08-08,GLOBAL_WEST,P003,107,112,1678.88
2025-08-08,GLOBAL_WEST,P004,0,0,0.0
2025-08-08,GLOBAL_WEST,P005,162,169,1350.31
2025-08-08,GLOBAL_WEST,P006,105,112,2798.88
2025-08-08,GLOBAL_WEST,P007,128,137,1368.63
2025-08-08,GLOBAL_WEST,P008,72,75,974.25
2025-08-08,GLOBAL_WEST,P009,0,0,0.0
2025-08-08,GLOBAL_WEST,P010,95,99,494.01
2025-08-08,GLOBAL_WEST,P011,71,74,1479.26
2025-08-08,GLOBAL_WEST,P012,24,26,2079.74
2025-08-09,KR,P001,227,235,232.65
2025-08-09,KR,P002,110,115,573.85
2025-08-09,KR,P003,101,114,1708.86
2025-08-09,KR,P004,0,0,0.0
2025-08-09,KR,P005,101,108,862.92
2025-08-09,KR,P006,53,57,1424.43
2025-08-09,KR,P007,82,88,879.12
2025-08-09,KR,P008,67,70,909.3
2025-08-09,KR,P009,0,0,0.0
2025-08-09,KR,P010,59,64,319.36
2025-08-09,KR,P011,56,60,1199.4
2025-08-09,KR,P012,14,15,1199.85
2025-08-09,JP,P001,223,234,231.66
2025-08-09,JP,P002,126,139,693.61
2025-08-09,JP,P003,100,107,1603.93
2025-08-09,JP,P004,0,0,0.0
2025-08-09,JP,P005,104,115,918.85
2025-08-09,JP,P006,63,67,1674.33
2025-08-09,JP,P007,82,83,829.17
2025-08-09,JP,P008,51,57,740.43
2025-08-09,JP,P009,0,0,0.0
2025-08-09,JP,P010,59,61,304.39
2025-08-09,JP,P011,42,43,859.57
2025-08-09,JP,P012,15,15,1199.85
2025-08-09,GLOBAL_WEST,P001,322,344,340.56
2025-08-09,GLOBAL_WEST,P002,180,198,988.02
2025-08-09,GLOBAL_WEST,P003,122,128,1918.72
2025-08-09,GLOBAL_WEST,P004,0,0,0.0
2025-08-09,GLOBAL_WEST,P005,177,192,1534.08
2025-08-09,GLOBAL_WEST,P006,96,99,2474.01
2025-08-09,GLOBAL_WEST,P007,86,94,939.06
2025-08-09,GLOBAL_WEST,P008,76,82,1065.18
2025-08-09,GLOBAL_WEST,P009,0,0,0.0
2025-08-09,GLOBAL_WEST,P010,111,121,603.79
2025-08-09,GLOBAL_WEST,P011,71,80,1599.2
2025-08-09,GLOBAL_WEST,P012,3,3,239.97
2025-08-10,KR,P001,210,219,216.81
2025-08-10,KR,P002,116,121,603.79
2025-08-10,KR,P003,88,93,1394.07
2025-08-10,KR,P004,0,0,0.0
2025-08-10,KR,P005,94,102,814.98
2025-08-10,KR,P006,57,63,1574.37
2025-08-10,KR,P007,64,71,709.29
2025-08-10,KR,P008,52,58,753.42
2025-08-10,KR,P009,0,0,0.0
2025-08-10,KR,P010,56,57,284.43
2025-08-10,KR,P011,33,36,719.64
2025-08-10,KR,P012,11,11,879.89
2025-08-10,JP,P001,227,249,246.51
2025-08-10,JP,P002,108,115,573.85
2025-08-10,JP,P003,107,111,1663.89
2025-08-10,JP,P004,0,0,0.0
2025-08-10,JP,P005,110,125,998.75
2025-08-10,JP,P006,74,81,2024.19
2025-08-10,JP,P007,61,65,649.35
2025-08-10,JP,P008,73,78,1013.22
2025-08-10,JP,P009,0,0,0.0
2025-08-10,JP,P010,49,54,269.46
2025-08-10,JP,P011,42,45,899.55
2025-08-10,JP,P012,27,28,2239.72
2025-08-10,GLOBAL_WEST,P001,304,338,334.62
2025-08-10,GLOBAL_WEST,P002,164,175,873.25
2025-08-10,GLOBAL_WEST,P003,150,160,2398.4
2025-08-10,GLOBAL_WEST,P004,0,0,0.0
2025-08-10,GLOBAL_WEST,P005,161,174,1390.26
2025-08-10,GLOBAL_WEST,P006,90,92,2299.08
2025-08-10,GLOBAL_WEST,P007,95,101,1008.99
2025-08-10,GLOBAL_WEST,P008,64,70,909.3
2025-08-10,GLOBAL_WEST,P009,0,0,0.0
2025-08-10,GLOBAL_WEST,P010,95,106,528.94
2025-08-10,GLOBAL_WEST,P011,69,75,1499.25
2025-08-10,GLOBAL_WEST,P012,27,29,2319.71
2025-08-11,KR,P001,217,223,220.77
2025-08-11,KR,P002,108,115,573.85
2025-08-11,KR,P003,78,83,1244.17
2025-08-11,KR,P004,0,0,0.0
2025-08-11,KR,P005,110,117,934.83
2025-08-11,KR,P006,54,58,1449.42
2025-08-11,KR,P007,86,98,979.02
2025-08-11,KR,P008,55,60,779.4
2025-08-11,KR,P009,0,0,0.0
2025-08-11,KR,P010,63,65,324.35
2025-08-11,KR,P011,30,33,659.67
2025-08-11,KR,P012,5,5,399.95
2025-08-11,JP,P001,210,235,232.65
2025-08-11,JP,P002,125,137,683.63
2025-08-11,JP,P003,95,95,1424.05
2025-08-11,JP,P004,0,0,0.0
2025-08-11,JP,P005,121,133,1062.67
2025-08-11,JP,P006,59,65,1624.35
2025-08-11,JP,P007,66,70,699.3
2025-08-11,JP,P008,53,55,714.45
2025-08-11,JP,P009,0,0,0.0
2025-08-11,JP,P010,61,67,334.33
2025-08-11,JP,P011,69,71,1419.29
2025-08-11,JP,P012,22,22,1759.78
2025-08-11,GLOBAL_WEST,P001,326,326,322.74
2025-08-11,GLOBAL_WEST,P002,155,160,798.4
2025-08-11,GLOBAL_WEST,P003,152,161,2413.39
2025-08-11,GLOBAL_WEST,P004,0,0,0.0
2025-08-11,GLOBAL_WEST,P005,154,163,1302.37
2025-08-11,GLOBAL_WEST,P006,59,62,1549.38
2025-08-11,GLOBAL_WEST,P007,72,79,789.21
2025-08-11,GLOBAL_WEST,P008,80,83,1078.17
2025-08-11,GLOBAL_WEST,P009,0,0,0.0
2025-08-11,GLOBAL_WEST,P010,113,122,608.78
2025-08-11,GLOBAL_WEST,P011,64,71,1419.29
2025-08-11,GLOBAL_WEST,P012,29,32,2559.68
2025-08-12,KR,P001,0,0,0.0
2025-08-12,KR,P002,0,0,0.0
2025-08-12,KR,P003,0,0,0.0
2025-08-12,KR,P004,0,0,0.0
2025-08-12,KR,P005,0,0,0.0
2025-08-12,KR,P006,0,0,0.0
2025-08-12,KR,P007,0,0,0.0
2025-08-12,KR,P008,0,0,0.0
2025-08-12,KR,P009,0,0,0.0
2025-08-12,KR,P010,0,0,0.0
2025-08-12,KR,P011,0,0,0.0
2025-08-12,KR,P012,0,0,0.0
2025-08-12,JP,P001,0,0,0.0
2025-08-12,JP,P002,0,0,0.0
2025-08-12,JP,P003,0,0,0.0
2025-08-12,JP,P004,0,0,0.0
2025-08-12,JP,P005,0,0,0.0
2025-08-12,JP,P006,0,0,0.0
2025-08-12,JP,P007,0,0,0.0
2025-08-12,JP,P008,0,0,0.0
2025-08-12,JP,P009,0,0,0.0
2025-08-12,JP,P010,0,0,0.0
2025-08-12,JP,P011,0,0,0.0
2025-08-12,JP,P012,0,0,0.0
2025-08-12,GLOBAL_WEST,P001,0,0,0.0
2025-08-12,GLOBAL_WEST,P002,0,0,0.0
2025-08-12,GLOBAL_WEST,P003,0,0,0.0
2025-08-12,GLOBAL_WEST,P004,0,0,0.0
2025-08-12,GLOBAL_WEST,P005,0,0,0.0
2025-08-12,GLOBAL_WEST,P006,0,0,0.0
2025-08-12,GLOBAL_WEST,P007,0,0,0.0
2025-08-12,GLOBAL_WEST,P008,0,0,0.0
2025-08-12,GLOBAL_WEST,P009,0,0,0.0
2025-08-12,GLOBAL_WEST,P010,0,0,0.0
2025-08-12,GLOBAL_WEST,P011,0,0,0.0
2025-08-12,GLOBAL_WEST,P012,0,0,0.0
2025-08-13,KR,P001,4,4,3.96
2025-08-13,KR,P002,7,8,39.92
2025-08-13,KR,P003,2,3,44.97
2025-08-13,KR,P004,0,0,0.0
2025-08-13,KR,P005,3,3,23.97
2025-08-13,KR,P006,6,7,174.93
2025-08-13,KR,P007,0,0,0.0
2025-08-13,KR,P008,5,5,64.95
2025-08-13,KR,P009,0,0,0.0
2025-08-13,KR,P010,4,4,19.96
2025-08-13,KR,P011,0,0,0.0
2025-08-13,KR,P012,2,2,159.98
2025-08-13,JP,P001,13,13,12.87
2025-08-13,JP,P002,5,7,34.93
2025-08-13,JP,P003,8,8,119.92
2025-08-13,JP,P004,0,0,0.0
2025-08-13,JP,P005,0,0,0.0
2025-08-13,JP,P006,2,4,99.96
2025-08-13,JP,P007,1,2,19.98
2025-08-13,JP,P008,3,3,38.97
2025-08-13,JP,P009,0,0,0.0
2025-08-13,JP,P010,5,5,24.95
2025-08-13,JP,P011,0,0,0.0
2025-08-13,JP,P012,0,0,0.0
2025-08-13,GLOBAL_WEST,P001,13,13,12.87
2025-08-13,GLOBAL_WEST,P002,1,2,9.98
2025-08-13,GLOBAL_WEST,P003,9,9,134.91
2025-08-13,GLOBAL_WEST,P004,0,0,0.0
2025-08-13,GLOBAL_WEST,P005,7,7,55.93
2025-08-13,GLOBAL_WEST,P006,6,7,174.93
2025-08-13,GLOBAL_WEST,P007,0,0,0.0
2025-08-13,GLOBAL_WEST,P008,0,0,0.0
2025-08-13,GLOBAL_WEST,P009,0,0,0.0
2025-08-13,GLOBAL_WEST,P010,5,6,29.94
2025-08-13,GLOBAL_WEST,P011,0,0,0.0
2025-08-13,GLOBAL_WEST,P012,0,0,0.0
2025-08-14,KR,P001,19,21,20.79
2025-08-14,KR,P002,14,15,74.85
2025-08-14,KR,P003,8,8,119.92
2025-08-14,KR,P004,0,0,0.0
2025-08-14,KR,P005,11,13,103.87
2025-08-14,KR,P006,0,0,0.0
2025-08-14,KR,P007,0,0,0.0
2025-08-14,KR,P008,13,14,181.86
2025-08-14,KR,P009,0,0,0.0
2025-08-14,KR,P010,0,0,0.0
2025-08-14,KR,P011,0,0,0.0
2025-08-14,KR,P012,2,2,159.98
2025-08-14,JP,P001,40,44,43.56
2025-08-14,JP,P002,11,12,59.88
2025-08-14,JP,P003,25,27,404.73
2025-08-14,JP,P004,0,0,0.0
2025-08-14,JP,P005,12,13,103.87
2025-08-14,JP,P006,5,6,149.94
2025-08-14,JP,P007,10,10,99.9
2025-08-14,JP,P008,5,5,64.95
2025-08-14,JP,P009,0,0,0.0
2025-08-14,JP,P010,16,17,84.83
2025-08-14,JP,P011,0,0,0.0
2025-08-14,JP,P012,1,1,79.99
2025-08-14,GLOBAL_WEST,P001,14,14,13.86
2025-08-14,GLOBAL_WEST,P002,8,9,44.91
2025-08-14,GLOBAL_WEST,P003,30,32,479.68
2025-08-14,GLOBAL_WEST,P004,0,0,0.0
2025-08-14,GLOBAL_WEST,P005,10,10,79.9
2025-08-14,GLOBAL_WEST,P006,23,24,599.76
2025-08-14,GLOBAL_WEST,P007,0,0,0.0
2025-08-14,GLOBAL_WEST,P008,16,18,233.82
2025-08-14,GLOBAL_WEST,P009,0,0,0.0
2025-08-14,GLOBAL_WEST,P010,12,12,59.88
2025-08-14,GLOBAL_WEST,P011,0,0,0.0
2025-08-14,GLOBAL_WEST,P012,0,0,0.0
2025-08-15,KR,P001,26,28,27.72
2025-08-15,KR,P002,10,13,64.87
2025-08-15,KR,P003,7,7,104.93
2025-08-15,KR,P004,0,0,0.0
2025-08-15,KR,P005,16,18,143.82
2025-08-15,KR,P006,12,12,299.88
2025-08-15,KR,P007,10,11,109.89
2025-08-15,KR,P008,13,14,181.86
2025-08-15,KR,P009,0,0,0.0
2025-08-15,KR,P010,9,9,44.91
2025-08-15,KR,P011,1,1,19.99
2025-08-15,KR,P012,4,5,399.95
2025-08-15,JP,P001,16,17,16.83
2025-08-15,JP,P002,16,17,84.83
2025-08-15,JP,P003,17,17,254.83
2025-08-15,JP,P004,0,0,0.0
2025-08-15,JP,P005,16,17,135.83
2025-08-15,JP,P006,9,9,224.91
2025-08-15,JP,P007,8,8,79.92
2025-08-15,JP,P008,8,9,116.91
2025-08-15,JP,P009,0,0,0.0
2025-08-15,JP,P010,4,4,19.96
2025-08-15,JP,P011,0,0,0.0
2025-08-15,JP,P012,0,0,0.0
2025-08-15,GLOBAL_WEST,P001,46,49,48.51
2025-08-15,GLOBAL_WEST,P002,9,9,44.91
2025-08-15,GLOBAL_WEST,P003,7,7,104.93
2025-08-15,GLOBAL_WEST,P004,0,0,0.0
2025-08-15,GLOBAL_WEST,P005,10,10,79.9
2025-08-15,GLOBAL_WEST,P006,2,2,49.98
2025-08-15,GLOBAL_WEST,P007,26,27,269.73
2025-08-15,GLOBAL_WEST,P008,11,12,155.88
2025-08-15,GLOBAL_WEST,P009,0,0,0.0
2025-08-15,GLOBAL_WEST,P010,9,10,49.9
2025-08-15,GLOBAL_WEST,P011,8,8,159.92
2025-08-15,GLOBAL_WEST,P012,0,0,0.0
2025-08-16,KR,P001,15,16,15.84
2025-08-16,KR,P002,6,6,29.94
2025-08-16,KR,P003,6,6,89.94
2025-08-16,KR,P004,0,0,0.0
2025-08-16,KR,P005,18,18,143.82
2025-08-16,KR,P006,6,6,149.94
2025-08-16,KR,P007,6,6,59.94
2025-08-16,KR,P008,12,14,181.86
2025-08-16,KR,P009,0,0,0.0
2025-08-16,KR,P010,4,4,19.96
2025-08-16,KR,P011,0,0,0.0
2025-08-16,KR,P012,5,5,399.95
2025-08-16,JP,P001,34,36,35.64
2025-08-16,JP,P002,17,18,89.82
2025-08-16,JP,P003,15,15,224.85
2025-08-16,JP,P004,0,0,0.0
2025-08-16,JP,P005,16,16,127.84
2025-08-16,JP,P006,2,3,74.97
2025-08-16,JP,P007,16,16,159.84
2025-08-16,JP,P008,2,2,25.98
2025-08-16,JP,P009,0,0,0.0
2025-08-16,JP,P010,15,17,84.83
2025-08-16,JP,P011,11,11,219.89
2025-08-16,JP,P012,5,5,399.95
2025-08-16,GLOBAL_WEST,P001,17,19,18.81
2025-08-16,GLOBAL_WEST,P002,25,27,134.73
2025-08-16,GLOBAL_WEST,P003,13,14,209.86
2025-08-16,GLOBAL_WEST,P004,0,0,0.0
2025-08-16,GLOBAL_WEST,P005,3,3,23.97
2025-08-16,GLOBAL_WEST,P006,17,17,424.83
2025-08-16,GLOBAL_WEST,P007,14,14,139.86
2025-08-16,GLOBAL_WEST,P008,0,0,0.0
2025-08-16,GLOBAL_WEST,P009,0,0,0.0
2025-08-16,GLOBAL_WEST,P010,38,40,199.6
2025-08-16,GLOBAL_WEST,P011,5,7,139.93
2025-08-16,GLOBAL_WEST,P012,9,9,719.91
2025-08-17,KR,P001,85,92,91.08
2025-08-17,KR,P002,55,59,294.41
2025-08-17,KR,P003,49,54,809.46
2025-08-17,KR,P004,0,0,0.0
2025-08-17,KR,P005,62,68,543.32
2025-08-17,KR,P006,32,34,849.66
2025-08-17,KR,P007,39,41,409.59
2025-08-17,KR,P008,36,38,493.62
2025-08-17,KR,P009,0,0,0.0
2025-08-17,KR,P010,10,12,59.88
2025-08-17,KR,P011,14,15,299.85
2025-08-17,KR,P012,2,2,159.98
2025-08-17,JP,P001,141,160,158.4
2025-08-17,JP,P002,57,62,309.38
2025-08-17,JP,P003,61,64,959.36
2025-08-17,JP,P004,0,0,0.0
2025-08-17,JP,P005,67,71,567.29
2025-08-17,JP,P006,50,50,1249.5
2025-08-17,JP,P007,55,58,579.42
2025-08-17,JP,P008,21,21,272.79
2025-08-17,JP,P009,0,0,0.0
2025-08-17,JP,P010,24,26,129.74
2025-08-17,JP,P011,24,25,499.75
2025-08-17,JP,P012,9,9,719.91
2025-08-17,GLOBAL_WEST,P001,158,177,175.23
2025-08-17,GLOBAL_WEST,P002,67,73,364.27
2025-08-17,GLOBAL_WEST,P003,49,52,779.48
2025-08-17,GLOBAL_WEST,P004,0,0,0.0
2025-08-17,GLOBAL_WEST,P005,90,93,743.07
2025-08-17,GLOBAL_WEST,P006,62,67,1674.33
2025-08-17,GLOBAL_WEST,P007,59,64,639.36
2025-08-17,GLOBAL_WEST,P008,26,27,350.73
2025-08-17,GLOBAL_WEST,P009,0,0,0.0
2025-08-17,GLOBAL_WEST,P010,72,78,389.22
2025-08-17,GLOBAL_WEST,P011,49,51,1019.49
2025-08-17,GLOBAL_WEST,P012,5,6,479.94
2025-08-18,KR,P001,114,119,117.81
2025-08-18,KR,P002,53,57,284.43
2025-08-18,KR,P003,57,62,929.38
2025-08-18,KR,P004,0,0,0.0
2025-08-18,KR,P005,67,69,551.31
2025-08-18,KR,P006,11,11,274.89
2025-08-18,KR,P007,27,30,299.7
2025-08-18,KR,P008,25,27,350.73
2025-08-18,KR,P009,0,0,0.0
2025-08-18,KR,P010,24,27,134.73
2025-08-18,KR,P011,30,31,619.69
2025-08-18,KR,P012,11,12,959.88
2025-08-18,JP,P001,122,130,128.7
2025-08-18,JP,P002,54,59,294.41
2025-08-18,JP,P003,46,49,734.51
2025-08-18,JP,P004,0,0,0.0
2025-08-18,JP,P005,65,69,551.31
2025-08-18,JP,P006,52,54,1349.46
2025-08-18,JP,P007,29,30,299.7
2025-08-18,JP,P008,30,32,415.68
2025-08-18,JP,P009,0,0,0.0
2025-08-18,JP,P010,47,51,254.49
2025-08-18,JP,P011,16,18,359.82
2025-08-18,JP,P012,10,12,959.88
2025-08-18,GLOBAL_WEST,P001,146,158,156.42
2025-08-18,GLOBAL_WEST,P002,78,84,419.16
2025-08-18,GLOBAL_WEST,P003,87,87,1304.13
2025-08-18,GLOBAL_WEST,P004,0,0,0.0
2025-08-18,GLOBAL_WEST,P005,81,87,695.13
2025-08-18,GLOBAL_WEST,P006,39,44,1099.56
2025-08-18,GLOBAL_WEST,P007,61,62,619.38
2025-08-18,GLOBAL_WEST,P008,44,50,649.5
2025-08-18,GLOBAL_WEST,P009,0,0,0.0
2025-08-18,GLOBAL_WEST,P010,51,53,264.47
2025-08-18,GLOBAL_WEST,P011,35,37,739.63
2025-08-18,GLOBAL_WEST,P012,0,0,0.0
2025-08-19,KR,P001,135,143,141.57
2025-08-19,KR,P002,58,61,304.39
2025-08-19,KR,P003,60,66,989.34
2025-08-19,KR,P004,0,0,0.0
2025-08-19,KR,P005,45,48,383.52
2025-08-19,KR,P006,17,18,449.82
2025-08-19,KR,P007,34,37,369.63
2025-08-19,KR,P008,26,27,350.73
2025-08-19,KR,P009,0,0,0.0
2025-08-19,KR,P010,48,51,254.49
2025-08-19,KR,P011,18,20,399.8
2025-08-19,KR,P012,20,21,1679.79
2025-08-19,JP,P001,142,150,148.5
2025-08-19,JP,P002,59,63,314.37
2025-08-19,JP,P003,59,60,899.4
2025-08-19,JP,P004,0,0,0.0
2025-08-19,JP,P005,65,73,583.27
2025-08-19,JP,P006,32,32,799.68
2025-08-19,JP,P007,30,33,329.67
2025-08-19,JP,P008,27,29,376.71
2025-08-19,JP,P009,0,0,0.0
2025-08-19,JP,P010,47,51,254.49
2025-08-19,JP,P011,22,25,499.75
2025-08-19,JP,P012,22,24,1919.76
2025-08-19,GLOBAL_WEST,P001,168,184,182.16
2025-08-19,GLOBAL_WEST,P002,72,77,384.23
2025-08-19,GLOBAL_WEST,P003,78,84,1259.16
2025-08-19,GLOBAL_WEST,P004,0,0,0.0
2025-08-19,GLOBAL_WEST,P005,106,112,894.88
2025-08-19,GLOBAL_WEST,P006,46,48,1199.52
2025-08-19,GLOBAL_WEST,P007,59,67,669.33
2025-08-19,GLOBAL_WEST,P008,29,31,402.69
2025-08-19,GLOBAL_WEST,P009,0,0,0.0
2025-08-19,GLOBAL_WEST,P010,76,82,409.18
2025-08-19,GLOBAL_WEST,P011,24,26,519.74
2025-08-19,GLOBAL_WEST,P012,26,27,2159.73
2025-08-20,KR,P001,134,152,150.48
2025-08-20,KR,P002,66,72,359.28
2025-08-20,KR,P003,54,55,824.45
2025-08-20,KR,P004,0,0,0.0
2025-08-20,KR,P005,78,78,623.22
2025-08-20,KR,P006,29,30,749.7
2025-08-20,KR,P007,33,36,359.64
2025-08-20,KR,P008,24,25,324.75
2025-08-20,KR,P009,0,0,0.0
2025-08-20,KR,P010,17,18,89.82
2025-08-20,KR,P011,17,17,339.83
2025-08-20,KR,P012,1,1,79.99
2025-08-20,JP,P001,139,155,153.45
2025-08-20,JP,P002,76,83,414.17
2025-08-20,JP,P003,55,57,854.43
2025-08-20,JP,P004,0,0,0.0
2025-08-20,JP,P005,65,69,551.31
2025-08-20,JP,P006,46,52,1299.48
2025-08-20,JP,P007,29,33,329.67
2025-08-20,JP,P008,33,34,441.66
2025-08-20,JP,P009,0,0,0.0
2025-08-20,JP,P010,34,35,174.65
2025-08-20,JP,P011,27,29,579.71
2025-08-20,JP,P012,2,2,159.98
2025-08-20,GLOBAL_WEST,P001,163,172,170.28
2025-08-20,GLOBAL_WEST,P002,74,79,394.21
2025-08-20,GLOBAL_WEST,P003,82,93,1394.07
2025-08-20,GLOBAL_WEST,P004,0,0,0.0
2025-08-20,GLOBAL_WEST,P005,102,104,830.96
2025-08-20,GLOBAL_WEST,P006,51,57,1424.43
2025-08-20,GLOBAL_WEST,P007,36,37,369.63
2025-08-20,GLOBAL_WEST,P008,38,39,506.61
2025-08-20,GLOBAL_WEST,P009,0,0,0.0
2025-08-20,GLOBAL_WEST,P010,62,67,334.33
2025-08-20,GLOBAL_WEST,P011,25,28,559.72
2025-08-20,GLOBAL_WEST,P012,25,26,2079.74
2025-08-21,KR,P001,119,129,127.71
2025-08-21,KR,P002,72,77,384.23
2025-08-21,KR,P003,60,63,944.37
2025-08-21,KR,P004,0,0,0.0
2025-08-21,KR,P005,70,76,607.24
2025-08-21,KR,P006,36,38,949.62
2025-08-21,KR,P007,61,66,659.34
2025-08-21,KR,P008,47,51,662.49
2025-08-21,KR,P009,0,0,0.0
2025-08-21,KR,P010,33,35,174.65
2025-08-21,KR,P011,10,12,239.88
2025-08-21,KR,P012,3,3,239.97
2025-08-21,JP,P001,133,147,145.53
2025-08-21,JP,P002,64,69,344.31
2025-08-21,JP,P003,63,67,1004.33
2025-08-21,JP,P004,0,0,0.0
2025-08-21,JP,P005,61,68,543.32
2025-08-21,JP,P006,50,54,1349.46
2025-08-21,JP,P007,31,32,319.68
2025-08-21,JP,P008,45,49,636.51
2025-08-21,JP,P009,0,0,0.0
2025-08-21,JP,P010,48,54,269.46
2025-08-21,JP,P011,35,38,759.62
2025-08-21,JP,P012,0,0,0.0
2025-08-21,GLOBAL_WEST,P001,162,172,170.28
2025-08-21,GLOBAL_WEST,P002,96,104,518.96
2025-08-21,GLOBAL_WEST,P003,76,82,1229.18
2025-08-21,GLOBAL_WEST,P004,0,0,0.0
2025-08-21,GLOBAL_WEST,P005,95,99,791.01
2025-08-21,GLOBAL_WEST,P006,51,55,1374.45
2025-08-21,GLOBAL_WEST,P007,78,83,829.17
2025-08-21,GLOBAL_WEST,P008,5,6,77.94
2025-08-21,GLOBAL_WEST,P009,0,0,0.0
2025-08-21,GLOBAL_WEST,P010,64,67,334.33
2025-08-21,GLOBAL_WEST,P011,36,38,759.62
2025-08-21,GLOBAL_WEST,P012,36,39,3119.61
2025-08-22,KR,P001,139,143,141.57
2025-08-22,KR,P002,54,57,284.43
2025-08-22,KR,P003,41,43,644.57
2025-08-22,KR,P004,0,0,0.0
2025-08-22,KR,P005,51,54,431.46
2025-08-22,KR,P006,44,47,1174.53
2025-08-22,KR,P007,56,60,599.4
2025-08-22,KR,P008,28,29,376.71
2025-08-22,KR,P009,0,0,0.0
2025-08-22,KR,P010,48,51,254.49
2025-08-22,KR,P011,24,25,499.75
2025-08-22,KR,P012,12,12,959.88
2025-08-22,JP,P001,143,158,156.42
2025-08-22,JP,P002,72,77,384.23
2025-08-22,JP,P003,59,63,944.37
2025-08-22,JP,P004,0,0,0.0
2025-08-22,JP,P005,76,84,671.16
2025-08-22,JP,P006,40,43,1074.57
2025-08-22,JP,P007,33,35,349.65
2025-08-22,JP,P008,34,36,467.64
2025-08-22,JP,P009,0,0,0.0
2025-08-22,JP,P010,63,66,329.34
2025-08-22,JP,P011,25,28,559.72
2025-08-22,JP,P012,25,28,2239.72
2025-08-22,GLOBAL_WEST,P001,170,186,184.14
2025-08-22,GLOBAL_WEST,P002,99,103,513.97
2025-08-22,GLOBAL_WEST,P003,70,75,1124.25
2025-08-22,GLOBAL_WEST,P004,0,0,0.0
2025-08-22,GLOBAL_WEST,P005,77,85,679.15
2025-08-22,GLOBAL_WEST,P006,81,86,2149.14
2025-08-22,GLOBAL_WEST,P007,30,32,319.68
2025-08-22,GLOBAL_WEST,P008,58,61,792.39
2025-08-22,GLOBAL_WEST,P009,0,0,0.0
2025-08-22,GLOBAL_WEST,P010,49,50,249.5
2025-08-22,GLOBAL_WEST,P011,16,16,319.84
2025-08-22,GLOBAL_WEST,P012,0,0,0.0
2025-08-23,KR,P001,117,129,127.71
2025-08-23,KR,P002,62,64,319.36
2025-08-23,KR,P003,46,49,734.51
2025-08-23,KR,P004,0,0,0.0
2025-08-23,KR,P005,53,57,455.43
2025-08-23,KR,P006,42,43,1074.57
2025-08-23,KR,P007,44,46,459.54
2025-08-23,KR,P008,37,41,532.59
2025-08-23,KR,P009,0,0,0.0
2025-08-23,KR,P010,34,38,189.62
2025-08-23,KR,P011,0,0,0.0
2025-08-23,KR,P012,0,0,0.0
2025-08-23,JP,P001,132,139,137.61
2025-08-23,JP,P002,60,65,324.35
2025-08-23,JP,P003,57,62,929.38
2025-08-23,JP,P004,0,0,0.0
2025-08-23,JP,P005,58,64,511.36
2025-08-23,JP,P006,56,59,1474.41
2025-08-23,JP,P007,30,32,319.68
2025-08-23,JP,P008,35,37,480.63
2025-08-23,JP,P009,0,0,0.0
2025-08-23,JP,P010,48,50,249.5
2025-08-23,JP,P011,46,47,939.53
2025-08-23,JP,P012,10,10,799.9
2025-08-23,GLOBAL_WEST,P001,216,237,234.63
2025-08-23,GLOBAL_WEST,P002,101,114,568.86
2025-08-23,GLOBAL_WEST,P003,80,83,1244.17
2025-08-23,GLOBAL_WEST,P004,0,0,0.0
2025-08-23,GLOBAL_WEST,P005,120,129,1030.71
2025-08-23,GLOBAL_WEST,P006,58,64,1599.36
2025-08-23,GLOBAL_WEST,P007,70,76,759.24
2025-08-23,GLOBAL_WEST,P008,49,53,688.47
2025-08-23,GLOBAL_WEST,P009,0,0,0.0
2025-08-23,GLOBAL_WEST,P010,44,46,229.54
2025-08-23,GLOBAL_WEST,P011,62,65,1299.35
2025-08-23,GLOBAL_WEST,P012,25,27,2159.73
2025-08-24,KR,P001,184,197,195.03
2025-08-24,KR,P002,95,103,513.97
2025-08-24,KR,P003,75,83,1244.17
2025-08-24,KR,P004,0,0,0.0
2025-08-24,KR,P005,95,101,806.99
2025-08-24,KR,P006,36,39,974.61
2025-08-24,KR,P007,56,63,629.37
2025-08-24,KR,P008,33,34,441.66
2025-08-24,KR,P009,0,0,0.0
2025-08-24,KR,P010,43,46,229.54
2025-08-24,KR,P011,43,45,899.55
2025-08-24,KR,P012,17,18,1439.82
2025-08-24,JP,P001,157,165,163.35
2025-08-24,JP,P002,87,94,469.06
2025-08-24,JP,P003,74,81,1214.19
2025-08-24,JP,P004,0,0,0.0
2025-08-24,JP,P005,88,91,727.09
2025-08-24,JP,P006,69,74,1849.26
2025-08-24,JP,P007,41,46,459.54
2025-08-24,JP,P008,47,51,662.49
2025-08-24,JP,P009,0,0,0.0
2025-08-24,JP,P010,56,61,304.39
2025-08-24,JP,P011,53,58,1159.42
2025-08-24,JP,P012,9,9,719.91
2025-08-24,GLOBAL_WEST,P001,254,273,270.27
2025-08-24,GLOBAL_WEST,P002,118,126,628.74
2025-08-24,GLOBAL_WEST,P003,83,92,1379.08
2025-08-24,GLOBAL_WEST,P004,0,0,0.0
2025-08-24,GLOBAL_WEST,P005,143,148,1182.52
2025-08-24,GLOBAL_WEST,P006,82,88,2199.12
2025-08-24,GLOBAL_WEST,P007,62,66,659.34
2025-08-24,GLOBAL_WEST,P008,58,63,818.37
2025-08-24,GLOBAL_WEST,P009,0,0,0.0
2025-08-24,GLOBAL_WEST,P010,77,85,424.15
2025-08-24,GLOBAL_WEST,P011,61,63,1259.37
2025-08-24,GLOBAL_WEST,P012,19,21,1679.79
2025-08-25,KR,P001,166,178,176.22
2025-08-25,KR,P002,76,81,404.19
2025-08-25,KR,P003,88,92,1379.08
2025-08-25,KR,P004,0,0,0.0
2025-08-25,KR,P005,85,91,727.09
2025-08-25,KR,P006,61,66,1649.34
2025-08-25,KR,P007,65,69,689.31
2025-08-25,KR,P008,57,63,818.37
2025-08-25,KR,P009,0,0,0.0
2025-08-25,KR,P010,60,65,324.35
2025-08-25,KR,P011,29,30,599.7
2025-08-25,KR,P012,16,17,1359.83
2025-08-25,JP,P001,180,184,182.16
2025-08-25,JP,P002,78,83,414.17
2025-08-25,JP,P003,85,94,1409.06
2025-08-25,JP,P004,0,0,0.0
2025-08-25,JP,P005,97,102,814.98
2025-08-25,JP,P006,69,71,1774.29
2025-08-25,JP,P007,59,61,609.39
2025-08-25,JP,P008,37,39,506.61
2025-08-25,JP,P009,0,0,0.0
2025-08-25,JP,P010,55,59,294.41
2025-08-25,JP,P011,27,29,579.71
2025-08-25,JP,P012,32,34,2719.66
2025-08-25,GLOBAL_WEST,P001,270,285,282.15
2025-08-25,GLOBAL_WEST,P002,121,124,618.76
2025-08-25,GLOBAL_WEST,P003,129,140,2098.6
2025-08-25,GLOBAL_WEST,P004,0,0,0.0
2025-08-25,GLOBAL_WEST,P005,147,160,1278.4
2025-08-25,GLOBAL_WEST,P006,69,72,1799.28
2025-08-25,GLOBAL_WEST,P007,63,67,669.33
2025-08-25,GLOBAL_WEST,P008,57,60,779.4
2025-08-25,GLOBAL_WEST,P009,0,0,0.0
2025-08-25,GLOBAL_WEST,P010,39,43,214.57
2025-08-25,GLOBAL_WEST,P011,50,54,1079.46
2025-08-25,GLOBAL_WEST,P012,17,18,1439.82
2025-08-26,KR,P001,161,178,176.22
2025-08-26,KR,P002,105,114,568.86
2025-08-26,KR,P003,88,98,1469.02
2025-08-26,KR,P004,0,0,0.0
2025-08-26,KR,P005,85,89,711.11
2025-08-26,KR,P006,33,35,874.65
2025-08-26,KR,P007,63,68,679.32
2025-08-26,KR,P008,43,45,584.55
2025-08-26,KR,P009,0,0,0.0
2025-08-26,KR,P010,64,68,339.32
2025-08-26,KR,P011,52,56,1119.44
2025-08-26,KR,P012,22,23,1839.77
2025-08-26,JP,P001,159,172,170.28
2025-08-26,JP,P002,86,92,459.08
2025-08-26,JP,P003,89,97,1454.03
2025-08-26,JP,P004,0,0,0.0
2025-08-26,JP,P005,85,89,711.11
2025-08-26,JP,P006,58,61,1524.39
2025-08-26,JP,P007,62,68,679.32
2025-08-26,JP,P008,52,55,714.45
2025-08-26,JP,P009,0,0,0.0
2025-08-26,JP,P010,63,69,344.31
2025-08-26,JP,P011,34,36,719.64
2025-08-26,JP,P012,5,8,639.92
2025-08-26,GLOBAL_WEST,P001,270,289,286.11
2025-08-26,GLOBAL_WEST,P002,135,147,733.53
2025-08-26,GLOBAL_WEST,P003,95,105,1573.95
2025-08-26,GLOBAL_WEST,P004,0,0,0.0
2025-08-26,GLOBAL_WEST,P005,127,139,1110.61
2025-08-26,GLOBAL_WEST,P006,71,78,1949.22
2025-08-26,GLOBAL_WEST,P007,76,82,819.18
2025-08-26,GLOBAL_WEST,P008,42,46,597.54
2025-08-26,GLOBAL_WEST,P009,0,0,0.0
2025-08-26,GLOBAL_WEST,P010,49,51,254.49
2025-08-26,GLOBAL_WEST,P011,24,24,479.76
2025-08-26,GLOBAL_WEST,P012,8,8,639.92
2025-08-27,KR,P001,182,193,191.07
2025-08-27,KR,P002,73,78,389.22
2025-08-27,KR,P003,73,75,1124.25
2025-08-27,KR,P004,0,0,0.0
2025-08-27,KR,P005,91,102,814.98
2025-08-27,KR,P006,58,62,1549.38
2025-08-27,KR,P007,54,61,609.39
2025-08-27,KR,P008,52,54,701.46
2025-08-27,KR,P009,0,0,0.0
2025-08-27,KR,P010,41,44,219.56
2025-08-27,KR,P011,30,33,659.67
2025-08-27,KR,P012,12,12,959.88
2025-08-27,JP,P001,160,171,169.29
2025-08-27,JP,P002,99,101,503.99
2025-08-27,JP,P003,80,84,1259.16
2025-08-27,JP,P004,0,0,0.0
2025-08-27,JP,P005,71,77,615.23
2025-08-27,JP,P006,61,64,1599.36
2025-08-27,JP,P007,50,57,569.43
2025-08-27,JP,P008,47,51,662.49
2025-08-27,JP,P009,0,0,0.0
2025-08-27,JP,P010,35,37,184.63
2025-08-27,JP,P011,28,30,599.7
2025-08-27,JP,P012,13,13,1039.87
2025-08-27,GLOBAL_WEST,P001,275,298,295.02
2025-08-27,GLOBAL_WEST,P002,130,138,688.62
2025-08-27,GLOBAL_WEST,P003,114,123,1843.77
2025-08-27,GLOBAL_WEST,P004,0,0,0.0
2025-08-27,GLOBAL_WEST,P005,103,114,910.86
2025-08-27,GLOBAL_WEST,P006,77,81,2024.19
2025-08-27,GLOBAL_WEST,P007,73,78,779.22
2025-08-27,GLOBAL_WEST,P008,95,104,1350.96
2025-08-27,GLOBAL_WEST,P009,0,0,0.0
2025-08-27,GLOBAL_WEST,P010,67,74,369.26
2025-08-27,GLOBAL_WEST,P011,35,35,699.65
2025-08-27,GLOBAL_WEST,P012,39,43,3439.57
2025-08-28,KR,P001,176,199,197.01
2025-08-28,KR,P002,66,71,354.29
2025-08-28,KR,P003,81,90,1349.1
2025-08-28,KR,P004,0,0,0.0
2025-08-28,KR,P005,73,74,591.26
2025-08-28,KR,P006,33,35,874.65
2025-08-28,KR,P007,49,51,509.49
2025-08-28,KR,P008,47,50,649.5
2025-08-28,KR,P009,0,0,0.0
2025-08-28,KR,P010,42,46,229.54
2025-08-28,KR,P011,16,16,319.84
2025-08-28,KR,P012,22,23,1839.77
2025-08-28,JP,P001,164,183,181.17
2025-08-28,JP,P002,84,87,434.13
2025-08-28,JP,P003,88,90,1349.1
2025-08-28,JP,P004,0,0,0.0
2025-08-28,JP,P005,95,100,799.0
2025-08-28,JP,P006,58,61,1524.39
2025-08-28,JP,P007,47,52,519.48
2025-08-28,JP,P008,30,33,428.67
2025-08-28,JP,P009,0,0,0.0
2025-08-28,JP,P010,32,35,174.65
2025-08-28,JP,P011,34,36,719.64
2025-08-28,JP,P012,13,13,1039.87
2025-08-28,GLOBAL_WEST,P001,265,283,280.17
2025-08-28,GLOBAL_WEST,P002,99,106,528.94
2025-08-28,GLOBAL_WEST,P003,121,131,1963.69
2025-08-28,GLOBAL_WEST,P004,0,0,0.0
2025-08-28,GLOBAL_WEST,P005,123,131,1046.69
2025-08-28,GLOBAL_WEST,P006,86,96,2399.04
2025-08-28,GLOBAL_WEST,P007,81,87,869.13
2025-08-28,GLOBAL_WEST,P008,49,55,714.45
2025-08-28,GLOBAL_WEST,P009,0,0,0.0
2025-08-28,GLOBAL_WEST,P010,107,114,568.86
2025-08-28,GLOBAL_WEST,P011,33,35,699.65
2025-08-28,GLOBAL_WEST,P012,38,41,3279.59
2025-08-29,KR,P001,173,198,196.02
2025-08-29,KR,P002,96,102,508.98
2025-08-29,KR,P003,78,81,1214.19
2025-08-29,KR,P004,0,0,0.0
2025-08-29,KR,P005,73,78,623.22
2025-08-29,KR,P006,62,65,1624.35
2025-08-29,KR,P007,37,40,399.6
2025-08-29,KR,P008,72,78,1013.22
2025-08-29,KR,P009,0,0,0.0
2025-08-29,KR,P010,49,52,259.48
2025-08-29,KR,P011,36,39,779.61
2025-08-29,KR,P012,31,33,2639.67
2025-08-29,JP,P001,170,184,182.16
2025-08-29,JP,P002,80,86,429.14
2025-08-29,JP,P003,93,107,1603.93
2025-08-29,JP,P004,0,0,0.0
2025-08-29,JP,P005,91,98,783.02
2025-08-29,JP,P006,52,54,1349.46
2025-08-29,JP,P007,60,61,609.39
2025-08-29,JP,P008,41,44,571.56
2025-08-29,JP,P009,0,0,0.0
2025-08-29,JP,P010,58,62,309.38
2025-08-29,JP,P011,45,50,999.5
2025-08-29,JP,P012,22,22,1759.78
2025-08-29,GLOBAL_WEST,P001,245,271,268.29
2025-08-29,GLOBAL_WEST,P002,153,166,828.34
2025-08-29,GLOBAL_WEST,P003,71,75,1124.25
2025-08-29,GLOBAL_WEST,P004,0,0,0.0
2025-08-29,GLOBAL_WEST,P005,97,99,791.01
2025-08-29,GLOBAL_WEST,P006,55,59,1474.41
2025-08-29,GLOBAL_WEST,P007,84,91,909.09
2025-08-29,GLOBAL_WEST,P008,45,49,636.51
2025-08-29,GLOBAL_WEST,P009,0,0,0.0
2025-08-29,GLOBAL_WEST,P010,43,45,224.55
2025-08-29,GLOBAL_WEST,P011,49,51,1019.49
2025-08-29,GLOBAL_WEST,P012,7,7,559.93
2025-08-30,KR,P001,169,184,182.16
2025-08-30,KR,P002,67,68,339.32
2025-08-30,KR,P003,94,104,1558.96
2025-08-30,KR,P004,0,0,0.0
2025-08-30,KR,P005,76,77,615.23
2025-08-30,KR,P006,42,48,1199.52
2025-08-30,KR,P007,64,71,709.29
2025-08-30,KR,P008,13,13,168.87
2025-08-30,KR,P009,0,0,0.0
2025-08-30,KR,P010,54,58,289.42
2025-08-30,KR,P011,44,47,939.53
2025-08-30,KR,P012,11,11,879.89
2025-08-30,JP,P001,178,194,192.06
2025-08-30,JP,P002,72,75,374.25
2025-08-30,JP,P003,60,63,944.37
2025-08-30,JP,P004,0,0,0.0
2025-08-30,JP,P005,94,101,806.99
2025-08-30,JP,P006,47,50,1249.5
2025-08-30,JP,P007,52,57,569.43
2025-08-30,JP,P008,53,57,740.43
2025-08-30,JP,P009,0,0,0.0
2025-08-30,JP,P010,72,74,369.26
2025-08-30,JP,P011,27,28,559.72
2025-08-30,JP,P012,16,17,1359.83
2025-08-30,GLOBAL_WEST,P001,251,274,271.26
2025-08-30,GLOBAL_WEST,P002,134,143,713.57
2025-08-30,GLOBAL_WEST,P003,106,120,1798.8
2025-08-30,GLOBAL_WEST,P004,0,0,0.0
2025-08-30,GLOBAL_WEST,P005,168,181,1446.19
2025-08-30,GLOBAL_WEST,P006,65,67,1674.33
2025-08-30,GLOBAL_WEST,P007,120,133,1328.67
2025-08-30,GLOBAL_WEST,P008,70,75,974.25
2025-08-30,GLOBAL_WEST,P009,0,0,0.0
2025-08-30,GLOBAL_WEST,P010,60,67,334.33
2025-08-30,GLOBAL_WEST,P011,52,56,1119.44
2025-08-30,GLOBAL_WEST,P012,30,30,2399.7
2025-08-31,KR,P001,176,187,185.13
2025-08-31,KR,P002,82,83,414.17
2025-08-31,KR,P003,86,94,1409.06
2025-08-31,KR,P004,0,0,0.0
2025-08-31,KR,P005,97,107,854.93
2025-08-31,KR,P006,36,39,974.61
2025-08-31,KR,P007,26,28,279.72
2025-08-31,KR,P008,47,48,623.52
2025-08-31,KR,P009,0,0,0.0
2025-08-31,KR,P010,39,41,204.59
2025-08-31,KR,P011,39,42,839.58
2025-08-31,KR,P012,37,41,3279.59
2025-08-31,JP,P001,188,203,200.97
2025-08-31,JP,P002,71,76,379.24
2025-08-31,JP,P003,84,85,1274.15
2025-08-31,JP,P004,0,0,0.0
2025-08-31,JP,P005,100,106,846.94
2025-08-31,JP,P006,53,57,1424.43
2025-08-31,JP,P007,68,73,729.27
2025-08-31,JP,P008,44,49,636.51
2025-08-31,JP,P009,0,0,0.0
2025-08-31,JP,P010,52,52,259.48
2025-08-31,JP,P011,45,47,939.53
2025-08-31,JP,P012,0,0,0.0
2025-08-31,GLOBAL_WEST,P001,229,236,233.64
2025-08-31,GLOBAL_WEST,P002,106,108,538.92
2025-08-31,GLOBAL_WEST,P003,108,113,1693.87
2025-08-31,GLOBAL_WEST,P004,0,0,0.0
2025-08-31,GLOBAL_WEST,P005,109,111,886.89
2025-08-31,GLOBAL_WEST,P006,79,88,2199.12
2025-08-31,GLOBAL_WEST,P007,99,103,1028.97
2025-08-31,GLOBAL_WEST,P008,101,109,1415.91
2025-08-31,GLOBAL_WEST,P009,0,0,0.0
2025-08-31,GLOBAL_WEST,P010,63,66,329.34
2025-08-31,GLOBAL_WEST,P011,37,40,799.6
2025-08-31,GLOBAL_WEST,P012,13,15,1199.85
2025-09-01,KR,P001,180,194,192.06
2025-09-01,KR,P002,98,104,518.96
2025-09-01,KR,P003,68,77,1154.23
2025-09-01,KR,P004,0,0,0.0
2025-09-01,KR,P005,95,106,846.94
2025-09-01,KR,P006,50,53,1324.47
2025-09-01,KR,P007,39,43,429.57
2025-09-01,KR,P008,47,50,649.5
2025-09-01,KR,P009,0,0,0.0
2025-09-01,KR,P010,70,77,384.23
2025-09-01,KR,P011,35,35,699.65
2025-09-01,KR,P012,19,21,1679.79
2025-09-01,JP,P001,173,186,184.14
2025-09-01,JP,P002,76,82,409.18
2025-09-01,JP,P003,81,85,1274.15
2025-09-01,JP,P004,0,0,0.0
2025-09-01,JP,P005,91,97,775.03
2025-09-01,JP,P006,51,53,1324.47
2025-09-01,JP,P007,44,49,489.51
2025-09-01,JP,P008,48,50,649.5
2025-09-01,JP,P009,0,0,0.0
2025-09-01,JP,P010,44,46,229.54
2025-09-01,JP,P011,38,41,819.59
2025-09-01,JP,P012,14,14,1119.86
2025-09-01,GLOBAL_WEST,P001,274,292,289.08
2025-09-01,GLOBAL_WEST,P002,117,122,608.78
2025-09-01,GLOBAL_WEST,P003,97,104,1558.96
2025-09-01,GLOBAL_WEST,P004,0,0,0.0
2025-09-01,GLOBAL_WEST,P005,140,151,1206.49
2025-09-01,GLOBAL_WEST,P006,70,77,1924.23
2025-09-01,GLOBAL_WEST,P007,75,80,799.2
2025-09-01,GLOBAL_WEST,P008,32,32,415.68
2025-09-01,GLOBAL_WEST,P009,0,0,0.0
2025-09-01,GLOBAL_WEST,P010,72,74,369.26
2025-09-01,GLOBAL_WEST,P011,41,44,879.56
2025-09-01,GLOBAL_WEST,P012,42,46,3679.54
2025-09-02,KR,P001,175,179,177.21
2025-09-02,KR,P002,94,99,494.01
2025-09-02,KR,P003,90,92,1379.08
2025-09-02,KR,P004,0,0,0.0
2025-09-02,KR,P005,78,82,655.18
2025-09-02,KR,P006,42,45,1124.55
2025-09-02,KR,P007,65,71,709.29
2025-09-02,KR,P008,55,61,792.39
2025-09-02,KR,P009,0,0,0.0
2025-09-02,KR,P010,35,37,184.63
2025-09-02,KR,P011,36,39,779.61
2025-09-02,KR,P012,0,0,0.0
2025-09-02,JP,P001,163,174,172.26
2025-09-02,JP,P002,86,93,464.07
2025-09-02,JP,P003,83,86,1289.14
2025-09-02,JP,P004,0,0,0.0
2025-09-02,JP,P005,95,107,854.93
2025-09-02,JP,P006,76,80,1999.2
2025-09-02,JP,P007,65,68,679.32
2025-09-02,JP,P008,53,56,727.44
2025-09-02,JP,P009,0,0,0.0
2025-09-02,JP,P010,66,72,359.28
2025-09-02,JP,P011,34,37,739.63
2025-09-02,JP,P012,13,13,1039.87
2025-09-02,GLOBAL_WEST,P001,250,279,276.21
2025-09-02,GLOBAL_WEST,P002,156,171,853.29
2025-09-02,GLOBAL_WEST,P003,137,149,2233.51
2025-09-02,GLOBAL_WEST,P004,0,0,0.0
2025-09-02,GLOBAL_WEST,P005,100,108,862.92
2025-09-02,GLOBAL_WEST,P006,72,81,2024.19
2025-09-02,GLOBAL_WEST,P007,59,63,629.37
2025-09-02,GLOBAL_WEST,P008,50,53,688.47
2025-09-02,GLOBAL_WEST,P009,0,0,0.0
2025-09-02,GLOBAL_WEST,P010,58,64,319.36
2025-09-02,GLOBAL_WEST,P011,60,66,1319.34
2025-09-02,GLOBAL_WEST,P012,41,46,3679.54
2025-09-03,KR,P001,167,178,176.22
2025-09-03,KR,P002,89,97,484.03
2025-09-03,KR,P003,59,61,914.39
2025-09-03,KR,P004,0,0,0.0
2025-09-03,KR,P005,104,117,934.83
2025-09-03,KR,P006,32,35,874.65
2025-09-03,KR,P007,31,32,319.68
2025-09-03,KR,P008,41,45,584.55
2025-09-03,KR,P009,0,0,0.0
2025-09-03,KR,P010,42,46,229.54
2025-09-03,KR,P011,55,60,1199.4
2025-09-03,KR,P012,7,7,559.93
2025-09-03,JP,P001,184,198,196.02
2025-09-03,JP,P002,94,98,489.02
2025-09-03,JP,P003,70,75,1124.25
2025-09-03,JP,P004,0,0,0.0
2025-09-03,JP,P005,98,107,854.93
2025-09-03,JP,P006,69,73,1824.27
2025-09-03,JP,P007,69,72,719.28
2025-09-03,JP,P008,24,24,311.76
2025-09-03,JP,P009,0,0,0.0
2025-09-03,JP,P010,49,52,259.48
2025-09-03,JP,P011,33,35,699.65
2025-09-03,JP,P012,4,5,399.95
2025-09-03,GLOBAL_WEST,P001,261,263,260.37
2025-09-03,GLOBAL_WEST,P002,110,118,588.82
2025-09-03,GLOBAL_WEST,P003,125,139,2083.61
2025-09-03,GLOBAL_WEST,P004,0,0,0.0
2025-09-03,GLOBAL_WEST,P005,139,143,1142.57
2025-09-03,GLOBAL_WEST,P006,90,94,2349.06
2025-09-03,GLOBAL_WEST,P007,54,59,589.41
2025-09-03,GLOBAL_WEST,P008,21,21,272.79
2025-09-03,GLOBAL_WEST,P009,0,0,0.0
2025-09-03,GLOBAL_WEST,P010,82,87,434.13
2025-09-03,GLOBAL_WEST,P011,50,51,1019.49
2025-09-03,GLOBAL_WEST,P012,30,33,2639.67
2025-09-04,KR,P001,190,212,209.88
2025-09-04,KR,P002,83,89,444.11
2025-09-04,KR,P003,78,81,1214.19
2025-09-04,KR,P004,0,0,0.0
2025-09-04,KR,P005,92,98,783.02
2025-09-04,KR,P006,48,53,1324.47
2025-09-04,KR,P007,51,53,529.47
2025-09-04,KR,P008,27,30,389.7
2025-09-04,KR,P009,0,0,0.0
2025-09-04,KR,P010,39,39,194.61
2025-09-04,KR,P011,63,67,1339.33
2025-09-04,KR,P012,10,10,799.9
2025-09-04,JP,P001,198,213,210.87
2025-09-04,JP,P002,89,100,499.0
2025-09-04,JP,P003,80,83,1244.17
2025-09-04,JP,P004,0,0,0.0
2025-09-04,JP,P005,95,103,822.97
2025-09-04,JP,P006,30,32,799.68
2025-09-04,JP,P007,52,56,559.44
2025-09-04,JP,P008,51,55,714.45
2025-09-04,JP,P009,0,0,0.0
2025-09-04,JP,P010,46,48,239.52
2025-09-04,JP,P011,38,39,779.61
2025-09-04,JP,P012,8,9,719.91
2025-09-04,GLOBAL_WEST,P001,225,253,250.47
2025-09-04,GLOBAL_WEST,P002,103,116,578.84
2025-09-04,GLOBAL_WEST,P003,119,124,1858.76
2025-09-04,GLOBAL_WEST,P004,0,0,0.0
2025-09-04,GLOBAL_WEST,P005,135,143,1142.57
2025-09-04,GLOBAL_WEST,P006,78,80,1999.2
2025-09-04,GLOBAL_WEST,P007,90,98,979.02
2025-09-04,GLOBAL_WEST,P008,39,41,532.59
2025-09-04,GLOBAL_WEST,P009,0,0,0.0
2025-09-04,GLOBAL_WEST,P010,74,81,404.19
2025-09-04,GLOBAL_WEST,P011,37,38,759.62
2025-09-04,GLOBAL_WEST,P012,0,0,0.0
2025-09-05,KR,P001,181,193,191.07
2025-09-05,KR,P002,113,121,603.79
2025-09-05,KR,P003,62,65,974.35
2025-09-05,KR,P004,0,0,0.0
2025-09-05,KR,P005,93,101,806.99
2025-09-05,KR,P006,42,42,1049.58
2025-09-05,KR,P007,49,52,519.48
2025-09-05,KR,P008,26,28,363.72
2025-09-05,KR,P009,0,0,0.0
2025-09-05,KR,P010,57,61,304.39
2025-09-05,KR,P011,24,24,479.76
2025-09-05,KR,P012,6,6,479.94
2025-09-05,JP,P001,177,191,189.09
2025-09-05,JP,P002,97,104,518.96
2025-09-05,JP,P003,59,61,914.39
2025-09-05,JP,P004,0,0,0.0
2025-09-05,JP,P005,72,78,623.22
2025-09-05,JP,P006,62,66,1649.34
2025-09-05,JP,P007,42,44,439.56
2025-09-05,JP,P008,40,42,545.58
2025-09-05,JP,P009,0,0,0.0
2025-09-05,JP,P010,58,63,314.37
2025-09-05,JP,P011,26,29,579.71
2025-09-05,JP,P012,29,29,2319.71
2025-09-05,GLOBAL_WEST,P001,253,276,273.24
2025-09-05,GLOBAL_WEST,P002,155,163,813.37
2025-09-05,GLOBAL_WEST,P003,124,131,1963.69
2025-09-05,GLOBAL_WEST,P004,0,0,0.0
2025-09-05,GLOBAL_WEST,P005,118,123,982.77
2025-09-05,GLOBAL_WEST,P006,48,51,1274.49
2025-09-05,GLOBAL_WEST,P007,76,81,809.19
2025-09-05,GLOBAL_WEST,P008,46,49,636.51
2025-09-05,GLOBAL_WEST,P009,0,0,0.0
2025-09-05,GLOBAL_WEST,P010,53,59,294.41
2025-09-05,GLOBAL_WEST,P011,66,73,1459.27
2025-09-05,GLOBAL_WEST,P012,4,4,319.96
2025-09-06,KR,P001,185,205,202.95
2025-09-06,KR,P002,72,76,379.24
2025-09-06,KR,P003,80,85,1274.15
2025-09-06,KR,P004,0,0,0.0
2025-09-06,KR,P005,82,89,711.11
2025-09-06,KR,P006,55,59,1474.41
2025-09-06,KR,P007,39,41,409.59
2025-09-06,KR,P008,42,44,571.56
2025-09-06,KR,P009,0,0,0.0
2025-09-06,KR,P010,32,33,164.67
2025-09-06,KR,P011,35,38,759.62
2025-09-06,KR,P012,10,10,799.9
2025-09-06,JP,P001,172,178,176.22
2025-09-06,JP,P002,101,111,553.89
2025-09-06,JP,P003,76,83,1244.17
2025-09-06,JP,P004,0,0,0.0
2025-09-06,JP,P005,87,93,743.07
2025-09-06,JP,P006,42,46,1149.54
2025-09-06,JP,P007,39,42,419.58
2025-09-06,JP,P008,55,62,805.38
2025-09-06,JP,P009,0,0,0.0
2025-09-06,JP,P010,32,35,174.65
2025-09-06,JP,P011,22,23,459.77
2025-09-06,JP,P012,16,17,1359.83
2025-09-06,GLOBAL_WEST,P001,271,294,291.06
2025-09-06,GLOBAL_WEST,P002,110,116,578.84
2025-09-06,GLOBAL_WEST,P003,77,79,1184.21
2025-09-06,GLOBAL_WEST,P004,0,0,0.0
2025-09-06,GLOBAL_WEST,P005,161,171,1366.29
2025-09-06,GLOBAL_WEST,P006,27,29,724.71
2025-09-06,GLOBAL_WEST,P007,70,73,729.27
2025-09-06,GLOBAL_WEST,P008,25,26,337.74
2025-09-06,GLOBAL_WEST,P009,0,0,0.0
2025-09-06,GLOBAL_WEST,P010,66,70,349.3
2025-09-06,GLOBAL_WEST,P011,64,67,1339.33
2025-09-06,GLOBAL_WEST,P012,44,46,3679.54
2025-09-07,KR,P001,170,174,172.26
2025-09-07,KR,P002,89,96,479.04
2025-09-07,KR,P003,64,69,1034.31
2025-09-07,KR,P004,0,0,0.0
2025-09-07,KR,P005,73,77,615.23
2025-09-07,KR,P006,37,38,949.62
2025-09-07,KR,P007,51,54,539.46
2025-09-07,KR,P008,38,40,519.6
2025-09-07,KR,P009,0,0,0.0
2025-09-07,KR,P010,42,47,234.53
2025-09-07,KR,P011,41,44,879.56
2025-09-07,KR,P012,23,25,1999.75
2025-09-07,JP,P001,183,201,198.99
2025-09-07,JP,P002,100,106,528.94
2025-09-07,JP,P003,86,95,1424.05
2025-09-07,JP,P004,0,0,0.0
2025-09-07,JP,P005,85,90,719.1
2025-09-07,JP,P006,58,61,1524.39
2025-09-07,JP,P007,64,71,709.29
2025-09-07,JP,P008,33,35,454.65
2025-09-07,JP,P009,0,0,0.0
2025-09-07,JP,P010,65,69,344.31
2025-09-07,JP,P011,19,20,399.8
2025-09-07,JP,P012,6,6,479.94
2025-09-07,GLOBAL_WEST,P001,279,311,307.89
2025-09-07,GLOBAL_WEST,P002,136,148,738.52
2025-09-07,GLOBAL_WEST,P003,81,82,1229.18
2025-09-07,GLOBAL_WEST,P004,0,0,0.0
2025-09-07,GLOBAL_WEST,P005,120,133,1062.67
2025-09-07,GLOBAL_WEST,P006,110,125,3123.75
2025-09-07,GLOBAL_WEST,P007,43,46,459.54
2025-09-07,GLOBAL_WEST,P008,59,65,844.35
2025-09-07,GLOBAL_WEST,P009,0,0,0.0
2025-09-07,GLOBAL_WEST,P010,88,97,484.03
2025-09-07,GLOBAL_WEST,P011,43,45,899.55
2025-09-07,GLOBAL_WEST,P012,9,10,799.9
2025-09-08,KR,P001,198,228,225.72
2025-09-08,KR,P002,97,102,508.98
2025-09-08,KR,P003,81,86,1289.14
2025-09-08,KR,P004,0,0,0.0
2025-09-08,KR,P005,80,84,671.16
2025-09-08,KR,P006,66,72,1799.28
2025-09-08,KR,P007,69,74,739.26
2025-09-08,KR,P008,48,50,649.5
2025-09-08,KR,P009,0,0,0.0
2025-09-08,KR,P010,71,78,389.22
2025-09-08,KR,P011,49,54,1079.46
2025-09-08,KR,P012,12,12,959.88
2025-09-08,JP,P001,170,194,192.06
2025-09-08,JP,P002,101,114,568.86
2025-09-08,JP,P003,71,77,1154.23
2025-09-08,JP,P004,0,0,0.0
2025-09-08,JP,P005,93,95,759.05
2025-09-08,JP,P006,65,72,1799.28
2025-09-08,JP,P007,75,80,799.2
2025-09-08,JP,P008,56,58,753.42
2025-09-08,JP,P009,0,0,0.0
2025-09-08,JP,P010,55,62,309.38
2025-09-08,JP,P011,25,29,579.71
2025-09-08,JP,P012,20,21,1679.79
2025-09-08,GLOBAL_WEST,P001,241,258,255.42
2025-09-08,GLOBAL_WEST,P002,130,137,683.63
2025-09-08,GLOBAL_WEST,P003,115,126,1888.74
2025-09-08,GLOBAL_WEST,P004,0,0,0.0
2025-09-08,GLOBAL_WEST,P005,80,89,711.11
2025-09-08,GLOBAL_WEST,P006,53,55,1374.45
2025-09-08,GLOBAL_WEST,P007,93,105,1048.95
2025-09-08,GLOBAL_WEST,P008,65,70,909.3
2025-09-08,GLOBAL_WEST,P009,0,0,0.0
2025-09-08,GLOBAL_WEST,P010,87,92,459.08
2025-09-08,GLOBAL_WEST,P011,59,63,1259.37
2025-09-08,GLOBAL_WEST,P012,42,43,3439.57
2025-09-09,KR,P001,173,197,195.03
2025-09-09,KR,P002,104,110,548.9
2025-09-09,KR,P003,65,70,1049.3
2025-09-09,KR,P004,0,0,0.0
2025-09-09,KR,P005,99,107,854.93
2025-09-09,KR,P006,40,40,999.6
2025-09-09,KR,P007,82,89,889.11
2025-09-09,KR,P008,16,17,220.83
2025-09-09,KR,P009,0,0,0.0
2025-09-09,KR,P010,73,80,399.2
2025-09-09,KR,P011,29,30,599.7
2025-09-09,KR,P012,8,9,719.91
2025-09-09,JP,P001,161,175,173.25
2025-09-09,JP,P002,71,76,379.24
2025-09-09,JP,P003,62,69,1034.31
2025-09-09,JP,P004,0,0,0.0
2025-09-09,JP,P005,89,91,727.09
2025-09-09,JP,P006,56,61,1524.39
2025-09-09,JP,P007,64,70,699.3
2025-09-09,JP,P008,52,54,701.46
2025-09-09,JP,P009,0,0,0.0
2025-09-09,JP,P010,56,64,319.36
2025-09-09,JP,P011,35,37,739.63
2025-09-09,JP,P012,17,17,1359.83
2025-09-09,GLOBAL_WEST,P001,257,280,277.2
2025-09-09,GLOBAL_WEST,P002,157,172,858.28
2025-09-09,GLOBAL_WEST,P003,125,132,1978.68
2025-09-09,GLOBAL_WEST,P004,0,0,0.0
2025-09-09,GLOBAL_WEST,P005,175,191,1526.09
2025-09-09,GLOBAL_WEST,P006,77,80,1999.2
2025-09-09,GLOBAL_WEST,P007,110,122,1218.78
2025-09-09,GLOBAL_WEST,P008,66,68,883.32
2025-09-09,GLOBAL_WEST,P009,0,0,0.0
2025-09-09,GLOBAL_WEST,P010,70,74,369.26
2025-09-09,GLOBAL_WEST,P011,22,23,459.77
2025-09-09,GLOBAL_WEST,P012,28,29,2319.71
2025-09-10,KR,P001,175,186,184.14
2025-09-10,KR,P002,93,100,499.0
2025-09-10,KR,P003,68,72,1079.28
2025-09-10,KR,P004,0,0,0.0
2025-09-10,KR,P005,72,76,607.24
2025-09-10,KR,P006,53,56,1399.44
2025-09-10,KR,P007,46,52,519.48
2025-09-10,KR,P008,34,37,480.63
2025-09-10,KR,P009,0,0,0.0
2025-09-10,KR,P010,72,78,389.22
2025-09-10,KR,P011,6,6,119.94
2025-09-10,KR,P012,26,27,2159.73
2025-09-10,JP,P001,175,188,186.12
2025-09-10,JP,P002,92,100,499.0
2025-09-10,JP,P003,87,87,1304.13
2025-09-10,JP,P004,0,0,0.0
2025-09-10,JP,P005,99,106,846.94
2025-09-10,JP,P006,53,56,1399.44
2025-09-10,JP,P007,66,70,699.3
2025-09-10,JP,P008,41,46,597.54
2025-09-10,JP,P009,0,0,0.0
2025-09-10,JP,P010,55,58,289.42
2025-09-10,JP,P011,33,34,679.66
2025-09-10,JP,P012,16,16,1279.84
2025-09-10,GLOBAL_WEST,P001,267,287,284.13
2025-09-10,GLOBAL_WEST,P002,120,130,648.7
2025-09-10,GLOBAL_WEST,P003,112,117,1753.83
2025-09-10,GLOBAL_WEST,P004,0,0,0.0
2025-09-10,GLOBAL_WEST,P005,175,183,1462.17
2025-09-10,GLOBAL_WEST,P006,63,70,1749.3
2025-09-10,GLOBAL_WEST,P007,92,100,999.0
2025-09-10,GLOBAL_WEST,P008,60,63,818.37
2025-09-10,GLOBAL_WEST,P009,0,0,0.0
2025-09-10,GLOBAL_WEST,P010,97,99,494.01
2025-09-10,GLOBAL_WEST,P011,20,20,399.8
2025-09-10,GLOBAL_WEST,P012,0,0,0.0
2025-09-11,KR,P001,179,193,191.07
2025-09-11,KR,P002,85,95,474.05
2025-09-11,KR,P003,55,56,839.44
2025-09-11,KR,P004,0,0,0.0
2025-09-11,KR,P005,90,95,759.05
2025-09-11,KR,P006,51,56,1399.44
2025-09-11,KR,P007,44,46,459.54
2025-09-11,KR,P008,61,65,844.35
2025-09-11,KR,P009,0,0,0.0
2025-09-11,KR,P010,47,53,264.47
2025-09-11,KR,P011,23,25,499.75
2025-09-11,KR,P012,0,0,0.0
2025-09-11,JP,P001,160,174,172.26
2025-09-11,JP,P002,94,105,523.95
2025-09-11,JP,P003,72,80,1199.2
2025-09-11,JP,P004,0,0,0.0
2025-09-11,JP,P005,76,81,647.19
2025-09-11,JP,P006,57,65,1624.35
2025-09-11,JP,P007,49,53,529.47
2025-09-11,JP,P008,50,56,727.44
2025-09-11,JP,P009,0,0,0.0
2025-09-11,JP,P010,44,49,244.51
2025-09-11,JP,P011,33,36,719.64
2025-09-11,JP,P012,16,16,1279.84
2025-09-11,GLOBAL_WEST,P001,245,257,254.43
2025-09-11,GLOBAL_WEST,P002,127,129,643.71
2025-09-11,GLOBAL_WEST,P003,91,101,1513.99
2025-09-11,GLOBAL_WEST,P004,0,0,0.0
2025-09-11,GLOBAL_WEST,P005,115,123,982.77
2025-09-11,GLOBAL_WEST,P006,77,83,2074.17
2025-09-11,GLOBAL_WEST,P007,72,78,779.22
2025-09-11,GLOBAL_WEST,P008,58,63,818.37
2025-09-11,GLOBAL_WEST,P009,0,0,0.0
2025-09-11,GLOBAL_WEST,P010,64,71,354.29
2025-09-11,GLOBAL_WEST,P011,28,31,619.69
2025-09-11,GLOBAL_WEST,P012,11,13,1039.87
2025-09-12,KR,P001,204,209,206.91
2025-09-12,KR,P002,81,86,429.14
2025-09-12,KR,P003,71,75,1124.25
2025-09-12,KR,P004,0,0,0.0
2025-09-12,KR,P005,108,117,934.83
2025-09-12,KR,P006,61,67,1674.33
2025-09-12,KR,P007,51,55,549.45
2025-09-12,KR,P008,43,46,597.54
2025-09-12,KR,P009,0,0,0.0
2025-09-12,KR,P010,53,55,274.45
2025-09-12,KR,P011,30,32,639.68
2025-09-12,KR,P012,0,0,0.0
2025-09-12,JP,P001,153,160,158.4
2025-09-12,JP,P002,84,91,454.09
2025-09-12,JP,P003,70,74,1109.26
2025-09-12,JP,P004,0,0,0.0
2025-09-12,JP,P005,100,105,838.95
2025-09-12,JP,P006,58,63,1574.37
2025-09-12,JP,P007,61,66,659.34
2025-09-12,JP,P008,36,40,519.6
2025-09-12,JP,P009,0,0,0.0
2025-09-12,JP,P010,57,63,314.37
2025-09-12,JP,P011,32,36,719.64
2025-09-12,JP,P012,0,0,0.0
2025-09-12,GLOBAL_WEST,P001,242,247,244.53
2025-09-12,GLOBAL_WEST,P002,138,145,723.55
2025-09-12,GLOBAL_WEST,P003,99,107,1603.93
2025-09-12,GLOBAL_WEST,P004,0,0,0.0
2025-09-12,GLOBAL_WEST,P005,129,129,1030.71
2025-09-12,GLOBAL_WEST,P006,71,76,1899.24
2025-09-12,GLOBAL_WEST,P007,96,105,1048.95
2025-09-12,GLOBAL_WEST,P008,90,96,1247.04
2025-09-12,GLOBAL_WEST,P009,0,0,0.0
2025-09-12,GLOBAL_WEST,P010,88,96,479.04
2025-09-12,GLOBAL_WEST,P011,67,71,1419.29
2025-09-12,GLOBAL_WEST,P012,35,39,3119.61
2025-09-13,KR,P001,163,168,166.32
2025-09-13,KR,P002,95,103,513.97
2025-09-13,KR,P003,95,99,1484.01
2025-09-13,KR,P004,0,0,0.0
2025-09-13,KR,P005,87,94,751.06
2025-09-13,KR,P006,55,58,1449.42
2025-09-13,KR,P007,48,52,519.48
2025-09-13,KR,P008,48,49,636.51
2025-09-13,KR,P009,0,0,0.0
2025-09-13,KR,P010,45,48,239.52
2025-09-13,KR,P011,43,49,979.51
2025-09-13,KR,P012,16,16,1279.84
2025-09-13,JP,P001,180,199,197.01
2025-09-13,JP,P002,105,114,568.86
2025-09-13,JP,P003,49,50,749.5
2025-09-13,JP,P004,0,0,0.0
2025-09-13,JP,P005,85,93,743.07
2025-09-13,JP,P006,51,55,1374.45
2025-09-13,JP,P007,49,53,529.47
2025-09-13,JP,P008,48,51,662.49
2025-09-13,JP,P009,0,0,0.0
2025-09-13,JP,P010,48,51,254.49
2025-09-13,JP,P011,30,33,659.67
2025-09-13,JP,P012,10,11,879.89
2025-09-13,GLOBAL_WEST,P001,263,283,280.17
2025-09-13,GLOBAL_WEST,P002,106,109,543.91
2025-09-13,GLOBAL_WEST,P003,132,139,2083.61
2025-09-13,GLOBAL_WEST,P004,0,0,0.0
2025-09-13,GLOBAL_WEST,P005,152,156,1246.44
2025-09-13,GLOBAL_WEST,P006,69,71,1774.29
2025-09-13,GLOBAL_WEST,P007,22,25,249.75
2025-09-13,GLOBAL_WEST,P008,103,111,1441.89
2025-09-13,GLOBAL_WEST,P009,0,0,0.0
2025-09-13,GLOBAL_WEST,P010,56,62,309.38
2025-09-13,GLOBAL_WEST,P011,77,82,1639.18
2025-09-13,GLOBAL_WEST,P012,37,41,3279.59
2025-09-14,KR,P001,168,188,186.12
2025-09-14,KR,P002,79,88,439.12
2025-09-14,KR,P003,84,87,1304.13
2025-09-14,KR,P004,0,0,0.0
2025-09-14,KR,P005,111,120,958.8
2025-09-14,KR,P006,63,69,1724.31
2025-09-14,KR,P007,50,54,539.46
2025-09-14,KR,P008,40,44,571.56
2025-09-14,KR,P009,0,0,0.0
2025-09-14,KR,P010,37,40,199.6
2025-09-14,KR,P011,46,50,999.5
2025-09-14,KR,P012,3,3,239.97
2025-09-14,JP,P001,174,189,187.11
2025-09-14,JP,P002,63,70,349.3
2025-09-14,JP,P003,66,68,1019.32
2025-09-14,JP,P004,0,0,0.0
2025-09-14,JP,P005,93,100,799.0
2025-09-14,JP,P006,54,60,1499.4
2025-09-14,JP,P007,42,45,449.55
2025-09-14,JP,P008,47,52,675.48
2025-09-14,JP,P009,0,0,0.0
2025-09-14,JP,P010,54,59,294.41
2025-09-14,JP,P011,20,21,419.79
2025-09-14,JP,P012,0,0,0.0
2025-09-14,GLOBAL_WEST,P001,250,268,265.32
2025-09-14,GLOBAL_WEST,P002,166,186,928.14
2025-09-14,GLOBAL_WEST,P003,116,127,1903.73
2025-09-14,GLOBAL_WEST,P004,0,0,0.0
2025-09-14,GLOBAL_WEST,P005,148,158,1262.42
2025-09-14,GLOBAL_WEST,P006,72,77,1924.23
2025-09-14,GLOBAL_WEST,P007,57,61,609.39
2025-09-14,GLOBAL_WEST,P008,62,66,857.34
2025-09-14,GLOBAL_WEST,P009,0,0,0.0
2025-09-14,GLOBAL_WEST,P010,58,60,299.4
2025-09-14,GLOBAL_WEST,P011,56,63,1259.37
2025-09-14,GLOBAL_WEST,P012,0,0,0.0
2025-09-15,KR,P001,196,213,210.87
2025-09-15,KR,P002,75,80,399.2
2025-09-15,KR,P003,74,78,1169.22
2025-09-15,KR,P004,0,0,0.0
2025-09-15,KR,P005,78,81,647.19
2025-09-15,KR,P006,52,58,1449.42
2025-09-15,KR,P007,33,34,339.66
2025-09-15,KR,P008,61,64,831.36
2025-09-15,KR,P009,0,0,0.0
2025-09-15,KR,P010,89,96,479.04
2025-09-15,KR,P011,28,31,619.69
2025-09-15,KR,P012,0,0,0.0
2025-09-15,JP,P001,183,196,194.04
2025-09-15,JP,P002,96,105,523.95
2025-09-15,JP,P003,83,90,1349.1
2025-09-15,JP,P004,0,0,0.0
2025-09-15,JP,P005,109,120,958.8
2025-09-15,JP,P006,48,51,1274.49
2025-09-15,JP,P007,51,54,539.46
2025-09-15,JP,P008,56,61,792.39
2025-09-15,JP,P009,0,0,0.0
2025-09-15,JP,P010,56,58,289.42
2025-09-15,JP,P011,47,52,1039.48
2025-09-15,JP,P012,14,14,1119.86
2025-09-15,GLOBAL_WEST,P001,243,269,266.31
2025-09-15,GLOBAL_WEST,P002,167,177,883.23
2025-09-15,GLOBAL_WEST,P003,132,144,2158.56
2025-09-15,GLOBAL_WEST,P004,0,0,0.0
2025-09-15,GLOBAL_WEST,P005,162,170,1358.3
2025-09-15,GLOBAL_WEST,P006,67,74,1849.26
2025-09-15,GLOBAL_WEST,P007,97,104,1038.96
2025-09-15,GLOBAL_WEST,P008,94,103,1337.97
2025-09-15,GLOBAL_WEST,P009,0,0,0.0
2025-09-15,GLOBAL_WEST,P010,59,67,334.33
2025-09-15,GLOBAL_WEST,P011,22,23,459.77
2025-09-15,GLOBAL_WEST,P012,24,26,2079.74
2025-09-16,KR,P001,197,216,213.84
2025-09-16,KR,P002,101,106,528.94
2025-09-16,KR,P003,77,81,1214.19
2025-09-16,KR,P004,0,0,0.0
2025-09-16,KR,P005,100,108,862.92
2025-09-16,KR,P006,77,81,2024.19
2025-09-16,KR,P007,44,46,459.54
2025-09-16,KR,P008,52,54,701.46
2025-09-16,KR,P009,0,0,0.0
2025-09-16,KR,P010,44,47,234.53
2025-09-16,KR,P011,38,40,799.6
2025-09-16,KR,P012,5,6,479.94
2025-09-16,JP,P001,194,213,210.87
2025-09-16,JP,P002,81,84,419.16
2025-09-16,JP,P003,84,91,1364.09
2025-09-16,JP,P004,0,0,0.0
2025-09-16,JP,P005,86,94,751.06
2025-09-16,JP,P006,51,55,1374.45
2025-09-16,JP,P007,67,73,729.27
2025-09-16,JP,P008,60,67,870.33
2025-09-16,JP,P009,0,0,0.0
2025-09-16,JP,P010,52,54,269.46
2025-09-16,JP,P011,62,64,1279.36
2025-09-16,JP,P012,8,11,879.89
2025-09-16,GLOBAL_WEST,P001,246,270,267.3
2025-09-16,GLOBAL_WEST,P002,131,144,718.56
2025-09-16,GLOBAL_WEST,P003,107,116,1738.84
2025-09-16,GLOBAL_WEST,P004,0,0,0.0
2025-09-16,GLOBAL_WEST,P005,151,164,1310.36
2025-09-16,GLOBAL_WEST,P006,49,52,1299.48
2025-09-16,GLOBAL_WEST,P007,83,89,889.11
2025-09-16,GLOBAL_WEST,P008,69,73,948.27
2025-09-16,GLOBAL_WEST,P009,0,0,0.0
2025-09-16,GLOBAL_WEST,P010,58,64,319.36
2025-09-16,GLOBAL_WEST,P011,59,61,1219.39
2025-09-16,GLOBAL_WEST,P012,9,9,719.91
2025-09-17,KR,P001,171,174,172.26
2025-09-17,KR,P002,89,95,474.05
2025-09-17,KR,P003,71,78,1169.22
2025-09-17,KR,P004,0,0,0.0
2025-09-17,KR,P005,97,102,814.98
2025-09-17,KR,P006,28,29,724.71
2025-09-17,KR,P007,40,44,439.56
2025-09-17,KR,P008,32,33,428.67
2025-09-17,KR,P009,0,0,0.0
2025-09-17,KR,P010,38,41,204.59
2025-09-17,KR,P011,21,22,439.78
2025-09-17,KR,P012,28,30,2399.7
2025-09-17,JP,P001,178,194,192.06
2025-09-17,JP,P002,71,75,374.25
2025-09-17,JP,P003,71,77,1154.23
2025-09-17,JP,P004,0,0,0.0
2025-09-17,JP,P005,97,108,862.92
2025-09-17,JP,P006,47,51,1274.49
2025-09-17,JP,P007,48,52,519.48
2025-09-17,JP,P008,49,52,675.48
2025-09-17,JP,P009,0,0,0.0
2025-09-17,JP,P010,42,48,239.52
2025-09-17,JP,P011,34,35,699.65
2025-09-17,JP,P012,19,20,1599.8
2025-09-17,GLOBAL_WEST,P001,262,277,274.23
2025-09-17,GLOBAL_WEST,P002,99,108,538.92
2025-09-17,GLOBAL_WEST,P003,102,115,1723.85
2025-09-17,GLOBAL_WEST,P004,0,0,0.0
2025-09-17,GLOBAL_WEST,P005,142,158,1262.42
2025-09-17,GLOBAL_WEST,P006,60,64,1599.36
2025-09-17,GLOBAL_WEST,P007,75,79,789.21
2025-09-17,GLOBAL_WEST,P008,60,64,831.36
2025-09-17,GLOBAL_WEST,P009,0,0,0.0
2025-09-17,GLOBAL_WEST,P010,34,35,174.65
2025-09-17,GLOBAL_WEST,P011,38,43,859.57
2025-09-17,GLOBAL_WEST,P012,21,22,1759.78
2025-09-18,KR,P001,162,175,173.25
2025-09-18,KR,P002,76,80,399.2
2025-09-18,KR,P003,72,78,1169.22
2025-09-18,KR,P004,0,0,0.0
2025-09-18,KR,P005,90,97,775.03
2025-09-18,KR,P006,32,32,799.68
2025-09-18,KR,P007,73,76,759.24
2025-09-18,KR,P008,52,58,753.42
2025-09-18,KR,P009,0,0,0.0
2025-09-18,KR,P010,69,75,374.25
2025-09-18,KR,P011,51,55,1099.45
2025-09-18,KR,P012,8,8,639.92
2025-09-18,JP,P001,192,215,212.85
2025-09-18,JP,P002,105,116,578.84
2025-09-18,JP,P003,81,89,1334.11
2025-09-18,JP,P004,0,0,0.0
2025-09-18,JP,P005,97,105,838.95
2025-09-18,JP,P006,57,61,1524.39
2025-09-18,JP,P007,49,53,529.47
2025-09-18,JP,P008,58,60,779.4
2025-09-18,JP,P009,0,0,0.0
2025-09-18,JP,P010,56,57,284.43
2025-09-18,JP,P011,41,43,859.57
2025-09-18,JP,P012,16,18,1439.82
2025-09-18,GLOBAL_WEST,P001,293,331,327.69
2025-09-18,GLOBAL_WEST,P002,109,112,558.88
2025-09-18,GLOBAL_WEST,P003,99,106,1588.94
2025-09-18,GLOBAL_WEST,P004,0,0,0.0
2025-09-18,GLOBAL_WEST,P005,155,166,1326.34
2025-09-18,GLOBAL_WEST,P006,58,60,1499.4
2025-09-18,GLOBAL_WEST,P007,96,101,1008.99
2025-09-18,GLOBAL_WEST,P008,39,42,545.58
2025-09-18,GLOBAL_WEST,P009,0,0,0.0
2025-09-18,GLOBAL_WEST,P010,56,59,294.41
2025-09-18,GLOBAL_WEST,P011,60,64,1279.36
2025-09-18,GLOBAL_WEST,P012,43,48,3839.52
2025-09-19,KR,P001,198,214,211.86
2025-09-19,KR,P002,86,92,459.08
2025-09-19,KR,P003,97,105,1573.95
2025-09-19,KR,P004,0,0,0.0
2025-09-19,KR,P005,45,47,375.53
2025-09-19,KR,P006,54,59,1474.41
2025-09-19,KR,P007,34,37,369.63
2025-09-19,KR,P008,73,77,1000.23
2025-09-19,KR,P009,0,0,0.0
2025-09-19,KR,P010,56,62,309.38
2025-09-19,KR,P011,37,39,779.61
2025-09-19,KR,P012,31,33,2639.67
2025-09-19,JP,P001,169,186,184.14
2025-09-19,JP,P002,77,82,409.18
2025-09-19,JP,P003,58,59,884.41
2025-09-19,JP,P004,0,0,0.0
2025-09-19,JP,P005,83,91,727.09
2025-09-19,JP,P006,48,54,1349.46
2025-09-19,JP,P007,51,55,549.45
2025-09-19,JP,P008,55,61,792.39
2025-09-19,JP,P009,0,0,0.0
2025-09-19,JP,P010,55,57,284.43
2025-09-19,JP,P011,14,14,279.86
2025-09-19,JP,P012,6,6,479.94
2025-09-19,GLOBAL_WEST,P001,280,311,307.89
2025-09-19,GLOBAL_WEST,P002,125,135,673.65
2025-09-19,GLOBAL_WEST,P003,131,136,2038.64
2025-09-19,GLOBAL_WEST,P004,0,0,0.0
2025-09-19,GLOBAL_WEST,P005,128,139,1110.61
2025-09-19,GLOBAL_WEST,P006,57,62,1549.38
2025-09-19,GLOBAL_WEST,P007,74,81,809.19
2025-09-19,GLOBAL_WEST,P008,89,95,1234.05
2025-09-19,GLOBAL_WEST,P009,0,0,0.0
2025-09-19,GLOBAL_WEST,P010,100,109,543.91
2025-09-19,GLOBAL_WEST,P011,31,32,639.68
2025-09-19,GLOBAL_WEST,P012,27,29,2319.71
2025-09-20,KR,P001,197,210,207.9
2025-09-20,KR,P002,99,109,543.91
2025-09-20,KR,P003,67,72,1079.28
2025-09-20,KR,P004,0,0,0.0
2025-09-20,KR,P005,107,119,950.81
2025-09-20,KR,P006,64,69,1724.31
2025-09-20,KR,P007,54,60,599.4
2025-09-20,KR,P008,35,39,506.61
2025-09-20,KR,P009,0,0,0.0
2025-09-20,KR,P010,54,58,289.42
2025-09-20,KR,P011,43,46,919.54
2025-09-20,KR,P012,8,9,719.91
2025-09-20,JP,P001,187,203,200.97
2025-09-20,JP,P002,83,85,424.15
2025-09-20,JP,P003,90,95,1424.05
2025-09-20,JP,P004,0,0,0.0
2025-09-20,JP,P005,74,82,655.18
2025-09-20,JP,P006,57,59,1474.41
2025-09-20,JP,P007,50,52,519.48
2025-09-20,JP,P008,52,55,714.45
2025-09-20,JP,P009,0,0,0.0
2025-09-20,JP,P010,65,71,354.29
2025-09-20,JP,P011,47,50,999.5
2025-09-20,JP,P012,11,13,1039.87
2025-09-20,GLOBAL_WEST,P001,264,290,287.1
2025-09-20,GLOBAL_WEST,P002,140,149,743.51
2025-09-20,GLOBAL_WEST,P003,110,120,1798.8
2025-09-20,GLOBAL_WEST,P004,0,0,0.0
2025-09-20,GLOBAL_WEST,P005,131,139,1110.61
2025-09-20,GLOBAL_WEST,P006,85,87,2174.13
2025-09-20,GLOBAL_WEST,P007,99,107,1068.93
2025-09-20,GLOBAL_WEST,P008,86,91,1182.09
2025-09-20,GLOBAL_WEST,P009,0,0,0.0
2025-09-20,GLOBAL_WEST,P010,52,56,279.44
2025-09-20,GLOBAL_WEST,P011,14,15,299.85
2025-09-20,GLOBAL_WEST,P012,28,30,2399.7
2025-09-21,KR,P001,206,223,220.77
2025-09-21,KR,P002,117,127,633.73
2025-09-21,KR,P003,80,88,1319.12
2025-09-21,KR,P004,0,0,0.0
2025-09-21,KR,P005,99,103,822.97
2025-09-21,KR,P006,43,45,1124.55
2025-09-21,KR,P007,50,52,519.48
2025-09-21,KR,P008,40,41,532.59
2025-09-21,KR,P009,0,0,0.0
2025-09-21,KR,P010,62,66,329.34
2025-09-21,KR,P011,38,40,799.6
2025-09-21,KR,P012,0,0,0.0
2025-09-21,JP,P001,223,241,238.59
2025-09-21,JP,P002,97,107,533.93
2025-09-21,JP,P003,111,117,1753.83
2025-09-21,JP,P004,0,0,0.0
2025-09-21,JP,P005,128,139,1110.61
2025-09-21,JP,P006,38,41,1024.59
2025-09-21,JP,P007,80,86,859.14
2025-09-21,JP,P008,53,55,714.45
2025-09-21,JP,P009,0,0,0.0
2025-09-21,JP,P010,68,72,359.28
2025-09-21,JP,P011,37,41,819.59
2025-09-21,JP,P012,19,21,1679.79
2025-09-21,GLOBAL_WEST,P001,328,340,336.6
2025-09-21,GLOBAL_WEST,P002,194,216,1077.84
2025-09-21,GLOBAL_WEST,P003,157,165,2473.35
2025-09-21,GLOBAL_WEST,P004,0,0,0.0
2025-09-21,GLOBAL_WEST,P005,166,183,1462.17
2025-09-21,GLOBAL_WEST,P006,94,97,2424.03
2025-09-21,GLOBAL_WEST,P007,89,89,889.11
2025-09-21,GLOBAL_WEST,P008,67,71,922.29
2025-09-21,GLOBAL_WEST,P009,0,0,0.0
2025-09-21,GLOBAL_WEST,P010,115,127,633.73
2025-09-21,GLOBAL_WEST,P011,78,87,1739.13
2025-09-21,GLOBAL_WEST,P012,0,0,0.0
2025-09-22,KR,P001,209,225,222.75
2025-09-22,KR,P002,107,121,603.79
2025-09-22,KR,P003,102,113,1693.87
2025-09-22,KR,P004,0,0,0.0
2025-09-22,KR,P005,99,102,814.98
2025-09-22,KR,P006,59,65,1624.35
2025-09-22,KR,P007,48,52,519.48
2025-09-22,KR,P008,64,71,922.29
2025-09-22,KR,P009,0,0,0.0
2025-09-22,KR,P010,59,63,314.37
2025-09-22,KR,P011,28,28,559.72
2025-09-22,KR,P012,0,0,0.0
2025-09-22,JP,P001,206,221,218.79
2025-09-22,JP,P002,94,102,508.98
2025-09-22,JP,P003,92,98,1469.02
2025-09-22,JP,P004,0,0,0.0
2025-09-22,JP,P005,102,111,886.89
2025-09-22,JP,P006,35,37,924.63
2025-09-22,JP,P007,66,73,729.27
2025-09-22,JP,P008,57,59,766.41
2025-09-22,JP,P009,0,0,0.0
2025-09-22,JP,P010,57,62,309.38
2025-09-22,JP,P011,43,46,919.54
2025-09-22,JP,P012,28,30,2399.7
2025-09-22,GLOBAL_WEST,P001,312,341,337.59
2025-09-22,GLOBAL_WEST,P002,178,187,933.13
2025-09-22,GLOBAL_WEST,P003,144,156,2338.44
2025-09-22,GLOBAL_WEST,P004,0,0,0.0
2025-09-22,GLOBAL_WEST,P005,158,170,1358.3
2025-09-22,GLOBAL_WEST,P006,115,122,3048.78
2025-09-22,GLOBAL_WEST,P007,99,110,1098.9
2025-09-22,GLOBAL_WEST,P008,89,98,1273.02
2025-09-22,GLOBAL_WEST,P009,0,0,0.0
2025-09-22,GLOBAL_WEST,P010,89,94,469.06
2025-09-22,GLOBAL_WEST,P011,78,86,1719.14
2025-09-22,GLOBAL_WEST,P012,19,20,1599.8
2025-09-23,KR,P001,209,221,218.79
2025-09-23,KR,P002,117,123,613.77
2025-09-23,KR,P003,100,103,1543.97
2025-09-23,KR,P004,0,0,0.0
2025-09-23,KR,P005,114,117,934.83
2025-09-23,KR,P006,65,68,1699.32
2025-09-23,KR,P007,55,60,599.4
2025-09-23,KR,P008,63,71,922.29
2025-09-23,KR,P009,0,0,0.0
2025-09-23,KR,P010,51,54,269.46
2025-09-23,KR,P011,40,42,839.58
2025-09-23,KR,P012,11,12,959.88
2025-09-23,JP,P001,208,229,226.71
2025-09-23,JP,P002,92,104,518.96
2025-09-23,JP,P003,93,97,1454.03
2025-09-23,JP,P004,0,0,0.0
2025-09-23,JP,P005,109,116,926.84
2025-09-23,JP,P006,69,74,1849.26
2025-09-23,JP,P007,51,53,529.47
2025-09-23,JP,P008,59,61,792.39
2025-09-23,JP,P009,0,0,0.0
2025-09-23,JP,P010,59,63,314.37
2025-09-23,JP,P011,38,41,819.59
2025-09-23,JP,P012,6,6,479.94
2025-09-23,GLOBAL_WEST,P001,302,338,334.62
2025-09-23,GLOBAL_WEST,P002,156,175,873.25
2025-09-23,GLOBAL_WEST,P003,140,149,2233.51
2025-09-23,GLOBAL_WEST,P004,0,0,0.0
2025-09-23,GLOBAL_WEST,P005,178,193,1542.07
2025-09-23,GLOBAL_WEST,P006,95,103,2573.97
2025-09-23,GLOBAL_WEST,P007,106,113,1128.87
2025-09-23,GLOBAL_WEST,P008,94,98,1273.02
2025-09-23,GLOBAL_WEST,P009,0,0,0.0
2025-09-23,GLOBAL_WEST,P010,110,125,623.75
2025-09-23,GLOBAL_WEST,P011,40,42,839.58
2025-09-23,GLOBAL_WEST,P012,0,0,0.0
2025-09-24,KR,P001,210,227,224.73
2025-09-24,KR,P002,126,134,668.66
2025-09-24,KR,P003,86,91,1364.09
2025-09-24,KR,P004,0,0,0.0
2025-09-24,KR,P005,116,128,1022.72
2025-09-24,KR,P006,62,67,1674.33
2025-09-24,KR,P007,56,61,609.39
2025-09-24,KR,P008,39,40,519.6
2025-09-24,KR,P009,0,0,0.0
2025-09-24,KR,P010,66,69,344.31
2025-09-24,KR,P011,46,49,979.51
2025-09-24,KR,P012,13,13,1039.87
2025-09-24,JP,P001,200,226,223.74
2025-09-24,JP,P002,95,100,499.0
2025-09-24,JP,P003,91,101,1513.99
2025-09-24,JP,P004,0,0,0.0
2025-09-24,JP,P005,99,109,870.91
2025-09-24,JP,P006,68,70,1749.3
2025-09-24,JP,P007,65,71,709.29
2025-09-24,JP,P008,60,64,831.36
2025-09-24,JP,P009,0,0,0.0
2025-09-24,JP,P010,65,70,349.3
2025-09-24,JP,P011,14,14,279.86
2025-09-24,JP,P012,13,14,1119.86
2025-09-24,GLOBAL_WEST,P001,317,336,332.64
2025-09-24,GLOBAL_WEST,P002,165,176,878.24
2025-09-24,GLOBAL_WEST,P003,144,155,2323.45
2025-09-24,GLOBAL_WEST,P004,0,0,0.0
2025-09-24,GLOBAL_WEST,P005,163,181,1446.19
2025-09-24,GLOBAL_WEST,P006,85,88,2199.12
2025-09-24,GLOBAL_WEST,P007,64,66,659.34
2025-09-24,GLOBAL_WEST,P008,106,117,1519.83
2025-09-24,GLOBAL_WEST,P009,0,0,0.0
2025-09-24,GLOBAL_WEST,P010,125,139,693.61
2025-09-24,GLOBAL_WEST,P011,92,97,1939.03
2025-09-24,GLOBAL_WEST,P012,38,38,3039.62
2025-09-25,KR,P001,193,201,198.99
2025-09-25,KR,P002,110,117,583.83
2025-09-25,KR,P003,85,88,1319.12
2025-09-25,KR,P004,0,0,0.0
2025-09-25,KR,P005,118,131,1046.69
2025-09-25,KR,P006,61,65,1624.35
2025-09-25,KR,P007,72,78,779.22
2025-09-25,KR,P008,35,37,480.63
2025-09-25,KR,P009,0,0,0.0
2025-09-25,KR,P010,57,60,299.4
2025-09-25,KR,P011,37,40,799.6
2025-09-25,KR,P012,5,5,399.95
2025-09-25,JP,P001,209,223,220.77
2025-09-25,JP,P002,124,130,648.7
2025-09-25,JP,P003,94,100,1499.0
2025-09-25,JP,P004,0,0,0.0
2025-09-25,JP,P005,102,110,878.9
2025-09-25,JP,P006,64,67,1674.33
2025-09-25,JP,P007,76,81,809.19
2025-09-25,JP,P008,67,70,909.3
2025-09-25,JP,P009,0,0,0.0
2025-09-25,JP,P010,56,58,289.42
2025-09-25,JP,P011,34,34,679.66
2025-09-25,JP,P012,23,25,1999.75
2025-09-25,GLOBAL_WEST,P001,346,380,376.2
2025-09-25,GLOBAL_WEST,P002,152,163,813.37
2025-09-25,GLOBAL_WEST,P003,149,160,2398.4
2025-09-25,GLOBAL_WEST,P004,0,0,0.0
2025-09-25,GLOBAL_WEST,P005,193,209,1669.91
2025-09-25,GLOBAL_WEST,P006,78,83,2074.17
2025-09-25,GLOBAL_WEST,P007,122,133,1328.67
2025-09-25,GLOBAL_WEST,P008,69,74,961.26
2025-09-25,GLOBAL_WEST,P009,0,0,0.0
2025-09-25,GLOBAL_WEST,P010,105,110,548.9
2025-09-25,GLOBAL_WEST,P011,65,69,1379.31
2025-09-25,GLOBAL_WEST,P012,0,0,0.0
2025-09-26,KR,P001,204,220,217.8
2025-09-26,KR,P002,116,120,598.8
2025-09-26,KR,P003,93,101,1513.99
2025-09-26,KR,P004,0,0,0.0
2025-09-26,KR,P005,103,111,886.89
2025-09-26,KR,P006,58,58,1449.42
2025-09-26,KR,P007,69,74,739.26
2025-09-26,KR,P008,51,53,688.47
2025-09-26,KR,P009,0,0,0.0
2025-09-26,KR,P010,57,60,299.4
2025-09-26,KR,P011,38,39,779.61
2025-09-26,KR,P012,3,3,239.97
2025-09-26,JP,P001,219,238,235.62
2025-09-26,JP,P002,110,118,588.82
2025-09-26,JP,P003,85,95,1424.05
2025-09-26,JP,P004,0,0,0.0
2025-09-26,JP,P005,107,109,870.91
2025-09-26,JP,P006,67,72,1799.28
2025-09-26,JP,P007,80,83,829.17
2025-09-26,JP,P008,47,51,662.49
2025-09-26,JP,P009,0,0,0.0
2025-09-26,JP,P010,49,51,254.49
2025-09-26,JP,P011,34,35,699.65
2025-09-26,JP,P012,21,23,1839.77
2025-09-26,GLOBAL_WEST,P001,306,327,323.73
2025-09-26,GLOBAL_WEST,P002,166,187,933.13
2025-09-26,GLOBAL_WEST,P003,166,178,2668.22
2025-09-26,GLOBAL_WEST,P004,0,0,0.0
2025-09-26,GLOBAL_WEST,P005,166,166,1326.34
2025-09-26,GLOBAL_WEST,P006,95,101,2523.99
2025-09-26,GLOBAL_WEST,P007,89,94,939.06
2025-09-26,GLOBAL_WEST,P008,89,95,1234.05
2025-09-26,GLOBAL_WEST,P009,0,0,0.0
2025-09-26,GLOBAL_WEST,P010,101,113,563.87
2025-09-26,GLOBAL_WEST,P011,62,67,1339.33
2025-09-26,GLOBAL_WEST,P012,27,29,2319.71
2025-09-27,KR,P001,216,231,228.69
2025-09-27,KR,P002,115,122,608.78
2025-09-27,KR,P003,82,85,1274.15
2025-09-27,KR,P004,0,0,0.0
2025-09-27,KR,P005,113,118,942.82
2025-09-27,KR,P006,68,74,1849.26
2025-09-27,KR,P007,67,76,759.24
2025-09-27,KR,P008,45,50,649.5
2025-09-27,KR,P009,0,0,0.0
2025-09-27,KR,P010,65,70,349.3
2025-09-27,KR,P011,25,28,559.72
2025-09-27,KR,P012,37,39,3119.61
2025-09-27,JP,P001,206,222,219.78
2025-09-27,JP,P002,115,120,598.8
2025-09-27,JP,P003,98,107,1603.93
2025-09-27,JP,P004,0,0,0.0
2025-09-27,JP,P005,115,124,990.76
2025-09-27,JP,P006,45,49,1224.51
2025-09-27,JP,P007,67,71,709.29
2025-09-27,JP,P008,45,47,610.53
2025-09-27,JP,P009,0,0,0.0
2025-09-27,JP,P010,64,67,334.33
2025-09-27,JP,P011,64,68,1359.32
2025-09-27,JP,P012,18,20,1599.8
2025-09-27,GLOBAL_WEST,P001,332,360,356.4
2025-09-27,GLOBAL_WEST,P002,163,176,878.24
2025-09-27,GLOBAL_WEST,P003,151,164,2458.36
2025-09-27,GLOBAL_WEST,P004,0,0,0.0
2025-09-27,GLOBAL_WEST,P005,162,180,1438.2
2025-09-27,GLOBAL_WEST,P006,88,91,2274.09
2025-09-27,GLOBAL_WEST,P007,81,84,839.16
2025-09-27,GLOBAL_WEST,P008,94,101,1311.99
2025-09-27,GLOBAL_WEST,P009,0,0,0.0
2025-09-27,GLOBAL_WEST,P010,109,114,568.86
2025-09-27,GLOBAL_WEST,P011,41,46,919.54
2025-09-27,GLOBAL_WEST,P012,17,17,1359.83
2025-09-28,KR,P001,213,241,238.59
2025-09-28,KR,P002,104,108,538.92
2025-09-28,KR,P003,88,92,1379.08
2025-09-28,KR,P004,0,0,0.0
2025-09-28,KR,P005,94,100,799.0
2025-09-28,KR,P006,55,59,1474.41
2025-09-28,KR,P007,50,54,539.46
2025-09-28,KR,P008,63,70,909.3
2025-09-28,KR,P009,0,0,0.0
2025-09-28,KR,P010,66,70,349.3
2025-09-28,KR,P011,39,41,819.59
2025-09-28,KR,P012,11,11,879.89
2025-09-28,JP,P001,217,236,233.64
2025-09-28,JP,P002,104,113,563.87
2025-09-28,JP,P003,99,103,1543.97
2025-09-28,JP,P004,0,0,0.0
2025-09-28,JP,P005,106,118,942.82
2025-09-28,JP,P006,66,73,1824.27
2025-09-28,JP,P007,62,66,659.34
2025-09-28,JP,P008,60,64,831.36
2025-09-28,JP,P009,0,0,0.0
2025-09-28,JP,P010,55,59,294.41
2025-09-28,JP,P011,35,35,699.65
2025-09-28,JP,P012,18,19,1519.81
2025-09-28,GLOBAL_WEST,P001,299,321,317.79
2025-09-28,GLOBAL_WEST,P002,124,124,618.76
2025-09-28,GLOBAL_WEST,P003,130,139,2083.61
2025-09-28,GLOBAL_WEST,P004,0,0,0.0
2025-09-28,GLOBAL_WEST,P005,135,145,1158.55
2025-09-28,GLOBAL_WEST,P006,94,106,2648.94
2025-09-28,GLOBAL_WEST,P007,106,112,1118.88
2025-09-28,GLOBAL_WEST,P008,72,77,1000.23
2025-09-28,GLOBAL_WEST,P009,0,0,0.0
2025-09-28,GLOBAL_WEST,P010,96,103,513.97
2025-09-28,GLOBAL_WEST,P011,46,47,939.53
2025-09-28,GLOBAL_WEST,P012,12,13,1039.87
2025-09-29,KR,P001,192,209,206.91
2025-09-29,KR,P002,117,129,643.71
2025-09-29,KR,P003,87,95,1424.05
2025-09-29,KR,P004,0,0,0.0
2025-09-29,KR,P005,107,112,894.88
2025-09-29,KR,P006,61,67,1674.33
2025-09-29,KR,P007,63,66,659.34
2025-09-29,KR,P008,38,42,545.58
2025-09-29,KR,P009,0,0,0.0
2025-09-29,KR,P010,78,80,399.2
2025-09-29,KR,P011,37,41,819.59
2025-09-29,KR,P012,25,27,2159.73
2025-09-29,JP,P001,229,246,243.54
2025-09-29,JP,P002,102,107,533.93
2025-09-29,JP,P003,100,105,1573.95
2025-09-29,JP,P004,0,0,0.0
2025-09-29,JP,P005,114,127,1014.73
2025-09-29,JP,P006,74,80,1999.2
2025-09-29,JP,P007,63,70,699.3
2025-09-29,JP,P008,56,61,792.39
2025-09-29,JP,P009,0,0,0.0
2025-09-29,JP,P010,65,69,344.31
2025-09-29,JP,P011,47,50,999.5
2025-09-29,JP,P012,27,28,2239.72
2025-09-29,GLOBAL_WEST,P001,259,273,270.27
2025-09-29,GLOBAL_WEST,P002,162,175,873.25
2025-09-29,GLOBAL_WEST,P003,105,110,1648.9
2025-09-29,GLOBAL_WEST,P004,0,0,0.0
2025-09-29,GLOBAL_WEST,P005,180,199,1590.01
2025-09-29,GLOBAL_WEST,P006,111,118,2948.82
2025-09-29,GLOBAL_WEST,P007,92,100,999.0
2025-09-29,GLOBAL_WEST,P008,96,105,1363.95
2025-09-29,GLOBAL_WEST,P009,0,0,0.0
2025-09-29,GLOBAL_WEST,P010,70,74,369.26
2025-09-29,GLOBAL_WEST,P011,37,39,779.61
2025-09-29,GLOBAL_WEST,P012,2,2,159.98
2025-09-30,KR,P001,207,228,225.72
2025-09-30,KR,P002,98,110,548.9
2025-09-30,KR,P003,82,88,1319.12
2025-09-30,KR,P004,0,0,0.0
2025-09-30,KR,P005,111,123,982.77
2025-09-30,KR,P006,61,67,1674.33
2025-09-30,KR,P007,72,72,719.28
2025-09-30,KR,P008,54,58,753.42
2025-09-30,KR,P009,0,0,0.0
2025-09-30,KR,P010,55,63,314.37
2025-09-30,KR,P011,60,63,1259.37
2025-09-30,KR,P012,5,6,479.94
2025-09-30,JP,P001,201,230,227.7
2025-09-30,JP,P002,126,134,668.66
2025-09-30,JP,P003,87,95,1424.05
2025-09-30,JP,P004,0,0,0.0
2025-09-30,JP,P005,91,97,775.03
2025-09-30,JP,P006,61,63,1574.37
2025-09-30,JP,P007,65,68,679.32
2025-09-30,JP,P008,55,59,766.41
2025-09-30,JP,P009,0,0,0.0
2025-09-30,JP,P010,57,65,324.35
2025-09-30,JP,P011,51,52,1039.48
2025-09-30,JP,P012,12,13,1039.87
2025-09-30,GLOBAL_WEST,P001,296,306,302.94
2025-09-30,GLOBAL_WEST,P002,157,174,868.26
2025-09-30,GLOBAL_WEST,P003,150,163,2443.37
2025-09-30,GLOBAL_WEST,P004,0,0,0.0
2025-09-30,GLOBAL_WEST,P005,166,178,1422.22
2025-09-30,GLOBAL_WEST,P006,87,96,2399.04
2025-09-30,GLOBAL_WEST,P007,100,108,1078.92
2025-09-30,GLOBAL_WEST,P008,40,44,571.56
2025-09-30,GLOBAL_WEST,P009,0,0,0.0
2025-09-30,GLOBAL_WEST,P010,56,59,294.41
2025-09-30,GLOBAL_WEST,P011,48,53,1059.47
2025-09-30,GLOBAL_WEST,P012,9,9,719.91
2025-10-01,KR,P001,224,245,242.55
2025-10-01,KR,P002,111,118,588.82
2025-10-01,KR,P003,104,114,1708.86
2025-10-01,KR,P004,73,78,1559.22
2025-10-01,KR,P005,107,116,926.84
2025-10-01,KR,P006,63,71,1774.29
2025-10-01,KR,P007,61,65,649.35
2025-10-01,KR,P008,79,86,1117.14
2025-10-01,KR,P009,116,118,3538.82
2025-10-01,KR,P010,59,64,319.36
2025-10-01,KR,P011,27,31,619.69
2025-10-01,KR,P012,30,31,2479.69
2025-10-01,JP,P001,241,267,264.33
2025-10-01,JP,P002,104,110,548.9
2025-10-01,JP,P003,116,122,1828.78
2025-10-01,JP,P004,86,89,1779.11
2025-10-01,JP,P005,107,116,926.84
2025-10-01,JP,P006,79,86,2149.14
2025-10-01,JP,P007,80,90,899.1
2025-10-01,JP,P008,50,54,701.46
2025-10-01,JP,P009,140,155,4648.45
2025-10-01,JP,P010,82,88,439.12
2025-10-01,JP,P011,44,48,959.52
2025-10-01,JP,P012,9,9,719.91
2025-10-01,GLOBAL_WEST,P001,342,374,370.26
2025-10-01,GLOBAL_WEST,P002,167,178,888.22
2025-10-01,GLOBAL_WEST,P003,124,132,1978.68
2025-10-01,GLOBAL_WEST,P004,140,160,3198.4
2025-10-01,GLOBAL_WEST,P005,177,194,1550.06
2025-10-01,GLOBAL_WEST,P006,91,102,2548.98
2025-10-01,GLOBAL_WEST,P007,99,105,1048.95
2025-10-01,GLOBAL_WEST,P008,82,91,1182.09
2025-10-01,GLOBAL_WEST,P009,226,246,7377.54
2025-10-01,GLOBAL_WEST,P010,84,92,459.08
2025-10-01,GLOBAL_WEST,P011,88,96,1919.04
2025-10-01,GLOBAL_WEST,P012,31,32,2559.68
2025-10-02,KR,P001,227,253,250.47
2025-10-02,KR,P002,103,109,543.91
2025-10-02,KR,P003,91,98,1469.02
2025-10-02,KR,P004,105,115,2298.85
2025-10-02,KR,P005,131,142,1134.58
2025-10-02,KR,P006,81,93,2324.07
2025-10-02,KR,P007,64,69,689.31
2025-10-02,KR,P008,51,54,701.46
2025-10-02,KR,P009,103,109,3268.91
2025-10-02,KR,P010,56,59,294.41
2025-10-02,KR,P011,33,33,659.67
2025-10-02,KR,P012,0,0,0.0
2025-10-02,JP,P001,241,263,260.37
2025-10-02,JP,P002,127,142,708.58
2025-10-02,JP,P003,107,114,1708.86
2025-10-02,JP,P004,82,90,1799.1
2025-10-02,JP,P005,118,126,1006.74
2025-10-02,JP,P006,79,84,2099.16
2025-10-02,JP,P007,76,86,859.14
2025-10-02,JP,P008,37,40,519.6
2025-10-02,JP,P009,127,137,4108.63
2025-10-02,JP,P010,78,83,414.17
2025-10-02,JP,P011,44,49,979.51
2025-10-02,JP,P012,13,13,1039.87
2025-10-02,GLOBAL_WEST,P001,340,369,365.31
2025-10-02,GLOBAL_WEST,P002,133,142,708.58
2025-10-02,GLOBAL_WEST,P003,164,173,2593.27
2025-10-02,GLOBAL_WEST,P004,96,105,2098.95
2025-10-02,GLOBAL_WEST,P005,207,231,1845.69
2025-10-02,GLOBAL_WEST,P006,85,89,2224.11
2025-10-02,GLOBAL_WEST,P007,121,127,1268.73
2025-10-02,GLOBAL_WEST,P008,74,78,1013.22
2025-10-02,GLOBAL_WEST,P009,180,199,5968.01
2025-10-02,GLOBAL_WEST,P010,88,97,484.03
2025-10-02,GLOBAL_WEST,P011,50,52,1039.48
2025-10-02,GLOBAL_WEST,P012,18,19,1519.81
2025-10-03,KR,P001,241,258,255.42
2025-10-03,KR,P002,132,149,743.51
2025-10-03,KR,P003,116,125,1873.75
2025-10-03,KR,P004,82,89,1779.11
2025-10-03,KR,P005,128,142,1134.58
2025-10-03,KR,P006,91,96,2399.04
2025-10-03,KR,P007,89,96,959.04
2025-10-03,KR,P008,55,58,753.42
2025-10-03,KR,P009,119,124,3718.76
2025-10-03,KR,P010,89,91,454.09
2025-10-03,KR,P011,43,46,919.54
2025-10-03,KR,P012,6,6,479.94
2025-10-03,JP,P001,236,243,240.57
2025-10-03,JP,P002,115,120,598.8
2025-10-03,JP,P003,109,115,1723.85
2025-10-03,JP,P004,90,97,1939.03
2025-10-03,JP,P005,114,123,982.77
2025-10-03,JP,P006,78,83,2074.17
2025-10-03,JP,P007,68,72,719.28
2025-10-03,JP,P008,53,58,753.42
2025-10-03,JP,P009,127,136,4078.64
2025-10-03,JP,P010,42,42,209.58
2025-10-03,JP,P011,41,41,819.59
2025-10-03,JP,P012,21,21,1679.79
2025-10-03,GLOBAL_WEST,P001,340,368,364.32
2025-10-03,GLOBAL_WEST,P002,180,195,973.05
2025-10-03,GLOBAL_WEST,P003,149,166,2488.34
2025-10-03,GLOBAL_WEST,P004,124,133,2658.67
2025-10-03,GLOBAL_WEST,P005,142,151,1206.49
2025-10-03,GLOBAL_WEST,P006,78,85,2124.15
2025-10-03,GLOBAL_WEST,P007,132,136,1358.64
2025-10-03,GLOBAL_WEST,P008,76,81,1052.19
2025-10-03,GLOBAL_WEST,P009,190,213,6387.87
2025-10-03,GLOBAL_WEST,P010,112,120,598.8
2025-10-03,GLOBAL_WEST,P011,86,95,1899.05
2025-10-03,GLOBAL_WEST,P012,0,0,0.0
2025-10-04,KR,P001,215,230,227.7
2025-10-04,KR,P002,116,122,608.78
2025-10-04,KR,P003,86,94,1409.06
2025-10-04,KR,P004,98,108,2158.92
2025-10-04,KR,P005,106,116,926.84
2025-10-04,KR,P006,69,72,1799.28
2025-10-04,KR,P007,56,64,639.36
2025-10-04,KR,P008,59,66,857.34
2025-10-04,KR,P009,121,128,3838.72
2025-10-04,KR,P010,64,67,334.33
2025-10-04,KR,P011,54,61,1219.39
2025-10-04,KR,P012,15,15,1199.85
2025-10-04,JP,P001,228,256,253.44
2025-10-04,JP,P002,109,115,573.85
2025-10-04,JP,P003,105,119,1783.81
2025-10-04,JP,P004,93,104,2078.96
2025-10-04,JP,P005,114,117,934.83
2025-10-04,JP,P006,65,70,1749.3
2025-10-04,JP,P007,73,80,799.2
2025-10-04,JP,P008,65,67,870.33
2025-10-04,JP,P009,126,134,4018.66
2025-10-04,JP,P010,79,84,419.16
2025-10-04,JP,P011,54,59,1179.41
2025-10-04,JP,P012,3,4,319.96
2025-10-04,GLOBAL_WEST,P001,352,373,369.27
2025-10-04,GLOBAL_WEST,P002,176,187,933.13
2025-10-04,GLOBAL_WEST,P003,146,150,2248.5
2025-10-04,GLOBAL_WEST,P004,102,107,2138.93
2025-10-04,GLOBAL_WEST,P005,160,170,1358.3
2025-10-04,GLOBAL_WEST,P006,98,107,2673.93
2025-10-04,GLOBAL_WEST,P007,112,123,1228.77
2025-10-04,GLOBAL_WEST,P008,104,110,1428.9
2025-10-04,GLOBAL_WEST,P009,185,195,5848.05
2025-10-04,GLOBAL_WEST,P010,79,87,434.13
2025-10-04,GLOBAL_WEST,P011,43,45,899.55
2025-10-04,GLOBAL_WEST,P012,0,0,0.0
2025-10-05,KR,P001,233,260,257.4
2025-10-05,KR,P002,109,122,608.78
2025-10-05,KR,P003,98,109,1633.91
2025-10-05,KR,P004,83,87,1739.13
2025-10-05,KR,P005,112,121,966.79
2025-10-05,KR,P006,72,77,1924.23
2025-10-05,KR,P007,64,66,659.34
2025-10-05,KR,P008,67,73,948.27
2025-10-05,KR,P009,117,134,4018.66
2025-10-05,KR,P010,52,54,269.46
2025-10-05,KR,P011,34,35,699.65
2025-10-05,KR,P012,18,19,1519.81
2025-10-05,JP,P001,219,237,234.63
2025-10-05,JP,P002,128,145,723.55
2025-10-05,JP,P003,88,94,1409.06
2025-10-05,JP,P004,87,93,1859.07
2025-10-05,JP,P005,121,131,1046.69
2025-10-05,JP,P006,62,68,1699.32
2025-10-05,JP,P007,71,76,759.24
2025-10-05,JP,P008,58,61,792.39
2025-10-05,JP,P009,131,143,4288.57
2025-10-05,JP,P010,73,81,404.19
2025-10-05,JP,P011,47,48,959.52
2025-10-05,JP,P012,29,31,2479.69
2025-10-05,GLOBAL_WEST,P001,326,347,343.53
2025-10-05,GLOBAL_WEST,P002,162,173,863.27
2025-10-05,GLOBAL_WEST,P003,161,168,2518.32
2025-10-05,GLOBAL_WEST,P004,136,140,2798.6
2025-10-05,GLOBAL_WEST,P005,186,198,1582.02
2025-10-05,GLOBAL_WEST,P006,152,163,4073.37
2025-10-05,GLOBAL_WEST,P007,84,90,899.1
2025-10-05,GLOBAL_WEST,P008,87,93,1208.07
2025-10-05,GLOBAL_WEST,P009,181,198,5938.02
2025-10-05,GLOBAL_WEST,P010,109,117,583.83
2025-10-05,GLOBAL_WEST,P011,71,77,1539.23
2025-10-05,GLOBAL_WEST,P012,29,29,2319.71
2025-10-06,KR,P001,238,252,249.48
2025-10-06,KR,P002,133,134,668.66
2025-10-06,KR,P003,104,113,1693.87
2025-10-06,KR,P004,80,87,1739.13
2025-10-06,KR,P005,124,130,1038.7
2025-10-06,KR,P006,76,82,2049.18
2025-10-06,KR,P007,70,72,719.28
2025-10-06,KR,P008,62,67,870.33
2025-10-06,KR,P009,112,117,3508.83
2025-10-06,KR,P010,86,94,469.06
2025-10-06,KR,P011,52,56,1119.44
2025-10-06,KR,P012,27,27,2159.73
2025-10-06,JP,P001,228,241,238.59
2025-10-06,JP,P002,123,129,643.71
2025-10-06,JP,P003,106,117,1753.83
2025-10-06,JP,P004,93,94,1879.06
2025-10-06,JP,P005,120,132,1054.68
2025-10-06,JP,P006,58,61,1524.39
2025-10-06,JP,P007,81,87,869.13
2025-10-06,JP,P008,53,56,727.44
2025-10-06,JP,P009,128,137,4108.63
2025-10-06,JP,P010,68,74,369.26
2025-10-06,JP,P011,39,40,799.6
2025-10-06,JP,P012,21,22,1759.78
2025-10-06,GLOBAL_WEST,P001,342,374,370.26
2025-10-06,GLOBAL_WEST,P002,137,147,733.53
2025-10-06,GLOBAL_WEST,P003,146,158,2368.42
2025-10-06,GLOBAL_WEST,P004,168,178,3558.22
2025-10-06,GLOBAL_WEST,P005,146,163,1302.37
2025-10-06,GLOBAL_WEST,P006,100,107,2673.93
2025-10-06,GLOBAL_WEST,P007,106,113,1128.87
2025-10-06,GLOBAL_WEST,P008,73,82,1065.18
2025-10-06,GLOBAL_WEST,P009,169,185,5548.15
2025-10-06,GLOBAL_WEST,P010,99,105,523.95
2025-10-06,GLOBAL_WEST,P011,55,61,1219.39
2025-10-06,GLOBAL_WEST,P012,2,2,159.98
2025-10-07,KR,P001,216,238,235.62
2025-10-07,KR,P002,102,113,563.87
2025-10-07,KR,P003,112,123,1843.77
2025-10-07,KR,P004,80,87,1739.13
2025-10-07,KR,P005,96,109,870.91
2025-10-07,KR,P006,55,60,1499.4
2025-10-07,KR,P007,78,85,849.15
2025-10-07,KR,P008,55,59,766.41
2025-10-07,KR,P009,123,134,4018.66
2025-10-07,KR,P010,61,63,314.37
2025-10-07,KR,P011,52,55,1099.45
2025-10-07,KR,P012,20,20,1599.8
2025-10-07,JP,P001,225,240,237.6
2025-10-07,JP,P002,113,124,618.76
2025-10-07,JP,P003,104,114,1708.86
2025-10-07,JP,P004,81,86,1719.14
2025-10-07,JP,P005,121,134,1070.66
2025-10-07,JP,P006,44,46,1149.54
2025-10-07,JP,P007,80,85,849.15
2025-10-07,JP,P008,71,77,1000.23
2025-10-07,JP,P009,116,125,3748.75
2025-10-07,JP,P010,53,57,284.43
2025-10-07,JP,P011,53,58,1159.42
2025-10-07,JP,P012,11,11,879.89
2025-10-07,GLOBAL_WEST,P001,351,379,375.21
2025-10-07,GLOBAL_WEST,P002,171,184,918.16
2025-10-07,GLOBAL_WEST,P003,163,179,2683.21
2025-10-07,GLOBAL_WEST,P004,128,130,2598.7
2025-10-07,GLOBAL_WEST,P005,165,181,1446.19
2025-10-07,GLOBAL_WEST,P006,100,106,2648.94
2025-10-07,GLOBAL_WEST,P007,121,128,1278.72
2025-10-07,GLOBAL_WEST,P008,129,134,1740.66
2025-10-07,GLOBAL_WEST,P009,168,181,5428.19
2025-10-07,GLOBAL_WEST,P010,103,108,538.92
2025-10-07,GLOBAL_WEST,P011,82,91,1819.09
2025-10-07,GLOBAL_WEST,P012,0,0,0.0
2025-10-08,KR,P001,236,261,258.39
2025-10-08,KR,P002,110,122,608.78
2025-10-08,KR,P003,107,117,1753.83
2025-10-08,KR,P004,94,97,1939.03
2025-10-08,KR,P005,109,120,958.8
2025-10-08,KR,P006,79,85,2124.15
2025-10-08,KR,P007,56,60,599.4
2025-10-08,KR,P008,51,55,714.45
2025-10-08,KR,P009,121,138,4138.62
2025-10-08,KR,P010,73,80,399.2
2025-10-08,KR,P011,35,37,739.63
2025-10-08,KR,P012,33,35,2799.65
2025-10-08,JP,P001,231,253,250.47
2025-10-08,JP,P002,127,135,673.65
2025-10-08,JP,P003,106,114,1708.86
2025-10-08,JP,P004,80,86,1719.14
2025-10-08,JP,P005,123,131,1046.69
2025-10-08,JP,P006,62,69,1724.31
2025-10-08,JP,P007,74,76,759.24
2025-10-08,JP,P008,67,72,935.28
2025-10-08,JP,P009,134,146,4378.54
2025-10-08,JP,P010,67,73,364.27
2025-10-08,JP,P011,37,40,799.6
2025-10-08,JP,P012,7,7,559.93
2025-10-08,GLOBAL_WEST,P001,344,374,370.26
2025-10-08,GLOBAL_WEST,P002,198,214,1067.86
2025-10-08,GLOBAL_WEST,P003,179,196,2938.04
2025-10-08,GLOBAL_WEST,P004,137,151,3018.49
2025-10-08,GLOBAL_WEST,P005,158,170,1358.3
2025-10-08,GLOBAL_WEST,P006,76,83,2074.17
2025-10-08,GLOBAL_WEST,P007,101,107,1068.93
2025-10-08,GLOBAL_WEST,P008,106,110,1428.9
2025-10-08,GLOBAL_WEST,P009,176,185,5548.15
2025-10-08,GLOBAL_WEST,P010,118,130,648.7
2025-10-08,GLOBAL_WEST,P011,105,116,2318.84
2025-10-08,GLOBAL_WEST,P012,31,34,2719.66
2025-10-09,KR,P001,215,230,227.7
2025-10-09,KR,P002,94,103,513.97
2025-10-09,KR,P003,101,109,1633.91
2025-10-09,KR,P004,74,79,1579.21
2025-10-09,KR,P005,127,136,1086.64
2025-10-09,KR,P006,74,77,1924.23
2025-10-09,KR,P007,83,87,869.13
2025-10-09,KR,P008,57,64,831.36
2025-10-09,KR,P009,124,137,4108.63
2025-10-09,KR,P010,65,70,349.3
2025-10-09,KR,P011,72,77,1539.23
2025-10-09,KR,P012,10,11,879.89
2025-10-09,JP,P001,219,227,224.73
2025-10-09,JP,P002,119,136,678.64
2025-10-09,JP,P003,112,124,1858.76
2025-10-09,JP,P004,68,75,1499.25
2025-10-09,JP,P005,118,130,1038.7
2025-10-09,JP,P006,74,79,1974.21
2025-10-09,JP,P007,80,87,869.13
2025-10-09,JP,P008,55,57,740.43
2025-10-09,JP,P009,144,162,4858.38
2025-10-09,JP,P010,54,57,284.43
2025-10-09,JP,P011,45,51,1019.49
2025-10-09,JP,P012,14,14,1119.86
2025-10-09,GLOBAL_WEST,P001,314,348,344.52
2025-10-09,GLOBAL_WEST,P002,173,181,903.19
2025-10-09,GLOBAL_WEST,P003,115,125,1873.75
2025-10-09,GLOBAL_WEST,P004,103,112,2238.88
2025-10-09,GLOBAL_WEST,P005,148,163,1302.37
2025-10-09,GLOBAL_WEST,P006,121,134,3348.66
2025-10-09,GLOBAL_WEST,P007,104,110,1098.9
2025-10-09,GLOBAL_WEST,P008,96,105,1363.95
2025-10-09,GLOBAL_WEST,P009,157,176,5278.24
2025-10-09,GLOBAL_WEST,P010,108,119,593.81
2025-10-09,GLOBAL_WEST,P011,49,55,1099.45
2025-10-09,GLOBAL_WEST,P012,7,8,639.92
2025-10-10,KR,P001,245,264,261.36
2025-10-10,KR,P002,93,106,528.94
2025-10-10,KR,P003,111,122,1828.78
2025-10-10,KR,P004,83,94,1879.06
2025-10-10,KR,P005,116,126,1006.74
2025-10-10,KR,P006,90,93,2324.07
2025-10-10,KR,P007,72,79,789.21
2025-10-10,KR,P008,51,53,688.47
2025-10-10,KR,P009,129,136,4078.64
2025-10-10,KR,P010,70,72,359.28
2025-10-10,KR,P011,64,70,1399.3
2025-10-10,KR,P012,40,43,3439.57
2025-10-10,JP,P001,233,254,251.46
2025-10-10,JP,P002,126,131,653.69
2025-10-10,JP,P003,99,108,1618.92
2025-10-10,JP,P004,85,89,1779.11
2025-10-10,JP,P005,116,119,950.81
2025-10-10,JP,P006,61,63,1574.37
2025-10-10,JP,P007,69,74,739.26
2025-10-10,JP,P008,43,47,610.53
2025-10-10,JP,P009,126,129,3868.71
2025-10-10,JP,P010,60,62,309.38
2025-10-10,JP,P011,37,39,779.61
2025-10-10,JP,P012,12,13,1039.87
2025-10-10,GLOBAL_WEST,P001,343,362,358.38
2025-10-10,GLOBAL_WEST,P002,138,151,753.49
2025-10-10,GLOBAL_WEST,P003,127,142,2128.58
2025-10-10,GLOBAL_WEST,P004,150,167,3338.33
2025-10-10,GLOBAL_WEST,P005,180,194,1550.06
2025-10-10,GLOBAL_WEST,P006,95,97,2424.03
2025-10-10,GLOBAL_WEST,P007,129,138,1378.62
2025-10-10,GLOBAL_WEST,P008,95,100,1299.0
2025-10-10,GLOBAL_WEST,P009,181,201,6027.99
2025-10-10,GLOBAL_WEST,P010,91,94,469.06
2025-10-10,GLOBAL_WEST,P011,77,81,1619.19
2025-10-10,GLOBAL_WEST,P012,1,1,79.99
2025-10-11,KR,P001,237,247,244.53
2025-10-11,KR,P002,120,129,643.71
2025-10-11,KR,P003,105,115,1723.85
2025-10-11,KR,P004,112,123,2458.77
2025-10-11,KR,P005,132,140,1118.6
2025-10-11,KR,P006,59,62,1549.38
2025-10-11,KR,P007,54,60,599.4
2025-10-11,KR,P008,60,66,857.34
2025-10-11,KR,P009,134,147,4408.53
2025-10-11,KR,P010,82,88,439.12
2025-10-11,KR,P011,24,25,499.75
2025-10-11,KR,P012,19,21,1679.79
2025-10-11,JP,P001,212,235,232.65
2025-10-11,JP,P002,113,125,623.75
2025-10-11,JP,P003,101,105,1573.95
2025-10-11,JP,P004,90,99,1979.01
2025-10-11,JP,P005,112,115,918.85
2025-10-11,JP,P006,71,77,1924.23
2025-10-11,JP,P007,63,66,659.34
2025-10-11,JP,P008,64,72,935.28
2025-10-11,JP,P009,115,127,3808.73
2025-10-11,JP,P010,57,60,299.4
2025-10-11,JP,P011,41,43,859.57
2025-10-11,JP,P012,38,40,3199.6
2025-10-11,GLOBAL_WEST,P001,340,364,360.36
2025-10-11,GLOBAL_WEST,P002,166,182,908.18
2025-10-11,GLOBAL_WEST,P003,156,170,2548.3
2025-10-11,GLOBAL_WEST,P004,115,127,2538.73
2025-10-11,GLOBAL_WEST,P005,175,193,1542.07
2025-10-11,GLOBAL_WEST,P006,77,81,2024.19
2025-10-11,GLOBAL_WEST,P007,123,132,1318.68
2025-10-11,GLOBAL_WEST,P008,132,143,1857.57
2025-10-11,GLOBAL_WEST,P009,155,161,4828.39
2025-10-11,GLOBAL_WEST,P010,127,136,678.64
2025-10-11,GLOBAL_WEST,P011,61,63,1259.37
2025-10-11,GLOBAL_WEST,P012,30,31,2479.69
2025-10-12,KR,P001,225,238,235.62
2025-10-12,KR,P002,129,138,688.62
2025-10-12,KR,P003,109,120,1798.8
2025-10-12,KR,P004,90,95,1899.05
2025-10-12,KR,P005,135,146,1166.54
2025-10-12,KR,P006,58,64,1599.36
2025-10-12,KR,P007,54,58,579.42
2025-10-12,KR,P008,50,55,714.45
2025-10-12,KR,P009,120,133,3988.67
2025-10-12,KR,P010,62,68,339.32
2025-10-12,KR,P011,31,33,659.67
2025-10-12,KR,P012,35,37,2959.63
2025-10-12,JP,P001,219,232,229.68
2025-10-12,JP,P002,117,124,618.76
2025-10-12,JP,P003,111,119,1783.81
2025-10-12,JP,P004,95,105,2098.95
2025-10-12,JP,P005,103,108,862.92
2025-10-12,JP,P006,63,66,1649.34
2025-10-12,JP,P007,54,57,569.43
2025-10-12,JP,P008,55,57,740.43
2025-10-12,JP,P009,125,138,4138.62
2025-10-12,JP,P010,69,76,379.24
2025-10-12,JP,P011,39,41,819.59
2025-10-12,JP,P012,12,13,1039.87
2025-10-12,GLOBAL_WEST,P001,311,343,339.57
2025-10-12,GLOBAL_WEST,P002,171,184,918.16
2025-10-12,GLOBAL_WEST,P003,175,189,2833.11
2025-10-12,GLOBAL_WEST,P004,105,115,2298.85
2025-10-12,GLOBAL_WEST,P005,164,170,1358.3
2025-10-12,GLOBAL_WEST,P006,116,127,3173.73
2025-10-12,GLOBAL_WEST,P007,109,115,1148.85
2025-10-12,GLOBAL_WEST,P008,111,116,1506.84
2025-10-12,GLOBAL_WEST,P009,189,200,5998.0
2025-10-12,GLOBAL_WEST,P010,120,134,668.66
2025-10-12,GLOBAL_WEST,P011,78,85,1699.15
2025-10-12,GLOBAL_WEST,P012,45,50,3999.5
2025-10-13,KR,P001,213,233,230.67
2025-10-13,KR,P002,114,125,623.75
2025-10-13,KR,P003,110,119,1783.81
2025-10-13,KR,P004,103,112,2238.88
2025-10-13,KR,P005,118,130,1038.7
2025-10-13,KR,P006,44,47,1174.53
2025-10-13,KR,P007,54,59,589.41
2025-10-13,KR,P008,62,67,870.33
2025-10-13,KR,P009,126,136,4078.64
2025-10-13,KR,P010,50,53,264.47
2025-10-13,KR,P011,49,56,1119.44
2025-10-13,KR,P012,18,18,1439.82
2025-10-13,JP,P001,204,215,212.85
2025-10-13,JP,P002,113,119,593.81
2025-10-13,JP,P003,92,98,1469.02
2025-10-13,JP,P004,79,82,1639.18
2025-10-13,JP,P005,108,113,902.87
2025-10-13,JP,P006,66,76,1899.24
2025-10-13,JP,P007,73,76,759.24
2025-10-13,JP,P008,52,57,740.43
2025-10-13,JP,P009,103,110,3298.9
2025-10-13,JP,P010,58,63,314.37
2025-10-13,JP,P011,31,34,679.66
2025-10-13,JP,P012,12,12,959.88
2025-10-13,GLOBAL_WEST,P001,348,385,381.15
2025-10-13,GLOBAL_WEST,P002,187,205,1022.95
2025-10-13,GLOBAL_WEST,P003,156,162,2428.38
2025-10-13,GLOBAL_WEST,P004,139,144,2878.56
2025-10-13,GLOBAL_WEST,P005,171,178,1422.22
2025-10-13,GLOBAL_WEST,P006,115,123,3073.77
2025-10-13,GLOBAL_WEST,P007,102,118,1178.82
2025-10-13,GLOBAL_WEST,P008,62,66,857.34
2025-10-13,GLOBAL_WEST,P009,178,197,5908.03
2025-10-13,GLOBAL_WEST,P010,117,118,588.82
2025-10-13,GLOBAL_WEST,P011,62,67,1339.33
2025-10-13,GLOBAL_WEST,P012,25,26,2079.74
2025-10-14,KR,P001,240,258,255.42
2025-10-14,KR,P002,116,127,633.73
2025-10-14,KR,P003,105,111,1663.89
2025-10-14,KR,P004,94,105,2098.95
2025-10-14,KR,P005,116,121,966.79
2025-10-14,KR,P006,67,72,1799.28
2025-10-14,KR,P007,63,65,649.35
2025-10-14,KR,P008,66,70,909.3
2025-10-14,KR,P009,108,111,3328.89
2025-10-14,KR,P010,69,78,389.22
2025-10-14,KR,P011,36,37,739.63
2025-10-14,KR,P012,0,0,0.0
2025-10-14,JP,P001,225,238,235.62
2025-10-14,JP,P002,122,126,628.74
2025-10-14,JP,P003,98,103,1543.97
2025-10-14,JP,P004,85,89,1779.11
2025-10-14,JP,P005,90,96,767.04
2025-10-14,JP,P006,69,72,1799.28
2025-10-14,JP,P007,53,58,579.42
2025-10-14,JP,P008,40,41,532.59
2025-10-14,JP,P009,108,116,3478.84
2025-10-14,JP,P010,76,83,414.17
2025-10-14,JP,P011,38,39,779.61
2025-10-14,JP,P012,27,29,2319.71
2025-10-14,GLOBAL_WEST,P001,336,357,353.43
2025-10-14,GLOBAL_WEST,P002,143,156,778.44
2025-10-14,GLOBAL_WEST,P003,179,193,2893.07
2025-10-14,GLOBAL_WEST,P004,105,114,2278.86
2025-10-14,GLOBAL_WEST,P005,192,207,1653.93
2025-10-14,GLOBAL_WEST,P006,98,104,2598.96
2025-10-14,GLOBAL_WEST,P007,146,159,1588.41
2025-10-14,GLOBAL_WEST,P008,92,96,1247.04
2025-10-14,GLOBAL_WEST,P009,185,199,5968.01
2025-10-14,GLOBAL_WEST,P010,101,105,523.95
2025-10-14,GLOBAL_WEST,P011,84,88,1759.12
2025-10-14,GLOBAL_WEST,P012,12,14,1119.86
2025-10-15,KR,P001,191,204,201.96
2025-10-15,KR,P002,99,104,518.96
2025-10-15,KR,P003,111,118,1768.82
2025-10-15,KR,P004,0,0,0.0
2025-10-15,KR,P005,76,79,631.21
2025-10-15,KR,P006,62,69,1724.31
2025-10-15,KR,P007,73,80,799.2
2025-10-15,KR,P008,54,59,766.41
2025-10-15,KR,P009,0,0,0.0
2025-10-15,KR,P010,46,50,249.5
2025-10-15,KR,P011,33,35,699.65
2025-10-15,KR,P012,23,24,1919.76
2025-10-15,JP,P001,205,223,220.77
2025-10-15,JP,P002,86,91,454.09
2025-10-15,JP,P003,106,121,1813.79
2025-10-15,JP,P004,0,0,0.0
2025-10-15,JP,P005,98,105,838.95
2025-10-15,JP,P006,78,87,2174.13
2025-10-15,JP,P007,60,62,619.38
2025-10-15,JP,P008,49,53,688.47
2025-10-15,JP,P009,0,0,0.0
2025-10-15,JP,P010,58,63,314.37
2025-10-15,JP,P011,42,42,839.58
2025-10-15,JP,P012,14,15,1199.85
2025-10-15,GLOBAL_WEST,P001,286,315,311.85
2025-10-15,GLOBAL_WEST,P002,161,170,848.3
2025-10-15,GLOBAL_WEST,P003,132,145,2173.55
2025-10-15,GLOBAL_WEST,P004,0,0,0.0
2025-10-15,GLOBAL_WEST,P005,128,143,1142.57
2025-10-15,GLOBAL_WEST,P006,79,91,2274.09
2025-10-15,GLOBAL_WEST,P007,103,106,1058.94
2025-10-15,GLOBAL_WEST,P008,77,81,1052.19
2025-10-15,GLOBAL_WEST,P009,0,0,0.0
2025-10-15,GLOBAL_WEST,P010,79,83,414.17
2025-10-15,GLOBAL_WEST,P011,39,40,799.6
2025-10-15,GLOBAL_WEST,P012,22,24,1919.76
2025-10-16,KR,P001,204,221,218.79
2025-10-16,KR,P002,103,109,543.91
2025-10-16,KR,P003,83,88,1319.12
2025-10-16,KR,P004,0,0,0.0
2025-10-16,KR,P005,94,101,806.99
2025-10-16,KR,P006,68,70,1749.3
2025-10-16,KR,P007,68,72,719.28
2025-10-16,KR,P008,65,67,870.33
2025-10-16,KR,P009,0,0,0.0
2025-10-16,KR,P010,58,66,329.34
2025-10-16,KR,P011,14,15,299.85
2025-10-16,KR,P012,27,28,2239.72
2025-10-16,JP,P001,188,205,202.95
2025-10-16,JP,P002,107,114,568.86
2025-10-16,JP,P003,88,98,1469.02
2025-10-16,JP,P004,0,0,0.0
2025-10-16,JP,P005,100,105,838.95
2025-10-16,JP,P006,56,61,1524.39
2025-10-16,JP,P007,59,64,639.36
2025-10-16,JP,P008,46,48,623.52
2025-10-16,JP,P009,0,0,0.0
2025-10-16,JP,P010,62,66,329.34
2025-10-16,JP,P011,40,43,859.57
2025-10-16,JP,P012,12,15,1199.85
2025-10-16,GLOBAL_WEST,P001,294,305,301.95
2025-10-16,GLOBAL_WEST,P002,150,165,823.35
2025-10-16,GLOBAL_WEST,P003,131,135,2023.65
2025-10-16,GLOBAL_WEST,P004,0,0,0.0
2025-10-16,GLOBAL_WEST,P005,115,124,990.76
2025-10-16,GLOBAL_WEST,P006,90,98,2449.02
2025-10-16,GLOBAL_WEST,P007,94,102,1018.98
2025-10-16,GLOBAL_WEST,P008,97,105,1363.95
2025-10-16,GLOBAL_WEST,P009,0,0,0.0
2025-10-16,GLOBAL_WEST,P010,101,106,528.94
2025-10-16,GLOBAL_WEST,P011,63,69,1379.31
2025-10-16,GLOBAL_WEST,P012,15,17,1359.83
2025-10-17,KR,P001,207,220,217.8
2025-10-17,KR,P002,94,106,528.94
2025-10-17,KR,P003,102,104,1558.96
2025-10-17,KR,P004,0,0,0.0
2025-10-17,KR,P005,91,93,743.07
2025-10-17,KR,P006,61,64,1599.36
2025-10-17,KR,P007,66,72,719.28
2025-10-17,KR,P008,37,38,493.62
2025-10-17,KR,P009,0,0,0.0
2025-10-17,KR,P010,47,47,234.53
2025-10-17,KR,P011,31,31,619.69
2025-10-17,KR,P012,9,11,879.89
2025-10-17,JP,P001,198,218,215.82
2025-10-17,JP,P002,93,104,518.96
2025-10-17,JP,P003,77,83,1244.17
2025-10-17,JP,P004,0,0,0.0
2025-10-17,JP,P005,96,105,838.95
2025-10-17,JP,P006,53,60,1499.4
2025-10-17,JP,P007,62,68,679.32
2025-10-17,JP,P008,37,40,519.6
2025-10-17,JP,P009,0,0,0.0
2025-10-17,JP,P010,54,59,294.41
2025-10-17,JP,P011,18,20,399.8
2025-10-17,JP,P012,13,15,1199.85
2025-10-17,GLOBAL_WEST,P001,295,318,314.82
2025-10-17,GLOBAL_WEST,P002,147,158,788.42
2025-10-17,GLOBAL_WEST,P003,134,144,2158.56
2025-10-17,GLOBAL_WEST,P004,0,0,0.0
2025-10-17,GLOBAL_WEST,P005,130,142,1134.58
2025-10-17,GLOBAL_WEST,P006,41,43,1074.57
2025-10-17,GLOBAL_WEST,P007,89,94,939.06
2025-10-17,GLOBAL_WEST,P008,63,67,870.33
2025-10-17,GLOBAL_WEST,P009,0,0,0.0
2025-10-17,GLOBAL_WEST,P010,65,67,334.33
2025-10-17,GLOBAL_WEST,P011,78,86,1719.14
2025-10-17,GLOBAL_WEST,P012,20,20,1599.8
2025-10-18,KR,P001,195,202,199.98
2025-10-18,KR,P002,93,100,499.0
2025-10-18,KR,P003,106,117,1753.83
2025-10-18,KR,P004,0,0,0.0
2025-10-18,KR,P005,89,96,767.04
2025-10-18,KR,P006,67,71,1774.29
2025-10-18,KR,P007,65,68,679.32
2025-10-18,KR,P008,54,57,740.43
2025-10-18,KR,P009,0,0,0.0
2025-10-18,KR,P010,57,60,299.4
2025-10-18,KR,P011,35,38,759.62
2025-10-18,KR,P012,27,29,2319.71
2025-10-18,JP,P001,191,209,206.91
2025-10-18,JP,P002,95,104,518.96
2025-10-18,JP,P003,88,95,1424.05
2025-10-18,JP,P004,0,0,0.0
2025-10-18,JP,P005,106,111,886.89
2025-10-18,JP,P006,52,54,1349.46
2025-10-18,JP,P007,65,69,689.31
2025-10-18,JP,P008,58,63,818.37
2025-10-18,JP,P009,0,0,0.0
2025-10-18,JP,P010,62,66,329.34
2025-10-18,JP,P011,48,53,1059.47
2025-10-18,JP,P012,1,2,159.98
2025-10-18,GLOBAL_WEST,P001,271,300,297.0
2025-10-18,GLOBAL_WEST,P002,148,164,818.36
2025-10-18,GLOBAL_WEST,P003,123,126,1888.74
2025-10-18,GLOBAL_WEST,P004,0,0,0.0
2025-10-18,GLOBAL_WEST,P005,152,152,1214.48
2025-10-18,GLOBAL_WEST,P006,92,97,2424.03
2025-10-18,GLOBAL_WEST,P007,77,85,849.15
2025-10-18,GLOBAL_WEST,P008,81,86,1117.14
2025-10-18,GLOBAL_WEST,P009,0,0,0.0
2025-10-18,GLOBAL_WEST,P010,64,70,349.3
2025-10-18,GLOBAL_WEST,P011,40,42,839.58
2025-10-18,GLOBAL_WEST,P012,0,0,0.0
2025-10-19,KR,P001,191,198,196.02
2025-10-19,KR,P002,90,97,484.03
2025-10-19,KR,P003,80,88,1319.12
2025-10-19,KR,P004,0,0,0.0
2025-10-19,KR,P005,89,94,751.06
2025-10-19,KR,P006,43,46,1149.54
2025-10-19,KR,P007,54,58,579.42
2025-10-19,KR,P008,35,37,480.63
2025-10-19,KR,P009,0,0,0.0
2025-10-19,KR,P010,40,44,219.56
2025-10-19,KR,P011,19,20,399.8
2025-10-19,KR,P012,5,6,479.94
2025-10-19,JP,P001,202,230,227.7
2025-10-19,JP,P002,107,117,583.83
2025-10-19,JP,P003,90,95,1424.05
2025-10-19,JP,P004,0,0,0.0
2025-10-19,JP,P005,101,109,870.91
2025-10-19,JP,P006,44,46,1149.54
2025-10-19,JP,P007,70,76,759.24
2025-10-19,JP,P008,61,65,844.35
2025-10-19,JP,P009,0,0,0.0
2025-10-19,JP,P010,65,69,344.31
2025-10-19,JP,P011,35,37,739.63
2025-10-19,JP,P012,29,31,2479.69
2025-10-19,GLOBAL_WEST,P001,284,308,304.92
2025-10-19,GLOBAL_WEST,P002,115,119,593.81
2025-10-19,GLOBAL_WEST,P003,127,140,2098.6
2025-10-19,GLOBAL_WEST,P004,0,0,0.0
2025-10-19,GLOBAL_WEST,P005,112,122,974.78
2025-10-19,GLOBAL_WEST,P006,90,97,2424.03
2025-10-19,GLOBAL_WEST,P007,84,93,929.07
2025-10-19,GLOBAL_WEST,P008,69,75,974.25
2025-10-19,GLOBAL_WEST,P009,0,0,0.0
2025-10-19,GLOBAL_WEST,P010,101,107,533.93
2025-10-19,GLOBAL_WEST,P011,46,51,1019.49
2025-10-19,GLOBAL_WEST,P012,16,17,1359.83
2025-10-20,KR,P001,214,220,217.8
2025-10-20,KR,P002,117,123,613.77
2025-10-20,KR,P003,90,96,1439.04
2025-10-20,KR,P004,0,0,0.0
2025-10-20,KR,P005,116,124,990.76
2025-10-20,KR,P006,58,65,1624.35
2025-10-20,KR,P007,67,74,739.26
2025-10-20,KR,P008,63,68,883.32
2025-10-20,KR,P009,0,0,0.0
2025-10-20,KR,P010,61,63,314.37
2025-10-20,KR,P011,27,31,619.69
2025-10-20,KR,P012,23,24,1919.76
2025-10-20,JP,P001,181,197,195.03
2025-10-20,JP,P002,90,98,489.02
2025-10-20,JP,P003,91,98,1469.02
2025-10-20,JP,P004,0,0,0.0
2025-10-20,JP,P005,81,84,671.16
2025-10-20,JP,P006,52,55,1374.45
2025-10-20,JP,P007,70,76,759.24
2025-10-20,JP,P008,43,47,610.53
2025-10-20,JP,P009,0,0,0.0
2025-10-20,JP,P010,51,56,279.44
2025-10-20,JP,P011,32,36,719.64
2025-10-20,JP,P012,16,18,1439.82
2025-10-20,GLOBAL_WEST,P001,244,271,268.29
2025-10-20,GLOBAL_WEST,P002,140,149,743.51
2025-10-20,GLOBAL_WEST,P003,129,136,2038.64
2025-10-20,GLOBAL_WEST,P004,0,0,0.0
2025-10-20,GLOBAL_WEST,P005,124,137,1094.63
2025-10-20,GLOBAL_WEST,P006,78,85,2124.15
2025-10-20,GLOBAL_WEST,P007,68,69,689.31
2025-10-20,GLOBAL_WEST,P008,64,68,883.32
2025-10-20,GLOBAL_WEST,P009,0,0,0.0
2025-10-20,GLOBAL_WEST,P010,66,69,344.31
2025-10-20,GLOBAL_WEST,P011,19,19,379.81
2025-10-20,GLOBAL_WEST,P012,17,19,1519.81
2025-10-21,KR,P001,193,208,205.92
2025-10-21,KR,P002,87,98,489.02
2025-10-21,KR,P003,77,85,1274.15
2025-10-21,KR,P004,0,0,0.0
2025-10-21,KR,P005,90,98,783.02
2025-10-21,KR,P006,50,54,1349.46
2025-10-21,KR,P007,54,55,549.45
2025-10-21,KR,P008,64,72,935.28
2025-10-21,KR,P009,0,0,0.0
2025-10-21,KR,P010,68,75,374.25
2025-10-21,KR,P011,41,45,899.55
2025-10-21,KR,P012,15,15,1199.85
2025-10-21,JP,P001,198,215,212.85
2025-10-21,JP,P002,89,96,479.04
2025-10-21,JP,P003,78,82,1229.18
2025-10-21,JP,P004,0,0,0.0
2025-10-21,JP,P005,114,126,1006.74
2025-10-21,JP,P006,63,65,1624.35
2025-10-21,JP,P007,60,62,619.38
2025-10-21,JP,P008,39,40,519.6
2025-10-21,JP,P009,0,0,0.0
2025-10-21,JP,P010,51,56,279.44
2025-10-21,JP,P011,38,39,779.61
2025-10-21,JP,P012,4,4,319.96
2025-10-21,GLOBAL_WEST,P001,254,268,265.32
2025-10-21,GLOBAL_WEST,P002,151,156,778.44
2025-10-21,GLOBAL_WEST,P003,123,133,1993.67
2025-10-21,GLOBAL_WEST,P004,0,0,0.0
2025-10-21,GLOBAL_WEST,P005,132,142,1134.58
2025-10-21,GLOBAL_WEST,P006,83,92,2299.08
2025-10-21,GLOBAL_WEST,P007,93,98,979.02
2025-10-21,GLOBAL_WEST,P008,63,69,896.31
2025-10-21,GLOBAL_WEST,P009,0,0,0.0
2025-10-21,GLOBAL_WEST,P010,93,96,479.04
2025-10-21,GLOBAL_WEST,P011,61,65,1299.35
2025-10-21,GLOBAL_WEST,P012,24,25,1999.75
2025-10-22,KR,P001,178,196,194.04
2025-10-22,KR,P002,87,98,489.02
2025-10-22,KR,P003,83,90,1349.1
2025-10-22,KR,P004,0,0,0.0
2025-10-22,KR,P005,102,102,814.98
2025-10-22,KR,P006,36,39,974.61
2025-10-22,KR,P007,50,55,549.45
2025-10-22,KR,P008,46,50,649.5
2025-10-22,KR,P009,0,0,0.0
2025-10-22,KR,P010,64,72,359.28
2025-10-22,KR,P011,33,35,699.65
2025-10-22,KR,P012,19,21,1679.79
2025-10-22,JP,P001,191,210,207.9
2025-10-22,JP,P002,121,136,678.64
2025-10-22,JP,P003,71,78,1169.22
2025-10-22,JP,P004,0,0,0.0
2025-10-22,JP,P005,107,113,902.87
2025-10-22,JP,P006,52,54,1349.46
2025-10-22,JP,P007,48,51,509.49
2025-10-22,JP,P008,49,54,701.46
2025-10-22,JP,P009,0,0,0.0
2025-10-22,JP,P010,50,54,269.46
2025-10-22,JP,P011,20,21,419.79
2025-10-22,JP,P012,9,9,719.91
2025-10-22,GLOBAL_WEST,P001,278,300,297.0
2025-10-22,GLOBAL_WEST,P002,117,124,618.76
2025-10-22,GLOBAL_WEST,P003,152,163,2443.37
2025-10-22,GLOBAL_WEST,P004,0,0,0.0
2025-10-22,GLOBAL_WEST,P005,166,173,1382.27
2025-10-22,GLOBAL_WEST,P006,111,130,3248.7
2025-10-22,GLOBAL_WEST,P007,80,84,839.16
2025-10-22,GLOBAL_WEST,P008,36,39,506.61
2025-10-22,GLOBAL_WEST,P009,0,0,0.0
2025-10-22,GLOBAL_WEST,P010,66,71,354.29
2025-10-22,GLOBAL_WEST,P011,48,53,1059.47
2025-10-22,GLOBAL_WEST,P012,24,27,2159.73
2025-10-23,KR,P001,220,243,240.57
2025-10-23,KR,P002,106,117,583.83
2025-10-23,KR,P003,90,99,1484.01
2025-10-23,KR,P004,0,0,0.0
2025-10-23,KR,P005,102,110,878.9
2025-10-23,KR,P006,47,51,1274.49
2025-10-23,KR,P007,33,36,359.64
2025-10-23,KR,P008,55,59,766.41
2025-10-23,KR,P009,0,0,0.0
2025-10-23,KR,P010,62,64,319.36
2025-10-23,KR,P011,55,56,1119.44
2025-10-23,KR,P012,31,33,2639.67
2025-10-23,JP,P001,177,182,180.18
2025-10-23,JP,P002,97,103,513.97
2025-10-23,JP,P003,89,93,1394.07
2025-10-23,JP,P004,0,0,0.0
2025-10-23,JP,P005,96,105,838.95
2025-10-23,JP,P006,51,56,1399.44
2025-10-23,JP,P007,56,59,589.41
2025-10-23,JP,P008,47,52,675.48
2025-10-23,JP,P009,0,0,0.0
2025-10-23,JP,P010,63,63,314.37
2025-10-23,JP,P011,20,21,419.79
2025-10-23,JP,P012,12,13,1039.87
2025-10-23,GLOBAL_WEST,P001,276,308,304.92
2025-10-23,GLOBAL_WEST,P002,137,146,728.54
2025-10-23,GLOBAL_WEST,P003,128,137,2053.63
2025-10-23,GLOBAL_WEST,P004,0,0,0.0
2025-10-23,GLOBAL_WEST,P005,156,164,1310.36
2025-10-23,GLOBAL_WEST,P006,78,82,2049.18
2025-10-23,GLOBAL_WEST,P007,66,72,719.28
2025-10-23,GLOBAL_WEST,P008,81,90,1169.1
2025-10-23,GLOBAL_WEST,P009,0,0,0.0
2025-10-23,GLOBAL_WEST,P010,76,84,419.16
2025-10-23,GLOBAL_WEST,P011,37,40,799.6
2025-10-23,GLOBAL_WEST,P012,22,25,1999.75
2025-10-24,KR,P001,177,195,193.05
2025-10-24,KR,P002,98,100,499.0
2025-10-24,KR,P003,85,94,1409.06
2025-10-24,KR,P004,0,0,0.0
2025-10-24,KR,P005,86,93,743.07
2025-10-24,KR,P006,53,56,1399.44
2025-10-24,KR,P007,59,61,609.39
2025-10-24,KR,P008,54,58,753.42
2025-10-24,KR,P009,0,0,0.0
2025-10-24,KR,P010,75,77,384.23
2025-10-24,KR,P011,39,40,799.6
2025-10-24,KR,P012,3,3,239.97
2025-10-24,JP,P001,206,226,223.74
2025-10-24,JP,P002,98,102,508.98
2025-10-24,JP,P003,83,88,1319.12
2025-10-24,JP,P004,0,0,0.0
2025-10-24,JP,P005,97,106,846.94
2025-10-24,JP,P006,66,75,1874.25
2025-10-24,JP,P007,59,64,639.36
2025-10-24,JP,P008,61,64,831.36
2025-10-24,JP,P009,0,0,0.0
2025-10-24,JP,P010,68,76,379.24
2025-10-24,JP,P011,46,50,999.5
2025-10-24,JP,P012,19,19,1519.81
2025-10-24,GLOBAL_WEST,P001,275,302,298.98
2025-10-24,GLOBAL_WEST,P002,145,155,773.45
2025-10-24,GLOBAL_WEST,P003,147,155,2323.45
2025-10-24,GLOBAL_WEST,P004,0,0,0.0
2025-10-24,GLOBAL_WEST,P005,150,166,1326.34
2025-10-24,GLOBAL_WEST,P006,83,88,2199.12
2025-10-24,GLOBAL_WEST,P007,93,103,1028.97
2025-10-24,GLOBAL_WEST,P008,56,60,779.4
2025-10-24,GLOBAL_WEST,P009,0,0,0.0
2025-10-24,GLOBAL_WEST,P010,93,96,479.04
2025-10-24,GLOBAL_WEST,P011,49,53,1059.47
2025-10-24,GLOBAL_WEST,P012,14,15,1199.85
2025-10-25,KR,P001,189,204,201.96
2025-10-25,KR,P002,97,107,533.93
2025-10-25,KR,P003,86,87,1304.13
2025-10-25,KR,P004,0,0,0.0
2025-10-25,KR,P005,91,100,799.0
2025-10-25,KR,P006,71,73,1824.27
2025-10-25,KR,P007,41,45,449.55
2025-10-25,KR,P008,36,38,493.62
2025-10-25,KR,P009,0,0,0.0
2025-10-25,KR,P010,51,57,284.43
2025-10-25,KR,P011,44,46,919.54
2025-10-25,KR,P012,28,29,2319.71
2025-10-25,JP,P001,183,206,203.94
2025-10-25,JP,P002,81,88,439.12
2025-10-25,JP,P003,83,88,1319.12
2025-10-25,JP,P004,0,0,0.0
2025-10-25,JP,P005,79,86,687.14
2025-10-25,JP,P006,43,43,1074.57
2025-10-25,JP,P007,60,65,649.35
2025-10-25,JP,P008,56,58,753.42
2025-10-25,JP,P009,0,0,0.0
2025-10-25,JP,P010,48,51,254.49
2025-10-25,JP,P011,42,45,899.55
2025-10-25,JP,P012,16,18,1439.82
2025-10-25,GLOBAL_WEST,P001,277,306,302.94
2025-10-25,GLOBAL_WEST,P002,139,148,738.52
2025-10-25,GLOBAL_WEST,P003,118,126,1888.74
2025-10-25,GLOBAL_WEST,P004,0,0,0.0
2025-10-25,GLOBAL_WEST,P005,144,161,1286.39
2025-10-25,GLOBAL_WEST,P006,62,65,1624.35
2025-10-25,GLOBAL_WEST,P007,53,56,559.44
2025-10-25,GLOBAL_WEST,P008,84,93,1208.07
2025-10-25,GLOBAL_WEST,P009,0,0,0.0
2025-10-25,GLOBAL_WEST,P010,68,74,369.26
2025-10-25,GLOBAL_WEST,P011,59,62,1239.38
2025-10-25,GLOBAL_WEST,P012,21,21,1679.79
2025-10-26,KR,P001,205,216,213.84
2025-10-26,KR,P002,105,113,563.87
2025-10-26,KR,P003,84,88,1319.12
2025-10-26,KR,P004,0,0,0.0
2025-10-26,KR,P005,94,104,830.96
2025-10-26,KR,P006,60,65,1624.35
2025-10-26,KR,P007,63,64,639.36
2025-10-26,KR,P008,58,63,818.37
2025-10-26,KR,P009,0,0,0.0
2025-10-26,KR,P010,47,53,264.47
2025-10-26,KR,P011,37,39,779.61
2025-10-26,KR,P012,19,20,1599.8
2025-10-26,JP,P001,195,198,196.02
2025-10-26,JP,P002,94,98,489.02
2025-10-26,JP,P003,92,101,1513.99
2025-10-26,JP,P004,0,0,0.0
2025-10-26,JP,P005,114,123,982.77
2025-10-26,JP,P006,43,46,1149.54
2025-10-26,JP,P007,55,59,589.41
2025-10-26,JP,P008,58,61,792.39
2025-10-26,JP,P009,0,0,0.0
2025-10-26,JP,P010,52,57,284.43
2025-10-26,JP,P011,37,40,799.6
2025-10-26,JP,P012,20,21,1679.79
2025-10-26,GLOBAL_WEST,P001,276,286,283.14
2025-10-26,GLOBAL_WEST,P002,146,158,788.42
2025-10-26,GLOBAL_WEST,P003,141,153,2293.47
2025-10-26,GLOBAL_WEST,P004,0,0,0.0
2025-10-26,GLOBAL_WEST,P005,129,140,1118.6
2025-10-26,GLOBAL_WEST,P006,80,86,2149.14
2025-10-26,GLOBAL_WEST,P007,94,100,999.0
2025-10-26,GLOBAL_WEST,P008,67,72,935.28
2025-10-26,GLOBAL_WEST,P009,0,0,0.0
2025-10-26,GLOBAL_WEST,P010,80,86,429.14
2025-10-26,GLOBAL_WEST,P011,68,75,1499.25
2025-10-26,GLOBAL_WEST,P012,30,31,2479.69
2025-10-27,KR,P001,188,205,202.95
2025-10-27,KR,P002,82,93,464.07
2025-10-27,KR,P003,83,88,1319.12
2025-10-27,KR,P004,0,0,0.0
2025-10-27,KR,P005,108,119,950.81
2025-10-27,KR,P006,64,69,1724.31
2025-10-27,KR,P007,50,53,529.47
2025-10-27,KR,P008,52,57,740.43
2025-10-27,KR,P009,0,0,0.0
2025-10-27,KR,P010,49,51,254.49
2025-10-27,KR,P011,35,35,699.65
2025-10-27,KR,P012,14,14,1119.86
2025-10-27,JP,P001,207,231,228.69
2025-10-27,JP,P002,108,114,568.86
2025-10-27,JP,P003,72,74,1109.26
2025-10-27,JP,P004,0,0,0.0
2025-10-27,JP,P005,90,97,775.03
2025-10-27,JP,P006,65,72,1799.28
2025-10-27,JP,P007,60,63,629.37
2025-10-27,JP,P008,43,46,597.54
2025-10-27,JP,P009,0,0,0.0
2025-10-27,JP,P010,49,50,249.5
2025-10-27,JP,P011,32,34,679.66
2025-10-27,JP,P012,4,4,319.96
2025-10-27,GLOBAL_WEST,P001,265,290,287.1
2025-10-27,GLOBAL_WEST,P002,130,139,693.61
2025-10-27,GLOBAL_WEST,P003,114,124,1858.76
2025-10-27,GLOBAL_WEST,P004,0,0,0.0
2025-10-27,GLOBAL_WEST,P005,134,148,1182.52
2025-10-27,GLOBAL_WEST,P006,47,51,1274.49
2025-10-27,GLOBAL_WEST,P007,71,75,749.25
2025-10-27,GLOBAL_WEST,P008,42,45,584.55
2025-10-27,GLOBAL_WEST,P009,0,0,0.0
2025-10-27,GLOBAL_WEST,P010,79,85,424.15
2025-10-27,GLOBAL_WEST,P011,37,41,819.59
2025-10-27,GLOBAL_WEST,P012,4,5,399.95
2025-10-28,KR,P001,192,210,207.9
2025-10-28,KR,P002,102,116,578.84
2025-10-28,KR,P003,92,96,1439.04
2025-10-28,KR,P004,0,0,0.0
2025-10-28,KR,P005,97,102,814.98
2025-10-28,KR,P006,60,63,1574.37
2025-10-28,KR,P007,69,74,739.26
2025-10-28,KR,P008,37,40,519.6
2025-10-28,KR,P009,0,0,0.0
2025-10-28,KR,P010,51,55,274.45
2025-10-28,KR,P011,21,23,459.77
2025-10-28,KR,P012,32,33,2639.67
2025-10-28,JP,P001,193,214,211.86
2025-10-28,JP,P002,95,104,518.96
2025-10-28,JP,P003,85,88,1319.12
2025-10-28,JP,P004,0,0,0.0
2025-10-28,JP,P005,90,99,791.01
2025-10-28,JP,P006,46,50,1249.5
2025-10-28,JP,P007,61,64,639.36
2025-10-28,JP,P008,63,66,857.34
2025-10-28,JP,P009,0,0,0.0
2025-10-28,JP,P010,57,57,284.43
2025-10-28,JP,P011,36,37,739.63
2025-10-28,JP,P012,23,25,1999.75
2025-10-28,GLOBAL_WEST,P001,285,300,297.0
2025-10-28,GLOBAL_WEST,P002,126,131,653.69
2025-10-28,GLOBAL_WEST,P003,108,108,1618.92
2025-10-28,GLOBAL_WEST,P004,0,0,0.0
2025-10-28,GLOBAL_WEST,P005,134,144,1150.56
2025-10-28,GLOBAL_WEST,P006,74,80,1999.2
2025-10-28,GLOBAL_WEST,P007,111,123,1228.77
2025-10-28,GLOBAL_WEST,P008,62,65,844.35
2025-10-28,GLOBAL_WEST,P009,0,0,0.0
2025-10-28,GLOBAL_WEST,P010,103,110,548.9
2025-10-28,GLOBAL_WEST,P011,42,44,879.56
2025-10-28,GLOBAL_WEST,P012,13,14,1119.86
2025-10-29,KR,P001,179,192,190.08
2025-10-29,KR,P002,92,102,508.98
2025-10-29,KR,P003,102,111,1663.89
2025-10-29,KR,P004,0,0,0.0
2025-10-29,KR,P005,104,114,910.86
2025-10-29,KR,P006,67,71,1774.29
2025-10-29,KR,P007,52,58,579.42
2025-10-29,KR,P008,35,37,480.63
2025-10-29,KR,P009,0,0,0.0
2025-10-29,KR,P010,53,55,274.45
2025-10-29,KR,P011,40,43,859.57
2025-10-29,KR,P012,17,17,1359.83
2025-10-29,JP,P001,195,214,211.86
2025-10-29,JP,P002,100,105,523.95
2025-10-29,JP,P003,87,94,1409.06
2025-10-29,JP,P004,0,0,0.0
2025-10-29,JP,P005,100,110,878.9
2025-10-29,JP,P006,58,64,1599.36
2025-10-29,JP,P007,60,67,669.33
2025-10-29,JP,P008,45,50,649.5
2025-10-29,JP,P009,0,0,0.0
2025-10-29,JP,P010,54,60,299.4
2025-10-29,JP,P011,43,48,959.52
2025-10-29,JP,P012,9,10,799.9
2025-10-29,GLOBAL_WEST,P001,259,288,285.12
2025-10-29,GLOBAL_WEST,P002,130,136,678.64
2025-10-29,GLOBAL_WEST,P003,100,105,1573.95
2025-10-29,GLOBAL_WEST,P004,0,0,0.0
2025-10-29,GLOBAL_WEST,P005,121,125,998.75
2025-10-29,GLOBAL_WEST,P006,79,86,2149.14
2025-10-29,GLOBAL_WEST,P007,76,84,839.16
2025-10-29,GLOBAL_WEST,P008,73,74,961.26
2025-10-29,GLOBAL_WEST,P009,0,0,0.0
2025-10-29,GLOBAL_WEST,P010,37,38,189.62
2025-10-29,GLOBAL_WEST,P011,55,60,1199.4
2025-10-29,GLOBAL_WEST,P012,47,49,3919.51
2025-10-30,KR,P001,190,206,203.94
2025-10-30,KR,P002,100,108,538.92
2025-10-30,KR,P003,69,73,1094.27
2025-10-30,KR,P004,0,0,0.0
2025-10-30,KR,P005,89,100,799.0
2025-10-30,KR,P006,49,54,1349.46
2025-10-30,KR,P007,67,72,719.28
2025-10-30,KR,P008,31,34,441.66
2025-10-30,KR,P009,0,0,0.0
2025-10-30,KR,P010,53,56,279.44
2025-10-30,KR,P011,51,53,1059.47
2025-10-30,KR,P012,0,0,0.0
2025-10-30,JP,P001,185,206,203.94
2025-10-30,JP,P002,93,102,508.98
2025-10-30,JP,P003,86,90,1349.1
2025-10-30,JP,P004,0,0,0.0
2025-10-30,JP,P005,87,90,719.1
2025-10-30,JP,P006,53,60,1499.4
2025-10-30,JP,P007,58,61,609.39
2025-10-30,JP,P008,46,48,623.52
2025-10-30,JP,P009,0,0,0.0
2025-10-30,JP,P010,49,53,264.47
2025-10-30,JP,P011,20,21,419.79
2025-10-30,JP,P012,1,1,79.99
2025-10-30,GLOBAL_WEST,P001,235,247,244.53
2025-10-30,GLOBAL_WEST,P002,125,141,703.59
2025-10-30,GLOBAL_WEST,P003,111,119,1783.81
2025-10-30,GLOBAL_WEST,P004,0,0,0.0
2025-10-30,GLOBAL_WEST,P005,113,123,982.77
2025-10-30,GLOBAL_WEST,P006,76,83,2074.17
2025-10-30,GLOBAL_WEST,P007,75,83,829.17
2025-10-30,GLOBAL_WEST,P008,62,69,896.31
2025-10-30,GLOBAL_WEST,P009,0,0,0.0
2025-10-30,GLOBAL_WEST,P010,65,66,329.34
2025-10-30,GLOBAL_WEST,P011,59,61,1219.39
2025-10-30,GLOBAL_WEST,P012,30,33,2639.67
2025-10-31,KR,P001,208,224,221.76
2025-10-31,KR,P002,93,100,499.0
2025-10-31,KR,P003,87,92,1379.08
2025-10-31,KR,P004,0,0,0.0
2025-10-31,KR,P005,95,102,814.98
2025-10-31,KR,P006,65,70,1749.3
2025-10-31,KR,P007,63,66,659.34
2025-10-31,KR,P008,66,69,896.31
2025-10-31,KR,P009,0,0,0.0
2025-10-31,KR,P010,66,72,359.28
2025-10-31,KR,P011,33,37,739.63
2025-10-31,KR,P012,22,24,1919.76
2025-10-31,JP,P001,182,186,184.14
2025-10-31,JP,P002,80,84,419.16
2025-10-31,JP,P003,69,76,1139.24
2025-10-31,JP,P004,0,0,0.0
2025-10-31,JP,P005,92,102,814.98
2025-10-31,JP,P006,46,49,1224.51
2025-10-31,JP,P007,57,61,609.39
2025-10-31,JP,P008,62,67,870.33
2025-10-31,JP,P009,0,0,0.0
2025-10-31,JP,P010,51,53,264.47
2025-10-31,JP,P011,41,44,879.56
2025-10-31,JP,P012,7,7,559.93
2025-10-31,GLOBAL_WEST,P001,242,257,254.43
2025-10-31,GLOBAL_WEST,P002,128,139,693.61
2025-10-31,GLOBAL_WEST,P003,109,119,1783.81
2025-10-31,GLOBAL_WEST,P004,0,0,0.0
2025-10-31,GLOBAL_WEST,P005,123,139,1110.61
2025-10-31,GLOBAL_WEST,P006,60,64,1599.36
2025-10-31,GLOBAL_WEST,P007,78,83,829.17
2025-10-31,GLOBAL_WEST,P008,42,45,584.55
2025-10-31,GLOBAL_WEST,P009,0,0,0.0
2025-10-31,GLOBAL_WEST,P010,87,90,449.1
2025-10-31,GLOBAL_WEST,P011,79,85,1699.15
2025-10-31,GLOBAL_WEST,P012,20,20,1599.8
2025-11-01,KR,P001,177,195,193.05
2025-11-01,KR,P002,99,111,553.89
2025-11-01,KR,P003,69,74,1109.26
2025-11-01,KR,P004,0,0,0.0
2025-11-01,KR,P005,91,96,767.04
2025-11-01,KR,P006,42,45,1124.55
2025-11-01,KR,P007,71,78,779.22
2025-11-01,KR,P008,56,61,792.39
2025-11-01,KR,P009,0,0,0.0
2025-11-01,KR,P010,42,45,224.55
2025-11-01,KR,P011,24,25,499.75
2025-11-01,KR,P012,0,0,0.0
2025-11-01,JP,P001,195,212,209.88
2025-11-01,JP,P002,88,94,469.06
2025-11-01,JP,P003,80,88,1319.12
2025-11-01,JP,P004,0,0,0.0
2025-11-01,JP,P005,96,101,806.99
2025-11-01,JP,P006,40,42,1049.58
2025-11-01,JP,P007,64,68,679.32
2025-11-01,JP,P008,57,63,818.37
2025-11-01,JP,P009,0,0,0.0
2025-11-01,JP,P010,49,54,269.46
2025-11-01,JP,P011,29,33,659.67
2025-11-01,JP,P012,3,3,239.97
2025-11-01,GLOBAL_WEST,P001,282,297,294.03
2025-11-01,GLOBAL_WEST,P002,134,142,708.58
2025-11-01,GLOBAL_WEST,P003,104,108,1618.92
2025-11-01,GLOBAL_WEST,P004,0,0,0.0
2025-11-01,GLOBAL_WEST,P005,135,138,1102.62
2025-11-01,GLOBAL_WEST,P006,72,79,1974.21
2025-11-01,GLOBAL_WEST,P007,94,98,979.02
2025-11-01,GLOBAL_WEST,P008,63,70,909.3
2025-11-01,GLOBAL_WEST,P009,0,0,0.0
2025-11-01,GLOBAL_WEST,P010,75,80,399.2
2025-11-01,GLOBAL_WEST,P011,93,100,1999.0
2025-11-01,GLOBAL_WEST,P012,11,11,879.89
2025-11-02,KR,P001,171,181,179.19
2025-11-02,KR,P002,99,100,499.0
2025-11-02,KR,P003,77,83,1244.17
2025-11-02,KR,P004,0,0,0.0
2025-11-02,KR,P005,81,89,711.11
2025-11-02,KR,P006,58,58,1449.42
2025-11-02,KR,P007,87,92,919.08
2025-11-02,KR,P008,46,51,662.49
2025-11-02,KR,P009,0,0,0.0
2025-11-02,KR,P010,51,56,279.44
2025-11-02,KR,P011,33,35,699.65
2025-11-02,KR,P012,16,17,1359.83
2025-11-02,JP,P001,184,199,197.01
2025-11-02,JP,P002,88,91,454.09
2025-11-02,JP,P003,82,87,1304.13
2025-11-02,JP,P004,0,0,0.0
2025-11-02,JP,P005,79,84,671.16
2025-11-02,JP,P006,57,60,1499.4
2025-11-02,JP,P007,57,62,619.38
2025-11-02,JP,P008,34,36,467.64
2025-11-02,JP,P009,0,0,0.0
2025-11-02,JP,P010,51,53,264.47
2025-11-02,JP,P011,38,40,799.6
2025-11-02,JP,P012,16,16,1279.84
2025-11-02,GLOBAL_WEST,P001,239,265,262.35
2025-11-02,GLOBAL_WEST,P002,120,130,648.7
2025-11-02,GLOBAL_WEST,P003,85,92,1379.08
2025-11-02,GLOBAL_WEST,P004,0,0,0.0
2025-11-02,GLOBAL_WEST,P005,119,125,998.75
2025-11-02,GLOBAL_WEST,P006,95,102,2548.98
2025-11-02,GLOBAL_WEST,P007,83,90,899.1
2025-11-02,GLOBAL_WEST,P008,69,74,961.26
2025-11-02,GLOBAL_WEST,P009,0,0,0.0
2025-11-02,GLOBAL_WEST,P010,78,84,419.16
2025-11-02,GLOBAL_WEST,P011,80,84,1679.16
2025-11-02,GLOBAL_WEST,P012,4,4,319.96
2025-11-03,KR,P001,183,203,200.97
2025-11-03,KR,P002,90,98,489.02
2025-11-03,KR,P003,78,83,1244.17
2025-11-03,KR,P004,0,0,0.0
2025-11-03,KR,P005,90,98,783.02
2025-11-03,KR,P006,65,70,1749.3
2025-11-03,KR,P007,65,68,679.32
2025-11-03,KR,P008,55,59,766.41
2025-11-03,KR,P009,0,0,0.0
2025-11-03,KR,P010,42,43,214.57
2025-11-03,KR,P011,31,31,619.69
2025-11-03,KR,P012,19,20,1599.8
2025-11-03,JP,P001,179,195,193.05
2025-11-03,JP,P002,98,106,528.94
2025-11-03,JP,P003,105,115,1723.85
2025-11-03,JP,P004,0,0,0.0
2025-11-03,JP,P005,97,103,822.97
2025-11-03,JP,P006,61,64,1599.36
2025-11-03,JP,P007,47,48,479.52
2025-11-03,JP,P008,42,44,571.56
2025-11-03,JP,P009,0,0,0.0
2025-11-03,JP,P010,50,57,284.43
2025-11-03,JP,P011,40,42,839.58
2025-11-03,JP,P012,14,14,1119.86
2025-11-03,GLOBAL_WEST,P001,240,256,253.44
2025-11-03,GLOBAL_WEST,P002,144,161,803.39
2025-11-03,GLOBAL_WEST,P003,81,89,1334.11
2025-11-03,GLOBAL_WEST,P004,0,0,0.0
2025-11-03,GLOBAL_WEST,P005,121,122,974.78
2025-11-03,GLOBAL_WEST,P006,72,79,1974.21
2025-11-03,GLOBAL_WEST,P007,69,78,779.22
2025-11-03,GLOBAL_WEST,P008,50,55,714.45
2025-11-03,GLOBAL_WEST,P009,0,0,0.0
2025-11-03,GLOBAL_WEST,P010,86,91,454.09
2025-11-03,GLOBAL_WEST,P011,41,43,859.57
2025-11-03,GLOBAL_WEST,P012,0,0,0.0
2025-11-04,KR,P001,195,223,220.77
2025-11-04,KR,P002,90,95,474.05
2025-11-04,KR,P003,88,95,1424.05
2025-11-04,KR,P004,0,0,0.0
2025-11-04,KR,P005,95,101,806.99
2025-11-04,KR,P006,57,63,1574.37
2025-11-04,KR,P007,61,68,679.32
2025-11-04,KR,P008,62,67,870.33
2025-11-04,KR,P009,0,0,0.0
2025-11-04,KR,P010,57,59,294.41
2025-11-04,KR,P011,31,31,619.69
2025-11-04,KR,P012,25,26,2079.74
2025-11-04,JP,P001,188,205,202.95
2025-11-04,JP,P002,89,94,469.06
2025-11-04,JP,P003,65,69,1034.31
2025-11-04,JP,P004,0,0,0.0
2025-11-04,JP,P005,101,112,894.88
2025-11-04,JP,P006,57,65,1624.35
2025-11-04,JP,P007,57,61,609.39
2025-11-04,JP,P008,44,46,597.54
2025-11-04,JP,P009,0,0,0.0
2025-11-04,JP,P010,69,75,374.25
2025-11-04,JP,P011,31,32,639.68
2025-11-04,JP,P012,11,11,879.89
2025-11-04,GLOBAL_WEST,P001,259,282,279.18
2025-11-04,GLOBAL_WEST,P002,139,150,748.5
2025-11-04,GLOBAL_WEST,P003,98,104,1558.96
2025-11-04,GLOBAL_WEST,P004,0,0,0.0
2025-11-04,GLOBAL_WEST,P005,132,132,1054.68
2025-11-04,GLOBAL_WEST,P006,62,63,1574.37
2025-11-04,GLOBAL_WEST,P007,57,62,619.38
2025-11-04,GLOBAL_WEST,P008,62,66,857.34
2025-11-04,GLOBAL_WEST,P009,0,0,0.0
2025-11-04,GLOBAL_WEST,P010,89,93,464.07
2025-11-04,GLOBAL_WEST,P011,38,41,819.59
2025-11-04,GLOBAL_WEST,P012,22,24,1919.76
2025-11-05,KR,P001,179,191,189.09
2025-11-05,KR,P002,89,92,459.08
2025-11-05,KR,P003,83,91,1364.09
2025-11-05,KR,P004,0,0,0.0
2025-11-05,KR,P005,84,93,743.07
2025-11-05,KR,P006,56,63,1574.37
2025-11-05,KR,P007,58,61,609.39
2025-11-05,KR,P008,42,45,584.55
2025-11-05,KR,P009,0,0,0.0
2025-11-05,KR,P010,53,55,274.45
2025-11-05,KR,P011,32,34,679.66
2025-11-05,KR,P012,18,19,1519.81
2025-11-05,JP,P001,189,197,195.03
2025-11-05,JP,P002,96,100,499.0
2025-11-05,JP,P003,87,96,1439.04
2025-11-05,JP,P004,0,0,0.0
2025-11-05,JP,P005,97,100,799.0
2025-11-05,JP,P006,66,73,1824.27
2025-11-05,JP,P007,56,61,609.39
2025-11-05,JP,P008,45,47,610.53
2025-11-05,JP,P009,0,0,0.0
2025-11-05,JP,P010,54,60,299.4
2025-11-05,JP,P011,42,44,879.56
2025-11-05,JP,P012,26,27,2159.73
2025-11-05,GLOBAL_WEST,P001,266,294,291.06
2025-11-05,GLOBAL_WEST,P002,108,114,568.86
2025-11-05,GLOBAL_WEST,P003,118,126,1888.74
2025-11-05,GLOBAL_WEST,P004,0,0,0.0
2025-11-05,GLOBAL_WEST,P005,112,119,950.81
2025-11-05,GLOBAL_WEST,P006,51,56,1399.44
2025-11-05,GLOBAL_WEST,P007,86,90,899.1
2025-11-05,GLOBAL_WEST,P008,40,42,545.58
2025-11-05,GLOBAL_WEST,P009,0,0,0.0
2025-11-05,GLOBAL_WEST,P010,91,98,489.02
2025-11-05,GLOBAL_WEST,P011,45,46,919.54
2025-11-05,GLOBAL_WEST,P012,10,10,799.9
2025-11-06,KR,P001,171,182,180.18
2025-11-06,KR,P002,72,79,394.21
2025-11-06,KR,P003,83,90,1349.1
2025-11-06,KR,P004,0,0,0.0
2025-11-06,KR,P005,74,82,655.18
2025-11-06,KR,P006,41,45,1124.55
2025-11-06,KR,P007,53,58,579.42
2025-11-06,KR,P008,43,46,597.54
2025-11-06,KR,P009,0,0,0.0
2025-11-06,KR,P010,46,49,244.51
2025-11-06,KR,P011,40,44,879.56
2025-11-06,KR,P012,22,22,1759.78
2025-11-06,JP,P001,192,202,199.98
2025-11-06,JP,P002,99,105,523.95
2025-11-06,JP,P003,89,96,1439.04
2025-11-06,JP,P004,0,0,0.0
2025-11-06,JP,P005,84,89,711.11
2025-11-06,JP,P006,50,51,1274.49
2025-11-06,JP,P007,46,50,499.5
2025-11-06,JP,P008,49,54,701.46
2025-11-06,JP,P009,0,0,0.0
2025-11-06,JP,P010,52,57,284.43
2025-11-06,JP,P011,37,41,819.59
2025-11-06,JP,P012,6,6,479.94
2025-11-06,GLOBAL_WEST,P001,241,259,256.41
2025-11-06,GLOBAL_WEST,P002,108,111,553.89
2025-11-06,GLOBAL_WEST,P003,91,98,1469.02
2025-11-06,GLOBAL_WEST,P004,0,0,0.0
2025-11-06,GLOBAL_WEST,P005,122,133,1062.67
2025-11-06,GLOBAL_WEST,P006,86,89,2224.11
2025-11-06,GLOBAL_WEST,P007,65,66,659.34
2025-11-06,GLOBAL_WEST,P008,63,67,870.33
2025-11-06,GLOBAL_WEST,P009,0,0,0.0
2025-11-06,GLOBAL_WEST,P010,58,63,314.37
2025-11-06,GLOBAL_WEST,P011,48,53,1059.47
2025-11-06,GLOBAL_WEST,P012,0,0,0.0
2025-11-07,KR,P001,180,197,195.03
2025-11-07,KR,P002,89,96,479.04
2025-11-07,KR,P003,89,90,1349.1
2025-11-07,KR,P004,0,0,0.0
2025-11-07,KR,P005,96,100,799.0
2025-11-07,KR,P006,41,45,1124.55
2025-11-07,KR,P007,51,53,529.47
2025-11-07,KR,P008,47,50,649.5
2025-11-07,KR,P009,0,0,0.0
2025-11-07,KR,P010,54,57,284.43
2025-11-07,KR,P011,30,33,659.67
2025-11-07,KR,P012,15,16,1279.84
2025-11-07,JP,P001,169,183,181.17
2025-11-07,JP,P002,81,81,404.19
2025-11-07,JP,P003,80,88,1319.12
2025-11-07,JP,P004,0,0,0.0
2025-11-07,JP,P005,106,106,846.94
2025-11-07,JP,P006,51,59,1474.41
2025-11-07,JP,P007,56,59,589.41
2025-11-07,JP,P008,53,59,766.41
2025-11-07,JP,P009,0,0,0.0
2025-11-07,JP,P010,55,60,299.4
2025-11-07,JP,P011,26,26,519.74
2025-11-07,JP,P012,8,8,639.92
2025-11-07,GLOBAL_WEST,P001,240,254,251.46
2025-11-07,GLOBAL_WEST,P002,126,131,653.69
2025-11-07,GLOBAL_WEST,P003,89,95,1424.05
2025-11-07,GLOBAL_WEST,P004,0,0,0.0
2025-11-07,GLOBAL_WEST,P005,107,115,918.85
2025-11-07,GLOBAL_WEST,P006,80,86,2149.14
2025-11-07,GLOBAL_WEST,P007,92,95,949.05
2025-11-07,GLOBAL_WEST,P008,68,68,883.32
2025-11-07,GLOBAL_WEST,P009,0,0,0.0
2025-11-07,GLOBAL_WEST,P010,59,62,309.38
2025-11-07,GLOBAL_WEST,P011,45,48,959.52
2025-11-07,GLOBAL_WEST,P012,41,42,3359.58
2025-11-08,KR,P001,173,187,185.13
2025-11-08,KR,P002,91,99,494.01
2025-11-08,KR,P003,91,97,1454.03
2025-11-08,KR,P004,0,0,0.0
2025-11-08,KR,P005,68,72,575.28
2025-11-08,KR,P006,49,51,1274.49
2025-11-08,KR,P007,61,64,639.36
2025-11-08,KR,P008,37,38,493.62
2025-11-08,KR,P009,0,0,0.0
2025-11-08,KR,P010,57,60,299.4
2025-11-08,KR,P011,52,56,1119.44
2025-11-08,KR,P012,23,27,2159.73
2025-11-08,JP,P001,165,174,172.26
2025-11-08,JP,P002,82,91,454.09
2025-11-08,JP,P003,83,88,1319.12
2025-11-08,JP,P004,0,0,0.0
2025-11-08,JP,P005,84,91,727.09
2025-11-08,JP,P006,56,61,1524.39
2025-11-08,JP,P007,51,55,549.45
2025-11-08,JP,P008,48,50,649.5
2025-11-08,JP,P009,0,0,0.0
2025-11-08,JP,P010,40,44,219.56
2025-11-08,JP,P011,36,38,759.62
2025-11-08,JP,P012,3,3,239.97
2025-11-08,GLOBAL_WEST,P001,237,259,256.41
2025-11-08,GLOBAL_WEST,P002,104,117,583.83
2025-11-08,GLOBAL_WEST,P003,98,105,1573.95
2025-11-08,GLOBAL_WEST,P004,0,0,0.0
2025-11-08,GLOBAL_WEST,P005,121,124,990.76
2025-11-08,GLOBAL_WEST,P006,68,74,1849.26
2025-11-08,GLOBAL_WEST,P007,79,88,879.12
2025-11-08,GLOBAL_WEST,P008,54,57,740.43
2025-11-08,GLOBAL_WEST,P009,0,0,0.0
2025-11-08,GLOBAL_WEST,P010,88,96,479.04
2025-11-08,GLOBAL_WEST,P011,30,30,599.7
2025-11-08,GLOBAL_WEST,P012,15,16,1279.84
2025-11-09,KR,P001,160,172,170.28
2025-11-09,KR,P002,82,90,449.1
2025-11-09,KR,P003,81,84,1259.16
2025-11-09,KR,P004,0,0,0.0
2025-11-09,KR,P005,83,89,711.11
2025-11-09,KR,P006,41,43,1074.57
2025-11-09,KR,P007,70,70,699.3
2025-11-09,KR,P008,30,31,402.69
2025-11-09,KR,P009,0,0,0.0
2025-11-09,KR,P010,54,58,289.42
2025-11-09,KR,P011,25,29,579.71
2025-11-09,KR,P012,13,13,1039.87
2025-11-09,JP,P001,158,171,169.29
2025-11-09,JP,P002,78,82,409.18
2025-11-09,JP,P003,77,84,1259.16
2025-11-09,JP,P004,0,0,0.0
2025-11-09,JP,P005,94,102,814.98
2025-11-09,JP,P006,48,53,1324.47
2025-11-09,JP,P007,47,50,499.5
2025-11-09,JP,P008,58,65,844.35
2025-11-09,JP,P009,0,0,0.0
2025-11-09,JP,P010,36,38,189.62
2025-11-09,JP,P011,38,40,799.6
2025-11-09,JP,P012,9,9,719.91
2025-11-09,GLOBAL_WEST,P001,249,266,263.34
2025-11-09,GLOBAL_WEST,P002,108,116,578.84
2025-11-09,GLOBAL_WEST,P003,125,132,1978.68
2025-11-09,GLOBAL_WEST,P004,0,0,0.0
2025-11-09,GLOBAL_WEST,P005,132,136,1086.64
2025-11-09,GLOBAL_WEST,P006,68,71,1774.29
2025-11-09,GLOBAL_WEST,P007,69,70,699.3
2025-11-09,GLOBAL_WEST,P008,79,89,1156.11
2025-11-09,GLOBAL_WEST,P009,0,0,0.0
2025-11-09,GLOBAL_WEST,P010,63,67,334.33
2025-11-09,GLOBAL_WEST,P011,51,54,1079.46
2025-11-09,GLOBAL_WEST,P012,32,34,2719.66
2025-11-10,KR,P001,174,193,191.07
2025-11-10,KR,P002,94,103,513.97
2025-11-10,KR,P003,90,97,1454.03
2025-11-10,KR,P004,0,0,0.0
2025-11-10,KR,P005,96,100,799.0
2025-11-10,KR,P006,20,20,499.8
2025-11-10,KR,P007,39,42,419.58
2025-11-10,KR,P008,41,43,558.57
2025-11-10,KR,P009,0,0,0.0
2025-11-10,KR,P010,52,56,279.44
2025-11-10,KR,P011,17,17,339.83
2025-11-10,KR,P012,15,16,1279.84
2025-11-10,JP,P001,165,181,179.19
2025-11-10,JP,P002,96,101,503.99
2025-11-10,JP,P003,89,95,1424.05
2025-11-10,JP,P004,0,0,0.0
2025-11-10,JP,P005,93,106,846.94
2025-11-10,JP,P006,56,60,1499.4
2025-11-10,JP,P007,53,57,569.43
2025-11-10,JP,P008,40,43,558.57
2025-11-10,JP,P009,0,0,0.0
2025-11-10,JP,P010,43,46,229.54
2025-11-10,JP,P011,36,39,779.61
2025-11-10,JP,P012,8,8,639.92
2025-11-10,GLOBAL_WEST,P001,236,248,245.52
2025-11-10,GLOBAL_WEST,P002,129,135,673.65
2025-11-10,GLOBAL_WEST,P003,97,111,1663.89
2025-11-10,GLOBAL_WEST,P004,0,0,0.0
2025-11-10,GLOBAL_WEST,P005,110,119,950.81
2025-11-10,GLOBAL_WEST,P006,58,62,1549.38
2025-11-10,GLOBAL_WEST,P007,69,73,729.27
2025-11-10,GLOBAL_WEST,P008,79,90,1169.1
2025-11-10,GLOBAL_WEST,P009,0,0,0.0
2025-11-10,GLOBAL_WEST,P010,41,42,209.58
2025-11-10,GLOBAL_WEST,P011,45,46,919.54
2025-11-10,GLOBAL_WEST,P012,11,12,959.88
2025-11-11,KR,P001,156,162,160.38
2025-11-11,KR,P002,83,85,424.15
2025-11-11,KR,P003,82,86,1289.14
2025-11-11,KR,P004,0,0,0.0
2025-11-11,KR,P005,98,110,878.9
2025-11-11,KR,P006,60,66,1649.34
2025-11-11,KR,P007,60,65,649.35
2025-11-11,KR,P008,34,35,454.65
2025-11-11,KR,P009,0,0,0.0
2025-11-11,KR,P010,32,33,164.67
2025-11-11,KR,P011,31,32,639.68
2025-11-11,KR,P012,18,18,1439.82
2025-11-11,JP,P001,189,198,196.02
2025-11-11,JP,P002,91,94,469.06
2025-11-11,JP,P003,69,72,1079.28
2025-11-11,JP,P004,0,0,0.0
2025-11-11,JP,P005,95,106,846.94
2025-11-11,JP,P006,51,55,1374.45
2025-11-11,JP,P007,59,62,619.38
2025-11-11,JP,P008,41,44,571.56
2025-11-11,JP,P009,0,0,0.0
2025-11-11,JP,P010,55,58,289.42
2025-11-11,JP,P011,46,50,999.5
2025-11-11,JP,P012,15,17,1359.83
2025-11-11,GLOBAL_WEST,P001,215,241,238.59
2025-11-11,GLOBAL_WEST,P002,99,104,518.96
2025-11-11,GLOBAL_WEST,P003,97,111,1663.89
2025-11-11,GLOBAL_WEST,P004,0,0,0.0
2025-11-11,GLOBAL_WEST,P005,116,128,1022.72
2025-11-11,GLOBAL_WEST,P006,61,66,1649.34
2025-11-11,GLOBAL_WEST,P007,79,85,849.15
2025-11-11,GLOBAL_WEST,P008,78,82,1065.18
2025-11-11,GLOBAL_WEST,P009,0,0,0.0
2025-11-11,GLOBAL_WEST,P010,81,91,454.09
2025-11-11,GLOBAL_WEST,P011,35,39,779.61
2025-11-11,GLOBAL_WEST,P012,23,23,1839.77
2025-11-12,KR,P001,187,200,198.0
2025-11-12,KR,P002,84,88,439.12
2025-11-12,KR,P003,87,97,1454.03
2025-11-12,KR,P004,0,0,0.0
2025-11-12,KR,P005,96,104,830.96
2025-11-12,KR,P006,44,46,1149.54
2025-11-12,KR,P007,58,64,639.36
2025-11-12,KR,P008,52,56,727.44
2025-11-12,KR,P009,0,0,0.0
2025-11-12,KR,P010,46,52,259.48
2025-11-12,KR,P011,39,40,799.6
2025-11-12,KR,P012,10,10,799.9
2025-11-12,JP,P001,198,220,217.8
2025-11-12,JP,P002,89,95,474.05
2025-11-12,JP,P003,79,86,1289.14
2025-11-12,JP,P004,0,0,0.0
2025-11-12,JP,P005,100,114,910.86
2025-11-12,JP,P006,42,42,1049.58
2025-11-12,JP,P007,55,61,609.39
2025-11-12,JP,P008,38,42,545.58
2025-11-12,JP,P009,0,0,0.0
2025-11-12,JP,P010,55,57,284.43
2025-11-12,JP,P011,38,39,779.61
2025-11-12,JP,P012,12,12,959.88
2025-11-12,GLOBAL_WEST,P001,233,244,241.56
2025-11-12,GLOBAL_WEST,P002,117,125,623.75
2025-11-12,GLOBAL_WEST,P003,103,111,1663.89
2025-11-12,GLOBAL_WEST,P004,0,0,0.0
2025-11-12,GLOBAL_WEST,P005,125,133,1062.67
2025-11-12,GLOBAL_WEST,P006,47,51,1274.49
2025-11-12,GLOBAL_WEST,P007,71,76,759.24
2025-11-12,GLOBAL_WEST,P008,81,89,1156.11
2025-11-12,GLOBAL_WEST,P009,0,0,0.0
2025-11-12,GLOBAL_WEST,P010,72,75,374.25
2025-11-12,GLOBAL_WEST,P011,49,55,1099.45
2025-11-12,GLOBAL_WEST,P012,17,18,1439.82
2025-11-13,KR,P001,164,177,175.23
2025-11-13,KR,P002,74,83,414.17
2025-11-13,KR,P003,78,87,1304.13
2025-11-13,KR,P004,0,0,0.0
2025-11-13,KR,P005,83,85,679.15
2025-11-13,KR,P006,47,50,1249.5
2025-11-13,KR,P007,59,61,609.39
2025-11-13,KR,P008,39,43,558.57
2025-11-13,KR,P009,0,0,0.0
2025-11-13,KR,P010,47,50,249.5
2025-11-13,KR,P011,35,38,759.62
2025-11-13,KR,P012,21,23,1839.77
2025-11-13,JP,P001,170,185,183.15
2025-11-13,JP,P002,82,85,424.15
2025-11-13,JP,P003,78,83,1244.17
2025-11-13,JP,P004,0,0,0.0
2025-11-13,JP,P005,91,97,775.03
2025-11-13,JP,P006,54,63,1574.37
2025-11-13,JP,P007,52,55,549.45
2025-11-13,JP,P008,50,53,688.47
2025-11-13,JP,P009,0,0,0.0
2025-11-13,JP,P010,40,40,199.6
2025-11-13,JP,P011,47,52,1039.48
2025-11-13,JP,P012,19,21,1679.79
2025-11-13,GLOBAL_WEST,P001,238,265,262.35
2025-11-13,GLOBAL_WEST,P002,110,115,573.85
2025-11-13,GLOBAL_WEST,P003,116,127,1903.73
2025-11-13,GLOBAL_WEST,P004,0,0,0.0
2025-11-13,GLOBAL_WEST,P005,122,137,1094.63
2025-11-13,GLOBAL_WEST,P006,86,96,2399.04
2025-11-13,GLOBAL_WEST,P007,89,96,959.04
2025-11-13,GLOBAL_WEST,P008,82,93,1208.07
2025-11-13,GLOBAL_WEST,P009,0,0,0.0
2025-11-13,GLOBAL_WEST,P010,54,60,299.4
2025-11-13,GLOBAL_WEST,P011,49,54,1079.46
2025-11-13,GLOBAL_WEST,P012,15,16,1279.84
2025-11-14,KR,P001,172,182,180.18
2025-11-14,KR,P002,84,91,454.09
2025-11-14,KR,P003,63,68,1019.32
2025-11-14,KR,P004,0,0,0.0
2025-11-14,KR,P005,81,91,727.09
2025-11-14,KR,P006,58,61,1524.39
2025-11-14,KR,P007,37,40,399.6
2025-11-14,KR,P008,44,47,610.53
2025-11-14,KR,P009,0,0,0.0
2025-11-14,KR,P010,40,44,219.56
2025-11-14,KR,P011,42,46,919.54
2025-11-14,KR,P012,34,37,2959.63
2025-11-14,JP,P001,178,191,189.09
2025-11-14,JP,P002,96,103,513.97
2025-11-14,JP,P003,79,85,1274.15
2025-11-14,JP,P004,0,0,0.0
2025-11-14,JP,P005,98,110,878.9
2025-11-14,JP,P006,56,61,1524.39
2025-11-14,JP,P007,58,63,629.37
2025-11-14,JP,P008,51,53,688.47
2025-11-14,JP,P009,0,0,0.0
2025-11-14,JP,P010,71,78,389.22
2025-11-14,JP,P011,34,35,699.65
2025-11-14,JP,P012,11,11,879.89
2025-11-14,GLOBAL_WEST,P001,235,244,241.56
2025-11-14,GLOBAL_WEST,P002,108,120,598.8
2025-11-14,GLOBAL_WEST,P003,96,100,1499.0
2025-11-14,GLOBAL_WEST,P004,0,0,0.0
2025-11-14,GLOBAL_WEST,P005,121,127,1014.73
2025-11-14,GLOBAL_WEST,P006,66,73,1824.27
2025-11-14,GLOBAL_WEST,P007,62,69,689.31
2025-11-14,GLOBAL_WEST,P008,75,82,1065.18
2025-11-14,GLOBAL_WEST,P009,0,0,0.0
2025-11-14,GLOBAL_WEST,P010,76,81,404.19
2025-11-14,GLOBAL_WEST,P011,70,73,1459.27
2025-11-14,GLOBAL_WEST,P012,20,20,1599.8
2025-11-15,KR,P001,171,190,188.1
2025-11-15,KR,P002,85,89,444.11
2025-11-15,KR,P003,73,77,1154.23
2025-11-15,KR,P004,0,0,0.0
2025-11-15,KR,P005,81,87,695.13
2025-11-15,KR,P006,61,64,1599.36
2025-11-15,KR,P007,53,58,579.42
2025-11-15,KR,P008,45,50,649.5
2025-11-15,KR,P009,0,0,0.0
2025-11-15,KR,P010,55,58,289.42
2025-11-15,KR,P011,35,37,739.63
2025-11-15,KR,P012,17,19,1519.81
2025-11-15,JP,P001,181,198,196.02
2025-11-15,JP,P002,85,90,449.1
2025-11-15,JP,P003,67,76,1139.24
2025-11-15,JP,P004,0,0,0.0
2025-11-15,JP,P005,79,82,655.18
2025-11-15,JP,P006,44,47,1174.53
2025-11-15,JP,P007,40,42,419.58
2025-11-15,JP,P008,46,51,662.49
2025-11-15,JP,P009,0,0,0.0
2025-11-15,JP,P010,54,58,289.42
2025-11-15,JP,P011,32,32,639.68
2025-11-15,JP,P012,19,20,1599.8
2025-11-15,GLOBAL_WEST,P001,233,242,239.58
2025-11-15,GLOBAL_WEST,P002,113,119,593.81
2025-11-15,GLOBAL_WEST,P003,106,114,1708.86
2025-11-15,GLOBAL_WEST,P004,0,0,0.0
2025-11-15,GLOBAL_WEST,P005,124,141,1126.59
2025-11-15,GLOBAL_WEST,P006,74,81,2024.19
2025-11-15,GLOBAL_WEST,P007,57,57,569.43
2025-11-15,GLOBAL_WEST,P008,44,46,597.54
2025-11-15,GLOBAL_WEST,P009,0,0,0.0
2025-11-15,GLOBAL_WEST,P010,74,78,389.22
2025-11-15,GLOBAL_WEST,P011,49,52,1039.48
2025-11-15,GLOBAL_WEST,P012,27,29,2319.71
2025-11-16,KR,P001,160,165,163.35
2025-11-16,KR,P002,76,81,404.19
2025-11-16,KR,P003,84,91,1364.09
2025-11-16,KR,P004,0,0,0.0
2025-11-16,KR,P005,75,78,623.22
2025-11-16,KR,P006,39,39,974.61
2025-11-16,KR,P007,48,50,499.5
2025-11-16,KR,P008,50,52,675.48
2025-11-16,KR,P009,0,0,0.0
2025-11-16,KR,P010,24,25,124.75
2025-11-16,KR,P011,38,41,819.59
2025-11-16,KR,P012,0,0,0.0
2025-11-16,JP,P001,158,176,174.24
2025-11-16,JP,P002,73,80,399.2
2025-11-16,JP,P003,89,94,1409.06
2025-11-16,JP,P004,0,0,0.0
2025-11-16,JP,P005,75,85,679.15
2025-11-16,JP,P006,46,49,1224.51
2025-11-16,JP,P007,56,59,589.41
2025-11-16,JP,P008,27,28,363.72
2025-11-16,JP,P009,0,0,0.0
2025-11-16,JP,P010,44,47,234.53
2025-11-16,JP,P011,36,38,759.62
2025-11-16,JP,P012,6,6,479.94
2025-11-16,GLOBAL_WEST,P001,219,249,246.51
2025-11-16,GLOBAL_WEST,P002,102,112,558.88
2025-11-16,GLOBAL_WEST,P003,84,93,1394.07
2025-11-16,GLOBAL_WEST,P004,0,0,0.0
2025-11-16,GLOBAL_WEST,P005,98,109,870.91
2025-11-16,GLOBAL_WEST,P006,73,79,1974.21
2025-11-16,GLOBAL_WEST,P007,56,60,599.4
2025-11-16,GLOBAL_WEST,P008,42,44,571.56
2025-11-16,GLOBAL_WEST,P009,0,0,0.0
2025-11-16,GLOBAL_WEST,P010,58,63,314.37
2025-11-16,GLOBAL_WEST,P011,63,67,1339.33
2025-11-16,GLOBAL_WEST,P012,25,26,2079.74
2025-11-17,KR,P001,171,180,178.2
2025-11-17,KR,P002,90,95,474.05
2025-11-17,KR,P003,66,75,1124.25
2025-11-17,KR,P004,0,0,0.0
2025-11-17,KR,P005,66,70,559.3
2025-11-17,KR,P006,48,51,1274.49
2025-11-17,KR,P007,39,43,429.57
2025-11-17,KR,P008,42,45,584.55
2025-11-17,KR,P009,0,0,0.0
2025-11-17,KR,P010,30,32,159.68
2025-11-17,KR,P011,41,44,879.56
2025-11-17,KR,P012,21,24,1919.76
2025-11-17,JP,P001,190,204,201.96
2025-11-17,JP,P002,89,97,484.03
2025-11-17,JP,P003,72,79,1184.21
2025-11-17,JP,P004,0,0,0.0
2025-11-17,JP,P005,99,104,830.96
2025-11-17,JP,P006,45,49,1224.51
2025-11-17,JP,P007,45,46,459.54
2025-11-17,JP,P008,47,49,636.51
2025-11-17,JP,P009,0,0,0.0
2025-11-17,JP,P010,49,54,269.46
2025-11-17,JP,P011,31,33,659.67
2025-11-17,JP,P012,15,15,1199.85
2025-11-17,GLOBAL_WEST,P001,248,273,270.27
2025-11-17,GLOBAL_WEST,P002,122,130,648.7
2025-11-17,GLOBAL_WEST,P003,92,98,1469.02
2025-11-17,GLOBAL_WEST,P004,0,0,0.0
2025-11-17,GLOBAL_WEST,P005,95,103,822.97
2025-11-17,GLOBAL_WEST,P006,62,67,1674.33
2025-11-17,GLOBAL_WEST,P007,57,64,639.36
2025-11-17,GLOBAL_WEST,P008,49,54,701.46
2025-11-17,GLOBAL_WEST,P009,0,0,0.0
2025-11-17,GLOBAL_WEST,P010,81,87,434.13
2025-11-17,GLOBAL_WEST,P011,48,51,1019.49
2025-11-17,GLOBAL_WEST,P012,11,12,959.88
2025-11-18,KR,P001,181,196,194.04
2025-11-18,KR,P002,82,91,454.09
2025-11-18,KR,P003,71,76,1139.24
2025-11-18,KR,P004,0,0,0.0
2025-11-18,KR,P005,80,84,671.16
2025-11-18,KR,P006,22,25,624.75
2025-11-18,KR,P007,51,52,519.48
2025-11-18,KR,P008,33,35,454.65
2025-11-18,KR,P009,0,0,0.0
2025-11-18,KR,P010,56,60,299.4
2025-11-18,KR,P011,46,52,1039.48
2025-11-18,KR,P012,14,16,1279.84
2025-11-18,JP,P001,182,198,196.02
2025-11-18,JP,P002,86,91,454.09
2025-11-18,JP,P003,76,81,1214.19
2025-11-18,JP,P004,0,0,0.0
2025-11-18,JP,P005,88,94,751.06
2025-11-18,JP,P006,41,45,1124.55
2025-11-18,JP,P007,51,54,539.46
2025-11-18,JP,P008,36,39,506.61
2025-11-18,JP,P009,0,0,0.0
2025-11-18,JP,P010,49,52,259.48
2025-11-18,JP,P011,35,38,759.62
2025-11-18,JP,P012,14,15,1199.85
2025-11-18,GLOBAL_WEST,P001,224,240,237.6
2025-11-18,GLOBAL_WEST,P002,126,135,673.65
2025-11-18,GLOBAL_WEST,P003,96,101,1513.99
2025-11-18,GLOBAL_WEST,P004,0,0,0.0
2025-11-18,GLOBAL_WEST,P005,110,114,910.86
2025-11-18,GLOBAL_WEST,P006,69,74,1849.26
2025-11-18,GLOBAL_WEST,P007,78,84,839.16
2025-11-18,GLOBAL_WEST,P008,77,83,1078.17
2025-11-18,GLOBAL_WEST,P009,0,0,0.0
2025-11-18,GLOBAL_WEST,P010,42,46,229.54
2025-11-18,GLOBAL_WEST,P011,46,48,959.52
2025-11-18,GLOBAL_WEST,P012,0,0,0.0
2025-11-19,KR,P001,172,188,186.12
2025-11-19,KR,P002,57,59,294.41
2025-11-19,KR,P003,92,96,1439.04
2025-11-19,KR,P004,0,0,0.0
2025-11-19,KR,P005,75,81,647.19
2025-11-19,KR,P006,49,53,1324.47
2025-11-19,KR,P007,53,56,559.44
2025-11-19,KR,P008,48,55,714.45
2025-11-19,KR,P009,0,0,0.0
2025-11-19,KR,P010,46,51,254.49
2025-11-19,KR,P011,30,32,639.68
2025-11-19,KR,P012,0,0,0.0
2025-11-19,JP,P001,187,192,190.08
2025-11-19,JP,P002,87,95,474.05
2025-11-19,JP,P003,80,90,1349.1
2025-11-19,JP,P004,0,0,0.0
2025-11-19,JP,P005,91,92,735.08
2025-11-19,JP,P006,50,53,1324.47
2025-11-19,JP,P007,45,47,469.53
2025-11-19,JP,P008,42,46,597.54
2025-11-19,JP,P009,0,0,0.0
2025-11-19,JP,P010,50,52,259.48
2025-11-19,JP,P011,32,34,679.66
2025-11-19,JP,P012,7,7,559.93
2025-11-19,GLOBAL_WEST,P001,227,245,242.55
2025-11-19,GLOBAL_WEST,P002,102,107,533.93
2025-11-19,GLOBAL_WEST,P003,95,103,1543.97
2025-11-19,GLOBAL_WEST,P004,0,0,0.0
2025-11-19,GLOBAL_WEST,P005,122,132,1054.68
2025-11-19,GLOBAL_WEST,P006,72,76,1899.24
2025-11-19,GLOBAL_WEST,P007,59,66,659.34
2025-11-19,GLOBAL_WEST,P008,62,68,883.32
2025-11-19,GLOBAL_WEST,P009,0,0,0.0
2025-11-19,GLOBAL_WEST,P010,49,50,249.5
2025-11-19,GLOBAL_WEST,P011,42,45,899.55
2025-11-19,GLOBAL_WEST,P012,25,28,2239.72
2025-11-20,KR,P001,171,191,189.09
2025-11-20,KR,P002,94,104,518.96
2025-11-20,KR,P003,85,89,1334.11
2025-11-20,KR,P004,0,0,0.0
2025-11-20,KR,P005,95,98,783.02
2025-11-20,KR,P006,34,36,899.64
2025-11-20,KR,P007,53,56,559.44
2025-11-20,KR,P008,37,39,506.61
2025-11-20,KR,P009,0,0,0.0
2025-11-20,KR,P010,45,50,249.5
2025-11-20,KR,P011,34,35,699.65
2025-11-20,KR,P012,0,0,0.0
2025-11-20,JP,P001,166,189,187.11
2025-11-20,JP,P002,83,90,449.1
2025-11-20,JP,P003,81,86,1289.14
2025-11-20,JP,P004,0,0,0.0
2025-11-20,JP,P005,84,90,719.1
2025-11-20,JP,P006,66,73,1824.27
2025-11-20,JP,P007,50,54,539.46
2025-11-20,JP,P008,44,49,636.51
2025-11-20,JP,P009,0,0,0.0
2025-11-20,JP,P010,49,51,254.49
2025-11-20,JP,P011,44,46,919.54
2025-11-20,JP,P012,9,9,719.91
2025-11-20,GLOBAL_WEST,P001,208,233,230.67
2025-11-20,GLOBAL_WEST,P002,112,122,608.78
2025-11-20,GLOBAL_WEST,P003,125,135,2023.65
2025-11-20,GLOBAL_WEST,P004,0,0,0.0
2025-11-20,GLOBAL_WEST,P005,104,110,878.9
2025-11-20,GLOBAL_WEST,P006,77,82,2049.18
2025-11-20,GLOBAL_WEST,P007,41,43,429.57
2025-11-20,GLOBAL_WEST,P008,47,51,662.49
2025-11-20,GLOBAL_WEST,P009,0,0,0.0
2025-11-20,GLOBAL_WEST,P010,75,82,409.18
2025-11-20,GLOBAL_WEST,P011,41,43,859.57
2025-11-20,GLOBAL_WEST,P012,1,1,79.99
2025-11-21,KR,P001,153,170,168.3
2025-11-21,KR,P002,77,80,399.2
2025-11-21,KR,P003,62,65,974.35
2025-11-21,KR,P004,0,0,0.0
2025-11-21,KR,P005,73,79,631.21
2025-11-21,KR,P006,52,54,1349.46
2025-11-21,KR,P007,56,59,589.41
2025-11-21,KR,P008,50,52,675.48
2025-11-21,KR,P009,0,0,0.0
2025-11-21,KR,P010,46,49,244.51
2025-11-21,KR,P011,24,26,519.74
2025-11-21,KR,P012,11,13,1039.87
2025-11-21,JP,P001,180,199,197.01
2025-11-21,JP,P002,95,101,503.99
2025-11-21,JP,P003,77,84,1259.16
2025-11-21,JP,P004,0,0,0.0
2025-11-21,JP,P005,84,93,743.07
2025-11-21,JP,P006,41,44,1099.56
2025-11-21,JP,P007,57,59,589.41
2025-11-21,JP,P008,54,60,779.4
2025-11-21,JP,P009,0,0,0.0
2025-11-21,JP,P010,57,62,309.38
2025-11-21,JP,P011,28,30,599.7
2025-11-21,JP,P012,9,9,719.91
2025-11-21,GLOBAL_WEST,P001,236,263,260.37
2025-11-21,GLOBAL_WEST,P002,124,128,638.72
2025-11-21,GLOBAL_WEST,P003,81,88,1319.12
2025-11-21,GLOBAL_WEST,P004,0,0,0.0
2025-11-21,GLOBAL_WEST,P005,131,131,1046.69
2025-11-21,GLOBAL_WEST,P006,58,60,1499.4
2025-11-21,GLOBAL_WEST,P007,60,66,659.34
2025-11-21,GLOBAL_WEST,P008,54,58,753.42
2025-11-21,GLOBAL_WEST,P009,0,0,0.0
2025-11-21,GLOBAL_WEST,P010,70,76,379.24
2025-11-21,GLOBAL_WEST,P011,39,41,819.59
2025-11-21,GLOBAL_WEST,P012,12,13,1039.87
2025-11-22,KR,P001,141,155,153.45
2025-11-22,KR,P002,69,72,359.28
2025-11-22,KR,P003,67,72,1079.28
2025-11-22,KR,P004,0,0,0.0
2025-11-22,KR,P005,82,86,687.14
2025-11-22,KR,P006,47,51,1274.49
2025-11-22,KR,P007,56,59,589.41
2025-11-22,KR,P008,37,40,519.6
2025-11-22,KR,P009,0,0,0.0
2025-11-22,KR,P010,54,61,304.39
2025-11-22,KR,P011,18,18,359.82
2025-11-22,KR,P012,20,20,1599.8
2025-11-22,JP,P001,161,171,169.29
2025-11-22,JP,P002,73,77,384.23
2025-11-22,JP,P003,72,76,1139.24
2025-11-22,JP,P004,0,0,0.0
2025-11-22,JP,P005,88,94,751.06
2025-11-22,JP,P006,41,44,1099.56
2025-11-22,JP,P007,60,63,629.37
2025-11-22,JP,P008,36,37,480.63
2025-11-22,JP,P009,0,0,0.0
2025-11-22,JP,P010,56,58,289.42
2025-11-22,JP,P011,28,31,619.69
2025-11-22,JP,P012,11,11,879.89
2025-11-22,GLOBAL_WEST,P001,234,255,252.45
2025-11-22,GLOBAL_WEST,P002,130,145,723.55
2025-11-22,GLOBAL_WEST,P003,106,111,1663.89
2025-11-22,GLOBAL_WEST,P004,0,0,0.0
2025-11-22,GLOBAL_WEST,P005,124,130,1038.7
2025-11-22,GLOBAL_WEST,P006,58,60,1499.4
2025-11-22,GLOBAL_WEST,P007,75,79,789.21
2025-11-22,GLOBAL_WEST,P008,44,48,623.52
2025-11-22,GLOBAL_WEST,P009,0,0,0.0
2025-11-22,GLOBAL_WEST,P010,67,73,364.27
2025-11-22,GLOBAL_WEST,P011,16,16,319.84
2025-11-22,GLOBAL_WEST,P012,25,26,2079.74
2025-11-23,KR,P001,163,165,163.35
2025-11-23,KR,P002,83,86,429.14
2025-11-23,KR,P003,75,79,1184.21
2025-11-23,KR,P004,0,0,0.0
2025-11-23,KR,P005,89,90,719.1
2025-11-23,KR,P006,49,54,1349.46
2025-11-23,KR,P007,47,51,509.49
2025-11-23,KR,P008,50,52,675.48
2025-11-23,KR,P009,0,0,0.0
2025-11-23,KR,P010,48,51,254.49
2025-11-23,KR,P011,30,32,639.68
2025-11-23,KR,P012,4,4,319.96
2025-11-23,JP,P001,151,156,154.44
2025-11-23,JP,P002,92,100,499.0
2025-11-23,JP,P003,83,86,1289.14
2025-11-23,JP,P004,0,0,0.0
2025-11-23,JP,P005,91,101,806.99
2025-11-23,JP,P006,60,67,1674.33
2025-11-23,JP,P007,69,71,709.29
2025-11-23,JP,P008,46,48,623.52
2025-11-23,JP,P009,0,0,0.0
2025-11-23,JP,P010,49,55,274.45
2025-11-23,JP,P011,28,29,579.71
2025-11-23,JP,P012,18,20,1599.8
2025-11-23,GLOBAL_WEST,P001,234,251,248.49
2025-11-23,GLOBAL_WEST,P002,137,142,708.58
2025-11-23,GLOBAL_WEST,P003,100,107,1603.93
2025-11-23,GLOBAL_WEST,P004,0,0,0.0
2025-11-23,GLOBAL_WEST,P005,112,120,958.8
2025-11-23,GLOBAL_WEST,P006,59,66,1649.34
2025-11-23,GLOBAL_WEST,P007,71,75,749.25
2025-11-23,GLOBAL_WEST,P008,61,62,805.38
2025-11-23,GLOBAL_WEST,P009,0,0,0.0
2025-11-23,GLOBAL_WEST,P010,92,97,484.03
2025-11-23,GLOBAL_WEST,P011,49,49,979.51
2025-11-23,GLOBAL_WEST,P012,25,26,2079.74
2025-11-24,KR,P001,154,160,158.4
2025-11-24,KR,P002,78,86,429.14
2025-11-24,KR,P003,69,71,1064.29
2025-11-24,KR,P004,0,0,0.0
2025-11-24,KR,P005,91,96,767.04
2025-11-24,KR,P006,49,51,1274.49
2025-11-24,KR,P007,46,48,479.52
2025-11-24,KR,P008,41,43,558.57
2025-11-24,KR,P009,0,0,0.0
2025-11-24,KR,P010,33,34,169.66
2025-11-24,KR,P011,37,39,779.61
2025-11-24,KR,P012,17,19,1519.81
2025-11-24,JP,P001,172,186,184.14
2025-11-24,JP,P002,83,89,444.11
2025-11-24,JP,P003,79,84,1259.16
2025-11-24,JP,P004,0,0,0.0
2025-11-24,JP,P005,104,113,902.87
2025-11-24,JP,P006,50,50,1249.5
2025-11-24,JP,P007,53,58,579.42
2025-11-24,JP,P008,39,43,558.57
2025-11-24,JP,P009,0,0,0.0
2025-11-24,JP,P010,45,48,239.52
2025-11-24,JP,P011,28,29,579.71
2025-11-24,JP,P012,9,9,719.91
2025-11-24,GLOBAL_WEST,P001,206,221,218.79
2025-11-24,GLOBAL_WEST,P002,113,124,618.76
2025-11-24,GLOBAL_WEST,P003,87,95,1424.05
2025-11-24,GLOBAL_WEST,P004,0,0,0.0
2025-11-24,GLOBAL_WEST,P005,114,128,1022.72
2025-11-24,GLOBAL_WEST,P006,74,77,1924.23
2025-11-24,GLOBAL_WEST,P007,57,61,609.39
2025-11-24,GLOBAL_WEST,P008,60,63,818.37
2025-11-24,GLOBAL_WEST,P009,0,0,0.0
2025-11-24,GLOBAL_WEST,P010,65,70,349.3
2025-11-24,GLOBAL_WEST,P011,34,36,719.64
2025-11-24,GLOBAL_WEST,P012,25,27,2159.73
2025-11-25,KR,P001,170,181,179.19
2025-11-25,KR,P002,76,81,404.19
2025-11-25,KR,P003,77,80,1199.2
2025-11-25,KR,P004,0,0,0.0
2025-11-25,KR,P005,94,104,830.96
2025-11-25,KR,P006,65,68,1699.32
2025-11-25,KR,P007,54,57,569.43
2025-11-25,KR,P008,45,49,636.51
2025-11-25,KR,P009,0,0,0.0
2025-11-25,KR,P010,48,52,259.48
2025-11-25,KR,P011,18,18,359.82
2025-11-25,KR,P012,26,28,2239.72
2025-11-25,JP,P001,177,192,190.08
2025-11-25,JP,P002,85,92,459.08
2025-11-25,JP,P003,84,89,1334.11
2025-11-25,JP,P004,0,0,0.0
2025-11-25,JP,P005,92,94,751.06
2025-11-25,JP,P006,52,55,1374.45
2025-11-25,JP,P007,47,49,489.51
2025-11-25,JP,P008,55,57,740.43
2025-11-25,JP,P009,0,0,0.0
2025-11-25,JP,P010,57,61,304.39
2025-11-25,JP,P011,29,31,619.69
2025-11-25,JP,P012,11,11,879.89
2025-11-25,GLOBAL_WEST,P001,214,223,220.77
2025-11-25,GLOBAL_WEST,P002,99,106,528.94
2025-11-25,GLOBAL_WEST,P003,119,123,1843.77
2025-11-25,GLOBAL_WEST,P004,0,0,0.0
2025-11-25,GLOBAL_WEST,P005,116,121,966.79
2025-11-25,GLOBAL_WEST,P006,45,48,1199.52
2025-11-25,GLOBAL_WEST,P007,78,86,859.14
2025-11-25,GLOBAL_WEST,P008,63,67,870.33
2025-11-25,GLOBAL_WEST,P009,0,0,0.0
2025-11-25,GLOBAL_WEST,P010,46,49,244.51
2025-11-25,GLOBAL_WEST,P011,54,57,1139.43
2025-11-25,GLOBAL_WEST,P012,3,3,239.97
2025-11-26,KR,P001,158,165,163.35
2025-11-26,KR,P002,59,63,314.37
2025-11-26,KR,P003,73,77,1154.23
2025-11-26,KR,P004,0,0,0.0
2025-11-26,KR,P005,70,73,583.27
2025-11-26,KR,P006,39,43,1074.57
2025-11-26,KR,P007,43,46,459.54
2025-11-26,KR,P008,25,25,324.75
2025-11-26,KR,P009,0,0,0.0
2025-11-26,KR,P010,49,52,259.48
2025-11-26,KR,P011,37,37,739.63
2025-11-26,KR,P012,14,15,1199.85
2025-11-26,JP,P001,160,170,168.3
2025-11-26,JP,P002,77,84,419.16
2025-11-26,JP,P003,78,86,1289.14
2025-11-26,JP,P004,0,0,0.0
2025-11-26,JP,P005,87,93,743.07
2025-11-26,JP,P006,48,51,1274.49
2025-11-26,JP,P007,58,62,619.38
2025-11-26,JP,P008,54,57,740.43
2025-11-26,JP,P009,0,0,0.0
2025-11-26,JP,P010,50,57,284.43
2025-11-26,JP,P011,20,21,419.79
2025-11-26,JP,P012,18,19,1519.81
2025-11-26,GLOBAL_WEST,P001,237,261,258.39
2025-11-26,GLOBAL_WEST,P002,118,132,658.68
2025-11-26,GLOBAL_WEST,P003,113,122,1828.78
2025-11-26,GLOBAL_WEST,P004,0,0,0.0
2025-11-26,GLOBAL_WEST,P005,114,118,942.82
2025-11-26,GLOBAL_WEST,P006,65,71,1774.29
2025-11-26,GLOBAL_WEST,P007,66,69,689.31
2025-11-26,GLOBAL_WEST,P008,54,58,753.42
2025-11-26,GLOBAL_WEST,P009,0,0,0.0
2025-11-26,GLOBAL_WEST,P010,89,96,479.04
2025-11-26,GLOBAL_WEST,P011,42,44,879.56
2025-11-26,GLOBAL_WEST,P012,12,13,1039.87
2025-11-27,KR,P001,154,170,168.3
2025-11-27,KR,P002,73,79,394.21
2025-11-27,KR,P003,63,69,1034.31
2025-11-27,KR,P004,0,0,0.0
2025-11-27,KR,P005,89,96,767.04
2025-11-27,KR,P006,39,43,1074.57
2025-11-27,KR,P007,48,52,519.48
2025-11-27,KR,P008,56,57,740.43
2025-11-27,KR,P009,0,0,0.0
2025-11-27,KR,P010,55,62,309.38
2025-11-27,KR,P011,35,36,719.64
2025-11-27,KR,P012,0,0,0.0
2025-11-27,JP,P001,159,168,166.32
2025-11-27,JP,P002,80,84,419.16
2025-11-27,JP,P003,70,73,1094.27
2025-11-27,JP,P004,0,0,0.0
2025-11-27,JP,P005,90,95,759.05
2025-11-27,JP,P006,50,56,1399.44
2025-11-27,JP,P007,56,62,619.38
2025-11-27,JP,P008,50,52,675.48
2025-11-27,JP,P009,0,0,0.0
2025-11-27,JP,P010,53,56,279.44
2025-11-27,JP,P011,39,41,819.59
2025-11-27,JP,P012,7,9,719.91
2025-11-27,GLOBAL_WEST,P001,201,208,205.92
2025-11-27,GLOBAL_WEST,P002,127,134,668.66
2025-11-27,GLOBAL_WEST,P003,111,122,1828.78
2025-11-27,GLOBAL_WEST,P004,0,0,0.0
2025-11-27,GLOBAL_WEST,P005,112,119,950.81
2025-11-27,GLOBAL_WEST,P006,69,77,1924.23
2025-11-27,GLOBAL_WEST,P007,60,65,649.35
2025-11-27,GLOBAL_WEST,P008,72,81,1052.19
2025-11-27,GLOBAL_WEST,P009,0,0,0.0
2025-11-27,GLOBAL_WEST,P010,59,63,314.37
2025-11-27,GLOBAL_WEST,P011,49,50,999.5
2025-11-27,GLOBAL_WEST,P012,17,17,1359.83
2025-11-28,KR,P001,160,168,166.32
2025-11-28,KR,P002,84,91,454.09
2025-11-28,KR,P003,58,62,929.38
2025-11-28,KR,P004,0,0,0.0
2025-11-28,KR,P005,82,88,703.12
2025-11-28,KR,P006,58,60,1499.4
2025-11-28,KR,P007,36,37,369.63
2025-11-28,KR,P008,40,43,558.57
2025-11-28,KR,P009,0,0,0.0
2025-11-28,KR,P010,57,61,304.39
2025-11-28,KR,P011,17,19,379.81
2025-11-28,KR,P012,29,30,2399.7
2025-11-28,JP,P001,167,178,176.22
2025-11-28,JP,P002,90,96,479.04
2025-11-28,JP,P003,78,84,1259.16
2025-11-28,JP,P004,0,0,0.0
2025-11-28,JP,P005,89,95,759.05
2025-11-28,JP,P006,46,51,1274.49
2025-11-28,JP,P007,49,50,499.5
2025-11-28,JP,P008,46,50,649.5
2025-11-28,JP,P009,0,0,0.0
2025-11-28,JP,P010,47,51,254.49
2025-11-28,JP,P011,32,34,679.66
2025-11-28,JP,P012,10,11,879.89
2025-11-28,GLOBAL_WEST,P001,218,232,229.68
2025-11-28,GLOBAL_WEST,P002,114,121,603.79
2025-11-28,GLOBAL_WEST,P003,91,98,1469.02
2025-11-28,GLOBAL_WEST,P004,0,0,0.0
2025-11-28,GLOBAL_WEST,P005,100,108,862.92
2025-11-28,GLOBAL_WEST,P006,68,74,1849.26
2025-11-28,GLOBAL_WEST,P007,72,76,759.24
2025-11-28,GLOBAL_WEST,P008,54,57,740.43
2025-11-28,GLOBAL_WEST,P009,0,0,0.0
2025-11-28,GLOBAL_WEST,P010,72,76,379.24
2025-11-28,GLOBAL_WEST,P011,38,42,839.58
2025-11-28,GLOBAL_WEST,P012,13,15,1199.85
2025-11-29,KR,P001,155,161,159.39
2025-11-29,KR,P002,72,76,379.24
2025-11-29,KR,P003,62,66,989.34
2025-11-29,KR,P004,0,0,0.0
2025-11-29,KR,P005,74,84,671.16
2025-11-29,KR,P006,47,49,1224.51
2025-11-29,KR,P007,43,45,449.55
2025-11-29,KR,P008,44,47,610.53
2025-11-29,KR,P009,0,0,0.0
2025-11-29,KR,P010,44,48,239.52
2025-11-29,KR,P011,26,28,559.72
2025-11-29,KR,P012,11,11,879.89
2025-11-29,JP,P001,181,200,198.0
2025-11-29,JP,P002,76,81,404.19
2025-11-29,JP,P003,75,79,1184.21
2025-11-29,JP,P004,0,0,0.0
2025-11-29,JP,P005,91,97,775.03
2025-11-29,JP,P006,57,61,1524.39
2025-11-29,JP,P007,64,68,679.32
2025-11-29,JP,P008,47,51,662.49
2025-11-29,JP,P009,0,0,0.0
2025-11-29,JP,P010,58,62,309.38
2025-11-29,JP,P011,23,24,479.76
2025-11-29,JP,P012,8,8,639.92
2025-11-29,GLOBAL_WEST,P001,232,257,254.43
2025-11-29,GLOBAL_WEST,P002,125,136,678.64
2025-11-29,GLOBAL_WEST,P003,105,106,1588.94
2025-11-29,GLOBAL_WEST,P004,0,0,0.0
2025-11-29,GLOBAL_WEST,P005,100,102,814.98
2025-11-29,GLOBAL_WEST,P006,62,63,1574.37
2025-11-29,GLOBAL_WEST,P007,76,81,809.19
2025-11-29,GLOBAL_WEST,P008,83,88,1143.12
2025-11-29,GLOBAL_WEST,P009,0,0,0.0
2025-11-29,GLOBAL_WEST,P010,45,48,239.52
2025-11-29,GLOBAL_WEST,P011,51,56,1119.44
2025-11-29,GLOBAL_WEST,P012,0,0,0.0
2025-11-30,KR,P001,153,167,165.33
2025-11-30,KR,P002,77,83,414.17
2025-11-30,KR,P003,73,82,1229.18
2025-11-30,KR,P004,0,0,0.0
2025-11-30,KR,P005,78,83,663.17
2025-11-30,KR,P006,38,41,1024.59
2025-11-30,KR,P007,46,49,489.51
2025-11-30,KR,P008,25,25,324.75
2025-11-30,KR,P009,0,0,0.0
2025-11-30,KR,P010,44,47,234.53
2025-11-30,KR,P011,37,40,799.6
2025-11-30,KR,P012,0,0,0.0
2025-11-30,JP,P001,163,174,172.26
2025-11-30,JP,P002,74,79,394.21
2025-11-30,JP,P003,68,77,1154.23
2025-11-30,JP,P004,0,0,0.0
2025-11-30,JP,P005,90,100,799.0
2025-11-30,JP,P006,40,41,1024.59
2025-11-30,JP,P007,62,68,679.32
2025-11-30,JP,P008,55,60,779.4
2025-11-30,JP,P009,0,0,0.0
2025-11-30,JP,P010,43,46,229.54
2025-11-30,JP,P011,34,36,719.64
2025-11-30,JP,P012,12,12,959.88
2025-11-30,GLOBAL_WEST,P001,221,235,232.65
2025-11-30,GLOBAL_WEST,P002,111,117,583.83
2025-11-30,GLOBAL_WEST,P003,102,111,1663.89
2025-11-30,GLOBAL_WEST,P004,0,0,0.0
2025-11-30,GLOBAL_WEST,P005,116,127,1014.73
2025-11-30,GLOBAL_WEST,P006,61,67,1674.33
2025-11-30,GLOBAL_WEST,P007,76,83,829.17
2025-11-30,GLOBAL_WEST,P008,38,40,519.6
2025-11-30,GLOBAL_WEST,P009,0,0,0.0
2025-11-30,GLOBAL_WEST,P010,47,52,259.48
2025-11-30,GLOBAL_WEST,P011,43,46,919.54
2025-11-30,GLOBAL_WEST,P012,25,25,1999.75
2025-12-01,KR,P001,170,184,182.16
2025-12-01,KR,P002,75,78,389.22
2025-12-01,KR,P003,79,87,1304.13
2025-12-01,KR,P004,0,0,0.0
2025-12-01,KR,P005,69,73,583.27
2025-12-01,KR,P006,55,58,1449.42
2025-12-01,KR,P007,46,49,489.51
2025-12-01,KR,P008,26,26,337.74
2025-12-01,KR,P009,0,0,0.0
2025-12-01,KR,P010,41,44,219.56
2025-12-01,KR,P011,18,18,359.82
2025-12-01,KR,P012,20,22,1759.78
2025-12-01,JP,P001,172,190,188.1
2025-12-01,JP,P002,89,96,479.04
2025-12-01,JP,P003,82,89,1334.11
2025-12-01,JP,P004,0,0,0.0
2025-12-01,JP,P005,92,101,806.99
2025-12-01,JP,P006,56,61,1524.39
2025-12-01,JP,P007,52,56,559.44
2025-12-01,JP,P008,36,39,506.61
2025-12-01,JP,P009,0,0,0.0
2025-12-01,JP,P010,52,55,274.45
2025-12-01,JP,P011,26,27,539.73
2025-12-01,JP,P012,6,6,479.94
2025-12-01,GLOBAL_WEST,P001,239,260,257.4
2025-12-01,GLOBAL_WEST,P002,123,131,653.69
2025-12-01,GLOBAL_WEST,P003,71,77,1154.23
2025-12-01,GLOBAL_WEST,P004,0,0,0.0
2025-12-01,GLOBAL_WEST,P005,133,145,1158.55
2025-12-01,GLOBAL_WEST,P006,69,73,1824.27
2025-12-01,GLOBAL_WEST,P007,72,76,759.24
2025-12-01,GLOBAL_WEST,P008,68,71,922.29
2025-12-01,GLOBAL_WEST,P009,0,0,0.0
2025-12-01,GLOBAL_WEST,P010,71,78,389.22
2025-12-01,GLOBAL_WEST,P011,57,60,1199.4
2025-12-01,GLOBAL_WEST,P012,20,20,1599.8
2025-12-02,KR,P001,142,160,158.4
2025-12-02,KR,P002,69,71,354.29
2025-12-02,KR,P003,65,70,1049.3
2025-12-02,KR,P004,0,0,0.0
2025-12-02,KR,P005,79,87,695.13
2025-12-02,KR,P006,42,45,1124.55
2025-12-02,KR,P007,47,49,489.51
2025-12-02,KR,P008,48,51,662.49
2025-12-02,KR,P009,0,0,0.0
2025-12-02,KR,P010,42,44,219.56
2025-12-02,KR,P011,18,19,379.81
2025-12-02,KR,P012,7,7,559.93
2025-12-02,JP,P001,152,166,164.34
2025-12-02,JP,P002,76,84,419.16
2025-12-02,JP,P003,69,76,1139.24
2025-12-02,JP,P004,0,0,0.0
2025-12-02,JP,P005,87,96,767.04
2025-12-02,JP,P006,50,53,1324.47
2025-12-02,JP,P007,43,46,459.54
2025-12-02,JP,P008,52,58,753.42
2025-12-02,JP,P009,0,0,0.0
2025-12-02,JP,P010,51,53,264.47
2025-12-02,JP,P011,23,23,459.77
2025-12-02,JP,P012,7,8,639.92
2025-12-02,GLOBAL_WEST,P001,225,246,243.54
2025-12-02,GLOBAL_WEST,P002,117,129,643.71
2025-12-02,GLOBAL_WEST,P003,95,102,1528.98
2025-12-02,GLOBAL_WEST,P004,0,0,0.0
2025-12-02,GLOBAL_WEST,P005,116,126,1006.74
2025-12-02,GLOBAL_WEST,P006,64,70,1749.3
2025-12-02,GLOBAL_WEST,P007,49,52,519.48
2025-12-02,GLOBAL_WEST,P008,71,77,1000.23
2025-12-02,GLOBAL_WEST,P009,0,0,0.0
2025-12-02,GLOBAL_WEST,P010,78,83,414.17
2025-12-02,GLOBAL_WEST,P011,34,36,719.64
2025-12-02,GLOBAL_WEST,P012,18,19,1519.81
2025-12-03,KR,P001,139,156,154.44
2025-12-03,KR,P002,64,67,334.33
2025-12-03,KR,P003,70,76,1139.24
2025-12-03,KR,P004,0,0,0.0
2025-12-03,KR,P005,83,92,735.08
2025-12-03,KR,P006,32,36,899.64
2025-12-03,KR,P007,48,50,499.5
2025-12-03,KR,P008,46,50,649.5
2025-12-03,KR,P009,0,0,0.0
2025-12-03,KR,P010,38,40,199.6
2025-12-03,KR,P011,24,27,539.73
2025-12-03,KR,P012,15,16,1279.84
2025-12-03,JP,P001,161,174,172.26
2025-12-03,JP,P002,81,85,424.15
2025-12-03,JP,P003,71,76,1139.24
2025-12-03,JP,P004,0,0,0.0
2025-12-03,JP,P005,83,90,719.1
2025-12-03,JP,P006,44,46,1149.54
2025-12-03,JP,P007,59,61,609.39
2025-12-03,JP,P008,59,62,805.38
2025-12-03,JP,P009,0,0,0.0
2025-12-03,JP,P010,53,56,279.44
2025-12-03,JP,P011,33,33,659.67
2025-12-03,JP,P012,9,10,799.9
2025-12-03,GLOBAL_WEST,P001,222,240,237.6
2025-12-03,GLOBAL_WEST,P002,107,113,563.87
2025-12-03,GLOBAL_WEST,P003,104,110,1648.9
2025-12-03,GLOBAL_WEST,P004,0,0,0.0
2025-12-03,GLOBAL_WEST,P005,95,103,822.97
2025-12-03,GLOBAL_WEST,P006,61,67,1674.33
2025-12-03,GLOBAL_WEST,P007,75,81,809.19
2025-12-03,GLOBAL_WEST,P008,46,51,662.49
2025-12-03,GLOBAL_WEST,P009,0,0,0.0
2025-12-03,GLOBAL_WEST,P010,61,68,339.32
2025-12-03,GLOBAL_WEST,P011,37,39,779.61
2025-12-03,GLOBAL_WEST,P012,13,13,1039.87
2025-12-04,KR,P001,155,171,169.29
2025-12-04,KR,P002,64,70,349.3
2025-12-04,KR,P003,58,60,899.4
2025-12-04,KR,P004,0,0,0.0
2025-12-04,KR,P005,86,95,759.05
2025-12-04,KR,P006,33,35,874.65
2025-12-04,KR,P007,46,46,459.54
2025-12-04,KR,P008,52,56,727.44
2025-12-04,KR,P009,0,0,0.0
2025-12-04,KR,P010,43,47,234.53
2025-12-04,KR,P011,19,20,399.8
2025-12-04,KR,P012,3,4,319.96
2025-12-04,JP,P001,157,165,163.35
2025-12-04,JP,P002,66,73,364.27
2025-12-04,JP,P003,69,76,1139.24
2025-12-04,JP,P004,0,0,0.0
2025-12-04,JP,P005,99,106,846.94
2025-12-04,JP,P006,59,67,1674.33
2025-12-04,JP,P007,65,69,689.31
2025-12-04,JP,P008,41,43,558.57
2025-12-04,JP,P009,0,0,0.0
2025-12-04,JP,P010,39,42,209.58
2025-12-04,JP,P011,27,28,559.72
2025-12-04,JP,P012,6,6,479.94
2025-12-04,GLOBAL_WEST,P001,230,252,249.48
2025-12-04,GLOBAL_WEST,P002,101,104,518.96
2025-12-04,GLOBAL_WEST,P003,102,114,1708.86
2025-12-04,GLOBAL_WEST,P004,0,0,0.0
2025-12-04,GLOBAL_WEST,P005,117,128,1022.72
2025-12-04,GLOBAL_WEST,P006,51,52,1299.48
2025-12-04,GLOBAL_WEST,P007,60,65,649.35
2025-12-04,GLOBAL_WEST,P008,60,63,818.37
2025-12-04,GLOBAL_WEST,P009,0,0,0.0
2025-12-04,GLOBAL_WEST,P010,73,76,379.24
2025-12-04,GLOBAL_WEST,P011,52,57,1139.43
2025-12-04,GLOBAL_WEST,P012,0,0,0.0
2025-12-05,KR,P001,154,172,170.28
2025-12-05,KR,P002,71,74,369.26
2025-12-05,KR,P003,70,70,1049.3
2025-12-05,KR,P004,0,0,0.0
2025-12-05,KR,P005,86,95,759.05
2025-12-05,KR,P006,47,50,1249.5
2025-12-05,KR,P007,56,61,609.39
2025-12-05,KR,P008,42,47,610.53
2025-12-05,KR,P009,0,0,0.0
2025-12-05,KR,P010,43,47,234.53
2025-12-05,KR,P011,28,31,619.69
2025-12-05,KR,P012,8,8,639.92
2025-12-05,JP,P001,169,183,181.17
2025-12-05,JP,P002,77,84,419.16
2025-12-05,JP,P003,93,99,1484.01
2025-12-05,JP,P004,0,0,0.0
2025-12-05,JP,P005,72,76,607.24
2025-12-05,JP,P006,40,42,1049.58
2025-12-05,JP,P007,56,62,619.38
2025-12-05,JP,P008,49,53,688.47
2025-12-05,JP,P009,0,0,0.0
2025-12-05,JP,P010,47,51,254.49
2025-12-05,JP,P011,28,28,559.72
2025-12-05,JP,P012,2,2,159.98
2025-12-05,GLOBAL_WEST,P001,225,245,242.55
2025-12-05,GLOBAL_WEST,P002,93,99,494.01
2025-12-05,GLOBAL_WEST,P003,103,112,1678.88
2025-12-05,GLOBAL_WEST,P004,0,0,0.0
2025-12-05,GLOBAL_WEST,P005,126,129,1030.71
2025-12-05,GLOBAL_WEST,P006,82,90,2249.1
2025-12-05,GLOBAL_WEST,P007,72,81,809.19
2025-12-05,GLOBAL_WEST,P008,61,68,883.32
2025-12-05,GLOBAL_WEST,P009,0,0,0.0
2025-12-05,GLOBAL_WEST,P010,77,86,429.14
2025-12-05,GLOBAL_WEST,P011,24,25,499.75
2025-12-05,GLOBAL_WEST,P012,24,26,2079.74
2025-12-06,KR,P001,149,160,158.4
2025-12-06,KR,P002,73,80,399.2
2025-12-06,KR,P003,67,72,1079.28
2025-12-06,KR,P004,0,0,0.0
2025-12-06,KR,P005,70,75,599.25
2025-12-06,KR,P006,41,43,1074.57
2025-12-06,KR,P007,50,55,549.45
2025-12-06,KR,P008,48,51,662.49
2025-12-06,KR,P009,0,0,0.0
2025-12-06,KR,P010,49,53,264.47
2025-12-06,KR,P011,25,26,519.74
2025-12-06,KR,P012,12,13,1039.87
2025-12-06,JP,P001,165,174,172.26
2025-12-06,JP,P002,81,87,434.13
2025-12-06,JP,P003,91,97,1454.03
2025-12-06,JP,P004,0,0,0.0
2025-12-06,JP,P005,84,91,727.09
2025-12-06,JP,P006,53,55,1374.45
2025-12-06,JP,P007,59,64,639.36
2025-12-06,JP,P008,61,65,844.35
2025-12-06,JP,P009,0,0,0.0
2025-12-06,JP,P010,54,59,294.41
2025-12-06,JP,P011,44,48,959.52
2025-12-06,JP,P012,5,5,399.95
2025-12-06,GLOBAL_WEST,P001,221,248,245.52
2025-12-06,GLOBAL_WEST,P002,106,111,553.89
2025-12-06,GLOBAL_WEST,P003,102,106,1588.94
2025-12-06,GLOBAL_WEST,P004,0,0,0.0
2025-12-06,GLOBAL_WEST,P005,120,127,1014.73
2025-12-06,GLOBAL_WEST,P006,39,42,1049.58
2025-12-06,GLOBAL_WEST,P007,71,78,779.22
2025-12-06,GLOBAL_WEST,P008,60,63,818.37
2025-12-06,GLOBAL_WEST,P009,0,0,0.0
2025-12-06,GLOBAL_WEST,P010,78,80,399.2
2025-12-06,GLOBAL_WEST,P011,71,74,1479.26
2025-12-06,GLOBAL_WEST,P012,9,9,719.91
2025-12-07,KR,P001,141,148,146.52
2025-12-07,KR,P002,98,108,538.92
2025-12-07,KR,P003,80,88,1319.12
2025-12-07,KR,P004,0,0,0.0
2025-12-07,KR,P005,87,94,751.06
2025-12-07,KR,P006,49,53,1324.47
2025-12-07,KR,P007,57,60,599.4
2025-12-07,KR,P008,37,39,506.61
2025-12-07,KR,P009,0,0,0.0
2025-12-07,KR,P010,43,45,224.55
2025-12-07,KR,P011,32,34,679.66
2025-12-07,KR,P012,3,3,239.97
2025-12-07,JP,P001,169,179,177.21
2025-12-07,JP,P002,84,90,449.1
2025-12-07,JP,P003,83,88,1319.12
2025-12-07,JP,P004,0,0,0.0
2025-12-07,JP,P005,80,85,679.15
2025-12-07,JP,P006,50,51,1274.49
2025-12-07,JP,P007,52,55,549.45
2025-12-07,JP,P008,51,54,701.46
2025-12-07,JP,P009,0,0,0.0
2025-12-07,JP,P010,43,45,224.55
2025-12-07,JP,P011,19,19,379.81
2025-12-07,JP,P012,8,8,639.92
2025-12-07,GLOBAL_WEST,P001,227,243,240.57
2025-12-07,GLOBAL_WEST,P002,103,108,538.92
2025-12-07,GLOBAL_WEST,P003,99,107,1603.93
2025-12-07,GLOBAL_WEST,P004,0,0,0.0
2025-12-07,GLOBAL_WEST,P005,145,162,1294.38
2025-12-07,GLOBAL_WEST,P006,60,65,1624.35
2025-12-07,GLOBAL_WEST,P007,74,82,819.18
2025-12-07,GLOBAL_WEST,P008,62,66,857.34
2025-12-07,GLOBAL_WEST,P009,0,0,0.0
2025-12-07,GLOBAL_WEST,P010,58,64,319.36
2025-12-07,GLOBAL_WEST,P011,1,2,39.98
2025-12-07,GLOBAL_WEST,P012,17,17,1359.83
2025-12-08,KR,P001,150,168,166.32
2025-12-08,KR,P002,76,83,414.17
2025-12-08,KR,P003,68,74,1109.26
2025-12-08,KR,P004,0,0,0.0
2025-12-08,KR,P005,80,86,687.14
2025-12-08,KR,P006,37,40,999.6
2025-12-08,KR,P007,57,61,609.39
2025-12-08,KR,P008,49,53,688.47
2025-12-08,KR,P009,0,0,0.0
2025-12-08,KR,P010,50,52,259.48
2025-12-08,KR,P011,30,32,639.68
2025-12-08,KR,P012,17,19,1519.81
2025-12-08,JP,P001,152,157,155.43
2025-12-08,JP,P002,75,81,404.19
2025-12-08,JP,P003,65,69,1034.31
2025-12-08,JP,P004,0,0,0.0
2025-12-08,JP,P005,83,90,719.1
2025-12-08,JP,P006,65,70,1749.3
2025-12-08,JP,P007,51,57,569.43
2025-12-08,JP,P008,30,32,415.68
2025-12-08,JP,P009,0,0,0.0
2025-12-08,JP,P010,41,46,229.54
2025-12-08,JP,P011,27,29,579.71
2025-12-08,JP,P012,10,10,799.9
2025-12-08,GLOBAL_WEST,P001,228,240,237.6
2025-12-08,GLOBAL_WEST,P002,123,131,653.69
2025-12-08,GLOBAL_WEST,P003,91,98,1469.02
2025-12-08,GLOBAL_WEST,P004,0,0,0.0
2025-12-08,GLOBAL_WEST,P005,118,123,982.77
2025-12-08,GLOBAL_WEST,P006,71,74,1849.26
2025-12-08,GLOBAL_WEST,P007,63,66,659.34
2025-12-08,GLOBAL_WEST,P008,60,68,883.32
2025-12-08,GLOBAL_WEST,P009,0,0,0.0
2025-12-08,GLOBAL_WEST,P010,83,93,464.07
2025-12-08,GLOBAL_WEST,P011,28,30,599.7
2025-12-08,GLOBAL_WEST,P012,18,19,1519.81
2025-12-09,KR,P001,142,154,152.46
2025-12-09,KR,P002,82,90,449.1
2025-12-09,KR,P003,76,84,1259.16
2025-12-09,KR,P004,0,0,0.0
2025-12-09,KR,P005,70,77,615.23
2025-12-09,KR,P006,44,47,1174.53
2025-12-09,KR,P007,54,60,599.4
2025-12-09,KR,P008,46,50,649.5
2025-12-09,KR,P009,0,0,0.0
2025-12-09,KR,P010,48,49,244.51
2025-12-09,KR,P011,30,32,639.68
2025-12-09,KR,P012,6,6,479.94
2025-12-09,JP,P001,167,183,181.17
2025-12-09,JP,P002,74,80,399.2
2025-12-09,JP,P003,77,84,1259.16
2025-12-09,JP,P004,0,0,0.0
2025-12-09,JP,P005,82,87,695.13
2025-12-09,JP,P006,51,56,1399.44
2025-12-09,JP,P007,48,52,519.48
2025-12-09,JP,P008,41,42,545.58
2025-12-09,JP,P009,0,0,0.0
2025-12-09,JP,P010,46,51,254.49
2025-12-09,JP,P011,31,32,639.68
2025-12-09,JP,P012,14,14,1119.86
2025-12-09,GLOBAL_WEST,P001,228,240,237.6
2025-12-09,GLOBAL_WEST,P002,121,134,668.66
2025-12-09,GLOBAL_WEST,P003,109,118,1768.82
2025-12-09,GLOBAL_WEST,P004,0,0,0.0
2025-12-09,GLOBAL_WEST,P005,127,135,1078.65
2025-12-09,GLOBAL_WEST,P006,68,72,1799.28
2025-12-09,GLOBAL_WEST,P007,56,58,579.42
2025-12-09,GLOBAL_WEST,P008,75,79,1026.21
2025-12-09,GLOBAL_WEST,P009,0,0,0.0
2025-12-09,GLOBAL_WEST,P010,60,64,319.36
2025-12-09,GLOBAL_WEST,P011,27,29,579.71
2025-12-09,GLOBAL_WEST,P012,13,13,1039.87
2025-12-10,KR,P001,135,135,133.65
2025-12-10,KR,P002,69,75,374.25
2025-12-10,KR,P003,66,69,1034.31
2025-12-10,KR,P004,0,0,0.0
2025-12-10,KR,P005,75,80,639.2
2025-12-10,KR,P006,29,31,774.69
2025-12-10,KR,P007,45,48,479.52
2025-12-10,KR,P008,41,46,597.54
2025-12-10,KR,P009,0,0,0.0
2025-12-10,KR,P010,35,38,189.62
2025-12-10,KR,P011,25,26,519.74
2025-12-10,KR,P012,18,20,1599.8
2025-12-10,JP,P001,144,148,146.52
2025-12-10,JP,P002,70,73,364.27
2025-12-10,JP,P003,68,74,1109.26
2025-12-10,JP,P004,0,0,0.0
2025-12-10,JP,P005,83,90,719.1
2025-12-10,JP,P006,38,41,1024.59
2025-12-10,JP,P007,56,58,579.42
2025-12-10,JP,P008,37,40,519.6
2025-12-10,JP,P009,0,0,0.0
2025-12-10,JP,P010,46,48,239.52
2025-12-10,JP,P011,16,18,359.82
2025-12-10,JP,P012,15,17,1359.83
2025-12-10,GLOBAL_WEST,P001,198,214,211.86
2025-12-10,GLOBAL_WEST,P002,107,116,578.84
2025-12-10,GLOBAL_WEST,P003,75,81,1214.19
2025-12-10,GLOBAL_WEST,P004,0,0,0.0
2025-12-10,GLOBAL_WEST,P005,116,124,990.76
2025-12-10,GLOBAL_WEST,P006,69,75,1874.25
2025-12-10,GLOBAL_WEST,P007,63,70,699.3
2025-12-10,GLOBAL_WEST,P008,53,59,766.41
2025-12-10,GLOBAL_WEST,P009,0,0,0.0
2025-12-10,GLOBAL_WEST,P010,63,70,349.3
2025-12-10,GLOBAL_WEST,P011,36,37,739.63
2025-12-10,GLOBAL_WEST,P012,0,0,0.0
2025-12-11,KR,P001,132,140,138.6
2025-12-11,KR,P002,82,87,434.13
2025-12-11,KR,P003,66,73,1094.27
2025-12-11,KR,P004,0,0,0.0
2025-12-11,KR,P005,68,72,575.28
2025-12-11,KR,P006,43,46,1149.54
2025-12-11,KR,P007,43,46,459.54
2025-12-11,KR,P008,54,59,766.41
2025-12-11,KR,P009,0,0,0.0
2025-12-11,KR,P010,40,43,214.57
2025-12-11,KR,P011,31,32,639.68
2025-12-11,KR,P012,11,11,879.89
2025-12-11,JP,P001,150,159,157.41
2025-12-11,JP,P002,86,94,469.06
2025-12-11,JP,P003,63,63,944.37
2025-12-11,JP,P004,0,0,0.0
2025-12-11,JP,P005,77,78,623.22
2025-12-11,JP,P006,44,49,1224.51
2025-12-11,JP,P007,55,59,589.41
2025-12-11,JP,P008,37,39,506.61
2025-12-11,JP,P009,0,0,0.0
2025-12-11,JP,P010,48,51,254.49
2025-12-11,JP,P011,36,37,739.63
2025-12-11,JP,P012,26,28,2239.72
2025-12-11,GLOBAL_WEST,P001,212,235,232.65
2025-12-11,GLOBAL_WEST,P002,85,88,439.12
2025-12-11,GLOBAL_WEST,P003,94,104,1558.96
2025-12-11,GLOBAL_WEST,P004,0,0,0.0
2025-12-11,GLOBAL_WEST,P005,104,114,910.86
2025-12-11,GLOBAL_WEST,P006,80,85,2124.15
2025-12-11,GLOBAL_WEST,P007,57,58,579.42
2025-12-11,GLOBAL_WEST,P008,44,46,597.54
2025-12-11,GLOBAL_WEST,P009,0,0,0.0
2025-12-11,GLOBAL_WEST,P010,62,67,334.33
2025-12-11,GLOBAL_WEST,P011,54,56,1119.44
2025-12-11,GLOBAL_WEST,P012,30,31,2479.69
2025-12-12,KR,P001,150,163,161.37
2025-12-12,KR,P002,72,77,384.23
2025-12-12,KR,P003,68,73,1094.27
2025-12-12,KR,P004,0,0,0.0
2025-12-12,KR,P005,81,87,695.13
2025-12-12,KR,P006,48,48,1199.52
2025-12-12,KR,P007,51,54,539.46
2025-12-12,KR,P008,34,36,467.64
2025-12-12,KR,P009,0,0,0.0
2025-12-12,KR,P010,43,48,239.52
2025-12-12,KR,P011,25,27,539.73
2025-12-12,KR,P012,9,9,719.91
2025-12-12,JP,P001,149,161,159.39
2025-12-12,JP,P002,75,80,399.2
2025-12-12,JP,P003,73,77,1154.23
2025-12-12,JP,P004,0,0,0.0
2025-12-12,JP,P005,84,93,743.07
2025-12-12,JP,P006,38,41,1024.59
2025-12-12,JP,P007,43,45,449.55
2025-12-12,JP,P008,35,37,480.63
2025-12-12,JP,P009,0,0,0.0
2025-12-12,JP,P010,47,50,249.5
2025-12-12,JP,P011,33,35,699.65
2025-12-12,JP,P012,0,0,0.0
2025-12-12,GLOBAL_WEST,P001,201,219,216.81
2025-12-12,GLOBAL_WEST,P002,111,115,573.85
2025-12-12,GLOBAL_WEST,P003,72,80,1199.2
2025-12-12,GLOBAL_WEST,P004,0,0,0.0
2025-12-12,GLOBAL_WEST,P005,120,128,1022.72
2025-12-12,GLOBAL_WEST,P006,61,68,1699.32
2025-12-12,GLOBAL_WEST,P007,69,73,729.27
2025-12-12,GLOBAL_WEST,P008,50,54,701.46
2025-12-12,GLOBAL_WEST,P009,0,0,0.0
2025-12-12,GLOBAL_WEST,P010,70,73,364.27
2025-12-12,GLOBAL_WEST,P011,51,55,1099.45
2025-12-12,GLOBAL_WEST,P012,21,21,1679.79
2025-12-13,KR,P001,164,169,167.31
2025-12-13,KR,P002,79,84,419.16
2025-12-13,KR,P003,70,72,1079.28
2025-12-13,KR,P004,0,0,0.0
2025-12-13,KR,P005,77,83,663.17
2025-12-13,KR,P006,45,49,1224.51
2025-12-13,KR,P007,33,36,359.64
2025-12-13,KR,P008,34,37,480.63
2025-12-13,KR,P009,0,0,0.0
2025-12-13,KR,P010,48,53,264.47
2025-12-13,KR,P011,24,26,519.74
2025-12-13,KR,P012,0,0,0.0
2025-12-13,JP,P001,168,173,171.27
2025-12-13,JP,P002,76,83,414.17
2025-12-13,JP,P003,77,83,1244.17
2025-12-13,JP,P004,0,0,0.0
2025-12-13,JP,P005,76,79,631.21
2025-12-13,JP,P006,53,55,1374.45
2025-12-13,JP,P007,38,40,399.6
2025-12-13,JP,P008,44,47,610.53
2025-12-13,JP,P009,0,0,0.0
2025-12-13,JP,P010,52,56,279.44
2025-12-13,JP,P011,42,46,919.54
2025-12-13,JP,P012,30,33,2639.67
2025-12-13,GLOBAL_WEST,P001,238,250,247.5
2025-12-13,GLOBAL_WEST,P002,85,86,429.14
2025-12-13,GLOBAL_WEST,P003,70,79,1184.21
2025-12-13,GLOBAL_WEST,P004,0,0,0.0
2025-12-13,GLOBAL_WEST,P005,116,127,1014.73
2025-12-13,GLOBAL_WEST,P006,66,71,1774.29
2025-12-13,GLOBAL_WEST,P007,39,42,419.58
2025-12-13,GLOBAL_WEST,P008,41,45,584.55
2025-12-13,GLOBAL_WEST,P009,0,0,0.0
2025-12-13,GLOBAL_WEST,P010,54,56,279.44
2025-12-13,GLOBAL_WEST,P011,59,61,1219.39
2025-12-13,GLOBAL_WEST,P012,0,0,0.0
2025-12-14,KR,P001,137,149,147.51
2025-12-14,KR,P002,76,85,424.15
2025-12-14,KR,P003,65,69,1034.31
2025-12-14,KR,P004,0,0,0.0
2025-12-14,KR,P005,79,82,655.18
2025-12-14,KR,P006,44,48,1199.52
2025-12-14,KR,P007,42,46,459.54
2025-12-14,KR,P008,41,44,571.56
2025-12-14,KR,P009,0,0,0.0
2025-12-14,KR,P010,45,46,229.54
2025-12-14,KR,P011,39,42,839.58
2025-12-14,KR,P012,6,7,559.93
2025-12-14,JP,P001,165,188,186.12
2025-12-14,JP,P002,84,84,419.16
2025-12-14,JP,P003,92,103,1543.97
2025-12-14,JP,P004,0,0,0.0
2025-12-14,JP,P005,98,104,830.96
2025-12-14,JP,P006,54,57,1424.43
2025-12-14,JP,P007,50,54,539.46
2025-12-14,JP,P008,45,49,636.51
2025-12-14,JP,P009,0,0,0.0
2025-12-14,JP,P010,60,64,319.36
2025-12-14,JP,P011,42,46,919.54
2025-12-14,JP,P012,17,17,1359.83
2025-12-14,GLOBAL_WEST,P001,224,236,233.64
2025-12-14,GLOBAL_WEST,P002,111,119,593.81
2025-12-14,GLOBAL_WEST,P003,108,114,1708.86
2025-12-14,GLOBAL_WEST,P004,0,0,0.0
2025-12-14,GLOBAL_WEST,P005,114,124,990.76
2025-12-14,GLOBAL_WEST,P006,65,67,1674.33
2025-12-14,GLOBAL_WEST,P007,91,97,969.03
2025-12-14,GLOBAL_WEST,P008,72,76,987.24
2025-12-14,GLOBAL_WEST,P009,0,0,0.0
2025-12-14,GLOBAL_WEST,P010,58,61,304.39
2025-12-14,GLOBAL_WEST,P011,32,35,699.65
2025-12-14,GLOBAL_WEST,P012,35,37,2959.63
2025-12-15,KR,P001,143,154,152.46
2025-12-15,KR,P002,81,84,419.16
2025-12-15,KR,P003,64,67,1004.33
2025-12-15,KR,P004,0,0,0.0
2025-12-15,KR,P005,78,84,671.16
2025-12-15,KR,P006,46,49,1224.51
2025-12-15,KR,P007,34,35,349.65
2025-12-15,KR,P008,44,47,610.53
2025-12-15,KR,P009,0,0,0.0
2025-12-15,KR,P010,33,35,174.65
2025-12-15,KR,P011,22,24,479.76
2025-12-15,KR,P012,14,14,1119.86
2025-12-15,JP,P001,150,163,161.37
2025-12-15,JP,P002,89,93,464.07
2025-12-15,JP,P003,71,76,1139.24
2025-12-15,JP,P004,0,0,0.0
2025-12-15,JP,P005,76,81,647.19
2025-12-15,JP,P006,49,52,1299.48
2025-12-15,JP,P007,36,38,379.62
2025-12-15,JP,P008,47,49,636.51
2025-12-15,JP,P009,0,0,0.0
2025-12-15,JP,P010,48,53,264.47
2025-12-15,JP,P011,28,29,579.71
2025-12-15,JP,P012,14,14,1119.86
2025-12-15,GLOBAL_WEST,P001,228,243,240.57
2025-12-15,GLOBAL_WEST,P002,101,109,543.91
2025-12-15,GLOBAL_WEST,P003,112,122,1828.78
2025-12-15,GLOBAL_WEST,P004,0,0,0.0
2025-12-15,GLOBAL_WEST,P005,93,96,767.04
2025-12-15,GLOBAL_WEST,P006,55,59,1474.41
2025-12-15,GLOBAL_WEST,P007,91,99,989.01
2025-12-15,GLOBAL_WEST,P008,54,57,740.43
2025-12-15,GLOBAL_WEST,P009,0,0,0.0
2025-12-15,GLOBAL_WEST,P010,54,58,289.42
2025-12-15,GLOBAL_WEST,P011,38,39,779.61
2025-12-15,GLOBAL_WEST,P012,0,0,0.0
2025-12-16,KR,P001,153,163,161.37
2025-12-16,KR,P002,66,70,349.3
2025-12-16,KR,P003,58,65,974.35
2025-12-16,KR,P004,0,0,0.0
2025-12-16,KR,P005,78,85,679.15
2025-12-16,KR,P006,40,45,1124.55
2025-12-16,KR,P007,54,57,569.43
2025-12-16,KR,P008,38,40,519.6
2025-12-16,KR,P009,0,0,0.0
2025-12-16,KR,P010,49,55,274.45
2025-12-16,KR,P011,27,31,619.69
2025-12-16,KR,P012,2,2,159.98
2025-12-16,JP,P001,176,189,187.11
2025-12-16,JP,P002,85,93,464.07
2025-12-16,JP,P003,83,85,1274.15
2025-12-16,JP,P004,0,0,0.0
2025-12-16,JP,P005,74,82,655.18
2025-12-16,JP,P006,48,51,1274.49
2025-12-16,JP,P007,57,62,619.38
2025-12-16,JP,P008,45,48,623.52
2025-12-16,JP,P009,0,0,0.0
2025-12-16,JP,P010,50,52,259.48
2025-12-16,JP,P011,24,26,519.74
2025-12-16,JP,P012,9,10,799.9
2025-12-16,GLOBAL_WEST,P001,218,233,230.67
2025-12-16,GLOBAL_WEST,P002,113,117,583.83
2025-12-16,GLOBAL_WEST,P003,105,114,1708.86
2025-12-16,GLOBAL_WEST,P004,0,0,0.0
2025-12-16,GLOBAL_WEST,P005,109,117,934.83
2025-12-16,GLOBAL_WEST,P006,63,68,1699.32
2025-12-16,GLOBAL_WEST,P007,61,66,659.34
2025-12-16,GLOBAL_WEST,P008,92,96,1247.04
2025-12-16,GLOBAL_WEST,P009,0,0,0.0
2025-12-16,GLOBAL_WEST,P010,79,87,434.13
2025-12-16,GLOBAL_WEST,P011,46,47,939.53
2025-12-16,GLOBAL_WEST,P012,6,7,559.93
2025-12-17,KR,P001,189,201,198.99
2025-12-17,KR,P002,101,107,533.93
2025-12-17,KR,P003,78,82,1229.18
2025-12-17,KR,P004,76,81,1619.19
2025-12-17,KR,P005,108,113,902.87
2025-12-17,KR,P006,59,61,1524.39
2025-12-17,KR,P007,61,64,639.36
2025-12-17,KR,P008,53,56,727.44
2025-12-17,KR,P009,104,112,3358.88
2025-12-17,KR,P010,60,64,319.36
2025-12-17,KR,P011,50,55,1099.45
2025-12-17,KR,P012,19,21,1679.79
2025-12-17,JP,P001,197,220,217.8
2025-12-17,JP,P002,105,119,593.81
2025-12-17,JP,P003,81,93,1394.07
2025-12-17,JP,P004,74,81,1619.19
2025-12-17,JP,P005,93,101,806.99
2025-12-17,JP,P006,49,53,1324.47
2025-12-17,JP,P007,58,62,619.38
2025-12-17,JP,P008,52,53,688.47
2025-12-17,JP,P009,101,104,3118.96
2025-12-17,JP,P010,57,63,314.37
2025-12-17,JP,P011,44,48,959.52
2025-12-17,JP,P012,28,28,2239.72
2025-12-17,GLOBAL_WEST,P001,300,330,326.7
2025-12-17,GLOBAL_WEST,P002,157,171,853.29
2025-12-17,GLOBAL_WEST,P003,101,111,1663.89
2025-12-17,GLOBAL_WEST,P004,118,127,2538.73
2025-12-17,GLOBAL_WEST,P005,125,134,1070.66
2025-12-17,GLOBAL_WEST,P006,69,73,1824.27
2025-12-17,GLOBAL_WEST,P007,113,120,1198.8
2025-12-17,GLOBAL_WEST,P008,81,86,1117.14
2025-12-17,GLOBAL_WEST,P009,167,185,5548.15
2025-12-17,GLOBAL_WEST,P010,100,111,553.89
2025-12-17,GLOBAL_WEST,P011,27,29,579.71
2025-12-17,GLOBAL_WEST,P012,3,3,239.97
2025-12-18,KR,P001,201,220,217.8
2025-12-18,KR,P002,90,100,499.0
2025-12-18,KR,P003,79,84,1259.16
2025-12-18,KR,P004,62,67,1339.33
2025-12-18,KR,P005,98,106,846.94
2025-12-18,KR,P006,63,67,1674.33
2025-12-18,KR,P007,62,64,639.36
2025-12-18,KR,P008,32,34,441.66
2025-12-18,KR,P009,100,104,3118.96
2025-12-18,KR,P010,54,58,289.42
2025-12-18,KR,P011,44,45,899.55
2025-12-18,KR,P012,15,15,1199.85
2025-12-18,JP,P001,208,216,213.84
2025-12-18,JP,P002,106,113,563.87
2025-12-18,JP,P003,73,78,1169.22
2025-12-18,JP,P004,86,94,1879.06
2025-12-18,JP,P005,102,108,862.92
2025-12-18,JP,P006,57,61,1524.39
2025-12-18,JP,P007,62,66,659.34
2025-12-18,JP,P008,36,38,493.62
2025-12-18,JP,P009,117,128,3838.72
2025-12-18,JP,P010,54,60,299.4
2025-12-18,JP,P011,32,35,699.65
2025-12-18,JP,P012,28,31,2479.69
2025-12-18,GLOBAL_WEST,P001,296,323,319.77
2025-12-18,GLOBAL_WEST,P002,167,181,903.19
2025-12-18,GLOBAL_WEST,P003,146,158,2368.42
2025-12-18,GLOBAL_WEST,P004,110,121,2418.79
2025-12-18,GLOBAL_WEST,P005,148,158,1262.42
2025-12-18,GLOBAL_WEST,P006,83,90,2249.1
2025-12-18,GLOBAL_WEST,P007,73,80,799.2
2025-12-18,GLOBAL_WEST,P008,59,62,805.38
2025-12-18,GLOBAL_WEST,P009,167,179,5368.21
2025-12-18,GLOBAL_WEST,P010,52,56,279.44
2025-12-18,GLOBAL_WEST,P011,41,43,859.57
2025-12-18,GLOBAL_WEST,P012,41,43,3439.57
2025-12-19,KR,P001,187,197,195.03
2025-12-19,KR,P002,101,109,543.91
2025-12-19,KR,P003,87,92,1379.08
2025-12-19,KR,P004,67,72,1439.28
2025-12-19,KR,P005,94,98,783.02
2025-12-19,KR,P006,49,50,1249.5
2025-12-19,KR,P007,66,72,719.28
2025-12-19,KR,P008,57,62,805.38
2025-12-19,KR,P009,98,107,3208.93
2025-12-19,KR,P010,58,59,294.41
2025-12-19,KR,P011,25,27,539.73
2025-12-19,KR,P012,27,31,2479.69
2025-12-19,JP,P001,207,225,222.75
2025-12-19,JP,P002,91,98,489.02
2025-12-19,JP,P003,89,96,1439.04
2025-12-19,JP,P004,92,102,2038.98
2025-12-19,JP,P005,97,107,854.93
2025-12-19,JP,P006,77,83,2074.17
2025-12-19,JP,P007,56,61,609.39
2025-12-19,JP,P008,46,51,662.49
2025-12-19,JP,P009,108,120,3598.8
2025-12-19,JP,P010,61,69,344.31
2025-12-19,JP,P011,36,37,739.63
2025-12-19,JP,P012,19,20,1599.8
2025-12-19,GLOBAL_WEST,P001,319,344,340.56
2025-12-19,GLOBAL_WEST,P002,147,161,803.39
2025-12-19,GLOBAL_WEST,P003,127,134,2008.66
2025-12-19,GLOBAL_WEST,P004,82,89,1779.11
2025-12-19,GLOBAL_WEST,P005,147,158,1262.42
2025-12-19,GLOBAL_WEST,P006,90,93,2324.07
2025-12-19,GLOBAL_WEST,P007,77,80,799.2
2025-12-19,GLOBAL_WEST,P008,64,74,961.26
2025-12-19,GLOBAL_WEST,P009,153,160,4798.4
2025-12-19,GLOBAL_WEST,P010,78,81,404.19
2025-12-19,GLOBAL_WEST,P011,33,37,739.63
2025-12-19,GLOBAL_WEST,P012,55,60,4799.4
2025-12-20,KR,P001,205,213,210.87
2025-12-20,KR,P002,113,120,598.8
2025-12-20,KR,P003,80,83,1244.17
2025-12-20,KR,P004,74,85,1699.15
2025-12-20,KR,P005,97,104,830.96
2025-12-20,KR,P006,53,58,1449.42
2025-12-20,KR,P007,75,83,829.17
2025-12-20,KR,P008,56,62,805.38
2025-12-20,KR,P009,105,111,3328.89
2025-12-20,KR,P010,59,66,329.34
2025-12-20,KR,P011,39,40,799.6
2025-12-20,KR,P012,13,13,1039.87
2025-12-20,JP,P001,186,196,194.04
2025-12-20,JP,P002,98,102,508.98
2025-12-20,JP,P003,91,97,1454.03
2025-12-20,JP,P004,82,86,1719.14
2025-12-20,JP,P005,113,122,974.78
2025-12-20,JP,P006,68,74,1849.26
2025-12-20,JP,P007,70,80,799.2
2025-12-20,JP,P008,59,63,818.37
2025-12-20,JP,P009,93,99,2969.01
2025-12-20,JP,P010,54,60,299.4
2025-12-20,JP,P011,43,45,899.55
2025-12-20,JP,P012,0,0,0.0
2025-12-20,GLOBAL_WEST,P001,296,330,326.7
2025-12-20,GLOBAL_WEST,P002,123,138,688.62
2025-12-20,GLOBAL_WEST,P003,115,119,1783.81
2025-12-20,GLOBAL_WEST,P004,133,143,2858.57
2025-12-20,GLOBAL_WEST,P005,156,172,1374.28
2025-12-20,GLOBAL_WEST,P006,90,95,2374.05
2025-12-20,GLOBAL_WEST,P007,80,90,899.1
2025-12-20,GLOBAL_WEST,P008,75,77,1000.23
2025-12-20,GLOBAL_WEST,P009,133,148,4438.52
2025-12-20,GLOBAL_WEST,P010,94,100,499.0
2025-12-20,GLOBAL_WEST,P011,32,35,699.65
2025-12-20,GLOBAL_WEST,P012,6,6,479.94
2025-12-21,KR,P001,199,214,211.86
2025-12-21,KR,P002,93,99,494.01
2025-12-21,KR,P003,100,106,1588.94
2025-12-21,KR,P004,87,94,1879.06
2025-12-21,KR,P005,108,114,910.86
2025-12-21,KR,P006,66,70,1749.3
2025-12-21,KR,P007,66,71,709.29
2025-12-21,KR,P008,47,53,688.47
2025-12-21,KR,P009,91,97,2909.03
2025-12-21,KR,P010,67,72,359.28
2025-12-21,KR,P011,40,44,879.56
2025-12-21,KR,P012,22,24,1919.76
2025-12-21,JP,P001,207,226,223.74
2025-12-21,JP,P002,103,114,568.86
2025-12-21,JP,P003,88,91,1364.09
2025-12-21,JP,P004,74,81,1619.19
2025-12-21,JP,P005,110,125,998.75
2025-12-21,JP,P006,63,66,1649.34
2025-12-21,JP,P007,66,72,719.28
2025-12-21,JP,P008,64,68,883.32
2025-12-21,JP,P009,103,110,3298.9
2025-12-21,JP,P010,60,62,309.38
2025-12-21,JP,P011,33,34,679.66
2025-12-21,JP,P012,19,19,1519.81
2025-12-21,GLOBAL_WEST,P001,331,367,363.33
2025-12-21,GLOBAL_WEST,P002,168,177,883.23
2025-12-21,GLOBAL_WEST,P003,153,168,2518.32
2025-12-21,GLOBAL_WEST,P004,115,124,2478.76
2025-12-21,GLOBAL_WEST,P005,125,133,1062.67
2025-12-21,GLOBAL_WEST,P006,63,66,1649.34
2025-12-21,GLOBAL_WEST,P007,82,92,919.08
2025-12-21,GLOBAL_WEST,P008,93,97,1260.03
2025-12-21,GLOBAL_WEST,P009,162,169,5068.31
2025-12-21,GLOBAL_WEST,P010,67,72,359.28
2025-12-21,GLOBAL_WEST,P011,57,62,1239.38
2025-12-21,GLOBAL_WEST,P012,27,29,2319.71
2025-12-22,KR,P001,182,189,187.11
2025-12-22,KR,P002,104,110,548.9
2025-12-22,KR,P003,96,105,1573.95
2025-12-22,KR,P004,63,66,1319.34
2025-12-22,KR,P005,98,107,854.93
2025-12-22,KR,P006,68,72,1799.28
2025-12-22,KR,P007,62,65,649.35
2025-12-22,KR,P008,42,42,545.58
2025-12-22,KR,P009,95,102,3058.98
2025-12-22,KR,P010,62,66,329.34
2025-12-22,KR,P011,51,55,1099.45
2025-12-22,KR,P012,13,14,1119.86
2025-12-22,JP,P001,216,233,230.67
2025-12-22,JP,P002,107,113,563.87
2025-12-22,JP,P003,104,107,1603.93
2025-12-22,JP,P004,84,90,1799.1
2025-12-22,JP,P005,100,107,854.93
2025-12-22,JP,P006,56,63,1574.37
2025-12-22,JP,P007,64,67,669.33
2025-12-22,JP,P008,57,62,805.38
2025-12-22,JP,P009,112,118,3538.82
2025-12-22,JP,P010,76,83,414.17
2025-12-22,JP,P011,39,41,819.59
2025-12-22,JP,P012,29,31,2479.69
2025-12-22,GLOBAL_WEST,P001,305,338,334.62
2025-12-22,GLOBAL_WEST,P002,156,172,858.28
2025-12-22,GLOBAL_WEST,P003,142,155,2323.45
2025-12-22,GLOBAL_WEST,P004,125,134,2678.66
2025-12-22,GLOBAL_WEST,P005,136,139,1110.61
2025-12-22,GLOBAL_WEST,P006,103,109,2723.91
2025-12-22,GLOBAL_WEST,P007,90,104,1038.96
2025-12-22,GLOBAL_WEST,P008,62,68,883.32
2025-12-22,GLOBAL_WEST,P009,167,187,5608.13
2025-12-22,GLOBAL_WEST,P010,84,91,454.09
2025-12-22,GLOBAL_WEST,P011,58,60,1199.4
2025-12-22,GLOBAL_WEST,P012,48,50,3999.5
2025-12-23,KR,P001,199,220,217.8
2025-12-23,KR,P002,83,92,459.08
2025-12-23,KR,P003,88,94,1409.06
2025-12-23,KR,P004,67,71,1419.29
2025-12-23,KR,P005,105,112,894.88
2025-12-23,KR,P006,54,59,1474.41
2025-12-23,KR,P007,63,70,699.3
2025-12-23,KR,P008,57,65,844.35
2025-12-23,KR,P009,110,125,3748.75
2025-12-23,KR,P010,47,50,249.5
2025-12-23,KR,P011,29,31,619.69
2025-12-23,KR,P012,22,24,1919.76
2025-12-23,JP,P001,199,216,213.84
2025-12-23,JP,P002,97,104,518.96
2025-12-23,JP,P003,75,80,1199.2
2025-12-23,JP,P004,78,84,1679.16
2025-12-23,JP,P005,93,102,814.98
2025-12-23,JP,P006,55,60,1499.4
2025-12-23,JP,P007,57,63,629.37
2025-12-23,JP,P008,48,53,688.47
2025-12-23,JP,P009,97,103,3088.97
2025-12-23,JP,P010,45,48,239.52
2025-12-23,JP,P011,29,31,619.69
2025-12-23,JP,P012,23,25,1999.75
2025-12-23,GLOBAL_WEST,P001,308,338,334.62
2025-12-23,GLOBAL_WEST,P002,172,195,973.05
2025-12-23,GLOBAL_WEST,P003,120,127,1903.73
2025-12-23,GLOBAL_WEST,P004,118,127,2538.73
2025-12-23,GLOBAL_WEST,P005,139,146,1166.54
2025-12-23,GLOBAL_WEST,P006,79,86,2149.14
2025-12-23,GLOBAL_WEST,P007,112,119,1188.81
2025-12-23,GLOBAL_WEST,P008,76,77,1000.23
2025-12-23,GLOBAL_WEST,P009,157,168,5038.32
2025-12-23,GLOBAL_WEST,P010,84,93,464.07
2025-12-23,GLOBAL_WEST,P011,64,67,1339.33
2025-12-23,GLOBAL_WEST,P012,12,12,959.88
2025-12-24,KR,P001,183,202,199.98
2025-12-24,KR,P002,103,111,553.89
2025-12-24,KR,P003,96,103,1543.97
2025-12-24,KR,P004,56,61,1219.39
2025-12-24,KR,P005,100,109,870.91
2025-12-24,KR,P006,51,53,1324.47
2025-12-24,KR,P007,52,58,579.42
2025-12-24,KR,P008,49,56,727.44
2025-12-24,KR,P009,90,96,2879.04
2025-12-24,KR,P010,56,59,294.41
2025-12-24,KR,P011,38,41,819.59
2025-12-24,KR,P012,35,38,3039.62
2025-12-24,JP,P001,208,241,238.59
2025-12-24,JP,P002,98,104,518.96
2025-12-24,JP,P003,103,106,1588.94
2025-12-24,JP,P004,71,79,1579.21
2025-12-24,JP,P005,121,134,1070.66
2025-12-24,JP,P006,40,44,1099.56
2025-12-24,JP,P007,64,68,679.32
2025-12-24,JP,P008,56,60,779.4
2025-12-24,JP,P009,107,116,3478.84
2025-12-24,JP,P010,68,76,379.24
2025-12-24,JP,P011,42,44,879.56
2025-12-24,JP,P012,21,21,1679.79
2025-12-24,GLOBAL_WEST,P001,336,359,355.41
2025-12-24,GLOBAL_WEST,P002,178,201,1002.99
2025-12-24,GLOBAL_WEST,P003,160,164,2458.36
2025-12-24,GLOBAL_WEST,P004,119,132,2638.68
2025-12-24,GLOBAL_WEST,P005,168,175,1398.25
2025-12-24,GLOBAL_WEST,P006,66,71,1774.29
2025-12-24,GLOBAL_WEST,P007,87,92,919.08
2025-12-24,GLOBAL_WEST,P008,83,89,1156.11
2025-12-24,GLOBAL_WEST,P009,170,187,5608.13
2025-12-24,GLOBAL_WEST,P010,112,130,648.7
2025-12-24,GLOBAL_WEST,P011,44,47,939.53
2025-12-24,GLOBAL_WEST,P012,27,28,2239.72
2025-12-25,KR,P001,209,216,213.84
2025-12-25,KR,P002,105,112,558.88
2025-12-25,KR,P003,86,93,1394.07
2025-12-25,KR,P004,89,90,1799.1
2025-12-25,KR,P005,98,104,830.96
2025-12-25,KR,P006,48,51,1274.49
2025-12-25,KR,P007,61,64,639.36
2025-12-25,KR,P008,49,52,675.48
2025-12-25,KR,P009,105,112,3358.88
2025-12-25,KR,P010,56,59,294.41
2025-12-25,KR,P011,36,39,779.61
2025-12-25,KR,P012,15,15,1199.85
2025-12-25,JP,P001,210,230,227.7
2025-12-25,JP,P002,86,91,454.09
2025-12-25,JP,P003,99,104,1558.96
2025-12-25,JP,P004,102,107,2138.93
2025-12-25,JP,P005,113,120,958.8
2025-12-25,JP,P006,51,55,1374.45
2025-12-25,JP,P007,49,53,529.47
2025-12-25,JP,P008,59,62,805.38
2025-12-25,JP,P009,119,126,3778.74
2025-12-25,JP,P010,65,66,329.34
2025-12-25,JP,P011,25,27,539.73
2025-12-25,JP,P012,19,20,1599.8
2025-12-25,GLOBAL_WEST,P001,320,347,343.53
2025-12-25,GLOBAL_WEST,P002,133,142,708.58
2025-12-25,GLOBAL_WEST,P003,119,125,1873.75
2025-12-25,GLOBAL_WEST,P004,116,116,2318.84
2025-12-25,GLOBAL_WEST,P005,153,158,1262.42
2025-12-25,GLOBAL_WEST,P006,96,106,2648.94
2025-12-25,GLOBAL_WEST,P007,128,138,1378.62
2025-12-25,GLOBAL_WEST,P008,69,74,961.26
2025-12-25,GLOBAL_WEST,P009,169,176,5278.24
2025-12-25,GLOBAL_WEST,P010,84,93,464.07
2025-12-25,GLOBAL_WEST,P011,43,46,919.54
2025-12-25,GLOBAL_WEST,P012,22,23,1839.77
2025-12-26,KR,P001,228,246,243.54
2025-12-26,KR,P002,108,113,563.87
2025-12-26,KR,P003,110,119,1783.81
2025-12-26,KR,P004,79,89,1779.11
2025-12-26,KR,P005,96,101,806.99
2025-12-26,KR,P006,76,83,2074.17
2025-12-26,KR,P007,46,48,479.52
2025-12-26,KR,P008,55,59,766.41
2025-12-26,KR,P009,101,113,3388.87
2025-12-26,KR,P010,53,55,274.45
2025-12-26,KR,P011,52,53,1059.47
2025-12-26,KR,P012,13,13,1039.87
2025-12-26,JP,P001,212,226,223.74
2025-12-26,JP,P002,101,111,553.89
2025-12-26,JP,P003,81,87,1304.13
2025-12-26,JP,P004,72,80,1599.2
2025-12-26,JP,P005,111,124,990.76
2025-12-26,JP,P006,55,57,1424.43
2025-12-26,JP,P007,54,58,579.42
2025-12-26,JP,P008,52,57,740.43
2025-12-26,JP,P009,123,135,4048.65
2025-12-26,JP,P010,54,59,294.41
2025-12-26,JP,P011,39,43,859.57
2025-12-26,JP,P012,8,9,719.91
2025-12-26,GLOBAL_WEST,P001,315,344,340.56
2025-12-26,GLOBAL_WEST,P002,157,172,858.28
2025-12-26,GLOBAL_WEST,P003,151,163,2443.37
2025-12-26,GLOBAL_WEST,P004,114,126,2518.74
2025-12-26,GLOBAL_WEST,P005,153,170,1358.3
2025-12-26,GLOBAL_WEST,P006,100,104,2598.96
2025-12-26,GLOBAL_WEST,P007,122,135,1348.65
2025-12-26,GLOBAL_WEST,P008,91,98,1273.02
2025-12-26,GLOBAL_WEST,P009,149,160,4798.4
2025-12-26,GLOBAL_WEST,P010,99,108,538.92
2025-12-26,GLOBAL_WEST,P011,48,51,1019.49
2025-12-26,GLOBAL_WEST,P012,2,3,239.97
2025-12-27,KR,P001,198,207,204.93
2025-12-27,KR,P002,108,118,588.82
2025-12-27,KR,P003,103,114,1708.86
2025-12-27,KR,P004,76,82,1639.18
2025-12-27,KR,P005,79,84,671.16
2025-12-27,KR,P006,53,56,1399.44
2025-12-27,KR,P007,47,51,509.49
2025-12-27,KR,P008,54,61,792.39
2025-12-27,KR,P009,114,121,3628.79
2025-12-27,KR,P010,75,79,394.21
2025-12-27,KR,P011,36,41,819.59
2025-12-27,KR,P012,14,15,1199.85
2025-12-27,JP,P001,213,238,235.62
2025-12-27,JP,P002,106,120,598.8
2025-12-27,JP,P003,78,83,1244.17
2025-12-27,JP,P004,82,89,1779.11
2025-12-27,JP,P005,100,106,846.94
2025-12-27,JP,P006,62,69,1724.31
2025-12-27,JP,P007,80,88,879.12
2025-12-27,JP,P008,52,56,727.44
2025-12-27,JP,P009,115,125,3748.75
2025-12-27,JP,P010,44,49,244.51
2025-12-27,JP,P011,48,53,1059.47
2025-12-27,JP,P012,5,5,399.95
2025-12-27,GLOBAL_WEST,P001,313,329,325.71
2025-12-27,GLOBAL_WEST,P002,155,171,853.29
2025-12-27,GLOBAL_WEST,P003,132,144,2158.56
2025-12-27,GLOBAL_WEST,P004,81,88,1759.12
2025-12-27,GLOBAL_WEST,P005,152,161,1286.39
2025-12-27,GLOBAL_WEST,P006,86,88,2199.12
2025-12-27,GLOBAL_WEST,P007,92,98,979.02
2025-12-27,GLOBAL_WEST,P008,74,83,1078.17
2025-12-27,GLOBAL_WEST,P009,150,157,4708.43
2025-12-27,GLOBAL_WEST,P010,91,96,479.04
2025-12-27,GLOBAL_WEST,P011,77,81,1619.19
2025-12-27,GLOBAL_WEST,P012,26,28,2239.72
2025-12-28,KR,P001,206,221,218.79
2025-12-28,KR,P002,111,119,593.81
2025-12-28,KR,P003,86,90,1349.1
2025-12-28,KR,P004,78,82,1639.18
2025-12-28,KR,P005,97,105,838.95
2025-12-28,KR,P006,57,62,1549.38
2025-12-28,KR,P007,60,61,609.39
2025-12-28,KR,P008,51,54,701.46
2025-12-28,KR,P009,122,125,3748.75
2025-12-28,KR,P010,51,56,279.44
2025-12-28,KR,P011,47,51,1019.49
2025-12-28,KR,P012,22,24,1919.76
2025-12-28,JP,P001,215,228,225.72
2025-12-28,JP,P002,99,109,543.91
2025-12-28,JP,P003,95,98,1469.02
2025-12-28,JP,P004,78,84,1679.16
2025-12-28,JP,P005,98,108,862.92
2025-12-28,JP,P006,53,60,1499.4
2025-12-28,JP,P007,46,51,509.49
2025-12-28,JP,P008,40,44,571.56
2025-12-28,JP,P009,112,116,3478.84
2025-12-28,JP,P010,73,81,404.19
2025-12-28,JP,P011,37,42,839.58
2025-12-28,JP,P012,14,15,1199.85
2025-12-28,GLOBAL_WEST,P001,329,361,357.39
2025-12-28,GLOBAL_WEST,P002,143,151,753.49
2025-12-28,GLOBAL_WEST,P003,129,140,2098.6
2025-12-28,GLOBAL_WEST,P004,140,145,2898.55
2025-12-28,GLOBAL_WEST,P005,126,138,1102.62
2025-12-28,GLOBAL_WEST,P006,93,98,2449.02
2025-12-28,GLOBAL_WEST,P007,86,91,909.09
2025-12-28,GLOBAL_WEST,P008,97,103,1337.97
2025-12-28,GLOBAL_WEST,P009,187,203,6087.97
2025-12-28,GLOBAL_WEST,P010,92,97,484.03
2025-12-28,GLOBAL_WEST,P011,50,53,1059.47
2025-12-28,GLOBAL_WEST,P012,0,0,0.0
2025-12-29,KR,P001,203,215,212.85
2025-12-29,KR,P002,103,111,553.89
2025-12-29,KR,P003,83,89,1334.11
2025-12-29,KR,P004,81,87,1739.13
2025-12-29,KR,P005,106,113,902.87
2025-12-29,KR,P006,52,60,1499.4
2025-12-29,KR,P007,59,64,639.36
2025-12-29,KR,P008,54,58,753.42
2025-12-29,KR,P009,111,122,3658.78
2025-12-29,KR,P010,64,71,354.29
2025-12-29,KR,P011,33,34,679.66
2025-12-29,KR,P012,0,0,0.0
2025-12-29,JP,P001,198,210,207.9
2025-12-29,JP,P002,104,107,533.93
2025-12-29,JP,P003,90,92,1379.08
2025-12-29,JP,P004,82,86,1719.14
2025-12-29,JP,P005,116,133,1062.67
2025-12-29,JP,P006,55,59,1474.41
2025-12-29,JP,P007,67,72,719.28
2025-12-29,JP,P008,63,66,857.34
2025-12-29,JP,P009,115,130,3898.7
2025-12-29,JP,P010,72,72,359.28
2025-12-29,JP,P011,40,42,839.58
2025-12-29,JP,P012,0,0,0.0
2025-12-29,GLOBAL_WEST,P001,312,352,348.48
2025-12-29,GLOBAL_WEST,P002,147,156,778.44
2025-12-29,GLOBAL_WEST,P003,163,173,2593.27
2025-12-29,GLOBAL_WEST,P004,114,121,2418.79
2025-12-29,GLOBAL_WEST,P005,153,159,1270.41
2025-12-29,GLOBAL_WEST,P006,72,79,1974.21
2025-12-29,GLOBAL_WEST,P007,90,98,979.02
2025-12-29,GLOBAL_WEST,P008,75,81,1052.19
2025-12-29,GLOBAL_WEST,P009,159,166,4978.34
2025-12-29,GLOBAL_WEST,P010,79,87,434.13
2025-12-29,GLOBAL_WEST,P011,43,46,919.54
2025-12-29,GLOBAL_WEST,P012,27,29,2319.71
2025-12-30,KR,P001,197,217,214.83
2025-12-30,KR,P002,99,103,513.97
2025-12-30,KR,P003,89,92,1379.08
2025-12-30,KR,P004,61,62,1239.38
2025-12-30,KR,P005,109,121,966.79
2025-12-30,KR,P006,61,63,1574.37
2025-12-30,KR,P007,60,65,649.35
2025-12-30,KR,P008,58,62,805.38
2025-12-30,KR,P009,121,133,3988.67
2025-12-30,KR,P010,55,62,309.38
2025-12-30,KR,P011,21,21,419.79
2025-12-30,KR,P012,7,8,639.92
2025-12-30,JP,P001,190,206,203.94
2025-12-30,JP,P002,82,86,429.14
2025-12-30,JP,P003,85,90,1349.1
2025-12-30,JP,P004,72,78,1559.22
2025-12-30,JP,P005,110,120,958.8
2025-12-30,JP,P006,48,52,1299.48
2025-12-30,JP,P007,62,68,679.32
2025-12-30,JP,P008,64,70,909.3
2025-12-30,JP,P009,102,106,3178.94
2025-12-30,JP,P010,54,56,279.44
2025-12-30,JP,P011,25,26,519.74
2025-12-30,JP,P012,8,8,639.92
2025-12-30,GLOBAL_WEST,P001,334,369,365.31
2025-12-30,GLOBAL_WEST,P002,181,186,928.14
2025-12-30,GLOBAL_WEST,P003,139,157,2353.43
2025-12-30,GLOBAL_WEST,P004,151,162,3238.38
2025-12-30,GLOBAL_WEST,P005,173,198,1582.02
2025-12-30,GLOBAL_WEST,P006,111,122,3048.78
2025-12-30,GLOBAL_WEST,P007,107,109,1088.91
2025-12-30,GLOBAL_WEST,P008,73,79,1026.21
2025-12-30,GLOBAL_WEST,P009,172,183,5488.17
2025-12-30,GLOBAL_WEST,P010,107,114,568.86
2025-12-30,GLOBAL_WEST,P011,88,97,1939.03
2025-12-30,GLOBAL_WEST,P012,15,16,1279.84
2025-12-31,KR,P001,188,202,199.98
2025-12-31,KR,P002,98,113,563.87
2025-12-31,KR,P003,87,95,1424.05
2025-12-31,KR,P004,66,70,1399.3
2025-12-31,KR,P005,127,141,1126.59
2025-12-31,KR,P006,57,61,1524.39
2025-12-31,KR,P007,62,65,649.35
2025-12-31,KR,P008,59,63,818.37
2025-12-31,KR,P009,99,102,3058.98
2025-12-31,KR,P010,62,64,319.36
2025-12-31,KR,P011,39,41,819.59
2025-12-31,KR,P012,11,11,879.89
2025-12-31,JP,P001,221,248,245.52
2025-12-31,JP,P002,117,121,603.79
2025-12-31,JP,P003,98,108,1618.92
2025-12-31,JP,P004,78,85,1699.15
2025-12-31,JP,P005,111,117,934.83
2025-12-31,JP,P006,35,39,974.61
2025-12-31,JP,P007,50,53,529.47
2025-12-31,JP,P008,60,66,857.34
2025-12-31,JP,P009,118,125,3748.75
2025-12-31,JP,P010,58,63,314.37
2025-12-31,JP,P011,43,48,959.52
2025-12-31,JP,P012,5,5,399.95
2025-12-31,GLOBAL_WEST,P001,353,388,384.12
2025-12-31,GLOBAL_WEST,P002,144,152,758.48
2025-12-31,GLOBAL_WEST,P003,135,145,2173.55
2025-12-31,GLOBAL_WEST,P004,112,124,2478.76
2025-12-31,GLOBAL_WEST,P005,145,156,1246.44
2025-12-31,GLOBAL_WEST,P006,95,100,2499.0
2025-12-31,GLOBAL_WEST,P007,92,96,959.04
2025-12-31,GLOBAL_WEST,P008,92,97,1260.03
2025-12-31,GLOBAL_WEST,P009,162,174,5218.26
2025-12-31,GLOBAL_WEST,P010,95,99,494.01
2025-12-31,GLOBAL_WEST,P011,68,70,1399.3
2025-12-31,GLOBAL_WEST,P012,33,35,2799.65
