event_id,user_id,occurred_at_utc,received_at_utc
e000000,u0000,2025-01-01T09:00:00,2025-01-01T09:00:00
e000001,u0000,2025-01-02T20:00:00,2025-01-02T20:00:00
e000002,u0000,2025-01-03T07:00:00,2025-01-03T07:00:00
e000003,u0000,2025-01-05T21:00:00,2025-01-05T21:00:00
e000004,u0000,2025-01-06T13:00:00,2025-01-06T13:00:00
e000005,u0000,2025-01-07T22:00:00,2025-01-07T22:00:00
e000006,u0000,2025-01-11T21:00:00,2025-01-11T21:00:00
e000007,u0000,2025-01-15T00:00:00,2025-01-15T00:00:00
e000008,u0000,2025-01-20T07:00:00,2025-01-20T07:00:00
e000009,u0000,2025-01-21T07:00:00,2025-01-21T07:00:00
e000010,u0000,2025-01-23T19:00:00,2025-01-23T19:00:00
e000011,u0000,2025-01-28T01:00:00,2025-01-28T01:00:00
e000012,u0000,2025-01-30T09:00:00,2025-01-30T09:00:00
e000013,u0000,2025-01-30T09:00:00,2025-01-30T09:00:00
e000014,u0000,2025-01-31T17:00:00,2025-01-31T17:00:00
e000015,u0000,2025-01-31T17:00:00,2025-01-31T17:00:00
e000016,u0000,2025-02-22T16:00:00,2025-02-22T16:00:00
e000017,u0000,2025-03-10T04:00:00,2025-03-10T04:00:00
e000018,u0001,2025-01-02T13:00:00,2025-01-02T13:00:00
e000019,u0001,2025-01-03T23:00:00,2025-01-03T23:00:00
e000020,u0001,2025-01-04T00:00:00,2025-01-04T00:00:00
e000021,u0001,2025-01-10T09:00:00,2025-01-10T09:00:00
e000022,u0001,2025-01-10T09:00:00,2025-01-10T09:00:00
e000023,u0001,2025-01-22T15:00:00,2025-01-22T15:00:00
e000024,u0001,2025-02-02T11:00:00,2025-02-02T11:00:00
e000025,u0001,2025-02-14T08:00:00,2025-02-14T08:00:00
e000026,u0001,2025-02-14T08:00:00,2025-02-14T08:00:00
e000027,u0001,2025-02-16T22:00:00,2025-02-16T22:00:00
e000028,u0001,2025-02-21T11:00:00,2025-02-21T11:00:00
e000029,u0001,2025-02-21T11:00:00,2025-02-21T11:00:00
e000030,u0001,2025-03-07T17:00:00,2025-03-07T17:00:00
e000030,u0001,2025-03-07T17:00:00,2025-03-07T19:00:00
e000032,u0001,2025-03-07T17:00:00,2025-03-07T17:00:00
e000033,u0001,2025-03-08T16:00:00,2025-03-08T16:00:00
e000034,u0001,2025-03-19T01:00:00,2025-03-19T01:00:00
e000035,u0001,2025-03-19T01:00:00,2025-03-19T01:00:00
e000036,u0001,2025-03-21T23:00:00,2025-03-21T23:00:00
e000037,u0001,2025-03-29T13:00:00,2025-03-29T13:00:00
e000038,u0002,2025-01-03T22:00:00,2025-01-03T22:00:00
e000039,u0002,2025-01-04T15:00:00,2025-01-04T15:00:00
e000040,u0002,2025-01-05T03:00:00,2025-01-05T03:00:00
e000041,u0002,2025-01-08T05:00:00,2025-01-08T05:00:00
e000042,u0002,2025-01-11T07:00:00,2025-01-11T07:00:00
e000043,u0002,2025-01-19T15:00:00,2025-01-19T15:00:00
e000044,u0002,2025-01-22T08:00:00,2025-01-22T08:00:00
e000045,u0002,2025-01-23T09:00:00,2025-01-23T09:00:00
e000046,u0002,2025-01-31T02:00:00,2025-01-31T02:00:00
e000047,u0002,2025-01-31T02:00:00,2025-01-31T02:00:00
e000048,u0002,2025-02-20T22:00:00,2025-02-20T22:00:00
e000049,u0002,2025-02-26T09:00:00,2025-02-26T09:00:00
e000050,u0002,2025-02-26T09:00:00,2025-02-26T09:00:00
e000051,u0002,2025-03-07T17:00:00,2025-03-07T17:00:00
e000052,u0002,2025-03-14T02:00:00,2025-03-14T02:00:00
e000052,u0002,2025-03-14T02:00:00,2025-03-14T04:00:00
e000054,u0002,2025-03-25T16:00:00,2025-03-25T16:00:00
e000055,u0002,2025-03-26T16:00:00,2025-03-26T16:00:00
e000056,u0002,2025-03-28T12:00:00,2025-03-28T12:00:00
e000057,u0003,2025-01-04T03:00:00,2025-01-04T03:00:00
e000058,u0003,2025-01-12T00:00:00,2025-01-12T00:00:00
e000059,u0003,2025-01-16T09:00:00,2025-01-16T09:00:00
e000060,u0003,2025-01-16T09:00:00,2025-01-16T09:00:00
e000061,u0003,2025-01-20T11:00:00,2025-01-20T11:00:00
e000062,u0003,2025-01-22T14:00:00,2025-01-22T14:00:00
e000063,u0003,2025-01-23T19:00:00,2025-01-23T19:00:00
e000064,u0003,2025-01-25T10:00:00,2025-01-25T10:00:00
e000065,u0003,2025-02-01T13:00:00,2025-02-01T13:00:00
e000066,u0003,2025-02-02T20:00:00,2025-02-02T20:00:00
e000067,u0003,2025-02-03T19:00:00,2025-02-03T19:00:00
e000067,u0003,2025-02-03T19:00:00,2025-02-03T21:00:00
e000069,u0003,2025-02-09T12:00:00,2025-02-09T12:00:00
e000070,u0003,2025-02-11T00:00:00,2025-02-11T00:00:00
e000071,u0003,2025-02-13T15:00:00,2025-02-13T15:00:00
e000072,u0003,2025-02-16T22:00:00,2025-02-16T22:00:00
e000073,u0003,2025-02-16T22:00:00,2025-02-16T22:00:00
e000074,u0003,2025-02-19T03:00:00,2025-02-19T03:00:00
e000075,u0003,2025-02-20T06:00:00,2025-02-20T06:00:00
e000076,u0003,2025-02-26T07:00:00,2025-02-26T07:00:00
e000077,u0003,2025-03-04T04:00:00,2025-03-04T04:00:00
e000078,u0003,2025-03-10T01:00:00,2025-03-10T01:00:00
e000079,u0003,2025-03-10T01:00:00,2025-03-10T01:00:00
e000080,u0003,2025-03-24T08:00:00,2025-03-24T08:00:00
e000081,u0004,2025-01-05T04:00:00,2025-01-05T04:00:00
e000082,u0004,2025-01-07T18:00:00,2025-01-07T18:00:00
e000083,u0004,2025-01-07T18:00:00,2025-01-07T18:00:00
e000084,u0004,2025-01-09T08:00:00,2025-01-09T08:00:00
e000085,u0004,2025-01-11T15:00:00,2025-01-11T15:00:00
e000085,u0004,2025-01-11T15:00:00,2025-01-11T17:00:00
e000087,u0004,2025-01-11T15:00:00,2025-01-11T15:00:00
e000088,u0004,2025-01-12T03:00:00,2025-01-12T03:00:00
e000089,u0004,2025-01-13T00:00:00,2025-01-13T00:00:00
e000090,u0004,2025-01-14T22:00:00,2025-01-14T22:00:00
e000091,u0004,2025-01-14T22:00:00,2025-01-14T22:00:00
e000092,u0004,2025-01-17T12:00:00,2025-01-17T12:00:00
e000093,u0004,2025-01-18T09:00:00,2025-01-18T09:00:00
e000094,u0004,2025-01-19T21:00:00,2025-01-19T21:00:00
e000095,u0004,2025-02-16T12:00:00,2025-02-16T12:00:00
e000096,u0004,2025-02-23T09:00:00,2025-02-23T09:00:00
e000097,u0004,2025-03-10T17:00:00,2025-03-10T17:00:00
e000098,u0004,2025-03-27T04:00:00,2025-03-27T04:00:00
e000098,u0004,2025-03-27T04:00:00,2025-03-27T06:00:00
e000100,u0004,2025-03-27T04:00:00,2025-03-27T04:00:00
e000101,u0005,2025-01-06T18:00:00,2025-01-06T18:00:00
e000102,u0005,2025-01-07T16:00:00,2025-01-07T16:00:00
e000103,u0005,2025-01-07T16:00:00,2025-01-07T16:00:00
e000104,u0005,2025-01-08T06:00:00,2025-01-08T06:00:00
e000105,u0005,2025-01-09T03:00:00,2025-01-09T03:00:00
e000106,u0005,2025-01-11T15:00:00,2025-01-11T15:00:00
e000107,u0005,2025-01-14T20:00:00,2025-01-14T20:00:00
e000108,u0005,2025-01-15T19:00:00,2025-01-15T19:00:00
e000108,u0005,2025-01-15T19:00:00,2025-01-15T21:00:00
e000110,u0005,2025-01-18T18:00:00,2025-01-18T18:00:00
e000111,u0005,2025-01-19T07:00:00,2025-01-19T07:00:00
e000112,u0005,2025-01-20T12:00:00,2025-01-20T12:00:00
e000113,u0005,2025-01-22T08:00:00,2025-01-22T08:00:00
e000114,u0005,2025-01-26T02:00:00,2025-01-26T02:00:00
e000115,u0005,2025-01-31T09:00:00,2025-01-31T09:00:00
e000116,u0005,2025-02-02T13:00:00,2025-02-02T13:00:00
e000117,u0005,2025-02-04T23:00:00,2025-02-04T23:00:00
e000118,u0005,2025-02-05T01:00:00,2025-02-05T01:00:00
e000119,u0005,2025-02-06T07:00:00,2025-02-06T07:00:00
e000120,u0005,2025-02-21T17:00:00,2025-02-21T17:00:00
e000121,u0005,2025-03-10T11:00:00,2025-03-10T11:00:00
e000122,u0005,2025-03-27T02:00:00,2025-03-27T02:00:00
e000122,u0005,2025-03-27T02:00:00,2025-03-27T04:00:00
e000124,u0006,2025-01-07T00:00:00,2025-01-07T00:00:00
e000125,u0006,2025-01-09T23:00:00,2025-01-09T23:00:00
e000126,u0006,2025-01-10T18:00:00,2025-01-10T18:00:00
e000127,u0006,2025-01-11T15:00:00,2025-01-11T15:00:00
e000128,u0006,2025-01-11T15:00:00,2025-01-11T15:00:00
e000129,u0006,2025-01-12T23:00:00,2025-01-12T23:00:00
e000130,u0006,2025-01-14T21:00:00,2025-01-14T21:00:00
e000131,u0006,2025-01-15T04:00:00,2025-01-15T04:00:00
e000132,u0006,2025-01-16T22:00:00,2025-01-16T22:00:00
e000133,u0006,2025-01-18T18:00:00,2025-01-18T18:00:00
e000134,u0006,2025-01-20T02:00:00,2025-01-20T02:00:00
e000135,u0006,2025-01-21T06:00:00,2025-01-21T06:00:00
e000136,u0006,2025-01-22T22:00:00,2025-01-22T22:00:00
e000137,u0006,2025-01-23T07:00:00,2025-01-23T07:00:00
e000138,u0006,2025-01-26T23:00:00,2025-01-26T23:00:00
e000139,u0006,2025-01-28T17:00:00,2025-01-28T17:00:00
e000140,u0006,2025-02-01T06:00:00,2025-02-01T06:00:00
e000141,u0006,2025-02-04T10:00:00,2025-02-04T10:00:00
e000142,u0006,2025-02-04T10:00:00,2025-02-04T10:00:00
e000143,u0006,2025-02-06T02:00:00,2025-02-06T02:00:00
e000144,u0006,2025-02-13T07:00:00,2025-02-13T07:00:00
e000145,u0006,2025-02-19T02:00:00,2025-02-19T02:00:00
e000146,u0006,2025-02-23T05:00:00,2025-02-23T05:00:00
e000147,u0006,2025-03-02T08:00:00,2025-03-02T08:00:00
e000148,u0006,2025-03-05T01:00:00,2025-03-05T01:00:00
e000149,u0006,2025-03-08T04:00:00,2025-03-08T04:00:00
e000150,u0006,2025-03-11T21:00:00,2025-03-11T21:00:00
e000151,u0006,2025-03-22T21:00:00,2025-03-22T21:00:00
e000152,u0007,2025-01-08T13:00:00,2025-01-08T13:00:00
e000153,u0007,2025-01-10T07:00:00,2025-01-10T07:00:00
e000154,u0007,2025-01-12T10:00:00,2025-01-12T10:00:00
e000155,u0007,2025-01-12T10:00:00,2025-01-12T10:00:00
e000156,u0007,2025-01-13T18:00:00,2025-01-13T18:00:00
e000157,u0007,2025-01-14T23:00:00,2025-01-14T23:00:00
e000158,u0007,2025-01-15T18:00:00,2025-01-15T18:00:00
e000159,u0007,2025-01-16T02:00:00,2025-01-16T02:00:00
e000160,u0007,2025-01-17T17:00:00,2025-01-17T17:00:00
e000161,u0007,2025-01-17T17:00:00,2025-01-17T17:00:00
e000162,u0007,2025-01-19T00:00:00,2025-01-19T00:00:00
e000163,u0007,2025-01-23T02:00:00,2025-01-23T02:00:00
e000164,u0007,2025-01-25T06:00:00,2025-01-25T06:00:00
e000165,u0007,2025-01-27T05:00:00,2025-01-27T05:00:00
e000166,u0007,2025-02-01T04:00:00,2025-02-01T04:00:00
e000167,u0007,2025-02-07T11:00:00,2025-02-07T11:00:00
e000168,u0007,2025-02-10T03:00:00,2025-02-10T03:00:00
e000169,u0007,2025-02-10T03:00:00,2025-02-10T03:00:00
e000170,u0007,2025-02-14T22:00:00,2025-02-14T22:00:00
e000171,u0007,2025-02-14T22:00:00,2025-02-14T22:00:00
e000172,u0007,2025-02-19T23:00:00,2025-02-19T23:00:00
e000173,u0007,2025-02-19T23:00:00,2025-02-19T23:00:00
e000174,u0007,2025-03-16T18:00:00,2025-03-16T18:00:00
e000175,u0007,2025-03-21T21:00:00,2025-03-21T21:00:00
e000176,u0007,2025-03-27T08:00:00,2025-03-27T08:00:00
e000177,u0008,2025-01-09T15:00:00,2025-01-09T15:00:00
e000178,u0008,2025-01-09T15:00:00,2025-01-09T15:00:00
e000179,u0008,2025-01-10T19:00:00,2025-01-10T19:00:00
e000179,u0008,2025-01-10T19:00:00,2025-01-10T21:00:00
e000181,u0008,2025-01-15T08:00:00,2025-01-15T08:00:00
e000182,u0008,2025-01-20T16:00:00,2025-01-20T16:00:00
e000183,u0008,2025-01-21T20:00:00,2025-01-21T20:00:00
e000184,u0008,2025-01-25T01:00:00,2025-01-25T01:00:00
e000185,u0008,2025-01-31T15:00:00,2025-01-31T15:00:00
e000186,u0008,2025-01-31T15:00:00,2025-01-31T15:00:00
e000187,u0008,2025-02-03T06:00:00,2025-02-03T06:00:00
e000188,u0008,2025-02-03T06:00:00,2025-02-03T06:00:00
e000189,u0008,2025-02-13T14:00:00,2025-02-13T14:00:00
e000190,u0008,2025-02-13T14:00:00,2025-02-13T14:00:00
e000191,u0008,2025-02-18T22:00:00,2025-02-18T22:00:00
e000191,u0008,2025-02-18T22:00:00,2025-02-19T00:00:00
e000193,u0008,2025-02-23T12:00:00,2025-02-23T12:00:00
e000194,u0008,2025-02-24T14:00:00,2025-02-24T14:00:00
e000195,u0008,2025-03-12T05:00:00,2025-03-12T05:00:00
e000196,u0008,2025-03-13T20:00:00,2025-03-13T20:00:00
e000197,u0008,2025-03-15T07:00:00,2025-03-15T07:00:00
e000198,u0008,2025-03-15T07:00:00,2025-03-15T07:00:00
e000199,u0008,2025-03-19T08:00:00,2025-03-19T08:00:00
e000200,u0008,2025-03-20T20:00:00,2025-03-20T20:00:00
e000200,u0008,2025-03-20T20:00:00,2025-03-20T22:00:00
e000202,u0008,2025-03-27T00:00:00,2025-03-27T00:00:00
e000203,u0008,2025-03-28T15:00:00,2025-03-28T15:00:00
e000204,u0008,2025-03-29T17:00:00,2025-03-29T17:00:00
e000205,u0009,2025-01-10T13:00:00,2025-01-10T13:00:00
e000206,u0009,2025-01-11T17:00:00,2025-01-11T17:00:00
e000207,u0009,2025-01-12T22:00:00,2025-01-12T22:00:00
e000208,u0009,2025-01-13T03:00:00,2025-01-13T03:00:00
e000209,u0009,2025-01-14T15:00:00,2025-01-14T15:00:00
e000210,u0009,2025-01-16T18:00:00,2025-01-16T18:00:00
e000211,u0009,2025-01-17T03:00:00,2025-01-17T03:00:00
e000212,u0009,2025-01-19T18:00:00,2025-01-19T18:00:00
e000213,u0009,2025-01-22T16:00:00,2025-01-22T16:00:00
e000214,u0009,2025-01-23T02:00:00,2025-01-23T02:00:00
e000215,u0009,2025-01-25T03:00:00,2025-01-25T03:00:00
e000216,u0009,2025-01-25T03:00:00,2025-01-25T03:00:00
e000217,u0009,2025-02-12T03:00:00,2025-02-12T03:00:00
e000218,u0009,2025-02-19T05:00:00,2025-02-19T05:00:00
e000219,u0009,2025-02-19T05:00:00,2025-02-19T05:00:00
e000220,u0009,2025-02-28T10:00:00,2025-02-28T10:00:00
e000221,u0009,2025-03-04T18:00:00,2025-03-04T18:00:00
e000222,u0009,2025-03-08T13:00:00,2025-03-08T13:00:00
e000223,u0009,2025-03-11T13:00:00,2025-03-11T13:00:00
e000224,u0009,2025-03-31T03:00:00,2025-03-31T03:00:00
e000225,u0009,2025-03-31T03:00:00,2025-03-31T03:00:00
e000226,u0010,2025-01-11T23:00:00,2025-01-11T23:00:00
e000227,u0010,2025-01-12T09:00:00,2025-01-12T09:00:00
e000228,u0010,2025-01-15T11:00:00,2025-01-15T11:00:00
e000229,u0010,2025-01-16T10:00:00,2025-01-16T10:00:00
e000230,u0010,2025-01-22T20:00:00,2025-01-22T20:00:00
e000231,u0010,2025-01-23T21:00:00,2025-01-23T21:00:00
e000232,u0010,2025-01-26T14:00:00,2025-01-26T14:00:00
e000233,u0010,2025-01-29T20:00:00,2025-01-29T20:00:00
e000234,u0010,2025-02-01T18:00:00,2025-02-01T18:00:00
e000235,u0010,2025-02-03T17:00:00,2025-02-03T17:00:00
e000236,u0010,2025-02-09T12:00:00,2025-02-09T12:00:00
e000237,u0010,2025-02-09T12:00:00,2025-02-09T12:00:00
e000238,u0010,2025-02-27T11:00:00,2025-02-27T11:00:00
e000239,u0010,2025-02-27T11:00:00,2025-02-27T11:00:00
e000240,u0010,2025-03-03T22:00:00,2025-03-03T22:00:00
e000241,u0010,2025-03-09T18:00:00,2025-03-09T18:00:00
e000242,u0010,2025-03-24T12:00:00,2025-03-24T12:00:00
e000243,u0011,2025-01-12T01:00:00,2025-01-12T01:00:00
e000243,u0011,2025-01-12T01:00:00,2025-01-12T03:00:00
e000245,u0011,2025-01-13T23:00:00,2025-01-13T23:00:00
e000246,u0011,2025-01-15T05:00:00,2025-01-15T05:00:00
e000247,u0011,2025-01-16T12:00:00,2025-01-16T12:00:00
e000248,u0011,2025-01-17T23:00:00,2025-01-17T23:00:00
e000249,u0011,2025-01-19T15:00:00,2025-01-19T15:00:00
e000250,u0011,2025-01-20T06:00:00,2025-01-20T06:00:00
e000251,u0011,2025-01-21T01:00:00,2025-01-21T01:00:00
e000252,u0011,2025-01-23T22:00:00,2025-01-23T22:00:00
e000253,u0011,2025-01-24T00:00:00,2025-01-24T00:00:00
e000254,u0011,2025-01-26T14:00:00,2025-01-26T14:00:00
e000255,u0011,2025-01-30T13:00:00,2025-01-30T13:00:00
e000256,u0011,2025-02-07T21:00:00,2025-02-07T21:00:00
e000257,u0011,2025-02-09T07:00:00,2025-02-09T07:00:00
e000258,u0011,2025-02-18T23:00:00,2025-02-18T23:00:00
e000259,u0011,2025-02-28T10:00:00,2025-02-28T10:00:00
e000260,u0011,2025-02-28T10:00:00,2025-02-28T10:00:00
e000261,u0011,2025-03-25T20:00:00,2025-03-25T20:00:00
e000262,u0012,2025-01-13T05:00:00,2025-01-13T05:00:00
e000262,u0012,2025-01-13T05:00:00,2025-01-13T07:00:00
e000264,u0012,2025-01-14T18:00:00,2025-01-14T18:00:00
e000265,u0012,2025-01-15T17:00:00,2025-01-15T17:00:00
e000266,u0012,2025-01-16T21:00:00,2025-01-16T21:00:00
e000266,u0012,2025-01-16T21:00:00,2025-01-16T23:00:00
e000268,u0012,2025-01-17T11:00:00,2025-01-17T11:00:00
e000269,u0012,2025-01-19T12:00:00,2025-01-19T12:00:00
e000270,u0012,2025-02-03T07:00:00,2025-02-03T07:00:00
e000271,u0012,2025-02-03T07:00:00,2025-02-03T07:00:00
e000272,u0012,2025-02-06T08:00:00,2025-02-06T08:00:00
e000273,u0012,2025-02-08T12:00:00,2025-02-08T12:00:00
e000274,u0012,2025-02-13T14:00:00,2025-02-13T14:00:00
e000275,u0012,2025-02-25T10:00:00,2025-02-25T10:00:00
e000276,u0012,2025-03-07T10:00:00,2025-03-07T10:00:00
e000277,u0012,2025-03-09T02:00:00,2025-03-09T02:00:00
e000278,u0012,2025-03-21T21:00:00,2025-03-21T21:00:00
e000279,u0013,2025-01-14T05:00:00,2025-01-14T05:00:00
e000280,u0013,2025-01-15T22:00:00,2025-01-15T22:00:00
e000281,u0013,2025-01-18T11:00:00,2025-01-18T11:00:00
e000282,u0013,2025-01-19T08:00:00,2025-01-19T08:00:00
e000283,u0013,2025-01-20T20:00:00,2025-01-20T20:00:00
e000284,u0013,2025-01-22T07:00:00,2025-01-22T07:00:00
e000284,u0013,2025-01-22T07:00:00,2025-01-22T09:00:00
e000286,u0013,2025-01-23T00:00:00,2025-01-23T00:00:00
e000287,u0013,2025-01-24T23:00:00,2025-01-24T23:00:00
e000288,u0013,2025-01-25T08:00:00,2025-01-25T08:00:00
e000289,u0013,2025-01-25T08:00:00,2025-01-25T08:00:00
e000290,u0013,2025-01-26T08:00:00,2025-01-26T08:00:00
e000291,u0013,2025-01-27T19:00:00,2025-01-27T19:00:00
e000292,u0013,2025-01-29T07:00:00,2025-01-29T07:00:00
e000292,u0013,2025-01-29T07:00:00,2025-01-29T09:00:00
e000294,u0013,2025-01-29T07:00:00,2025-01-29T07:00:00
e000295,u0013,2025-02-07T11:00:00,2025-02-07T11:00:00
e000296,u0013,2025-02-10T02:00:00,2025-02-10T02:00:00
e000296,u0013,2025-02-10T02:00:00,2025-02-10T04:00:00
e000298,u0013,2025-02-13T20:00:00,2025-02-13T20:00:00
e000299,u0013,2025-02-17T13:00:00,2025-02-17T13:00:00
e000300,u0013,2025-02-19T10:00:00,2025-02-19T10:00:00
e000301,u0013,2025-02-19T10:00:00,2025-02-19T10:00:00
e000302,u0013,2025-02-22T19:00:00,2025-02-22T19:00:00
e000303,u0013,2025-02-26T01:00:00,2025-02-26T01:00:00
e000304,u0013,2025-03-17T06:00:00,2025-03-17T06:00:00
e000305,u0013,2025-03-18T22:00:00,2025-03-18T22:00:00
e000306,u0013,2025-03-29T01:00:00,2025-03-29T01:00:00
e000307,u0014,2025-01-15T20:00:00,2025-01-15T20:00:00
e000308,u0014,2025-01-16T05:00:00,2025-01-16T05:00:00
e000309,u0014,2025-01-17T00:00:00,2025-01-17T00:00:00
e000310,u0014,2025-01-18T02:00:00,2025-01-18T02:00:00
e000311,u0014,2025-01-21T12:00:00,2025-01-21T12:00:00
e000312,u0014,2025-01-25T22:00:00,2025-01-25T22:00:00
e000313,u0014,2025-01-26T17:00:00,2025-01-26T17:00:00
e000314,u0014,2025-02-02T07:00:00,2025-02-02T07:00:00
e000315,u0014,2025-02-03T13:00:00,2025-02-03T13:00:00
e000316,u0014,2025-02-05T00:00:00,2025-02-05T00:00:00
e000317,u0014,2025-02-08T21:00:00,2025-02-08T21:00:00
e000318,u0014,2025-02-11T13:00:00,2025-02-11T13:00:00
e000319,u0014,2025-02-19T05:00:00,2025-02-19T05:00:00
e000320,u0014,2025-02-24T10:00:00,2025-02-24T10:00:00
e000321,u0014,2025-02-24T10:00:00,2025-02-24T10:00:00
e000322,u0014,2025-02-26T22:00:00,2025-02-26T22:00:00
e000323,u0014,2025-03-05T19:00:00,2025-03-05T19:00:00
e000324,u0014,2025-03-05T19:00:00,2025-03-05T19:00:00
e000325,u0014,2025-03-07T15:00:00,2025-03-07T15:00:00
e000326,u0014,2025-03-14T12:00:00,2025-03-14T12:00:00
e000327,u0014,2025-03-25T13:00:00,2025-03-25T13:00:00
e000328,u0015,2025-01-16T02:00:00,2025-01-16T02:00:00
e000329,u0015,2025-01-17T01:00:00,2025-01-17T01:00:00
e000330,u0015,2025-01-18T10:00:00,2025-01-18T10:00:00
e000331,u0015,2025-01-19T10:00:00,2025-01-19T10:00:00
e000331,u0015,2025-01-19T10:00:00,2025-01-19T12:00:00
e000333,u0015,2025-01-21T16:00:00,2025-01-21T16:00:00
e000334,u0015,2025-01-23T11:00:00,2025-01-23T11:00:00
e000335,u0015,2025-01-24T20:00:00,2025-01-24T20:00:00
e000336,u0015,2025-01-26T22:00:00,2025-01-26T22:00:00
e000337,u0015,2025-01-27T15:00:00,2025-01-27T15:00:00
e000338,u0015,2025-01-31T10:00:00,2025-01-31T10:00:00
e000339,u0015,2025-02-06T19:00:00,2025-02-06T19:00:00
e000340,u0015,2025-02-08T03:00:00,2025-02-08T03:00:00
e000341,u0015,2025-02-14T13:00:00,2025-02-14T13:00:00
e000341,u0015,2025-02-14T13:00:00,2025-02-14T15:00:00
e000343,u0015,2025-02-14T13:00:00,2025-02-14T13:00:00
e000344,u0015,2025-02-18T07:00:00,2025-02-18T07:00:00
e000345,u0015,2025-02-19T04:00:00,2025-02-19T04:00:00
e000346,u0015,2025-02-20T12:00:00,2025-02-20T12:00:00
e000347,u0015,2025-02-26T13:00:00,2025-02-26T13:00:00
e000348,u0015,2025-02-26T13:00:00,2025-02-26T13:00:00
e000349,u0015,2025-02-28T07:00:00,2025-02-28T07:00:00
e000350,u0015,2025-02-28T07:00:00,2025-02-28T07:00:00
e000351,u0015,2025-03-01T11:00:00,2025-03-01T11:00:00
e000352,u0015,2025-03-12T11:00:00,2025-03-12T11:00:00
e000353,u0015,2025-03-24T02:00:00,2025-03-24T02:00:00
e000354,u0016,2025-01-17T22:00:00,2025-01-17T22:00:00
e000355,u0016,2025-01-20T03:00:00,2025-01-20T03:00:00
e000356,u0016,2025-01-22T07:00:00,2025-01-22T07:00:00
e000356,u0016,2025-01-22T07:00:00,2025-01-22T09:00:00
e000358,u0016,2025-01-22T07:00:00,2025-01-22T07:00:00
e000359,u0016,2025-01-23T08:00:00,2025-01-23T08:00:00
e000360,u0016,2025-01-26T22:00:00,2025-01-26T22:00:00
e000361,u0016,2025-01-30T18:00:00,2025-01-30T18:00:00
e000362,u0016,2025-02-01T06:00:00,2025-02-01T06:00:00
e000363,u0016,2025-02-03T12:00:00,2025-02-03T12:00:00
e000364,u0016,2025-02-08T04:00:00,2025-02-08T04:00:00
e000365,u0016,2025-02-16T14:00:00,2025-02-16T14:00:00
e000366,u0016,2025-02-18T00:00:00,2025-02-18T00:00:00
e000367,u0016,2025-02-18T00:00:00,2025-02-18T00:00:00
e000368,u0016,2025-02-22T16:00:00,2025-02-22T16:00:00
e000369,u0016,2025-02-24T09:00:00,2025-02-24T09:00:00
e000370,u0016,2025-02-25T20:00:00,2025-02-25T20:00:00
e000371,u0016,2025-03-07T00:00:00,2025-03-07T00:00:00
e000372,u0016,2025-03-07T00:00:00,2025-03-07T00:00:00
e000373,u0016,2025-03-13T08:00:00,2025-03-13T08:00:00
e000374,u0016,2025-03-15T22:00:00,2025-03-15T22:00:00
e000375,u0016,2025-03-22T09:00:00,2025-03-22T09:00:00
e000376,u0016,2025-03-23T04:00:00,2025-03-23T04:00:00
e000377,u0017,2025-01-18T18:00:00,2025-01-18T18:00:00
e000377,u0017,2025-01-18T18:00:00,2025-01-18T20:00:00
e000379,u0017,2025-01-19T15:00:00,2025-01-19T15:00:00
e000380,u0017,2025-01-27T21:00:00,2025-01-27T21:00:00
e000381,u0017,2025-01-28T16:00:00,2025-01-28T16:00:00
e000382,u0017,2025-01-29T04:00:00,2025-01-29T04:00:00
e000383,u0017,2025-01-30T14:00:00,2025-01-30T14:00:00
e000384,u0017,2025-01-31T06:00:00,2025-01-31T06:00:00
e000385,u0017,2025-02-03T12:00:00,2025-02-03T12:00:00
e000386,u0017,2025-02-05T08:00:00,2025-02-05T08:00:00
e000387,u0017,2025-02-07T07:00:00,2025-02-07T07:00:00
e000388,u0017,2025-02-08T05:00:00,2025-02-08T05:00:00
e000389,u0017,2025-02-12T19:00:00,2025-02-12T19:00:00
e000390,u0017,2025-02-23T10:00:00,2025-02-23T10:00:00
e000391,u0017,2025-02-25T15:00:00,2025-02-25T15:00:00
e000392,u0017,2025-03-09T02:00:00,2025-03-09T02:00:00
e000393,u0017,2025-03-09T02:00:00,2025-03-09T02:00:00
e000394,u0017,2025-03-12T14:00:00,2025-03-12T14:00:00
e000395,u0017,2025-03-20T15:00:00,2025-03-20T15:00:00
e000396,u0017,2025-03-30T01:00:00,2025-03-30T01:00:00
e000397,u0018,2025-01-19T11:00:00,2025-01-19T11:00:00
e000398,u0018,2025-01-20T22:00:00,2025-01-20T22:00:00
e000399,u0018,2025-01-21T23:00:00,2025-01-21T23:00:00
e000400,u0018,2025-01-22T16:00:00,2025-01-22T16:00:00
e000400,u0018,2025-01-22T16:00:00,2025-01-22T18:00:00
e000402,u0018,2025-01-22T16:00:00,2025-01-22T16:00:00
e000403,u0018,2025-01-23T07:00:00,2025-01-23T07:00:00
e000404,u0018,2025-01-23T07:00:00,2025-01-23T07:00:00
e000405,u0018,2025-01-24T01:00:00,2025-01-24T01:00:00
e000406,u0018,2025-01-25T01:00:00,2025-01-25T01:00:00
e000407,u0018,2025-01-27T15:00:00,2025-01-27T15:00:00
e000408,u0018,2025-02-02T22:00:00,2025-02-02T22:00:00
e000409,u0018,2025-02-04T07:00:00,2025-02-04T07:00:00
e000410,u0018,2025-02-05T16:00:00,2025-02-05T16:00:00
e000411,u0018,2025-02-11T22:00:00,2025-02-11T22:00:00
e000412,u0018,2025-02-12T17:00:00,2025-02-12T17:00:00
e000413,u0018,2025-02-17T01:00:00,2025-02-17T01:00:00
e000414,u0018,2025-02-17T01:00:00,2025-02-17T01:00:00
e000415,u0018,2025-02-21T09:00:00,2025-02-21T09:00:00
e000416,u0018,2025-02-21T09:00:00,2025-02-21T09:00:00
e000417,u0018,2025-02-22T23:00:00,2025-02-22T23:00:00
e000418,u0018,2025-03-01T03:00:00,2025-03-01T03:00:00
e000419,u0018,2025-03-01T03:00:00,2025-03-01T03:00:00
e000420,u0018,2025-03-11T16:00:00,2025-03-11T16:00:00
e000420,u0018,2025-03-11T16:00:00,2025-03-11T18:00:00
e000422,u0018,2025-03-18T13:00:00,2025-03-18T13:00:00
e000423,u0018,2025-03-25T08:00:00,2025-03-25T08:00:00
e000424,u0019,2025-01-20T10:00:00,2025-01-20T10:00:00
e000425,u0019,2025-01-21T18:00:00,2025-01-21T18:00:00
e000426,u0019,2025-01-21T18:00:00,2025-01-21T18:00:00
e000427,u0019,2025-01-22T19:00:00,2025-01-22T19:00:00
e000428,u0019,2025-01-23T14:00:00,2025-01-23T14:00:00
e000428,u0019,2025-01-23T14:00:00,2025-01-23T16:00:00
e000430,u0019,2025-01-25T16:00:00,2025-01-25T16:00:00
e000431,u0019,2025-01-25T16:00:00,2025-01-25T16:00:00
e000432,u0019,2025-01-26T02:00:00,2025-01-26T02:00:00
e000433,u0019,2025-01-27T06:00:00,2025-01-27T06:00:00
e000434,u0019,2025-01-30T15:00:00,2025-01-30T15:00:00
e000435,u0019,2025-01-31T08:00:00,2025-01-31T08:00:00
e000436,u0019,2025-01-31T08:00:00,2025-01-31T08:00:00
e000437,u0019,2025-02-01T15:00:00,2025-02-01T15:00:00
e000438,u0019,2025-02-02T18:00:00,2025-02-02T18:00:00
e000439,u0019,2025-02-03T12:00:00,2025-02-03T12:00:00
e000440,u0019,2025-02-11T19:00:00,2025-02-11T19:00:00
e000441,u0019,2025-02-18T20:00:00,2025-02-18T20:00:00
e000442,u0019,2025-02-18T20:00:00,2025-02-18T20:00:00
e000443,u0019,2025-02-20T07:00:00,2025-02-20T07:00:00
e000444,u0019,2025-03-09T01:00:00,2025-03-09T01:00:00
e000445,u0019,2025-03-12T18:00:00,2025-03-12T18:00:00
e000446,u0019,2025-03-13T16:00:00,2025-03-13T16:00:00
e000447,u0019,2025-03-31T07:00:00,2025-03-31T07:00:00
e000448,u0020,2025-01-21T23:00:00,2025-01-21T23:00:00
e000449,u0020,2025-01-22T12:00:00,2025-01-22T12:00:00
e000450,u0020,2025-01-25T19:00:00,2025-01-25T19:00:00
e000451,u0020,2025-01-25T19:00:00,2025-01-25T19:00:00
e000452,u0020,2025-01-26T22:00:00,2025-01-26T22:00:00
e000453,u0020,2025-01-27T00:00:00,2025-01-27T00:00:00
e000454,u0020,2025-01-28T10:00:00,2025-01-28T10:00:00
e000455,u0020,2025-01-30T12:00:00,2025-01-30T12:00:00
e000456,u0020,2025-01-30T12:00:00,2025-01-30T12:00:00
e000457,u0020,2025-02-02T23:00:00,2025-02-02T23:00:00
e000458,u0020,2025-02-05T01:00:00,2025-02-05T01:00:00
e000459,u0020,2025-02-08T08:00:00,2025-02-08T08:00:00
e000460,u0020,2025-02-11T14:00:00,2025-02-11T14:00:00
e000461,u0020,2025-02-19T22:00:00,2025-02-19T22:00:00
e000462,u0020,2025-02-20T23:00:00,2025-02-20T23:00:00
e000463,u0020,2025-02-21T04:00:00,2025-02-21T04:00:00
e000464,u0020,2025-02-24T21:00:00,2025-02-24T21:00:00
e000465,u0020,2025-03-05T07:00:00,2025-03-05T07:00:00
e000466,u0020,2025-03-06T17:00:00,2025-03-06T17:00:00
e000467,u0020,2025-03-15T10:00:00,2025-03-15T10:00:00
e000468,u0020,2025-03-31T06:00:00,2025-03-31T06:00:00
e000469,u0021,2025-01-22T06:00:00,2025-01-22T06:00:00
e000470,u0021,2025-01-22T06:00:00,2025-01-22T06:00:00
e000471,u0021,2025-01-24T15:00:00,2025-01-24T15:00:00
e000471,u0021,2025-01-24T15:00:00,2025-01-24T17:00:00
e000473,u0021,2025-01-26T04:00:00,2025-01-26T04:00:00
e000474,u0021,2025-01-27T03:00:00,2025-01-27T03:00:00
e000475,u0021,2025-01-30T10:00:00,2025-01-30T10:00:00
e000476,u0021,2025-02-04T16:00:00,2025-02-04T16:00:00
e000477,u0021,2025-02-07T14:00:00,2025-02-07T14:00:00
e000478,u0021,2025-02-10T16:00:00,2025-02-10T16:00:00
e000479,u0021,2025-02-15T00:00:00,2025-02-15T00:00:00
e000480,u0021,2025-02-16T20:00:00,2025-02-16T20:00:00
e000481,u0021,2025-02-17T04:00:00,2025-02-17T04:00:00
e000482,u0021,2025-02-20T12:00:00,2025-02-20T12:00:00
e000483,u0021,2025-02-20T12:00:00,2025-02-20T12:00:00
e000484,u0021,2025-02-27T13:00:00,2025-02-27T13:00:00
e000484,u0021,2025-02-27T13:00:00,2025-02-27T15:00:00
e000486,u0021,2025-02-28T05:00:00,2025-02-28T05:00:00
e000487,u0021,2025-03-16T04:00:00,2025-03-16T04:00:00
e000488,u0021,2025-03-19T02:00:00,2025-03-19T02:00:00
e000488,u0021,2025-03-19T02:00:00,2025-03-19T04:00:00
e000490,u0021,2025-03-19T02:00:00,2025-03-19T02:00:00
e000491,u0021,2025-03-22T19:00:00,2025-03-22T19:00:00
e000492,u0021,2025-03-25T22:00:00,2025-03-25T22:00:00
e000493,u0022,2025-01-23T05:00:00,2025-01-23T05:00:00
e000494,u0022,2025-01-25T21:00:00,2025-01-25T21:00:00
e000495,u0022,2025-01-27T03:00:00,2025-01-27T03:00:00
e000496,u0022,2025-01-28T19:00:00,2025-01-28T19:00:00
e000497,u0022,2025-01-30T03:00:00,2025-01-30T03:00:00
e000498,u0022,2025-01-31T06:00:00,2025-01-31T06:00:00
e000499,u0022,2025-02-02T11:00:00,2025-02-02T11:00:00
e000500,u0022,2025-02-02T11:00:00,2025-02-02T11:00:00
e000501,u0022,2025-02-04T09:00:00,2025-02-04T09:00:00
e000502,u0022,2025-02-06T15:00:00,2025-02-06T15:00:00
e000503,u0022,2025-02-06T15:00:00,2025-02-06T15:00:00
e000504,u0022,2025-02-07T22:00:00,2025-02-07T22:00:00
e000504,u0022,2025-02-07T22:00:00,2025-02-08T00:00:00
e000506,u0022,2025-02-08T03:00:00,2025-02-08T03:00:00
e000507,u0022,2025-02-11T05:00:00,2025-02-11T05:00:00
e000508,u0022,2025-02-16T09:00:00,2025-02-16T09:00:00
e000509,u0022,2025-02-18T03:00:00,2025-02-18T03:00:00
e000510,u0022,2025-02-26T19:00:00,2025-02-26T19:00:00
e000511,u0022,2025-02-27T00:00:00,2025-02-27T00:00:00
e000512,u0022,2025-03-03T09:00:00,2025-03-03T09:00:00
e000513,u0022,2025-03-03T09:00:00,2025-03-03T09:00:00
e000514,u0022,2025-03-12T11:00:00,2025-03-12T11:00:00
e000515,u0022,2025-03-17T23:00:00,2025-03-17T23:00:00
e000516,u0022,2025-03-30T16:00:00,2025-03-30T16:00:00
e000517,u0023,2025-01-24T06:00:00,2025-01-24T06:00:00
e000518,u0023,2025-01-24T06:00:00,2025-01-24T06:00:00
e000519,u0023,2025-01-26T17:00:00,2025-01-26T17:00:00
e000520,u0023,2025-01-27T12:00:00,2025-01-27T12:00:00
e000521,u0023,2025-01-30T16:00:00,2025-01-30T16:00:00
e000522,u0023,2025-02-02T06:00:00,2025-02-02T06:00:00
e000523,u0023,2025-02-06T23:00:00,2025-02-06T23:00:00
e000524,u0023,2025-02-15T12:00:00,2025-02-15T12:00:00
e000525,u0023,2025-02-18T05:00:00,2025-02-18T05:00:00
e000526,u0023,2025-02-20T11:00:00,2025-02-20T11:00:00
e000527,u0023,2025-02-24T18:00:00,2025-02-24T18:00:00
e000528,u0023,2025-03-01T01:00:00,2025-03-01T01:00:00
e000529,u0023,2025-03-08T15:00:00,2025-03-08T15:00:00
e000530,u0023,2025-03-10T10:00:00,2025-03-10T10:00:00
e000531,u0023,2025-03-18T03:00:00,2025-03-18T03:00:00
e000532,u0023,2025-03-25T09:00:00,2025-03-25T09:00:00
e000533,u0024,2025-01-25T23:00:00,2025-01-25T23:00:00
e000534,u0024,2025-01-25T23:00:00,2025-01-25T23:00:00
e000535,u0024,2025-01-26T07:00:00,2025-01-26T07:00:00
e000536,u0024,2025-01-28T19:00:00,2025-01-28T19:00:00
e000537,u0024,2025-01-29T17:00:00,2025-01-29T17:00:00
e000538,u0024,2025-01-30T00:00:00,2025-01-30T00:00:00
e000539,u0024,2025-02-03T10:00:00,2025-02-03T10:00:00
e000540,u0024,2025-02-04T10:00:00,2025-02-04T10:00:00
e000541,u0024,2025-02-05T20:00:00,2025-02-05T20:00:00
e000542,u0024,2025-02-09T23:00:00,2025-02-09T23:00:00
e000543,u0024,2025-02-14T17:00:00,2025-02-14T17:00:00
e000544,u0024,2025-02-28T07:00:00,2025-02-28T07:00:00
e000545,u0024,2025-03-02T11:00:00,2025-03-02T11:00:00
e000546,u0024,2025-03-03T10:00:00,2025-03-03T10:00:00
e000547,u0024,2025-03-08T18:00:00,2025-03-08T18:00:00
e000547,u0024,2025-03-08T18:00:00,2025-03-08T20:00:00
e000549,u0024,2025-03-11T05:00:00,2025-03-11T05:00:00
e000550,u0024,2025-03-24T16:00:00,2025-03-24T16:00:00
e000551,u0025,2025-01-26T13:00:00,2025-01-26T13:00:00
e000551,u0025,2025-01-26T13:00:00,2025-01-26T15:00:00
e000553,u0025,2025-01-28T20:00:00,2025-01-28T20:00:00
e000554,u0025,2025-01-29T09:00:00,2025-01-29T09:00:00
e000555,u0025,2025-02-02T15:00:00,2025-02-02T15:00:00
e000555,u0025,2025-02-02T15:00:00,2025-02-02T17:00:00
e000557,u0025,2025-02-02T15:00:00,2025-02-02T15:00:00
e000558,u0025,2025-02-06T19:00:00,2025-02-06T19:00:00
e000559,u0025,2025-02-08T21:00:00,2025-02-08T21:00:00
e000560,u0025,2025-02-08T21:00:00,2025-02-08T21:00:00
e000561,u0025,2025-02-12T17:00:00,2025-02-12T17:00:00
e000562,u0025,2025-02-13T21:00:00,2025-02-13T21:00:00
e000563,u0025,2025-02-23T20:00:00,2025-02-23T20:00:00
e000564,u0025,2025-02-28T20:00:00,2025-02-28T20:00:00
e000565,u0025,2025-03-08T13:00:00,2025-03-08T13:00:00
e000566,u0025,2025-03-12T19:00:00,2025-03-12T19:00:00
e000567,u0025,2025-03-21T01:00:00,2025-03-21T01:00:00
e000568,u0026,2025-01-27T13:00:00,2025-01-27T13:00:00
e000569,u0026,2025-01-28T17:00:00,2025-01-28T17:00:00
e000570,u0026,2025-01-29T01:00:00,2025-01-29T01:00:00
e000571,u0026,2025-01-30T05:00:00,2025-01-30T05:00:00
e000572,u0026,2025-02-02T22:00:00,2025-02-02T22:00:00
e000573,u0026,2025-02-08T11:00:00,2025-02-08T11:00:00
e000574,u0026,2025-02-08T11:00:00,2025-02-08T11:00:00
e000575,u0026,2025-02-09T17:00:00,2025-02-09T17:00:00
e000576,u0026,2025-02-13T18:00:00,2025-02-13T18:00:00
e000577,u0026,2025-02-13T18:00:00,2025-02-13T18:00:00
e000578,u0026,2025-02-14T23:00:00,2025-02-14T23:00:00
e000579,u0026,2025-02-16T13:00:00,2025-02-16T13:00:00
e000580,u0026,2025-02-17T13:00:00,2025-02-17T13:00:00
e000581,u0026,2025-03-02T00:00:00,2025-03-02T00:00:00
e000582,u0026,2025-03-07T04:00:00,2025-03-07T04:00:00
e000583,u0026,2025-03-07T04:00:00,2025-03-07T04:00:00
e000584,u0026,2025-03-17T17:00:00,2025-03-17T17:00:00
e000585,u0026,2025-03-21T12:00:00,2025-03-21T12:00:00
e000586,u0027,2025-01-28T03:00:00,2025-01-28T03:00:00
e000586,u0027,2025-01-28T03:00:00,2025-01-28T05:00:00
e000588,u0027,2025-01-30T11:00:00,2025-01-30T11:00:00
e000589,u0027,2025-02-05T16:00:00,2025-02-05T16:00:00
e000589,u0027,2025-02-05T16:00:00,2025-02-05T18:00:00
e000591,u0027,2025-02-16T19:00:00,2025-02-16T19:00:00
e000592,u0027,2025-02-16T19:00:00,2025-02-16T19:00:00
e000593,u0027,2025-02-19T17:00:00,2025-02-19T17:00:00
e000594,u0027,2025-02-21T08:00:00,2025-02-21T08:00:00
e000595,u0027,2025-02-21T08:00:00,2025-02-21T08:00:00
e000596,u0027,2025-02-22T19:00:00,2025-02-22T19:00:00
e000597,u0027,2025-02-26T02:00:00,2025-02-26T02:00:00
e000597,u0027,2025-02-26T02:00:00,2025-02-26T04:00:00
e000599,u0027,2025-02-27T16:00:00,2025-02-27T16:00:00
e000600,u0027,2025-03-02T09:00:00,2025-03-02T09:00:00
e000601,u0027,2025-03-08T15:00:00,2025-03-08T15:00:00
e000602,u0027,2025-03-12T19:00:00,2025-03-12T19:00:00
e000603,u0027,2025-03-15T19:00:00,2025-03-15T19:00:00
e000603,u0027,2025-03-15T19:00:00,2025-03-15T21:00:00
e000605,u0027,2025-03-15T19:00:00,2025-03-15T19:00:00
e000606,u0027,2025-03-24T22:00:00,2025-03-24T22:00:00
e000607,u0027,2025-03-26T12:00:00,2025-03-26T12:00:00
e000608,u0027,2025-03-26T12:00:00,2025-03-26T12:00:00
e000609,u0028,2025-01-29T03:00:00,2025-01-29T03:00:00
e000610,u0028,2025-01-30T12:00:00,2025-01-30T12:00:00
e000611,u0028,2025-01-31T12:00:00,2025-01-31T12:00:00
e000612,u0028,2025-02-02T13:00:00,2025-02-02T13:00:00
e000613,u0028,2025-02-03T03:00:00,2025-02-03T03:00:00
e000614,u0028,2025-02-07T21:00:00,2025-02-07T21:00:00
e000615,u0028,2025-02-08T00:00:00,2025-02-08T00:00:00
e000616,u0028,2025-02-08T00:00:00,2025-02-08T00:00:00
e000617,u0028,2025-02-09T20:00:00,2025-02-09T20:00:00
e000618,u0028,2025-02-10T16:00:00,2025-02-10T16:00:00
e000619,u0028,2025-02-11T15:00:00,2025-02-11T15:00:00
e000620,u0028,2025-02-13T09:00:00,2025-02-13T09:00:00
e000621,u0028,2025-02-16T07:00:00,2025-02-16T07:00:00
e000622,u0028,2025-02-17T15:00:00,2025-02-17T15:00:00
e000623,u0028,2025-02-17T15:00:00,2025-02-17T15:00:00
e000624,u0028,2025-02-18T10:00:00,2025-02-18T10:00:00
e000625,u0028,2025-02-20T05:00:00,2025-02-20T05:00:00
e000626,u0028,2025-02-20T05:00:00,2025-02-20T05:00:00
e000627,u0028,2025-03-07T02:00:00,2025-03-07T02:00:00
e000628,u0028,2025-03-12T08:00:00,2025-03-12T08:00:00
e000629,u0028,2025-03-12T08:00:00,2025-03-12T08:00:00
e000630,u0028,2025-03-30T16:00:00,2025-03-30T16:00:00
e000631,u0029,2025-01-30T14:00:00,2025-01-30T14:00:00
e000632,u0029,2025-01-31T15:00:00,2025-01-31T15:00:00
e000633,u0029,2025-02-03T22:00:00,2025-02-03T22:00:00
e000634,u0029,2025-02-04T00:00:00,2025-02-04T00:00:00
e000635,u0029,2025-02-04T00:00:00,2025-02-04T00:00:00
e000636,u0029,2025-02-05T23:00:00,2025-02-05T23:00:00
e000637,u0029,2025-02-06T22:00:00,2025-02-06T22:00:00
e000638,u0029,2025-02-10T18:00:00,2025-02-10T18:00:00
e000639,u0029,2025-02-11T19:00:00,2025-02-11T19:00:00
e000640,u0029,2025-02-12T13:00:00,2025-02-12T13:00:00
e000641,u0029,2025-02-12T13:00:00,2025-02-12T13:00:00
e000642,u0029,2025-02-13T20:00:00,2025-02-13T20:00:00
e000643,u0029,2025-02-23T10:00:00,2025-02-23T10:00:00
e000644,u0029,2025-02-26T19:00:00,2025-02-26T19:00:00
e000645,u0029,2025-03-01T08:00:00,2025-03-01T08:00:00
e000646,u0029,2025-03-05T23:00:00,2025-03-05T23:00:00
e000647,u0029,2025-03-24T20:00:00,2025-03-24T20:00:00
e000648,u0029,2025-03-26T10:00:00,2025-03-26T10:00:00
e000649,u0030,2025-01-31T14:00:00,2025-01-31T14:00:00
e000650,u0030,2025-02-02T05:00:00,2025-02-02T05:00:00
e000651,u0030,2025-02-03T16:00:00,2025-02-03T16:00:00
e000652,u0030,2025-02-03T16:00:00,2025-02-03T16:00:00
e000653,u0030,2025-02-04T23:00:00,2025-02-04T23:00:00
e000654,u0030,2025-02-05T21:00:00,2025-02-05T21:00:00
e000655,u0030,2025-02-09T20:00:00,2025-02-09T20:00:00
e000655,u0030,2025-02-09T20:00:00,2025-02-09T22:00:00
e000657,u0030,2025-02-10T17:00:00,2025-02-10T17:00:00
e000658,u0030,2025-02-24T22:00:00,2025-02-24T22:00:00
e000659,u0030,2025-02-27T22:00:00,2025-02-27T22:00:00
e000660,u0030,2025-03-02T05:00:00,2025-03-02T05:00:00
e000661,u0030,2025-03-16T03:00:00,2025-03-16T03:00:00
e000662,u0030,2025-03-17T04:00:00,2025-03-17T04:00:00
e000663,u0030,2025-03-24T19:00:00,2025-03-24T19:00:00
e000664,u0031,2025-02-01T11:00:00,2025-02-01T11:00:00
e000665,u0031,2025-02-02T11:00:00,2025-02-02T11:00:00
e000665,u0031,2025-02-02T11:00:00,2025-02-02T13:00:00
e000667,u0031,2025-02-03T14:00:00,2025-02-03T14:00:00
e000668,u0031,2025-02-07T01:00:00,2025-02-07T01:00:00
e000669,u0031,2025-02-08T09:00:00,2025-02-08T09:00:00
e000670,u0031,2025-02-09T18:00:00,2025-02-09T18:00:00
e000670,u0031,2025-02-09T18:00:00,2025-02-09T20:00:00
e000672,u0031,2025-02-11T20:00:00,2025-02-11T20:00:00
e000673,u0031,2025-02-11T20:00:00,2025-02-11T20:00:00
e000674,u0031,2025-02-12T08:00:00,2025-02-12T08:00:00
e000675,u0031,2025-02-13T10:00:00,2025-02-13T10:00:00
e000676,u0031,2025-02-13T10:00:00,2025-02-13T10:00:00
e000677,u0031,2025-02-19T11:00:00,2025-02-19T11:00:00
e000678,u0031,2025-02-20T12:00:00,2025-02-20T12:00:00
e000679,u0031,2025-02-27T22:00:00,2025-02-27T22:00:00
e000680,u0031,2025-02-28T15:00:00,2025-02-28T15:00:00
e000681,u0031,2025-03-02T05:00:00,2025-03-02T05:00:00
e000682,u0031,2025-03-04T05:00:00,2025-03-04T05:00:00
e000683,u0031,2025-03-12T01:00:00,2025-03-12T01:00:00
e000684,u0031,2025-03-14T23:00:00,2025-03-14T23:00:00
e000685,u0031,2025-03-25T07:00:00,2025-03-25T07:00:00
e000686,u0031,2025-03-30T02:00:00,2025-03-30T02:00:00
e000687,u0032,2025-02-02T06:00:00,2025-02-02T06:00:00
e000687,u0032,2025-02-02T06:00:00,2025-02-02T08:00:00
e000689,u0032,2025-02-03T12:00:00,2025-02-03T12:00:00
e000690,u0032,2025-02-04T14:00:00,2025-02-04T14:00:00
e000691,u0032,2025-02-05T05:00:00,2025-02-05T05:00:00
e000692,u0032,2025-02-09T00:00:00,2025-02-09T00:00:00
e000693,u0032,2025-02-11T19:00:00,2025-02-11T19:00:00
e000694,u0032,2025-02-11T19:00:00,2025-02-11T19:00:00
e000695,u0032,2025-02-23T12:00:00,2025-02-23T12:00:00
e000696,u0032,2025-03-02T16:00:00,2025-03-02T16:00:00
e000697,u0032,2025-03-05T15:00:00,2025-03-05T15:00:00
e000698,u0032,2025-03-08T18:00:00,2025-03-08T18:00:00
e000699,u0032,2025-03-09T17:00:00,2025-03-09T17:00:00
e000700,u0032,2025-03-09T17:00:00,2025-03-09T17:00:00
e000701,u0032,2025-03-15T14:00:00,2025-03-15T14:00:00
e000702,u0032,2025-03-16T00:00:00,2025-03-16T00:00:00
e000703,u0032,2025-03-16T00:00:00,2025-03-16T00:00:00
e000704,u0032,2025-03-30T12:00:00,2025-03-30T12:00:00
e000705,u0033,2025-02-03T06:00:00,2025-02-03T06:00:00
e000706,u0033,2025-02-04T16:00:00,2025-02-04T16:00:00
e000707,u0033,2025-02-05T12:00:00,2025-02-05T12:00:00
e000708,u0033,2025-02-06T10:00:00,2025-02-06T10:00:00
e000709,u0033,2025-02-07T09:00:00,2025-02-07T09:00:00
e000710,u0033,2025-02-07T09:00:00,2025-02-07T09:00:00
e000711,u0033,2025-02-09T02:00:00,2025-02-09T02:00:00
e000712,u0033,2025-02-10T14:00:00,2025-02-10T14:00:00
e000713,u0033,2025-02-10T14:00:00,2025-02-10T14:00:00
e000714,u0033,2025-02-12T15:00:00,2025-02-12T15:00:00
e000715,u0033,2025-02-12T15:00:00,2025-02-12T15:00:00
e000716,u0033,2025-02-13T16:00:00,2025-02-13T16:00:00
e000717,u0033,2025-02-13T16:00:00,2025-02-13T16:00:00
e000718,u0033,2025-02-16T12:00:00,2025-02-16T12:00:00
e000719,u0033,2025-02-17T12:00:00,2025-02-17T12:00:00
e000720,u0033,2025-02-19T00:00:00,2025-02-19T00:00:00
e000721,u0033,2025-02-20T06:00:00,2025-02-20T06:00:00
e000722,u0033,2025-02-21T20:00:00,2025-02-21T20:00:00
e000723,u0033,2025-02-22T13:00:00,2025-02-22T13:00:00
e000724,u0033,2025-02-23T17:00:00,2025-02-23T17:00:00
e000725,u0033,2025-02-27T22:00:00,2025-02-27T22:00:00
e000726,u0033,2025-03-07T03:00:00,2025-03-07T03:00:00
e000727,u0033,2025-03-13T12:00:00,2025-03-13T12:00:00
e000728,u0033,2025-03-15T19:00:00,2025-03-15T19:00:00
e000729,u0033,2025-03-27T12:00:00,2025-03-27T12:00:00
e000730,u0033,2025-03-28T18:00:00,2025-03-28T18:00:00
e000731,u0033,2025-03-28T18:00:00,2025-03-28T18:00:00
e000732,u0034,2025-02-04T08:00:00,2025-02-04T08:00:00
e000733,u0034,2025-02-05T02:00:00,2025-02-05T02:00:00
e000734,u0034,2025-02-05T02:00:00,2025-02-05T02:00:00
e000735,u0034,2025-02-07T18:00:00,2025-02-07T18:00:00
e000736,u0034,2025-02-11T16:00:00,2025-02-11T16:00:00
e000737,u0034,2025-02-12T14:00:00,2025-02-12T14:00:00
e000737,u0034,2025-02-12T14:00:00,2025-02-12T16:00:00
e000739,u0034,2025-02-13T04:00:00,2025-02-13T04:00:00
e000740,u0034,2025-02-15T21:00:00,2025-02-15T21:00:00
e000741,u0034,2025-02-21T17:00:00,2025-02-21T17:00:00
e000742,u0034,2025-02-24T04:00:00,2025-02-24T04:00:00
e000743,u0034,2025-02-24T04:00:00,2025-02-24T04:00:00
e000744,u0034,2025-03-05T08:00:00,2025-03-05T08:00:00
e000745,u0034,2025-03-06T06:00:00,2025-03-06T06:00:00
e000746,u0034,2025-03-07T17:00:00,2025-03-07T17:00:00
e000747,u0034,2025-03-07T17:00:00,2025-03-07T17:00:00
e000748,u0034,2025-03-11T20:00:00,2025-03-11T20:00:00
e000749,u0034,2025-03-12T03:00:00,2025-03-12T03:00:00
e000750,u0034,2025-03-30T22:00:00,2025-03-30T22:00:00
e000751,u0035,2025-02-05T04:00:00,2025-02-05T04:00:00
e000752,u0035,2025-02-05T04:00:00,2025-02-05T04:00:00
e000753,u0035,2025-02-06T03:00:00,2025-02-06T03:00:00
e000754,u0035,2025-02-07T09:00:00,2025-02-07T09:00:00
e000755,u0035,2025-02-07T09:00:00,2025-02-07T09:00:00
e000756,u0035,2025-02-09T21:00:00,2025-02-09T21:00:00
e000757,u0035,2025-02-10T00:00:00,2025-02-10T00:00:00
e000758,u0035,2025-02-11T09:00:00,2025-02-11T09:00:00
e000759,u0035,2025-02-13T14:00:00,2025-02-13T14:00:00
e000760,u0035,2025-02-15T20:00:00,2025-02-15T20:00:00
e000761,u0035,2025-02-16T08:00:00,2025-02-16T08:00:00
e000762,u0035,2025-02-22T12:00:00,2025-02-22T12:00:00
e000763,u0035,2025-02-23T06:00:00,2025-02-23T06:00:00
e000764,u0035,2025-02-25T03:00:00,2025-02-25T03:00:00
e000765,u0035,2025-02-27T08:00:00,2025-02-27T08:00:00
e000766,u0035,2025-03-03T13:00:00,2025-03-03T13:00:00
e000767,u0035,2025-03-14T01:00:00,2025-03-14T01:00:00
e000768,u0035,2025-03-26T01:00:00,2025-03-26T01:00:00
e000769,u0036,2025-02-06T15:00:00,2025-02-06T15:00:00
e000770,u0036,2025-02-07T19:00:00,2025-02-07T19:00:00
e000771,u0036,2025-02-08T14:00:00,2025-02-08T14:00:00
e000771,u0036,2025-02-08T14:00:00,2025-02-08T16:00:00
e000773,u0036,2025-02-09T06:00:00,2025-02-09T06:00:00
e000774,u0036,2025-02-10T18:00:00,2025-02-10T18:00:00
e000775,u0036,2025-02-11T15:00:00,2025-02-11T15:00:00
e000776,u0036,2025-02-11T15:00:00,2025-02-11T15:00:00
e000777,u0036,2025-02-13T15:00:00,2025-02-13T15:00:00
e000778,u0036,2025-02-16T06:00:00,2025-02-16T06:00:00
e000779,u0036,2025-02-17T11:00:00,2025-02-17T11:00:00
e000780,u0036,2025-02-21T15:00:00,2025-02-21T15:00:00
e000781,u0036,2025-02-22T09:00:00,2025-02-22T09:00:00
e000782,u0036,2025-02-26T03:00:00,2025-02-26T03:00:00
e000783,u0036,2025-02-28T21:00:00,2025-02-28T21:00:00
e000784,u0036,2025-03-01T06:00:00,2025-03-01T06:00:00
e000785,u0036,2025-03-01T06:00:00,2025-03-01T06:00:00
e000786,u0036,2025-03-08T06:00:00,2025-03-08T06:00:00
e000787,u0036,2025-03-15T13:00:00,2025-03-15T13:00:00
e000788,u0036,2025-03-17T03:00:00,2025-03-17T03:00:00
e000789,u0036,2025-03-22T23:00:00,2025-03-22T23:00:00
e000790,u0037,2025-02-07T23:00:00,2025-02-07T23:00:00
e000791,u0037,2025-02-08T15:00:00,2025-02-08T15:00:00
e000792,u0037,2025-02-10T11:00:00,2025-02-10T11:00:00
e000793,u0037,2025-02-13T09:00:00,2025-02-13T09:00:00
e000794,u0037,2025-02-16T23:00:00,2025-02-16T23:00:00
e000795,u0037,2025-02-17T05:00:00,2025-02-17T05:00:00
e000796,u0037,2025-02-19T00:00:00,2025-02-19T00:00:00
e000797,u0037,2025-02-20T17:00:00,2025-02-20T17:00:00
e000798,u0037,2025-02-21T17:00:00,2025-02-21T17:00:00
e000799,u0037,2025-02-23T05:00:00,2025-02-23T05:00:00
e000800,u0037,2025-02-23T05:00:00,2025-02-23T05:00:00
e000801,u0037,2025-02-27T23:00:00,2025-02-27T23:00:00
e000802,u0037,2025-02-27T23:00:00,2025-02-27T23:00:00
e000803,u0037,2025-02-28T04:00:00,2025-02-28T04:00:00
e000804,u0037,2025-03-03T17:00:00,2025-03-03T17:00:00
e000805,u0037,2025-03-04T21:00:00,2025-03-04T21:00:00
e000806,u0037,2025-03-08T13:00:00,2025-03-08T13:00:00
e000807,u0037,2025-03-11T05:00:00,2025-03-11T05:00:00
e000808,u0037,2025-03-12T04:00:00,2025-03-12T04:00:00
e000808,u0037,2025-03-12T04:00:00,2025-03-12T06:00:00
e000810,u0037,2025-03-14T15:00:00,2025-03-14T15:00:00
e000811,u0038,2025-02-08T19:00:00,2025-02-08T19:00:00
e000812,u0038,2025-02-08T19:00:00,2025-02-08T19:00:00
e000813,u0038,2025-02-10T13:00:00,2025-02-10T13:00:00
e000814,u0038,2025-02-10T13:00:00,2025-02-10T13:00:00
e000815,u0038,2025-02-12T15:00:00,2025-02-12T15:00:00
e000816,u0038,2025-02-13T11:00:00,2025-02-13T11:00:00
e000817,u0038,2025-02-14T11:00:00,2025-02-14T11:00:00
e000818,u0038,2025-02-15T09:00:00,2025-02-15T09:00:00
e000819,u0038,2025-02-17T08:00:00,2025-02-17T08:00:00
e000820,u0038,2025-02-19T13:00:00,2025-02-19T13:00:00
e000821,u0038,2025-02-21T12:00:00,2025-02-21T12:00:00
e000822,u0038,2025-02-22T13:00:00,2025-02-22T13:00:00
e000823,u0038,2025-02-22T13:00:00,2025-02-22T13:00:00
e000824,u0038,2025-02-25T15:00:00,2025-02-25T15:00:00
e000825,u0038,2025-02-26T02:00:00,2025-02-26T02:00:00
e000826,u0038,2025-02-28T12:00:00,2025-02-28T12:00:00
e000827,u0038,2025-03-06T04:00:00,2025-03-06T04:00:00
e000828,u0038,2025-03-08T11:00:00,2025-03-08T11:00:00
e000829,u0038,2025-03-15T07:00:00,2025-03-15T07:00:00
e000830,u0038,2025-03-18T11:00:00,2025-03-18T11:00:00
e000831,u0038,2025-03-19T23:00:00,2025-03-19T23:00:00
e000832,u0038,2025-03-22T22:00:00,2025-03-22T22:00:00
e000833,u0039,2025-02-09T12:00:00,2025-02-09T12:00:00
e000834,u0039,2025-02-11T19:00:00,2025-02-11T19:00:00
e000834,u0039,2025-02-11T19:00:00,2025-02-11T21:00:00
e000836,u0039,2025-02-13T15:00:00,2025-02-13T15:00:00
e000837,u0039,2025-02-15T22:00:00,2025-02-15T22:00:00
e000838,u0039,2025-02-16T20:00:00,2025-02-16T20:00:00
e000839,u0039,2025-02-17T17:00:00,2025-02-17T17:00:00
e000840,u0039,2025-02-20T03:00:00,2025-02-20T03:00:00
e000841,u0039,2025-02-20T03:00:00,2025-02-20T03:00:00
e000842,u0039,2025-02-22T11:00:00,2025-02-22T11:00:00
e000843,u0039,2025-02-26T15:00:00,2025-02-26T15:00:00
e000844,u0039,2025-02-27T15:00:00,2025-02-27T15:00:00
e000845,u0039,2025-03-02T10:00:00,2025-03-02T10:00:00
e000846,u0039,2025-03-02T10:00:00,2025-03-02T10:00:00
e000847,u0039,2025-03-03T11:00:00,2025-03-03T11:00:00
e000848,u0039,2025-03-04T14:00:00,2025-03-04T14:00:00
e000849,u0039,2025-03-05T08:00:00,2025-03-05T08:00:00
e000850,u0039,2025-03-09T02:00:00,2025-03-09T02:00:00
e000851,u0039,2025-03-10T23:00:00,2025-03-10T23:00:00
e000852,u0039,2025-03-11T12:00:00,2025-03-11T12:00:00
e000853,u0039,2025-03-17T02:00:00,2025-03-17T02:00:00
e000854,u0039,2025-03-20T15:00:00,2025-03-20T15:00:00
e000855,u0039,2025-03-21T02:00:00,2025-03-21T02:00:00
e000855,u0039,2025-03-21T02:00:00,2025-03-21T04:00:00
e000857,u0039,2025-03-21T02:00:00,2025-03-21T02:00:00
e000858,u0039,2025-03-22T19:00:00,2025-03-22T19:00:00
e000858,u0039,2025-03-22T19:00:00,2025-03-22T21:00:00
e000860,u0039,2025-03-27T06:00:00,2025-03-27T06:00:00
e000861,u0039,2025-03-28T23:00:00,2025-03-28T23:00:00
e000862,u0040,2025-02-10T23:00:00,2025-02-10T23:00:00
e000863,u0040,2025-02-12T23:00:00,2025-02-12T23:00:00
e000864,u0040,2025-02-13T16:00:00,2025-02-13T16:00:00
e000865,u0040,2025-02-14T15:00:00,2025-02-14T15:00:00
e000866,u0040,2025-02-14T15:00:00,2025-02-14T15:00:00
e000867,u0040,2025-02-15T02:00:00,2025-02-15T02:00:00
e000868,u0040,2025-02-15T02:00:00,2025-02-15T02:00:00
e000869,u0040,2025-02-16T06:00:00,2025-02-16T06:00:00
e000869,u0040,2025-02-16T06:00:00,2025-02-16T08:00:00
e000871,u0040,2025-02-18T22:00:00,2025-02-18T22:00:00
e000872,u0040,2025-02-19T18:00:00,2025-02-19T18:00:00
e000873,u0040,2025-02-20T11:00:00,2025-02-20T11:00:00
e000874,u0040,2025-02-20T11:00:00,2025-02-20T11:00:00
e000875,u0040,2025-02-21T06:00:00,2025-02-21T06:00:00
e000876,u0040,2025-02-24T19:00:00,2025-02-24T19:00:00
e000877,u0040,2025-02-26T19:00:00,2025-02-26T19:00:00
e000878,u0040,2025-02-27T05:00:00,2025-02-27T05:00:00
e000879,u0040,2025-02-28T10:00:00,2025-02-28T10:00:00
e000880,u0040,2025-02-28T10:00:00,2025-02-28T10:00:00
e000881,u0040,2025-03-02T18:00:00,2025-03-02T18:00:00
e000882,u0040,2025-03-10T10:00:00,2025-03-10T10:00:00
e000883,u0040,2025-03-10T10:00:00,2025-03-10T10:00:00
e000884,u0040,2025-03-11T14:00:00,2025-03-11T14:00:00
e000885,u0040,2025-03-14T14:00:00,2025-03-14T14:00:00
e000885,u0040,2025-03-14T14:00:00,2025-03-14T16:00:00
e000887,u0040,2025-03-24T16:00:00,2025-03-24T16:00:00
e000888,u0041,2025-02-11T02:00:00,2025-02-11T02:00:00
e000889,u0041,2025-02-12T14:00:00,2025-02-12T14:00:00
e000890,u0041,2025-02-15T03:00:00,2025-02-15T03:00:00
e000891,u0041,2025-02-16T20:00:00,2025-02-16T20:00:00
e000892,u0041,2025-02-18T09:00:00,2025-02-18T09:00:00
e000893,u0041,2025-02-20T09:00:00,2025-02-20T09:00:00
e000894,u0041,2025-02-24T16:00:00,2025-02-24T16:00:00
e000895,u0041,2025-03-01T12:00:00,2025-03-01T12:00:00
e000895,u0041,2025-03-01T12:00:00,2025-03-01T14:00:00
e000897,u0041,2025-03-02T05:00:00,2025-03-02T05:00:00
e000898,u0041,2025-03-03T23:00:00,2025-03-03T23:00:00
e000899,u0041,2025-03-04T09:00:00,2025-03-04T09:00:00
e000900,u0041,2025-03-07T23:00:00,2025-03-07T23:00:00
e000901,u0041,2025-03-09T19:00:00,2025-03-09T19:00:00
e000901,u0041,2025-03-09T19:00:00,2025-03-09T21:00:00
e000903,u0041,2025-03-11T03:00:00,2025-03-11T03:00:00
e000904,u0041,2025-03-12T21:00:00,2025-03-12T21:00:00
e000905,u0041,2025-03-14T04:00:00,2025-03-14T04:00:00
e000906,u0041,2025-03-16T02:00:00,2025-03-16T02:00:00
e000907,u0041,2025-03-16T02:00:00,2025-03-16T02:00:00
e000908,u0041,2025-03-18T19:00:00,2025-03-18T19:00:00
e000909,u0042,2025-02-12T10:00:00,2025-02-12T10:00:00
e000910,u0042,2025-02-12T10:00:00,2025-02-12T10:00:00
e000911,u0042,2025-02-14T14:00:00,2025-02-14T14:00:00
e000912,u0042,2025-02-18T13:00:00,2025-02-18T13:00:00
e000913,u0042,2025-02-20T00:00:00,2025-02-20T00:00:00
e000914,u0042,2025-02-25T18:00:00,2025-02-25T18:00:00
e000915,u0042,2025-02-27T07:00:00,2025-02-27T07:00:00
e000916,u0042,2025-03-16T14:00:00,2025-03-16T14:00:00
e000917,u0042,2025-03-17T13:00:00,2025-03-17T13:00:00
e000918,u0042,2025-03-17T13:00:00,2025-03-17T13:00:00
e000919,u0042,2025-03-21T11:00:00,2025-03-21T11:00:00
e000920,u0043,2025-02-13T11:00:00,2025-02-13T11:00:00
e000921,u0043,2025-02-14T12:00:00,2025-02-14T12:00:00
e000921,u0043,2025-02-14T12:00:00,2025-02-14T14:00:00
e000923,u0043,2025-02-15T05:00:00,2025-02-15T05:00:00
e000924,u0043,2025-02-16T02:00:00,2025-02-16T02:00:00
e000925,u0043,2025-02-17T22:00:00,2025-02-17T22:00:00
e000926,u0043,2025-02-18T07:00:00,2025-02-18T07:00:00
e000926,u0043,2025-02-18T07:00:00,2025-02-18T09:00:00
e000928,u0043,2025-02-19T02:00:00,2025-02-19T02:00:00
e000928,u0043,2025-02-19T02:00:00,2025-02-19T04:00:00
e000930,u0043,2025-02-20T18:00:00,2025-02-20T18:00:00
e000931,u0043,2025-02-23T05:00:00,2025-02-23T05:00:00
e000932,u0043,2025-02-23T05:00:00,2025-02-23T05:00:00
e000933,u0043,2025-02-24T10:00:00,2025-02-24T10:00:00
e000934,u0043,2025-02-26T20:00:00,2025-02-26T20:00:00
e000935,u0043,2025-02-27T23:00:00,2025-02-27T23:00:00
e000936,u0043,2025-03-01T21:00:00,2025-03-01T21:00:00
e000937,u0043,2025-03-04T14:00:00,2025-03-04T14:00:00
e000937,u0043,2025-03-04T14:00:00,2025-03-04T16:00:00
e000939,u0043,2025-03-07T11:00:00,2025-03-07T11:00:00
e000939,u0043,2025-03-07T11:00:00,2025-03-07T13:00:00
e000941,u0043,2025-03-20T01:00:00,2025-03-20T01:00:00
e000942,u0043,2025-03-21T19:00:00,2025-03-21T19:00:00
e000942,u0043,2025-03-21T19:00:00,2025-03-21T21:00:00
e000944,u0043,2025-03-22T14:00:00,2025-03-22T14:00:00
e000945,u0044,2025-02-14T13:00:00,2025-02-14T13:00:00
e000946,u0044,2025-02-15T11:00:00,2025-02-15T11:00:00
e000947,u0044,2025-02-15T11:00:00,2025-02-15T11:00:00
e000948,u0044,2025-02-16T11:00:00,2025-02-16T11:00:00
e000949,u0044,2025-02-17T22:00:00,2025-02-17T22:00:00
e000950,u0044,2025-02-17T22:00:00,2025-02-17T22:00:00
e000951,u0044,2025-02-21T09:00:00,2025-02-21T09:00:00
e000952,u0044,2025-02-24T06:00:00,2025-02-24T06:00:00
e000953,u0044,2025-02-26T06:00:00,2025-02-26T06:00:00
e000953,u0044,2025-02-26T06:00:00,2025-02-26T08:00:00
e000955,u0044,2025-02-27T18:00:00,2025-02-27T18:00:00
e000956,u0044,2025-03-02T02:00:00,2025-03-02T02:00:00
e000957,u0044,2025-03-11T04:00:00,2025-03-11T04:00:00
e000958,u0044,2025-03-15T17:00:00,2025-03-15T17:00:00
e000959,u0044,2025-03-15T17:00:00,2025-03-15T17:00:00
e000960,u0044,2025-03-16T06:00:00,2025-03-16T06:00:00
e000961,u0044,2025-03-20T22:00:00,2025-03-20T22:00:00
e000962,u0044,2025-03-21T19:00:00,2025-03-21T19:00:00
e000963,u0045,2025-02-15T11:00:00,2025-02-15T11:00:00
e000964,u0045,2025-02-16T15:00:00,2025-02-16T15:00:00
e000965,u0045,2025-02-17T12:00:00,2025-02-17T12:00:00
e000966,u0045,2025-02-17T12:00:00,2025-02-17T12:00:00
e000967,u0045,2025-02-18T19:00:00,2025-02-18T19:00:00
e000968,u0045,2025-02-19T14:00:00,2025-02-19T14:00:00
e000969,u0045,2025-02-21T14:00:00,2025-02-21T14:00:00
e000970,u0045,2025-02-24T14:00:00,2025-02-24T14:00:00
e000971,u0045,2025-02-27T10:00:00,2025-02-27T10:00:00
e000972,u0045,2025-02-28T00:00:00,2025-02-28T00:00:00
e000973,u0045,2025-03-02T19:00:00,2025-03-02T19:00:00
e000974,u0045,2025-03-04T04:00:00,2025-03-04T04:00:00
e000975,u0045,2025-03-06T04:00:00,2025-03-06T04:00:00
e000976,u0045,2025-03-12T13:00:00,2025-03-12T13:00:00
e000977,u0045,2025-03-16T02:00:00,2025-03-16T02:00:00
e000978,u0046,2025-02-16T06:00:00,2025-02-16T06:00:00
e000979,u0046,2025-02-16T06:00:00,2025-02-16T06:00:00
e000980,u0046,2025-02-17T21:00:00,2025-02-17T21:00:00
e000981,u0046,2025-02-19T21:00:00,2025-02-19T21:00:00
e000981,u0046,2025-02-19T21:00:00,2025-02-19T23:00:00
e000983,u0046,2025-02-20T18:00:00,2025-02-20T18:00:00
e000984,u0046,2025-02-22T19:00:00,2025-02-22T19:00:00
e000985,u0046,2025-02-23T01:00:00,2025-02-23T01:00:00
e000986,u0046,2025-02-25T18:00:00,2025-02-25T18:00:00
e000986,u0046,2025-02-25T18:00:00,2025-02-25T20:00:00
e000988,u0046,2025-02-26T05:00:00,2025-02-26T05:00:00
e000989,u0046,2025-02-27T04:00:00,2025-02-27T04:00:00
e000990,u0046,2025-03-02T07:00:00,2025-03-02T07:00:00
e000991,u0046,2025-03-03T22:00:00,2025-03-03T22:00:00
e000992,u0046,2025-03-06T23:00:00,2025-03-06T23:00:00
e000993,u0046,2025-03-06T23:00:00,2025-03-06T23:00:00
e000994,u0046,2025-03-08T13:00:00,2025-03-08T13:00:00
e000995,u0046,2025-03-12T20:00:00,2025-03-12T20:00:00
e000996,u0046,2025-03-13T19:00:00,2025-03-13T19:00:00
e000997,u0046,2025-03-14T19:00:00,2025-03-14T19:00:00
e000998,u0047,2025-02-17T15:00:00,2025-02-17T15:00:00
e000999,u0047,2025-02-19T22:00:00,2025-02-19T22:00:00
e001000,u0047,2025-02-19T22:00:00,2025-02-19T22:00:00
e001001,u0047,2025-02-20T14:00:00,2025-02-20T14:00:00
e001002,u0047,2025-02-22T05:00:00,2025-02-22T05:00:00
e001003,u0047,2025-02-23T10:00:00,2025-02-23T10:00:00
e001004,u0047,2025-02-25T19:00:00,2025-02-25T19:00:00
e001005,u0047,2025-02-27T11:00:00,2025-02-27T11:00:00
e001006,u0047,2025-03-01T11:00:00,2025-03-01T11:00:00
e001007,u0047,2025-03-01T11:00:00,2025-03-01T11:00:00
e001008,u0047,2025-03-04T12:00:00,2025-03-04T12:00:00
e001008,u0047,2025-03-04T12:00:00,2025-03-04T14:00:00
e001010,u0047,2025-03-06T18:00:00,2025-03-06T18:00:00
e001011,u0047,2025-03-07T07:00:00,2025-03-07T07:00:00
e001012,u0047,2025-03-07T07:00:00,2025-03-07T07:00:00
e001013,u0047,2025-03-18T07:00:00,2025-03-18T07:00:00
e001014,u0047,2025-03-21T12:00:00,2025-03-21T12:00:00
e001014,u0047,2025-03-21T12:00:00,2025-03-21T14:00:00
e001016,u0048,2025-02-18T16:00:00,2025-02-18T16:00:00
e001017,u0048,2025-02-20T21:00:00,2025-02-20T21:00:00
e001018,u0048,2025-02-21T13:00:00,2025-02-21T13:00:00
e001019,u0048,2025-02-21T13:00:00,2025-02-21T13:00:00
e001020,u0048,2025-02-22T23:00:00,2025-02-22T23:00:00
e001021,u0048,2025-02-24T03:00:00,2025-02-24T03:00:00
e001022,u0048,2025-02-27T19:00:00,2025-02-27T19:00:00
e001023,u0048,2025-03-02T11:00:00,2025-03-02T11:00:00
e001024,u0048,2025-03-11T16:00:00,2025-03-11T16:00:00
e001025,u0048,2025-03-15T04:00:00,2025-03-15T04:00:00
e001026,u0048,2025-03-22T13:00:00,2025-03-22T13:00:00
e001027,u0048,2025-03-24T23:00:00,2025-03-24T23:00:00
e001028,u0048,2025-03-25T07:00:00,2025-03-25T07:00:00
e001029,u0048,2025-03-28T06:00:00,2025-03-28T06:00:00
e001030,u0048,2025-03-30T07:00:00,2025-03-30T07:00:00
e001031,u0048,2025-03-31T18:00:00,2025-03-31T18:00:00
e001032,u0048,2025-03-31T18:00:00,2025-03-31T18:00:00
e001033,u0049,2025-02-19T22:00:00,2025-02-19T22:00:00
e001034,u0049,2025-02-19T22:00:00,2025-02-19T22:00:00
e001035,u0049,2025-02-22T05:00:00,2025-02-22T05:00:00
e001036,u0049,2025-02-23T02:00:00,2025-02-23T02:00:00
e001036,u0049,2025-02-23T02:00:00,2025-02-23T04:00:00
e001038,u0049,2025-03-01T12:00:00,2025-03-01T12:00:00
e001039,u0049,2025-03-03T18:00:00,2025-03-03T18:00:00
e001040,u0049,2025-03-04T01:00:00,2025-03-04T01:00:00
e001041,u0049,2025-03-04T01:00:00,2025-03-04T01:00:00
e001042,u0049,2025-03-08T09:00:00,2025-03-08T09:00:00
e001043,u0049,2025-03-12T05:00:00,2025-03-12T05:00:00
e001044,u0049,2025-03-13T02:00:00,2025-03-13T02:00:00
e001045,u0049,2025-03-14T18:00:00,2025-03-14T18:00:00
e001046,u0049,2025-03-18T19:00:00,2025-03-18T19:00:00
e001047,u0049,2025-03-19T08:00:00,2025-03-19T08:00:00
e001048,u0049,2025-03-23T13:00:00,2025-03-23T13:00:00
e001049,u0050,2025-02-20T01:00:00,2025-02-20T01:00:00
e001050,u0050,2025-02-21T17:00:00,2025-02-21T17:00:00
e001051,u0050,2025-02-23T02:00:00,2025-02-23T02:00:00
e001051,u0050,2025-02-23T02:00:00,2025-02-23T04:00:00
e001053,u0050,2025-02-27T23:00:00,2025-02-27T23:00:00
e001054,u0050,2025-02-27T23:00:00,2025-02-27T23:00:00
e001055,u0050,2025-02-28T22:00:00,2025-02-28T22:00:00
e001056,u0050,2025-03-03T03:00:00,2025-03-03T03:00:00
e001057,u0050,2025-03-05T19:00:00,2025-03-05T19:00:00
e001058,u0050,2025-03-10T14:00:00,2025-03-10T14:00:00
e001059,u0050,2025-03-10T14:00:00,2025-03-10T14:00:00
e001060,u0050,2025-03-11T14:00:00,2025-03-11T14:00:00
e001061,u0050,2025-03-11T14:00:00,2025-03-11T14:00:00
e001062,u0050,2025-03-13T09:00:00,2025-03-13T09:00:00
e001063,u0050,2025-03-16T01:00:00,2025-03-16T01:00:00
e001064,u0050,2025-03-22T11:00:00,2025-03-22T11:00:00
e001065,u0050,2025-03-23T23:00:00,2025-03-23T23:00:00
e001066,u0050,2025-03-24T02:00:00,2025-03-24T02:00:00
e001067,u0050,2025-03-25T19:00:00,2025-03-25T19:00:00
e001068,u0050,2025-03-30T14:00:00,2025-03-30T14:00:00
e001069,u0051,2025-02-21T22:00:00,2025-02-21T22:00:00
e001070,u0051,2025-02-22T23:00:00,2025-02-22T23:00:00
e001071,u0051,2025-02-23T15:00:00,2025-02-23T15:00:00
e001072,u0051,2025-02-23T15:00:00,2025-02-23T15:00:00
e001073,u0051,2025-02-25T19:00:00,2025-02-25T19:00:00
e001074,u0051,2025-02-26T17:00:00,2025-02-26T17:00:00
e001075,u0051,2025-02-28T19:00:00,2025-02-28T19:00:00
e001076,u0051,2025-03-01T15:00:00,2025-03-01T15:00:00
e001077,u0051,2025-03-02T11:00:00,2025-03-02T11:00:00
e001078,u0051,2025-03-05T18:00:00,2025-03-05T18:00:00
e001079,u0051,2025-03-07T17:00:00,2025-03-07T17:00:00
e001080,u0051,2025-03-07T17:00:00,2025-03-07T17:00:00
e001081,u0051,2025-03-10T05:00:00,2025-03-10T05:00:00
e001082,u0051,2025-03-14T10:00:00,2025-03-14T10:00:00
e001083,u0051,2025-03-15T14:00:00,2025-03-15T14:00:00
e001084,u0051,2025-03-19T00:00:00,2025-03-19T00:00:00
e001085,u0052,2025-02-22T08:00:00,2025-02-22T08:00:00
e001086,u0052,2025-02-22T08:00:00,2025-02-22T08:00:00
e001087,u0052,2025-02-24T22:00:00,2025-02-24T22:00:00
e001088,u0052,2025-02-25T08:00:00,2025-02-25T08:00:00
e001089,u0052,2025-02-26T19:00:00,2025-02-26T19:00:00
e001090,u0052,2025-02-27T10:00:00,2025-02-27T10:00:00
e001091,u0052,2025-02-28T03:00:00,2025-02-28T03:00:00
e001092,u0052,2025-03-01T06:00:00,2025-03-01T06:00:00
e001093,u0052,2025-03-02T18:00:00,2025-03-02T18:00:00
e001094,u0052,2025-03-03T21:00:00,2025-03-03T21:00:00
e001094,u0052,2025-03-03T21:00:00,2025-03-03T23:00:00
e001096,u0052,2025-03-04T05:00:00,2025-03-04T05:00:00
e001097,u0052,2025-03-05T09:00:00,2025-03-05T09:00:00
e001098,u0052,2025-03-08T06:00:00,2025-03-08T06:00:00
e001099,u0052,2025-03-10T00:00:00,2025-03-10T00:00:00
e001099,u0052,2025-03-10T00:00:00,2025-03-10T02:00:00
e001101,u0052,2025-03-10T00:00:00,2025-03-10T00:00:00
e001102,u0052,2025-03-13T04:00:00,2025-03-13T04:00:00
e001103,u0052,2025-03-13T04:00:00,2025-03-13T04:00:00
e001104,u0052,2025-03-14T03:00:00,2025-03-14T03:00:00
e001105,u0053,2025-02-23T11:00:00,2025-02-23T11:00:00
e001106,u0053,2025-02-23T11:00:00,2025-02-23T11:00:00
e001107,u0053,2025-02-25T11:00:00,2025-02-25T11:00:00
e001108,u0053,2025-02-27T09:00:00,2025-02-27T09:00:00
e001109,u0053,2025-02-28T04:00:00,2025-02-28T04:00:00
e001110,u0053,2025-03-04T21:00:00,2025-03-04T21:00:00
e001111,u0053,2025-03-15T01:00:00,2025-03-15T01:00:00
e001112,u0053,2025-03-16T01:00:00,2025-03-16T01:00:00
e001113,u0053,2025-03-17T14:00:00,2025-03-17T14:00:00
e001114,u0053,2025-03-25T10:00:00,2025-03-25T10:00:00
e001115,u0053,2025-03-25T10:00:00,2025-03-25T10:00:00
e001116,u0053,2025-03-30T05:00:00,2025-03-30T05:00:00
e001117,u0054,2025-02-24T17:00:00,2025-02-24T17:00:00
e001117,u0054,2025-02-24T17:00:00,2025-02-24T19:00:00
e001119,u0054,2025-02-26T20:00:00,2025-02-26T20:00:00
e001120,u0054,2025-02-27T11:00:00,2025-02-27T11:00:00
e001121,u0054,2025-02-28T22:00:00,2025-02-28T22:00:00
e001122,u0054,2025-03-03T18:00:00,2025-03-03T18:00:00
e001123,u0054,2025-03-05T09:00:00,2025-03-05T09:00:00
e001124,u0054,2025-03-07T19:00:00,2025-03-07T19:00:00
e001125,u0054,2025-03-08T10:00:00,2025-03-08T10:00:00
e001125,u0054,2025-03-08T10:00:00,2025-03-08T12:00:00
e001127,u0054,2025-03-08T10:00:00,2025-03-08T10:00:00
e001128,u0054,2025-03-09T15:00:00,2025-03-09T15:00:00
e001129,u0054,2025-03-13T12:00:00,2025-03-13T12:00:00
e001130,u0054,2025-03-16T05:00:00,2025-03-16T05:00:00
e001130,u0054,2025-03-16T05:00:00,2025-03-16T07:00:00
e001132,u0054,2025-03-16T05:00:00,2025-03-16T05:00:00
e001133,u0054,2025-03-17T01:00:00,2025-03-17T01:00:00
e001134,u0054,2025-03-25T07:00:00,2025-03-25T07:00:00
e001135,u0054,2025-03-29T09:00:00,2025-03-29T09:00:00
e001135,u0054,2025-03-29T09:00:00,2025-03-29T11:00:00
e001137,u0054,2025-03-30T05:00:00,2025-03-30T05:00:00
e001138,u0055,2025-02-25T21:00:00,2025-02-25T21:00:00
e001139,u0055,2025-02-26T05:00:00,2025-02-26T05:00:00
e001140,u0055,2025-02-26T05:00:00,2025-02-26T05:00:00
e001141,u0055,2025-02-28T00:00:00,2025-02-28T00:00:00
e001142,u0055,2025-02-28T00:00:00,2025-02-28T00:00:00
e001143,u0055,2025-03-03T02:00:00,2025-03-03T02:00:00
e001144,u0055,2025-03-06T12:00:00,2025-03-06T12:00:00
e001145,u0055,2025-03-08T00:00:00,2025-03-08T00:00:00
e001146,u0055,2025-03-10T05:00:00,2025-03-10T05:00:00
e001147,u0055,2025-03-11T03:00:00,2025-03-11T03:00:00
e001148,u0055,2025-03-13T09:00:00,2025-03-13T09:00:00
e001149,u0055,2025-03-17T02:00:00,2025-03-17T02:00:00
e001150,u0055,2025-03-22T12:00:00,2025-03-22T12:00:00
e001151,u0055,2025-03-22T12:00:00,2025-03-22T12:00:00
e001152,u0055,2025-03-23T10:00:00,2025-03-23T10:00:00
e001153,u0055,2025-03-28T20:00:00,2025-03-28T20:00:00
e001154,u0055,2025-03-29T23:00:00,2025-03-29T23:00:00
e001155,u0056,2025-02-26T16:00:00,2025-02-26T16:00:00
e001155,u0056,2025-02-26T16:00:00,2025-02-26T18:00:00
e001157,u0056,2025-02-27T07:00:00,2025-02-27T07:00:00
e001158,u0056,2025-02-28T08:00:00,2025-02-28T08:00:00
e001159,u0056,2025-03-01T00:00:00,2025-03-01T00:00:00
e001160,u0056,2025-03-02T10:00:00,2025-03-02T10:00:00
e001161,u0056,2025-03-02T10:00:00,2025-03-02T10:00:00
e001162,u0056,2025-03-03T11:00:00,2025-03-03T11:00:00
e001163,u0056,2025-03-04T16:00:00,2025-03-04T16:00:00
e001164,u0056,2025-03-04T16:00:00,2025-03-04T16:00:00
e001165,u0056,2025-03-05T00:00:00,2025-03-05T00:00:00
e001166,u0056,2025-03-06T10:00:00,2025-03-06T10:00:00
e001167,u0056,2025-03-07T10:00:00,2025-03-07T10:00:00
e001168,u0056,2025-03-08T14:00:00,2025-03-08T14:00:00
e001169,u0056,2025-03-08T14:00:00,2025-03-08T14:00:00
e001170,u0056,2025-03-12T04:00:00,2025-03-12T04:00:00
e001171,u0056,2025-03-29T15:00:00,2025-03-29T15:00:00
e001172,u0056,2025-03-31T08:00:00,2025-03-31T08:00:00
e001173,u0057,2025-02-27T17:00:00,2025-02-27T17:00:00
e001174,u0057,2025-02-28T16:00:00,2025-02-28T16:00:00
e001175,u0057,2025-03-01T08:00:00,2025-03-01T08:00:00
e001176,u0057,2025-03-02T16:00:00,2025-03-02T16:00:00
e001177,u0057,2025-03-04T17:00:00,2025-03-04T17:00:00
e001178,u0057,2025-03-04T17:00:00,2025-03-04T17:00:00
e001179,u0057,2025-03-05T23:00:00,2025-03-05T23:00:00
e001180,u0057,2025-03-11T01:00:00,2025-03-11T01:00:00
e001181,u0057,2025-03-13T09:00:00,2025-03-13T09:00:00
e001182,u0057,2025-03-15T21:00:00,2025-03-15T21:00:00
e001183,u0057,2025-03-17T05:00:00,2025-03-17T05:00:00
e001183,u0057,2025-03-17T05:00:00,2025-03-17T07:00:00
e001185,u0057,2025-03-22T03:00:00,2025-03-22T03:00:00
e001186,u0057,2025-03-22T03:00:00,2025-03-22T03:00:00
e001187,u0057,2025-03-28T11:00:00,2025-03-28T11:00:00
e001188,u0057,2025-03-29T04:00:00,2025-03-29T04:00:00
e001189,u0058,2025-02-28T13:00:00,2025-02-28T13:00:00
e001190,u0058,2025-02-28T13:00:00,2025-02-28T13:00:00
e001191,u0058,2025-03-01T15:00:00,2025-03-01T15:00:00
e001192,u0058,2025-03-03T21:00:00,2025-03-03T21:00:00
e001193,u0058,2025-03-11T11:00:00,2025-03-11T11:00:00
e001194,u0058,2025-03-12T06:00:00,2025-03-12T06:00:00
e001195,u0058,2025-03-13T01:00:00,2025-03-13T01:00:00
e001196,u0058,2025-03-15T17:00:00,2025-03-15T17:00:00
e001197,u0058,2025-03-18T07:00:00,2025-03-18T07:00:00
e001198,u0058,2025-03-20T21:00:00,2025-03-20T21:00:00
e001199,u0058,2025-03-25T05:00:00,2025-03-25T05:00:00
e001199,u0058,2025-03-25T05:00:00,2025-03-25T07:00:00
e001201,u0058,2025-03-27T22:00:00,2025-03-27T22:00:00
e001202,u0058,2025-03-28T21:00:00,2025-03-28T21:00:00
e001203,u0059,2025-03-01T04:00:00,2025-03-01T04:00:00
e001204,u0059,2025-03-02T08:00:00,2025-03-02T08:00:00
e001205,u0059,2025-03-03T13:00:00,2025-03-03T13:00:00
e001206,u0059,2025-03-04T17:00:00,2025-03-04T17:00:00
e001207,u0059,2025-03-07T12:00:00,2025-03-07T12:00:00
e001208,u0059,2025-03-11T06:00:00,2025-03-11T06:00:00
e001209,u0059,2025-03-12T01:00:00,2025-03-12T01:00:00
e001210,u0059,2025-03-14T09:00:00,2025-03-14T09:00:00
e001211,u0059,2025-03-14T09:00:00,2025-03-14T09:00:00
e001212,u0059,2025-03-23T20:00:00,2025-03-23T20:00:00
e001213,u0059,2025-03-27T21:00:00,2025-03-27T21:00:00
e001214,u0060,2025-03-02T21:00:00,2025-03-02T21:00:00
e001215,u0060,2025-03-04T20:00:00,2025-03-04T20:00:00
e001216,u0060,2025-03-05T14:00:00,2025-03-05T14:00:00
e001217,u0060,2025-03-08T01:00:00,2025-03-08T01:00:00
e001217,u0060,2025-03-08T01:00:00,2025-03-08T03:00:00
e001219,u0060,2025-03-10T07:00:00,2025-03-10T07:00:00
e001220,u0060,2025-03-11T04:00:00,2025-03-11T04:00:00
e001221,u0060,2025-03-16T04:00:00,2025-03-16T04:00:00
e001222,u0060,2025-03-17T02:00:00,2025-03-17T02:00:00
e001223,u0060,2025-03-19T09:00:00,2025-03-19T09:00:00
e001224,u0060,2025-03-23T17:00:00,2025-03-23T17:00:00
e001224,u0060,2025-03-23T17:00:00,2025-03-23T19:00:00
e001226,u0060,2025-03-23T17:00:00,2025-03-23T17:00:00
e001227,u0060,2025-03-24T08:00:00,2025-03-24T08:00:00
e001228,u0060,2025-03-28T09:00:00,2025-03-28T09:00:00
e001229,u0061,2025-03-03T16:00:00,2025-03-03T16:00:00
e001230,u0061,2025-03-04T15:00:00,2025-03-04T15:00:00
e001230,u0061,2025-03-04T15:00:00,2025-03-04T17:00:00
e001232,u0061,2025-03-06T08:00:00,2025-03-06T08:00:00
e001232,u0061,2025-03-06T08:00:00,2025-03-06T10:00:00
e001234,u0061,2025-03-07T11:00:00,2025-03-07T11:00:00
e001235,u0061,2025-03-08T16:00:00,2025-03-08T16:00:00
e001236,u0061,2025-03-09T17:00:00,2025-03-09T17:00:00
e001237,u0061,2025-03-12T02:00:00,2025-03-12T02:00:00
e001238,u0061,2025-03-14T04:00:00,2025-03-14T04:00:00
e001239,u0061,2025-03-14T04:00:00,2025-03-14T04:00:00
e001240,u0061,2025-03-15T17:00:00,2025-03-15T17:00:00
e001241,u0061,2025-03-15T17:00:00,2025-03-15T17:00:00
e001242,u0061,2025-03-16T05:00:00,2025-03-16T05:00:00
e001243,u0061,2025-03-17T14:00:00,2025-03-17T14:00:00
e001244,u0061,2025-03-19T10:00:00,2025-03-19T10:00:00
e001245,u0061,2025-03-20T13:00:00,2025-03-20T13:00:00
e001246,u0061,2025-03-23T10:00:00,2025-03-23T10:00:00
e001247,u0061,2025-03-24T07:00:00,2025-03-24T07:00:00
e001248,u0061,2025-03-24T07:00:00,2025-03-24T07:00:00
e001249,u0061,2025-03-25T02:00:00,2025-03-25T02:00:00
e001250,u0061,2025-03-27T23:00:00,2025-03-27T23:00:00
e001251,u0062,2025-03-04T21:00:00,2025-03-04T21:00:00
e001252,u0062,2025-03-05T02:00:00,2025-03-05T02:00:00
e001253,u0062,2025-03-06T07:00:00,2025-03-06T07:00:00
e001254,u0062,2025-03-07T01:00:00,2025-03-07T01:00:00
e001255,u0062,2025-03-07T01:00:00,2025-03-07T01:00:00
e001256,u0062,2025-03-08T05:00:00,2025-03-08T05:00:00
e001257,u0062,2025-03-10T16:00:00,2025-03-10T16:00:00
e001258,u0062,2025-03-14T05:00:00,2025-03-14T05:00:00
e001259,u0062,2025-03-17T13:00:00,2025-03-17T13:00:00
e001260,u0062,2025-03-19T03:00:00,2025-03-19T03:00:00
e001261,u0062,2025-03-21T16:00:00,2025-03-21T16:00:00
e001262,u0062,2025-03-22T09:00:00,2025-03-22T09:00:00
e001263,u0062,2025-03-23T01:00:00,2025-03-23T01:00:00
e001264,u0062,2025-03-26T12:00:00,2025-03-26T12:00:00
e001265,u0062,2025-03-26T12:00:00,2025-03-26T12:00:00
e001266,u0062,2025-03-27T00:00:00,2025-03-27T00:00:00
e001267,u0062,2025-03-27T00:00:00,2025-03-27T00:00:00
e001268,u0063,2025-03-05T09:00:00,2025-03-05T09:00:00
e001269,u0063,2025-03-06T19:00:00,2025-03-06T19:00:00
e001270,u0063,2025-03-08T09:00:00,2025-03-08T09:00:00
e001270,u0063,2025-03-08T09:00:00,2025-03-08T11:00:00
e001272,u0063,2025-03-10T04:00:00,2025-03-10T04:00:00
e001273,u0063,2025-03-14T01:00:00,2025-03-14T01:00:00
e001273,u0063,2025-03-14T01:00:00,2025-03-14T03:00:00
e001275,u0063,2025-03-15T12:00:00,2025-03-15T12:00:00
e001276,u0063,2025-03-18T19:00:00,2025-03-18T19:00:00
e001277,u0063,2025-03-20T13:00:00,2025-03-20T13:00:00
e001278,u0063,2025-03-22T04:00:00,2025-03-22T04:00:00
e001279,u0063,2025-03-23T16:00:00,2025-03-23T16:00:00
e001280,u0063,2025-03-23T16:00:00,2025-03-23T16:00:00
e001281,u0063,2025-03-25T10:00:00,2025-03-25T10:00:00
e001282,u0063,2025-03-27T17:00:00,2025-03-27T17:00:00
e001283,u0063,2025-03-28T06:00:00,2025-03-28T06:00:00
e001284,u0064,2025-03-06T20:00:00,2025-03-06T20:00:00
e001285,u0064,2025-03-10T23:00:00,2025-03-10T23:00:00
e001286,u0064,2025-03-14T16:00:00,2025-03-14T16:00:00
e001287,u0064,2025-03-17T12:00:00,2025-03-17T12:00:00
e001287,u0064,2025-03-17T12:00:00,2025-03-17T14:00:00
e001289,u0064,2025-03-18T10:00:00,2025-03-18T10:00:00
e001290,u0064,2025-03-18T10:00:00,2025-03-18T10:00:00
e001291,u0064,2025-03-19T05:00:00,2025-03-19T05:00:00
e001292,u0064,2025-03-19T05:00:00,2025-03-19T05:00:00
e001293,u0064,2025-03-23T11:00:00,2025-03-23T11:00:00
e001294,u0064,2025-03-25T00:00:00,2025-03-25T00:00:00
e001294,u0064,2025-03-25T00:00:00,2025-03-25T02:00:00
e001296,u0064,2025-03-29T11:00:00,2025-03-29T11:00:00
e001297,u0064,2025-03-29T11:00:00,2025-03-29T11:00:00
e001298,u0065,2025-03-07T21:00:00,2025-03-07T21:00:00
e001299,u0065,2025-03-07T21:00:00,2025-03-07T21:00:00
e001300,u0065,2025-03-10T13:00:00,2025-03-10T13:00:00
e001301,u0065,2025-03-14T17:00:00,2025-03-14T17:00:00
e001302,u0065,2025-03-16T04:00:00,2025-03-16T04:00:00
e001302,u0065,2025-03-16T04:00:00,2025-03-16T06:00:00
e001304,u0065,2025-03-17T19:00:00,2025-03-17T19:00:00
e001305,u0065,2025-03-20T18:00:00,2025-03-20T18:00:00
e001306,u0065,2025-03-22T09:00:00,2025-03-22T09:00:00
e001307,u0065,2025-03-23T12:00:00,2025-03-23T12:00:00
e001308,u0065,2025-03-26T05:00:00,2025-03-26T05:00:00
e001309,u0065,2025-03-27T09:00:00,2025-03-27T09:00:00
e001310,u0065,2025-03-27T09:00:00,2025-03-27T09:00:00
e001311,u0065,2025-03-28T06:00:00,2025-03-28T06:00:00
e001312,u0065,2025-03-30T18:00:00,2025-03-30T18:00:00
e001313,u0066,2025-03-08T13:00:00,2025-03-08T13:00:00
e001314,u0066,2025-03-09T23:00:00,2025-03-09T23:00:00
e001315,u0066,2025-03-10T18:00:00,2025-03-10T18:00:00
e001316,u0066,2025-03-11T05:00:00,2025-03-11T05:00:00
e001317,u0066,2025-03-13T03:00:00,2025-03-13T03:00:00
e001318,u0066,2025-03-16T08:00:00,2025-03-16T08:00:00
e001319,u0066,2025-03-23T04:00:00,2025-03-23T04:00:00
e001320,u0066,2025-03-24T01:00:00,2025-03-24T01:00:00
e001321,u0066,2025-03-24T01:00:00,2025-03-24T01:00:00
e001322,u0066,2025-03-29T22:00:00,2025-03-29T22:00:00
e001323,u0067,2025-03-09T22:00:00,2025-03-09T22:00:00
e001324,u0067,2025-03-10T17:00:00,2025-03-10T17:00:00
e001325,u0067,2025-03-11T23:00:00,2025-03-11T23:00:00
e001326,u0067,2025-03-17T12:00:00,2025-03-17T12:00:00
e001327,u0067,2025-03-19T13:00:00,2025-03-19T13:00:00
e001328,u0067,2025-03-22T00:00:00,2025-03-22T00:00:00
e001329,u0067,2025-03-23T14:00:00,2025-03-23T14:00:00
e001330,u0067,2025-03-29T14:00:00,2025-03-29T14:00:00
e001331,u0068,2025-03-10T10:00:00,2025-03-10T10:00:00
e001332,u0068,2025-03-13T21:00:00,2025-03-13T21:00:00
e001333,u0068,2025-03-14T20:00:00,2025-03-14T20:00:00
e001334,u0068,2025-03-14T20:00:00,2025-03-14T20:00:00
e001335,u0068,2025-03-16T14:00:00,2025-03-16T14:00:00
e001336,u0068,2025-03-16T14:00:00,2025-03-16T14:00:00
e001337,u0068,2025-03-20T20:00:00,2025-03-20T20:00:00
e001338,u0068,2025-03-22T02:00:00,2025-03-22T02:00:00
e001339,u0068,2025-03-26T06:00:00,2025-03-26T06:00:00
e001340,u0068,2025-03-29T14:00:00,2025-03-29T14:00:00
e001341,u0069,2025-03-11T09:00:00,2025-03-11T09:00:00
e001342,u0069,2025-03-13T03:00:00,2025-03-13T03:00:00
e001343,u0069,2025-03-14T11:00:00,2025-03-14T11:00:00
e001344,u0069,2025-03-17T23:00:00,2025-03-17T23:00:00
e001345,u0069,2025-03-18T12:00:00,2025-03-18T12:00:00
e001346,u0069,2025-03-19T05:00:00,2025-03-19T05:00:00
e001347,u0069,2025-03-21T03:00:00,2025-03-21T03:00:00
e001348,u0069,2025-03-26T03:00:00,2025-03-26T03:00:00
e001349,u0069,2025-03-28T22:00:00,2025-03-28T22:00:00
e001350,u0069,2025-03-31T20:00:00,2025-03-31T20:00:00
e001351,u0070,2025-03-12T15:00:00,2025-03-12T15:00:00
e001352,u0070,2025-03-13T03:00:00,2025-03-13T03:00:00
e001353,u0070,2025-03-13T03:00:00,2025-03-13T03:00:00
e001354,u0070,2025-03-17T02:00:00,2025-03-17T02:00:00
e001355,u0070,2025-03-19T01:00:00,2025-03-19T01:00:00
e001356,u0070,2025-03-20T06:00:00,2025-03-20T06:00:00
e001357,u0070,2025-03-22T03:00:00,2025-03-22T03:00:00
e001358,u0070,2025-03-23T23:00:00,2025-03-23T23:00:00
e001359,u0070,2025-03-24T06:00:00,2025-03-24T06:00:00
e001359,u0070,2025-03-24T06:00:00,2025-03-24T08:00:00
e001361,u0070,2025-03-24T06:00:00,2025-03-24T06:00:00
e001362,u0070,2025-03-30T03:00:00,2025-03-30T03:00:00
e001363,u0071,2025-03-13T15:00:00,2025-03-13T15:00:00
e001364,u0071,2025-03-14T01:00:00,2025-03-14T01:00:00
e001365,u0071,2025-03-16T10:00:00,2025-03-16T10:00:00
e001366,u0071,2025-03-17T10:00:00,2025-03-17T10:00:00
e001367,u0071,2025-03-17T10:00:00,2025-03-17T10:00:00
e001368,u0071,2025-03-19T15:00:00,2025-03-19T15:00:00
e001368,u0071,2025-03-19T15:00:00,2025-03-19T17:00:00
e001370,u0071,2025-03-23T12:00:00,2025-03-23T12:00:00
e001371,u0071,2025-03-26T01:00:00,2025-03-26T01:00:00
e001372,u0072,2025-03-14T07:00:00,2025-03-14T07:00:00
e001373,u0072,2025-03-16T23:00:00,2025-03-16T23:00:00
e001373,u0072,2025-03-16T23:00:00,2025-03-17T01:00:00
e001375,u0072,2025-03-18T00:00:00,2025-03-18T00:00:00
e001376,u0072,2025-03-20T05:00:00,2025-03-20T05:00:00
e001377,u0072,2025-03-24T12:00:00,2025-03-24T12:00:00
e001378,u0072,2025-03-24T12:00:00,2025-03-24T12:00:00
e001379,u0072,2025-03-26T08:00:00,2025-03-26T08:00:00
e001380,u0072,2025-03-26T08:00:00,2025-03-26T08:00:00
e001381,u0072,2025-03-27T10:00:00,2025-03-27T10:00:00
e001382,u0072,2025-03-29T00:00:00,2025-03-29T00:00:00
e001383,u0073,2025-03-15T03:00:00,2025-03-15T03:00:00
e001384,u0073,2025-03-16T14:00:00,2025-03-16T14:00:00
e001385,u0073,2025-03-16T14:00:00,2025-03-16T14:00:00
e001386,u0073,2025-03-17T07:00:00,2025-03-17T07:00:00
e001387,u0073,2025-03-19T22:00:00,2025-03-19T22:00:00
e001388,u0073,2025-03-20T07:00:00,2025-03-20T07:00:00
e001389,u0073,2025-03-21T07:00:00,2025-03-21T07:00:00
e001390,u0073,2025-03-21T07:00:00,2025-03-21T07:00:00
e001391,u0073,2025-03-22T10:00:00,2025-03-22T10:00:00
e001392,u0073,2025-03-24T12:00:00,2025-03-24T12:00:00
e001393,u0073,2025-03-25T15:00:00,2025-03-25T15:00:00
e001394,u0074,2025-03-16T09:00:00,2025-03-16T09:00:00
e001395,u0074,2025-03-16T09:00:00,2025-03-16T09:00:00
e001396,u0074,2025-03-17T10:00:00,2025-03-17T10:00:00
e001397,u0074,2025-03-17T10:00:00,2025-03-17T10:00:00
e001398,u0074,2025-03-18T03:00:00,2025-03-18T03:00:00
e001399,u0074,2025-03-19T11:00:00,2025-03-19T11:00:00
e001400,u0074,2025-03-20T23:00:00,2025-03-20T23:00:00
e001401,u0074,2025-03-22T18:00:00,2025-03-22T18:00:00
e001402,u0074,2025-03-22T18:00:00,2025-03-22T18:00:00
e001403,u0074,2025-03-23T10:00:00,2025-03-23T10:00:00
e001404,u0074,2025-03-24T09:00:00,2025-03-24T09:00:00
e001405,u0074,2025-03-26T06:00:00,2025-03-26T06:00:00
e001406,u0074,2025-03-27T18:00:00,2025-03-27T18:00:00
e001407,u0074,2025-03-29T16:00:00,2025-03-29T16:00:00
e001408,u0074,2025-03-29T16:00:00,2025-03-29T16:00:00
e001409,u0075,2025-03-17T16:00:00,2025-03-17T16:00:00
e001410,u0075,2025-03-17T16:00:00,2025-03-17T16:00:00
e001411,u0075,2025-03-18T23:00:00,2025-03-18T23:00:00
e001412,u0075,2025-03-20T12:00:00,2025-03-20T12:00:00
e001413,u0075,2025-03-21T17:00:00,2025-03-21T17:00:00
e001414,u0075,2025-03-22T05:00:00,2025-03-22T05:00:00
e001415,u0075,2025-03-23T10:00:00,2025-03-23T10:00:00
e001416,u0075,2025-03-24T19:00:00,2025-03-24T19:00:00
e001417,u0075,2025-03-25T10:00:00,2025-03-25T10:00:00
e001418,u0075,2025-03-28T11:00:00,2025-03-28T11:00:00
e001419,u0075,2025-03-31T00:00:00,2025-03-31T00:00:00
e001420,u0076,2025-03-18T08:00:00,2025-03-18T08:00:00
e001421,u0076,2025-03-19T17:00:00,2025-03-19T17:00:00
e001422,u0076,2025-03-28T15:00:00,2025-03-28T15:00:00
e001423,u0076,2025-03-29T03:00:00,2025-03-29T03:00:00
e001424,u0076,2025-03-30T22:00:00,2025-03-30T22:00:00
e001425,u0077,2025-03-19T07:00:00,2025-03-19T07:00:00
e001426,u0077,2025-03-23T09:00:00,2025-03-23T09:00:00
e001427,u0077,2025-03-24T21:00:00,2025-03-24T21:00:00
e001428,u0078,2025-03-20T22:00:00,2025-03-20T22:00:00
e001429,u0078,2025-03-21T20:00:00,2025-03-21T20:00:00
e001430,u0078,2025-03-22T14:00:00,2025-03-22T14:00:00
e001431,u0078,2025-03-24T15:00:00,2025-03-24T15:00:00
e001432,u0078,2025-03-24T15:00:00,2025-03-24T15:00:00
e001433,u0078,2025-03-25T13:00:00,2025-03-25T13:00:00
e001434,u0078,2025-03-27T17:00:00,2025-03-27T17:00:00
e001435,u0078,2025-03-28T09:00:00,2025-03-28T09:00:00
e001436,u0078,2025-03-29T19:00:00,2025-03-29T19:00:00
e001437,u0078,2025-03-31T02:00:00,2025-03-31T02:00:00
e001438,u0079,2025-03-21T17:00:00,2025-03-21T17:00:00
e001439,u0079,2025-03-25T02:00:00,2025-03-25T02:00:00
e001440,u0079,2025-03-26T11:00:00,2025-03-26T11:00:00
e001440,u0079,2025-03-26T11:00:00,2025-03-26T13:00:00
e001442,u0079,2025-03-26T11:00:00,2025-03-26T11:00:00
e001443,u0079,2025-03-28T00:00:00,2025-03-28T00:00:00
e001443,u0079,2025-03-28T00:00:00,2025-03-28T02:00:00
e001445,u0080,2025-03-22T19:00:00,2025-03-22T19:00:00
e001446,u0080,2025-03-23T07:00:00,2025-03-23T07:00:00
e001447,u0080,2025-03-24T14:00:00,2025-03-24T14:00:00
e001447,u0080,2025-03-24T14:00:00,2025-03-24T16:00:00
e001449,u0080,2025-03-24T14:00:00,2025-03-24T14:00:00
e001450,u0080,2025-03-25T11:00:00,2025-03-25T11:00:00
e001451,u0080,2025-03-27T01:00:00,2025-03-27T01:00:00
e001452,u0080,2025-03-29T10:00:00,2025-03-29T10:00:00
e001453,u0081,2025-03-23T23:00:00,2025-03-23T23:00:00
e001454,u0081,2025-03-24T02:00:00,2025-03-24T02:00:00
e001454,u0081,2025-03-24T02:00:00,2025-03-24T04:00:00
e001456,u0081,2025-03-25T06:00:00,2025-03-25T06:00:00
e001457,u0081,2025-03-26T17:00:00,2025-03-26T17:00:00
e001458,u0081,2025-03-27T20:00:00,2025-03-27T20:00:00
e001459,u0081,2025-03-29T12:00:00,2025-03-29T12:00:00
e001460,u0081,2025-03-30T04:00:00,2025-03-30T04:00:00
e001461,u0081,2025-03-31T09:00:00,2025-03-31T09:00:00
e001462,u0082,2025-03-24T12:00:00,2025-03-24T12:00:00
e001463,u0082,2025-03-25T09:00:00,2025-03-25T09:00:00
e001464,u0082,2025-03-26T04:00:00,2025-03-26T04:00:00
e001465,u0082,2025-03-27T05:00:00,2025-03-27T05:00:00
e001466,u0082,2025-03-28T20:00:00,2025-03-28T20:00:00
e001467,u0082,2025-03-29T01:00:00,2025-03-29T01:00:00
e001468,u0083,2025-03-25T14:00:00,2025-03-25T14:00:00
e001469,u0083,2025-03-27T02:00:00,2025-03-27T02:00:00
e001470,u0083,2025-03-27T02:00:00,2025-03-27T02:00:00
e001471,u0083,2025-03-28T23:00:00,2025-03-28T23:00:00
e001472,u0083,2025-03-28T23:00:00,2025-03-28T23:00:00
e001473,u0083,2025-03-29T13:00:00,2025-03-29T13:00:00
e001474,u0084,2025-03-26T11:00:00,2025-03-26T11:00:00
e001475,u0084,2025-03-27T18:00:00,2025-03-27T18:00:00
e001476,u0084,2025-03-28T19:00:00,2025-03-28T19:00:00
e001477,u0084,2025-03-29T04:00:00,2025-03-29T04:00:00
e001478,u0084,2025-03-30T22:00:00,2025-03-30T22:00:00
e001479,u0084,2025-03-31T00:00:00,2025-03-31T00:00:00
e001480,u0085,2025-03-27T23:00:00,2025-03-27T23:00:00
e001481,u0085,2025-03-29T21:00:00,2025-03-29T21:00:00
e001482,u0085,2025-03-30T06:00:00,2025-03-30T06:00:00
e001483,u0086,2025-03-28T17:00:00,2025-03-28T17:00:00
e001484,u0086,2025-03-29T12:00:00,2025-03-29T12:00:00
e001485,u0086,2025-03-31T03:00:00,2025-03-31T03:00:00
e001486,u0087,2025-03-29T16:00:00,2025-03-29T16:00:00
e001487,u0087,2025-03-30T04:00:00,2025-03-30T04:00:00
e001487,u0087,2025-03-30T04:00:00,2025-03-30T06:00:00
e001489,u0087,2025-03-30T04:00:00,2025-03-30T04:00:00
e001490,u0087,2025-03-31T00:00:00,2025-03-31T00:00:00
e001491,u0088,2025-03-30T08:00:00,2025-03-30T08:00:00
e001492,u0088,2025-03-31T02:00:00,2025-03-31T02:00:00
e001493,u0089,2025-03-31T03:00:00,2025-03-31T03:00:00
e001494,u0090,2025-01-01T23:00:00,2025-01-01T23:00:00
e001495,u0090,2025-01-03T07:00:00,2025-01-03T07:00:00
e001496,u0090,2025-01-04T07:00:00,2025-01-04T07:00:00
e001497,u0090,2025-01-04T07:00:00,2025-01-04T07:00:00
e001498,u0090,2025-01-08T21:00:00,2025-01-08T21:00:00
e001498,u0090,2025-01-08T21:00:00,2025-01-08T23:00:00
e001500,u0090,2025-01-09T05:00:00,2025-01-09T05:00:00
e001501,u0090,2025-01-11T07:00:00,2025-01-11T07:00:00
e001502,u0090,2025-01-13T07:00:00,2025-01-13T07:00:00
e001503,u0090,2025-01-14T11:00:00,2025-01-14T11:00:00
e001503,u0090,2025-01-14T11:00:00,2025-01-14T13:00:00
e001505,u0090,2025-01-16T19:00:00,2025-01-16T19:00:00
e001506,u0090,2025-01-21T13:00:00,2025-01-21T13:00:00
e001507,u0090,2025-01-23T07:00:00,2025-01-23T07:00:00
e001508,u0090,2025-01-24T17:00:00,2025-01-24T17:00:00
e001509,u0090,2025-01-24T17:00:00,2025-01-24T17:00:00
e001510,u0090,2025-01-25T19:00:00,2025-01-25T19:00:00
e001511,u0090,2025-01-31T09:00:00,2025-01-31T09:00:00
e001512,u0090,2025-02-05T06:00:00,2025-02-05T06:00:00
e001513,u0090,2025-02-07T16:00:00,2025-02-07T16:00:00
e001514,u0090,2025-02-13T07:00:00,2025-02-13T07:00:00
e001515,u0090,2025-02-16T04:00:00,2025-02-16T04:00:00
e001516,u0090,2025-02-21T08:00:00,2025-02-21T08:00:00
e001517,u0090,2025-03-08T02:00:00,2025-03-08T02:00:00
e001518,u0090,2025-03-09T00:00:00,2025-03-09T00:00:00
e001519,u0090,2025-03-09T00:00:00,2025-03-09T00:00:00
e001520,u0090,2025-03-20T13:00:00,2025-03-20T13:00:00
e001521,u0090,2025-03-31T13:00:00,2025-03-31T13:00:00
e001522,u0091,2025-01-02T18:00:00,2025-01-02T18:00:00
e001523,u0091,2025-01-03T15:00:00,2025-01-03T15:00:00
e001524,u0091,2025-01-04T07:00:00,2025-01-04T07:00:00
e001525,u0091,2025-01-08T15:00:00,2025-01-08T15:00:00
e001526,u0091,2025-01-10T23:00:00,2025-01-10T23:00:00
e001527,u0091,2025-01-11T20:00:00,2025-01-11T20:00:00
e001528,u0091,2025-01-13T09:00:00,2025-01-13T09:00:00
e001529,u0091,2025-01-16T18:00:00,2025-01-16T18:00:00
e001530,u0091,2025-01-16T18:00:00,2025-01-16T18:00:00
e001531,u0091,2025-01-18T05:00:00,2025-01-18T05:00:00
e001532,u0091,2025-01-19T09:00:00,2025-01-19T09:00:00
e001533,u0091,2025-01-22T06:00:00,2025-01-22T06:00:00
e001534,u0091,2025-01-30T16:00:00,2025-01-30T16:00:00
e001535,u0091,2025-02-01T20:00:00,2025-02-01T20:00:00
e001536,u0091,2025-02-10T11:00:00,2025-02-10T11:00:00
e001537,u0091,2025-02-10T11:00:00,2025-02-10T11:00:00
e001538,u0091,2025-02-19T07:00:00,2025-02-19T07:00:00
e001539,u0091,2025-02-26T11:00:00,2025-02-26T11:00:00
e001540,u0091,2025-03-22T10:00:00,2025-03-22T10:00:00
e001541,u0091,2025-03-23T02:00:00,2025-03-23T02:00:00
e001542,u0092,2025-01-03T13:00:00,2025-01-03T13:00:00
e001543,u0092,2025-01-04T10:00:00,2025-01-04T10:00:00
e001544,u0092,2025-01-05T04:00:00,2025-01-05T04:00:00
e001545,u0092,2025-01-06T01:00:00,2025-01-06T01:00:00
e001546,u0092,2025-01-10T02:00:00,2025-01-10T02:00:00
e001547,u0092,2025-01-11T04:00:00,2025-01-11T04:00:00
e001548,u0092,2025-01-12T13:00:00,2025-01-12T13:00:00
e001549,u0092,2025-01-13T20:00:00,2025-01-13T20:00:00
e001550,u0092,2025-01-13T20:00:00,2025-01-13T20:00:00
e001551,u0092,2025-01-15T02:00:00,2025-01-15T02:00:00
e001552,u0092,2025-01-15T02:00:00,2025-01-15T02:00:00
e001553,u0092,2025-01-18T09:00:00,2025-01-18T09:00:00
e001554,u0092,2025-01-18T09:00:00,2025-01-18T09:00:00
e001555,u0092,2025-01-20T00:00:00,2025-01-20T00:00:00
e001556,u0092,2025-01-22T21:00:00,2025-01-22T21:00:00
e001556,u0092,2025-01-22T21:00:00,2025-01-22T23:00:00
e001558,u0092,2025-02-11T07:00:00,2025-02-11T07:00:00
e001559,u0092,2025-02-11T07:00:00,2025-02-11T07:00:00
e001560,u0092,2025-02-18T07:00:00,2025-02-18T07:00:00
e001561,u0092,2025-02-20T20:00:00,2025-02-20T20:00:00
e001562,u0092,2025-02-26T22:00:00,2025-02-26T22:00:00
e001563,u0092,2025-02-28T01:00:00,2025-02-28T01:00:00
e001564,u0092,2025-03-01T22:00:00,2025-03-01T22:00:00
e001565,u0092,2025-03-06T23:00:00,2025-03-06T23:00:00
e001566,u0092,2025-03-08T20:00:00,2025-03-08T20:00:00
e001567,u0092,2025-03-11T03:00:00,2025-03-11T03:00:00
e001567,u0092,2025-03-11T03:00:00,2025-03-11T05:00:00
e001569,u0092,2025-03-21T00:00:00,2025-03-21T00:00:00
e001570,u0092,2025-03-23T10:00:00,2025-03-23T10:00:00
e001571,u0093,2025-01-04T08:00:00,2025-01-04T08:00:00
e001572,u0093,2025-01-05T22:00:00,2025-01-05T22:00:00
e001573,u0093,2025-01-08T18:00:00,2025-01-08T18:00:00
e001574,u0093,2025-01-08T18:00:00,2025-01-08T18:00:00
e001575,u0093,2025-01-10T20:00:00,2025-01-10T20:00:00
e001576,u0093,2025-01-14T08:00:00,2025-01-14T08:00:00
e001577,u0093,2025-01-16T00:00:00,2025-01-16T00:00:00
e001578,u0093,2025-01-18T02:00:00,2025-01-18T02:00:00
e001578,u0093,2025-01-18T02:00:00,2025-01-18T04:00:00
e001580,u0093,2025-01-25T08:00:00,2025-01-25T08:00:00
e001581,u0093,2025-01-25T08:00:00,2025-01-25T08:00:00
e001582,u0093,2025-01-27T19:00:00,2025-01-27T19:00:00
e001583,u0093,2025-01-31T07:00:00,2025-01-31T07:00:00
e001584,u0093,2025-02-02T22:00:00,2025-02-02T22:00:00
e001585,u0093,2025-02-06T17:00:00,2025-02-06T17:00:00
e001585,u0093,2025-02-06T17:00:00,2025-02-06T19:00:00
e001587,u0093,2025-02-16T17:00:00,2025-02-16T17:00:00
e001588,u0093,2025-02-16T17:00:00,2025-02-16T17:00:00
e001589,u0093,2025-03-08T12:00:00,2025-03-08T12:00:00
e001590,u0093,2025-03-15T16:00:00,2025-03-15T16:00:00
e001591,u0093,2025-03-15T16:00:00,2025-03-15T16:00:00
e001592,u0093,2025-03-18T19:00:00,2025-03-18T19:00:00
e001593,u0093,2025-03-29T00:00:00,2025-03-29T00:00:00
e001593,u0093,2025-03-29T00:00:00,2025-03-29T02:00:00
e001595,u0093,2025-03-29T00:00:00,2025-03-29T00:00:00
e001596,u0094,2025-01-05T02:00:00,2025-01-05T02:00:00
e001597,u0094,2025-01-07T08:00:00,2025-01-07T08:00:00
e001598,u0094,2025-01-08T03:00:00,2025-01-08T03:00:00
e001599,u0094,2025-01-10T16:00:00,2025-01-10T16:00:00
e001600,u0094,2025-01-13T20:00:00,2025-01-13T20:00:00
e001601,u0094,2025-01-14T16:00:00,2025-01-14T16:00:00
e001601,u0094,2025-01-14T16:00:00,2025-01-14T18:00:00
e001603,u0094,2025-01-15T04:00:00,2025-01-15T04:00:00
e001604,u0094,2025-01-19T14:00:00,2025-01-19T14:00:00
e001605,u0094,2025-01-21T12:00:00,2025-01-21T12:00:00
e001606,u0094,2025-01-22T19:00:00,2025-01-22T19:00:00
e001607,u0094,2025-01-24T22:00:00,2025-01-24T22:00:00
e001608,u0094,2025-01-24T22:00:00,2025-01-24T22:00:00
e001609,u0094,2025-01-28T04:00:00,2025-01-28T04:00:00
e001610,u0094,2025-02-03T15:00:00,2025-02-03T15:00:00
e001611,u0094,2025-02-03T15:00:00,2025-02-03T15:00:00
e001612,u0094,2025-02-06T01:00:00,2025-02-06T01:00:00
e001613,u0094,2025-02-14T08:00:00,2025-02-14T08:00:00
e001614,u0094,2025-02-17T09:00:00,2025-02-17T09:00:00
e001615,u0094,2025-02-19T21:00:00,2025-02-19T21:00:00
e001616,u0094,2025-03-01T06:00:00,2025-03-01T06:00:00
e001617,u0094,2025-03-11T15:00:00,2025-03-11T15:00:00
e001618,u0094,2025-03-14T21:00:00,2025-03-14T21:00:00
e001619,u0094,2025-03-21T16:00:00,2025-03-21T16:00:00
e001620,u0094,2025-03-22T12:00:00,2025-03-22T12:00:00
e001621,u0094,2025-03-22T12:00:00,2025-03-22T12:00:00
e001622,u0094,2025-03-31T09:00:00,2025-03-31T09:00:00
e001623,u0095,2025-01-06T06:00:00,2025-01-06T06:00:00
e001624,u0095,2025-01-07T14:00:00,2025-01-07T14:00:00
e001625,u0095,2025-01-09T02:00:00,2025-01-09T02:00:00
e001626,u0095,2025-01-10T17:00:00,2025-01-10T17:00:00
e001627,u0095,2025-01-17T00:00:00,2025-01-17T00:00:00
e001628,u0095,2025-01-19T09:00:00,2025-01-19T09:00:00
e001629,u0095,2025-01-22T01:00:00,2025-01-22T01:00:00
e001630,u0095,2025-01-23T14:00:00,2025-01-23T14:00:00
e001631,u0095,2025-01-27T15:00:00,2025-01-27T15:00:00
e001632,u0095,2025-01-30T16:00:00,2025-01-30T16:00:00
e001633,u0095,2025-01-30T16:00:00,2025-01-30T16:00:00
e001634,u0095,2025-01-31T02:00:00,2025-01-31T02:00:00
e001635,u0095,2025-01-31T02:00:00,2025-01-31T02:00:00
e001636,u0095,2025-02-02T14:00:00,2025-02-02T14:00:00
e001637,u0095,2025-02-07T15:00:00,2025-02-07T15:00:00
e001637,u0095,2025-02-07T15:00:00,2025-02-07T17:00:00
e001639,u0095,2025-03-01T00:00:00,2025-03-01T00:00:00
e001640,u0095,2025-03-07T17:00:00,2025-03-07T17:00:00
e001640,u0095,2025-03-07T17:00:00,2025-03-07T19:00:00
e001642,u0095,2025-03-10T14:00:00,2025-03-10T14:00:00
e001643,u0095,2025-03-13T01:00:00,2025-03-13T01:00:00
e001644,u0095,2025-03-13T01:00:00,2025-03-13T01:00:00
e001645,u0095,2025-03-21T01:00:00,2025-03-21T01:00:00
e001646,u0096,2025-01-07T12:00:00,2025-01-07T12:00:00
e001647,u0096,2025-01-08T08:00:00,2025-01-08T08:00:00
e001648,u0096,2025-01-10T15:00:00,2025-01-10T15:00:00
e001649,u0096,2025-01-10T15:00:00,2025-01-10T15:00:00
e001650,u0096,2025-01-13T15:00:00,2025-01-13T15:00:00
e001651,u0096,2025-01-14T13:00:00,2025-01-14T13:00:00
e001652,u0096,2025-01-15T16:00:00,2025-01-15T16:00:00
e001653,u0096,2025-01-16T05:00:00,2025-01-16T05:00:00
e001654,u0096,2025-01-17T23:00:00,2025-01-17T23:00:00
e001655,u0096,2025-01-18T06:00:00,2025-01-18T06:00:00
e001656,u0096,2025-01-19T04:00:00,2025-01-19T04:00:00
e001657,u0096,2025-01-20T23:00:00,2025-01-20T23:00:00
e001657,u0096,2025-01-20T23:00:00,2025-01-21T01:00:00
e001659,u0096,2025-01-20T23:00:00,2025-01-20T23:00:00
e001660,u0096,2025-02-02T18:00:00,2025-02-02T18:00:00
e001661,u0096,2025-02-08T16:00:00,2025-02-08T16:00:00
e001662,u0096,2025-02-12T07:00:00,2025-02-12T07:00:00
e001663,u0096,2025-02-17T00:00:00,2025-02-17T00:00:00
e001663,u0096,2025-02-17T00:00:00,2025-02-17T02:00:00
e001665,u0096,2025-02-17T00:00:00,2025-02-17T00:00:00
e001666,u0096,2025-02-24T04:00:00,2025-02-24T04:00:00
e001667,u0096,2025-02-24T04:00:00,2025-02-24T04:00:00
e001668,u0096,2025-03-02T18:00:00,2025-03-02T18:00:00
e001669,u0096,2025-03-03T01:00:00,2025-03-03T01:00:00
e001670,u0096,2025-03-03T01:00:00,2025-03-03T01:00:00
e001671,u0096,2025-03-07T04:00:00,2025-03-07T04:00:00
e001672,u0096,2025-03-14T23:00:00,2025-03-14T23:00:00
e001673,u0096,2025-03-14T23:00:00,2025-03-14T23:00:00
e001674,u0096,2025-03-16T10:00:00,2025-03-16T10:00:00
e001675,u0096,2025-03-27T05:00:00,2025-03-27T05:00:00
e001676,u0097,2025-01-08T10:00:00,2025-01-08T10:00:00
e001677,u0097,2025-01-08T10:00:00,2025-01-08T10:00:00
e001678,u0097,2025-01-09T18:00:00,2025-01-09T18:00:00
e001679,u0097,2025-01-11T15:00:00,2025-01-11T15:00:00
e001680,u0097,2025-01-12T04:00:00,2025-01-12T04:00:00
e001681,u0097,2025-01-13T07:00:00,2025-01-13T07:00:00
e001682,u0097,2025-01-22T21:00:00,2025-01-22T21:00:00
e001683,u0097,2025-01-22T21:00:00,2025-01-22T21:00:00
e001684,u0097,2025-01-24T21:00:00,2025-01-24T21:00:00
e001685,u0097,2025-01-25T12:00:00,2025-01-25T12:00:00
e001686,u0097,2025-01-26T02:00:00,2025-01-26T02:00:00
e001687,u0097,2025-01-28T23:00:00,2025-01-28T23:00:00
e001688,u0097,2025-01-28T23:00:00,2025-01-28T23:00:00
e001689,u0097,2025-02-01T20:00:00,2025-02-01T20:00:00
e001690,u0097,2025-02-01T20:00:00,2025-02-01T20:00:00
e001691,u0097,2025-02-02T07:00:00,2025-02-02T07:00:00
e001692,u0097,2025-02-11T04:00:00,2025-02-11T04:00:00
e001693,u0097,2025-02-22T06:00:00,2025-02-22T06:00:00
e001694,u0097,2025-02-25T17:00:00,2025-02-25T17:00:00
e001695,u0097,2025-02-28T19:00:00,2025-02-28T19:00:00
e001696,u0097,2025-03-07T19:00:00,2025-03-07T19:00:00
e001697,u0097,2025-03-14T08:00:00,2025-03-14T08:00:00
e001698,u0097,2025-03-19T03:00:00,2025-03-19T03:00:00
e001699,u0097,2025-03-22T04:00:00,2025-03-22T04:00:00
e001700,u0097,2025-03-22T04:00:00,2025-03-22T04:00:00
e001701,u0098,2025-01-09T03:00:00,2025-01-09T03:00:00
e001701,u0098,2025-01-09T03:00:00,2025-01-09T05:00:00
e001703,u0098,2025-01-10T00:00:00,2025-01-10T00:00:00
e001704,u0098,2025-01-11T13:00:00,2025-01-11T13:00:00
e001705,u0098,2025-01-13T08:00:00,2025-01-13T08:00:00
e001706,u0098,2025-01-14T12:00:00,2025-01-14T12:00:00
e001707,u0098,2025-01-16T09:00:00,2025-01-16T09:00:00
e001708,u0098,2025-01-18T20:00:00,2025-01-18T20:00:00
e001709,u0098,2025-01-24T01:00:00,2025-01-24T01:00:00
e001710,u0098,2025-01-25T09:00:00,2025-01-25T09:00:00
e001710,u0098,2025-01-25T09:00:00,2025-01-25T11:00:00
e001712,u0098,2025-01-26T09:00:00,2025-01-26T09:00:00
e001713,u0098,2025-01-28T13:00:00,2025-01-28T13:00:00
e001714,u0098,2025-02-03T02:00:00,2025-02-03T02:00:00
e001715,u0098,2025-02-03T02:00:00,2025-02-03T02:00:00
e001716,u0098,2025-02-12T22:00:00,2025-02-12T22:00:00
e001717,u0098,2025-02-12T22:00:00,2025-02-12T22:00:00
e001718,u0098,2025-02-13T23:00:00,2025-02-13T23:00:00
e001719,u0098,2025-02-13T23:00:00,2025-02-13T23:00:00
e001720,u0098,2025-02-14T08:00:00,2025-02-14T08:00:00
e001721,u0098,2025-02-17T10:00:00,2025-02-17T10:00:00
e001722,u0098,2025-02-18T18:00:00,2025-02-18T18:00:00
e001723,u0098,2025-02-23T03:00:00,2025-02-23T03:00:00
e001724,u0098,2025-03-02T17:00:00,2025-03-02T17:00:00
e001725,u0098,2025-03-03T19:00:00,2025-03-03T19:00:00
e001726,u0098,2025-03-06T04:00:00,2025-03-06T04:00:00
e001727,u0098,2025-03-21T05:00:00,2025-03-21T05:00:00
e001728,u0098,2025-03-22T13:00:00,2025-03-22T13:00:00
e001729,u0098,2025-03-23T01:00:00,2025-03-23T01:00:00
e001730,u0098,2025-03-23T01:00:00,2025-03-23T01:00:00
e001731,u0098,2025-03-31T19:00:00,2025-03-31T19:00:00
e001732,u0099,2025-01-10T00:00:00,2025-01-10T00:00:00
e001732,u0099,2025-01-10T00:00:00,2025-01-10T02:00:00
e001734,u0099,2025-01-15T03:00:00,2025-01-15T03:00:00
e001735,u0099,2025-01-15T03:00:00,2025-01-15T03:00:00
e001736,u0099,2025-01-17T16:00:00,2025-01-17T16:00:00
e001737,u0099,2025-01-18T15:00:00,2025-01-18T15:00:00
e001738,u0099,2025-01-19T18:00:00,2025-01-19T18:00:00
e001739,u0099,2025-01-24T09:00:00,2025-01-24T09:00:00
e001740,u0099,2025-01-30T07:00:00,2025-01-30T07:00:00
e001741,u0099,2025-02-03T10:00:00,2025-02-03T10:00:00
e001742,u0099,2025-02-03T10:00:00,2025-02-03T10:00:00
e001743,u0099,2025-02-17T14:00:00,2025-02-17T14:00:00
e001744,u0099,2025-02-25T16:00:00,2025-02-25T16:00:00
e001745,u0099,2025-02-27T19:00:00,2025-02-27T19:00:00
e001746,u0099,2025-03-03T22:00:00,2025-03-03T22:00:00
e001746,u0099,2025-03-03T22:00:00,2025-03-04T00:00:00
e001748,u0099,2025-03-05T12:00:00,2025-03-05T12:00:00
e001749,u0099,2025-03-11T01:00:00,2025-03-11T01:00:00
e001750,u0099,2025-03-23T00:00:00,2025-03-23T00:00:00
e001751,u0099,2025-03-28T18:00:00,2025-03-28T18:00:00
e001752,u0100,2025-01-11T14:00:00,2025-01-11T14:00:00
e001753,u0100,2025-01-12T02:00:00,2025-01-12T02:00:00
e001754,u0100,2025-01-13T21:00:00,2025-01-13T21:00:00
e001755,u0100,2025-01-14T13:00:00,2025-01-14T13:00:00
e001755,u0100,2025-01-14T13:00:00,2025-01-14T15:00:00
e001757,u0100,2025-01-15T01:00:00,2025-01-15T01:00:00
e001758,u0100,2025-01-16T02:00:00,2025-01-16T02:00:00
e001759,u0100,2025-01-17T11:00:00,2025-01-17T11:00:00
e001760,u0100,2025-01-17T11:00:00,2025-01-17T11:00:00
e001761,u0100,2025-01-18T15:00:00,2025-01-18T15:00:00
e001762,u0100,2025-01-19T06:00:00,2025-01-19T06:00:00
e001763,u0100,2025-01-21T02:00:00,2025-01-21T02:00:00
e001764,u0100,2025-01-23T09:00:00,2025-01-23T09:00:00
e001765,u0100,2025-01-25T21:00:00,2025-01-25T21:00:00
e001766,u0100,2025-01-31T23:00:00,2025-01-31T23:00:00
e001767,u0100,2025-02-02T03:00:00,2025-02-02T03:00:00
e001768,u0100,2025-02-04T13:00:00,2025-02-04T13:00:00
e001769,u0100,2025-02-05T01:00:00,2025-02-05T01:00:00
e001770,u0100,2025-02-11T07:00:00,2025-02-11T07:00:00
e001770,u0100,2025-02-11T07:00:00,2025-02-11T09:00:00
e001772,u0100,2025-02-19T19:00:00,2025-02-19T19:00:00
e001773,u0100,2025-02-19T19:00:00,2025-02-19T19:00:00
e001774,u0100,2025-02-23T23:00:00,2025-02-23T23:00:00
e001775,u0100,2025-02-23T23:00:00,2025-02-23T23:00:00
e001776,u0100,2025-03-02T12:00:00,2025-03-02T12:00:00
e001777,u0100,2025-03-07T06:00:00,2025-03-07T06:00:00
e001778,u0100,2025-03-07T06:00:00,2025-03-07T06:00:00
e001779,u0100,2025-03-18T06:00:00,2025-03-18T06:00:00
e001780,u0100,2025-03-24T16:00:00,2025-03-24T16:00:00
e001781,u0100,2025-03-24T16:00:00,2025-03-24T16:00:00
e001782,u0100,2025-03-30T02:00:00,2025-03-30T02:00:00
e001783,u0101,2025-01-12T19:00:00,2025-01-12T19:00:00
e001784,u0101,2025-01-13T23:00:00,2025-01-13T23:00:00
e001785,u0101,2025-01-15T06:00:00,2025-01-15T06:00:00
e001786,u0101,2025-01-15T06:00:00,2025-01-15T06:00:00
e001787,u0101,2025-01-21T13:00:00,2025-01-21T13:00:00
e001788,u0101,2025-01-21T13:00:00,2025-01-21T13:00:00
e001789,u0101,2025-01-26T19:00:00,2025-01-26T19:00:00
e001790,u0101,2025-01-26T19:00:00,2025-01-26T19:00:00
e001791,u0101,2025-01-28T17:00:00,2025-01-28T17:00:00
e001792,u0101,2025-01-29T18:00:00,2025-01-29T18:00:00
e001793,u0101,2025-02-01T07:00:00,2025-02-01T07:00:00
e001793,u0101,2025-02-01T07:00:00,2025-02-01T09:00:00
e001795,u0101,2025-02-05T00:00:00,2025-02-05T00:00:00
e001796,u0101,2025-02-08T05:00:00,2025-02-08T05:00:00
e001797,u0101,2025-02-12T07:00:00,2025-02-12T07:00:00
e001798,u0101,2025-02-14T19:00:00,2025-02-14T19:00:00
e001799,u0101,2025-02-24T03:00:00,2025-02-24T03:00:00
e001800,u0101,2025-02-28T22:00:00,2025-02-28T22:00:00
e001801,u0101,2025-03-07T05:00:00,2025-03-07T05:00:00
e001801,u0101,2025-03-07T05:00:00,2025-03-07T07:00:00
e001803,u0101,2025-03-09T13:00:00,2025-03-09T13:00:00
e001804,u0101,2025-03-09T13:00:00,2025-03-09T13:00:00
e001805,u0101,2025-03-23T15:00:00,2025-03-23T15:00:00
e001805,u0101,2025-03-23T15:00:00,2025-03-23T17:00:00
e001807,u0101,2025-03-23T15:00:00,2025-03-23T15:00:00
e001808,u0102,2025-01-13T21:00:00,2025-01-13T21:00:00
e001809,u0102,2025-01-13T21:00:00,2025-01-13T21:00:00
e001810,u0102,2025-01-14T01:00:00,2025-01-14T01:00:00
e001811,u0102,2025-01-15T18:00:00,2025-01-15T18:00:00
e001812,u0102,2025-01-16T14:00:00,2025-01-16T14:00:00
e001813,u0102,2025-01-16T14:00:00,2025-01-16T14:00:00
e001814,u0102,2025-01-19T19:00:00,2025-01-19T19:00:00
e001815,u0102,2025-01-21T08:00:00,2025-01-21T08:00:00
e001816,u0102,2025-01-21T08:00:00,2025-01-21T08:00:00
e001817,u0102,2025-01-23T14:00:00,2025-01-23T14:00:00
e001818,u0102,2025-01-24T02:00:00,2025-01-24T02:00:00
e001819,u0102,2025-01-26T19:00:00,2025-01-26T19:00:00
e001820,u0102,2025-02-05T05:00:00,2025-02-05T05:00:00
e001820,u0102,2025-02-05T05:00:00,2025-02-05T07:00:00
e001822,u0102,2025-02-27T08:00:00,2025-02-27T08:00:00
e001823,u0102,2025-02-28T07:00:00,2025-02-28T07:00:00
e001824,u0102,2025-02-28T07:00:00,2025-02-28T07:00:00
e001825,u0102,2025-03-11T12:00:00,2025-03-11T12:00:00
e001826,u0102,2025-03-15T16:00:00,2025-03-15T16:00:00
e001827,u0102,2025-03-15T16:00:00,2025-03-15T16:00:00
e001828,u0102,2025-03-25T19:00:00,2025-03-25T19:00:00
e001829,u0102,2025-03-30T08:00:00,2025-03-30T08:00:00
e001830,u0102,2025-03-30T08:00:00,2025-03-30T08:00:00
e001831,u0103,2025-01-14T22:00:00,2025-01-14T22:00:00
e001832,u0103,2025-01-16T22:00:00,2025-01-16T22:00:00
e001833,u0103,2025-01-16T22:00:00,2025-01-16T22:00:00
e001834,u0103,2025-01-18T12:00:00,2025-01-18T12:00:00
e001835,u0103,2025-01-19T11:00:00,2025-01-19T11:00:00
e001836,u0103,2025-01-21T15:00:00,2025-01-21T15:00:00
e001837,u0103,2025-01-23T03:00:00,2025-01-23T03:00:00
e001838,u0103,2025-01-24T16:00:00,2025-01-24T16:00:00
e001839,u0103,2025-01-26T00:00:00,2025-01-26T00:00:00
e001840,u0103,2025-01-27T04:00:00,2025-01-27T04:00:00
e001841,u0103,2025-01-28T09:00:00,2025-01-28T09:00:00
e001842,u0103,2025-01-30T07:00:00,2025-01-30T07:00:00
e001843,u0103,2025-02-01T14:00:00,2025-02-01T14:00:00
e001843,u0103,2025-02-01T14:00:00,2025-02-01T16:00:00
e001845,u0103,2025-02-06T06:00:00,2025-02-06T06:00:00
e001846,u0103,2025-02-07T20:00:00,2025-02-07T20:00:00
e001847,u0103,2025-02-08T18:00:00,2025-02-08T18:00:00
e001848,u0103,2025-02-20T21:00:00,2025-02-20T21:00:00
e001848,u0103,2025-02-20T21:00:00,2025-02-20T23:00:00
e001850,u0103,2025-02-21T15:00:00,2025-02-21T15:00:00
e001851,u0103,2025-02-27T08:00:00,2025-02-27T08:00:00
e001852,u0103,2025-03-01T22:00:00,2025-03-01T22:00:00
e001853,u0103,2025-03-11T02:00:00,2025-03-11T02:00:00
e001854,u0104,2025-01-15T01:00:00,2025-01-15T01:00:00
e001855,u0104,2025-01-16T06:00:00,2025-01-16T06:00:00
e001856,u0104,2025-01-16T06:00:00,2025-01-16T06:00:00
e001857,u0104,2025-01-21T16:00:00,2025-01-21T16:00:00
e001858,u0104,2025-01-21T16:00:00,2025-01-21T16:00:00
e001859,u0104,2025-01-23T05:00:00,2025-01-23T05:00:00
e001859,u0104,2025-01-23T05:00:00,2025-01-23T07:00:00
e001861,u0104,2025-01-24T10:00:00,2025-01-24T10:00:00
e001862,u0104,2025-01-27T18:00:00,2025-01-27T18:00:00
e001863,u0104,2025-01-28T13:00:00,2025-01-28T13:00:00
e001864,u0104,2025-01-30T19:00:00,2025-01-30T19:00:00
e001865,u0104,2025-02-05T23:00:00,2025-02-05T23:00:00
e001866,u0104,2025-02-06T06:00:00,2025-02-06T06:00:00
e001866,u0104,2025-02-06T06:00:00,2025-02-06T08:00:00
e001868,u0104,2025-02-07T07:00:00,2025-02-07T07:00:00
e001869,u0104,2025-02-10T03:00:00,2025-02-10T03:00:00
e001870,u0104,2025-02-10T03:00:00,2025-02-10T03:00:00
e001871,u0104,2025-02-11T16:00:00,2025-02-11T16:00:00
e001872,u0104,2025-02-13T02:00:00,2025-02-13T02:00:00
e001873,u0104,2025-02-26T16:00:00,2025-02-26T16:00:00
e001874,u0104,2025-03-05T07:00:00,2025-03-05T07:00:00
e001875,u0104,2025-03-19T12:00:00,2025-03-19T12:00:00
e001876,u0104,2025-03-26T01:00:00,2025-03-26T01:00:00
e001877,u0104,2025-03-27T16:00:00,2025-03-27T16:00:00
e001878,u0105,2025-01-16T07:00:00,2025-01-16T07:00:00
e001879,u0105,2025-01-16T07:00:00,2025-01-16T07:00:00
e001880,u0105,2025-01-21T11:00:00,2025-01-21T11:00:00
e001881,u0105,2025-01-23T15:00:00,2025-01-23T15:00:00
e001882,u0105,2025-01-24T06:00:00,2025-01-24T06:00:00
e001883,u0105,2025-01-25T23:00:00,2025-01-25T23:00:00
e001884,u0105,2025-01-26T18:00:00,2025-01-26T18:00:00
e001885,u0105,2025-01-28T18:00:00,2025-01-28T18:00:00
e001886,u0105,2025-01-29T10:00:00,2025-01-29T10:00:00
e001887,u0105,2025-01-29T10:00:00,2025-01-29T10:00:00
e001888,u0105,2025-01-30T16:00:00,2025-01-30T16:00:00
e001888,u0105,2025-01-30T16:00:00,2025-01-30T18:00:00
e001890,u0105,2025-02-03T10:00:00,2025-02-03T10:00:00
e001891,u0105,2025-02-07T22:00:00,2025-02-07T22:00:00
e001892,u0105,2025-02-09T18:00:00,2025-02-09T18:00:00
e001893,u0105,2025-02-09T18:00:00,2025-02-09T18:00:00
e001894,u0105,2025-02-14T18:00:00,2025-02-14T18:00:00
e001895,u0105,2025-02-14T18:00:00,2025-02-14T18:00:00
e001896,u0105,2025-02-24T06:00:00,2025-02-24T06:00:00
e001897,u0105,2025-02-24T06:00:00,2025-02-24T06:00:00
e001898,u0105,2025-03-13T10:00:00,2025-03-13T10:00:00
e001899,u0105,2025-03-17T04:00:00,2025-03-17T04:00:00
e001900,u0105,2025-03-27T07:00:00,2025-03-27T07:00:00
e001901,u0105,2025-03-27T07:00:00,2025-03-27T07:00:00
e001902,u0106,2025-01-17T09:00:00,2025-01-17T09:00:00
e001903,u0106,2025-01-18T09:00:00,2025-01-18T09:00:00
e001904,u0106,2025-01-19T14:00:00,2025-01-19T14:00:00
e001905,u0106,2025-01-19T14:00:00,2025-01-19T14:00:00
e001906,u0106,2025-01-20T22:00:00,2025-01-20T22:00:00
e001907,u0106,2025-01-22T05:00:00,2025-01-22T05:00:00
e001908,u0106,2025-01-23T04:00:00,2025-01-23T04:00:00
e001909,u0106,2025-01-24T08:00:00,2025-01-24T08:00:00
e001909,u0106,2025-01-24T08:00:00,2025-01-24T10:00:00
e001911,u0106,2025-01-27T11:00:00,2025-01-27T11:00:00
e001912,u0106,2025-01-28T21:00:00,2025-01-28T21:00:00
e001913,u0106,2025-02-02T19:00:00,2025-02-02T19:00:00
e001913,u0106,2025-02-02T19:00:00,2025-02-02T21:00:00
e001915,u0106,2025-02-08T02:00:00,2025-02-08T02:00:00
e001915,u0106,2025-02-08T02:00:00,2025-02-08T04:00:00
e001917,u0106,2025-02-09T03:00:00,2025-02-09T03:00:00
e001918,u0106,2025-03-03T21:00:00,2025-03-03T21:00:00
e001919,u0106,2025-03-29T05:00:00,2025-03-29T05:00:00
e001920,u0106,2025-03-31T20:00:00,2025-03-31T20:00:00
e001921,u0107,2025-01-18T03:00:00,2025-01-18T03:00:00
e001922,u0107,2025-01-20T15:00:00,2025-01-20T15:00:00
e001923,u0107,2025-01-21T13:00:00,2025-01-21T13:00:00
e001924,u0107,2025-01-26T00:00:00,2025-01-26T00:00:00
e001924,u0107,2025-01-26T00:00:00,2025-01-26T02:00:00
e001926,u0107,2025-01-27T08:00:00,2025-01-27T08:00:00
e001927,u0107,2025-01-30T16:00:00,2025-01-30T16:00:00
e001928,u0107,2025-02-01T21:00:00,2025-02-01T21:00:00
e001929,u0107,2025-02-02T09:00:00,2025-02-02T09:00:00
e001929,u0107,2025-02-02T09:00:00,2025-02-02T11:00:00
e001931,u0107,2025-02-03T01:00:00,2025-02-03T01:00:00
e001932,u0107,2025-02-06T18:00:00,2025-02-06T18:00:00
e001933,u0107,2025-02-07T19:00:00,2025-02-07T19:00:00
e001934,u0107,2025-02-13T14:00:00,2025-02-13T14:00:00
e001935,u0107,2025-02-15T05:00:00,2025-02-15T05:00:00
e001936,u0107,2025-02-23T18:00:00,2025-02-23T18:00:00
e001937,u0107,2025-02-24T12:00:00,2025-02-24T12:00:00
e001938,u0107,2025-02-26T22:00:00,2025-02-26T22:00:00
e001939,u0107,2025-02-26T22:00:00,2025-02-26T22:00:00
e001940,u0107,2025-03-25T08:00:00,2025-03-25T08:00:00
e001941,u0108,2025-01-19T01:00:00,2025-01-19T01:00:00
e001942,u0108,2025-01-20T05:00:00,2025-01-20T05:00:00
e001943,u0108,2025-01-23T03:00:00,2025-01-23T03:00:00
e001944,u0108,2025-01-24T14:00:00,2025-01-24T14:00:00
e001945,u0108,2025-01-24T14:00:00,2025-01-24T14:00:00
e001946,u0108,2025-01-29T14:00:00,2025-01-29T14:00:00
e001947,u0108,2025-01-31T20:00:00,2025-01-31T20:00:00
e001948,u0108,2025-02-05T16:00:00,2025-02-05T16:00:00
e001948,u0108,2025-02-05T16:00:00,2025-02-05T18:00:00
e001950,u0108,2025-02-12T04:00:00,2025-02-12T04:00:00
e001951,u0108,2025-02-14T13:00:00,2025-02-14T13:00:00
e001952,u0108,2025-02-26T23:00:00,2025-02-26T23:00:00
e001953,u0108,2025-02-28T18:00:00,2025-02-28T18:00:00
e001954,u0108,2025-03-06T11:00:00,2025-03-06T11:00:00
e001955,u0108,2025-03-10T00:00:00,2025-03-10T00:00:00
e001956,u0108,2025-03-23T22:00:00,2025-03-23T22:00:00
e001957,u0108,2025-03-29T13:00:00,2025-03-29T13:00:00
e001958,u0109,2025-01-20T10:00:00,2025-01-20T10:00:00
e001958,u0109,2025-01-20T10:00:00,2025-01-20T12:00:00
e001960,u0109,2025-01-22T17:00:00,2025-01-22T17:00:00
e001961,u0109,2025-01-23T01:00:00,2025-01-23T01:00:00
e001962,u0109,2025-01-24T05:00:00,2025-01-24T05:00:00
e001963,u0109,2025-01-25T17:00:00,2025-01-25T17:00:00
e001964,u0109,2025-01-26T17:00:00,2025-01-26T17:00:00
e001965,u0109,2025-01-27T18:00:00,2025-01-27T18:00:00
e001966,u0109,2025-01-29T05:00:00,2025-01-29T05:00:00
e001967,u0109,2025-01-30T21:00:00,2025-01-30T21:00:00
e001968,u0109,2025-01-31T00:00:00,2025-01-31T00:00:00
e001969,u0109,2025-02-04T01:00:00,2025-02-04T01:00:00
e001970,u0109,2025-02-08T20:00:00,2025-02-08T20:00:00
e001971,u0109,2025-02-08T20:00:00,2025-02-08T20:00:00
e001972,u0109,2025-02-14T03:00:00,2025-02-14T03:00:00
e001973,u0109,2025-02-17T00:00:00,2025-02-17T00:00:00
e001974,u0109,2025-02-19T12:00:00,2025-02-19T12:00:00
e001975,u0109,2025-03-10T11:00:00,2025-03-10T11:00:00
e001976,u0109,2025-03-14T00:00:00,2025-03-14T00:00:00
e001977,u0109,2025-03-15T00:00:00,2025-03-15T00:00:00
e001978,u0109,2025-03-16T15:00:00,2025-03-16T15:00:00
e001979,u0109,2025-03-25T09:00:00,2025-03-25T09:00:00
e001980,u0109,2025-03-26T02:00:00,2025-03-26T02:00:00
e001981,u0110,2025-01-21T14:00:00,2025-01-21T14:00:00
e001982,u0110,2025-01-23T04:00:00,2025-01-23T04:00:00
e001983,u0110,2025-01-24T07:00:00,2025-01-24T07:00:00
e001984,u0110,2025-01-25T08:00:00,2025-01-25T08:00:00
e001985,u0110,2025-01-27T01:00:00,2025-01-27T01:00:00
e001985,u0110,2025-01-27T01:00:00,2025-01-27T03:00:00
e001987,u0110,2025-01-28T06:00:00,2025-01-28T06:00:00
e001988,u0110,2025-01-30T12:00:00,2025-01-30T12:00:00
e001989,u0110,2025-02-01T19:00:00,2025-02-01T19:00:00
e001990,u0110,2025-02-03T06:00:00,2025-02-03T06:00:00
e001991,u0110,2025-02-04T01:00:00,2025-02-04T01:00:00
e001992,u0110,2025-02-06T20:00:00,2025-02-06T20:00:00
e001993,u0110,2025-02-07T11:00:00,2025-02-07T11:00:00
e001994,u0110,2025-02-11T17:00:00,2025-02-11T17:00:00
e001995,u0110,2025-02-14T21:00:00,2025-02-14T21:00:00
e001996,u0110,2025-02-15T08:00:00,2025-02-15T08:00:00
e001997,u0110,2025-02-28T10:00:00,2025-02-28T10:00:00
e001998,u0110,2025-03-03T19:00:00,2025-03-03T19:00:00
e001999,u0110,2025-03-18T15:00:00,2025-03-18T15:00:00
e002000,u0110,2025-03-18T15:00:00,2025-03-18T15:00:00
e002001,u0110,2025-03-21T08:00:00,2025-03-21T08:00:00
e002002,u0110,2025-03-27T02:00:00,2025-03-27T02:00:00
e002003,u0111,2025-01-22T15:00:00,2025-01-22T15:00:00
e002004,u0111,2025-01-22T15:00:00,2025-01-22T15:00:00
e002005,u0111,2025-01-24T08:00:00,2025-01-24T08:00:00
e002006,u0111,2025-01-26T21:00:00,2025-01-26T21:00:00
e002006,u0111,2025-01-26T21:00:00,2025-01-26T23:00:00
e002008,u0111,2025-01-28T20:00:00,2025-01-28T20:00:00
e002009,u0111,2025-01-30T20:00:00,2025-01-30T20:00:00
e002010,u0111,2025-01-31T00:00:00,2025-01-31T00:00:00
e002011,u0111,2025-02-15T15:00:00,2025-02-15T15:00:00
e002012,u0111,2025-03-15T03:00:00,2025-03-15T03:00:00
e002013,u0111,2025-03-19T05:00:00,2025-03-19T05:00:00
e002014,u0111,2025-03-30T11:00:00,2025-03-30T11:00:00
e002015,u0112,2025-01-23T07:00:00,2025-01-23T07:00:00
e002016,u0112,2025-01-25T03:00:00,2025-01-25T03:00:00
e002017,u0112,2025-01-25T03:00:00,2025-01-25T03:00:00
e002018,u0112,2025-01-27T01:00:00,2025-01-27T01:00:00
e002018,u0112,2025-01-27T01:00:00,2025-01-27T03:00:00
e002020,u0112,2025-01-29T05:00:00,2025-01-29T05:00:00
e002021,u0112,2025-02-05T06:00:00,2025-02-05T06:00:00
e002022,u0112,2025-02-07T07:00:00,2025-02-07T07:00:00
e002023,u0112,2025-02-08T21:00:00,2025-02-08T21:00:00
e002023,u0112,2025-02-08T21:00:00,2025-02-08T23:00:00
e002025,u0112,2025-02-11T11:00:00,2025-02-11T11:00:00
e002026,u0112,2025-02-11T11:00:00,2025-02-11T11:00:00
e002027,u0112,2025-02-14T16:00:00,2025-02-14T16:00:00
e002028,u0112,2025-02-15T10:00:00,2025-02-15T10:00:00
e002029,u0112,2025-02-16T00:00:00,2025-02-16T00:00:00
e002030,u0112,2025-02-16T00:00:00,2025-02-16T00:00:00
e002031,u0112,2025-02-18T16:00:00,2025-02-18T16:00:00
e002032,u0112,2025-02-24T07:00:00,2025-02-24T07:00:00
e002033,u0112,2025-03-05T14:00:00,2025-03-05T14:00:00
e002034,u0112,2025-03-08T07:00:00,2025-03-08T07:00:00
e002035,u0112,2025-03-09T04:00:00,2025-03-09T04:00:00
e002036,u0112,2025-03-09T04:00:00,2025-03-09T04:00:00
e002037,u0112,2025-03-15T06:00:00,2025-03-15T06:00:00
e002038,u0112,2025-03-21T11:00:00,2025-03-21T11:00:00
e002039,u0112,2025-03-25T14:00:00,2025-03-25T14:00:00
e002040,u0112,2025-03-25T14:00:00,2025-03-25T14:00:00
e002041,u0113,2025-01-24T18:00:00,2025-01-24T18:00:00
e002042,u0113,2025-01-25T09:00:00,2025-01-25T09:00:00
e002043,u0113,2025-01-30T16:00:00,2025-01-30T16:00:00
e002044,u0113,2025-01-30T16:00:00,2025-01-30T16:00:00
e002045,u0113,2025-01-31T16:00:00,2025-01-31T16:00:00
e002046,u0113,2025-02-01T18:00:00,2025-02-01T18:00:00
e002047,u0113,2025-02-02T14:00:00,2025-02-02T14:00:00
e002047,u0113,2025-02-02T14:00:00,2025-02-02T16:00:00
e002049,u0113,2025-02-04T22:00:00,2025-02-04T22:00:00
e002050,u0113,2025-02-05T13:00:00,2025-02-05T13:00:00
e002051,u0113,2025-02-07T00:00:00,2025-02-07T00:00:00
e002051,u0113,2025-02-07T00:00:00,2025-02-07T02:00:00
e002053,u0113,2025-02-15T02:00:00,2025-02-15T02:00:00
e002054,u0113,2025-02-18T07:00:00,2025-02-18T07:00:00
e002055,u0113,2025-03-05T10:00:00,2025-03-05T10:00:00
e002055,u0113,2025-03-05T10:00:00,2025-03-05T12:00:00
e002057,u0113,2025-03-07T11:00:00,2025-03-07T11:00:00
e002058,u0113,2025-03-08T03:00:00,2025-03-08T03:00:00
e002059,u0113,2025-03-10T14:00:00,2025-03-10T14:00:00
e002060,u0113,2025-03-19T22:00:00,2025-03-19T22:00:00
e002061,u0113,2025-03-23T12:00:00,2025-03-23T12:00:00
e002062,u0113,2025-03-25T03:00:00,2025-03-25T03:00:00
e002063,u0113,2025-03-26T09:00:00,2025-03-26T09:00:00
e002063,u0113,2025-03-26T09:00:00,2025-03-26T11:00:00
e002065,u0113,2025-03-27T02:00:00,2025-03-27T02:00:00
e002066,u0114,2025-01-25T01:00:00,2025-01-25T01:00:00
e002067,u0114,2025-01-25T01:00:00,2025-01-25T01:00:00
e002068,u0114,2025-01-26T22:00:00,2025-01-26T22:00:00
e002069,u0114,2025-01-27T00:00:00,2025-01-27T00:00:00
e002070,u0114,2025-01-29T16:00:00,2025-01-29T16:00:00
e002071,u0114,2025-01-29T16:00:00,2025-01-29T16:00:00
e002072,u0114,2025-02-05T17:00:00,2025-02-05T17:00:00
e002073,u0114,2025-02-06T12:00:00,2025-02-06T12:00:00
e002074,u0114,2025-02-09T01:00:00,2025-02-09T01:00:00
e002075,u0114,2025-02-11T18:00:00,2025-02-11T18:00:00
e002076,u0114,2025-02-13T01:00:00,2025-02-13T01:00:00
e002077,u0114,2025-02-16T10:00:00,2025-02-16T10:00:00
e002078,u0114,2025-03-03T09:00:00,2025-03-03T09:00:00
e002079,u0114,2025-03-16T19:00:00,2025-03-16T19:00:00
e002080,u0114,2025-03-17T17:00:00,2025-03-17T17:00:00
e002081,u0114,2025-03-29T06:00:00,2025-03-29T06:00:00
e002082,u0115,2025-01-26T13:00:00,2025-01-26T13:00:00
e002083,u0115,2025-01-26T13:00:00,2025-01-26T13:00:00
e002084,u0115,2025-01-27T22:00:00,2025-01-27T22:00:00
e002085,u0115,2025-01-28T03:00:00,2025-01-28T03:00:00
e002086,u0115,2025-01-31T14:00:00,2025-01-31T14:00:00
e002087,u0115,2025-02-01T06:00:00,2025-02-01T06:00:00
e002088,u0115,2025-02-02T16:00:00,2025-02-02T16:00:00
e002089,u0115,2025-02-03T12:00:00,2025-02-03T12:00:00
e002090,u0115,2025-02-03T12:00:00,2025-02-03T12:00:00
e002091,u0115,2025-02-04T06:00:00,2025-02-04T06:00:00
e002092,u0115,2025-02-07T12:00:00,2025-02-07T12:00:00
e002093,u0115,2025-02-07T12:00:00,2025-02-07T12:00:00
e002094,u0115,2025-02-08T22:00:00,2025-02-08T22:00:00
e002095,u0115,2025-02-10T06:00:00,2025-02-10T06:00:00
e002096,u0115,2025-02-13T23:00:00,2025-02-13T23:00:00
e002097,u0115,2025-02-14T11:00:00,2025-02-14T11:00:00
e002098,u0115,2025-02-14T11:00:00,2025-02-14T11:00:00
e002099,u0115,2025-02-15T00:00:00,2025-02-15T00:00:00
e002100,u0115,2025-02-16T12:00:00,2025-02-16T12:00:00
e002101,u0115,2025-02-26T22:00:00,2025-02-26T22:00:00
e002102,u0115,2025-03-06T14:00:00,2025-03-06T14:00:00
e002103,u0115,2025-03-13T05:00:00,2025-03-13T05:00:00
e002104,u0115,2025-03-16T05:00:00,2025-03-16T05:00:00
e002105,u0115,2025-03-17T09:00:00,2025-03-17T09:00:00
e002106,u0115,2025-03-17T09:00:00,2025-03-17T09:00:00
e002107,u0115,2025-03-25T06:00:00,2025-03-25T06:00:00
e002108,u0116,2025-01-27T06:00:00,2025-01-27T06:00:00
e002109,u0116,2025-01-29T14:00:00,2025-01-29T14:00:00
e002110,u0116,2025-01-29T14:00:00,2025-01-29T14:00:00
e002111,u0116,2025-01-30T02:00:00,2025-01-30T02:00:00
e002112,u0116,2025-02-01T03:00:00,2025-02-01T03:00:00
e002113,u0116,2025-02-05T07:00:00,2025-02-05T07:00:00
e002114,u0116,2025-02-07T12:00:00,2025-02-07T12:00:00
e002115,u0116,2025-02-10T05:00:00,2025-02-10T05:00:00
e002115,u0116,2025-02-10T05:00:00,2025-02-10T07:00:00
e002117,u0116,2025-02-10T05:00:00,2025-02-10T05:00:00
e002118,u0116,2025-02-11T05:00:00,2025-02-11T05:00:00
e002119,u0116,2025-02-11T05:00:00,2025-02-11T05:00:00
e002120,u0116,2025-02-12T21:00:00,2025-02-12T21:00:00
e002121,u0116,2025-02-12T21:00:00,2025-02-12T21:00:00
e002122,u0116,2025-02-14T04:00:00,2025-02-14T04:00:00
e002123,u0116,2025-02-15T01:00:00,2025-02-15T01:00:00
e002124,u0116,2025-02-16T16:00:00,2025-02-16T16:00:00
e002124,u0116,2025-02-16T16:00:00,2025-02-16T18:00:00
e002126,u0116,2025-02-22T11:00:00,2025-02-22T11:00:00
e002127,u0116,2025-03-02T08:00:00,2025-03-02T08:00:00
e002128,u0116,2025-03-09T00:00:00,2025-03-09T00:00:00
e002129,u0116,2025-03-09T00:00:00,2025-03-09T00:00:00
e002130,u0116,2025-03-12T00:00:00,2025-03-12T00:00:00
e002130,u0116,2025-03-12T00:00:00,2025-03-12T02:00:00
e002132,u0116,2025-03-15T13:00:00,2025-03-15T13:00:00
e002133,u0117,2025-01-28T05:00:00,2025-01-28T05:00:00
e002134,u0117,2025-01-29T07:00:00,2025-01-29T07:00:00
e002135,u0117,2025-01-30T09:00:00,2025-01-30T09:00:00
e002136,u0117,2025-01-30T09:00:00,2025-01-30T09:00:00
e002137,u0117,2025-02-02T07:00:00,2025-02-02T07:00:00
e002138,u0117,2025-02-02T07:00:00,2025-02-02T07:00:00
e002139,u0117,2025-02-03T22:00:00,2025-02-03T22:00:00
e002140,u0117,2025-02-06T08:00:00,2025-02-06T08:00:00
e002141,u0117,2025-02-07T12:00:00,2025-02-07T12:00:00
e002142,u0117,2025-02-09T01:00:00,2025-02-09T01:00:00
e002143,u0117,2025-02-10T22:00:00,2025-02-10T22:00:00
e002144,u0117,2025-02-11T00:00:00,2025-02-11T00:00:00
e002145,u0117,2025-02-18T21:00:00,2025-02-18T21:00:00
e002145,u0117,2025-02-18T21:00:00,2025-02-18T23:00:00
e002147,u0117,2025-03-04T09:00:00,2025-03-04T09:00:00
e002147,u0117,2025-03-04T09:00:00,2025-03-04T11:00:00
e002149,u0117,2025-03-09T05:00:00,2025-03-09T05:00:00
e002150,u0117,2025-03-09T05:00:00,2025-03-09T05:00:00
e002151,u0117,2025-03-15T05:00:00,2025-03-15T05:00:00
e002151,u0117,2025-03-15T05:00:00,2025-03-15T07:00:00
e002153,u0117,2025-03-30T06:00:00,2025-03-30T06:00:00
e002154,u0117,2025-03-31T12:00:00,2025-03-31T12:00:00
e002155,u0118,2025-01-29T11:00:00,2025-01-29T11:00:00
e002156,u0118,2025-01-29T11:00:00,2025-01-29T11:00:00
e002157,u0118,2025-01-31T07:00:00,2025-01-31T07:00:00
e002158,u0118,2025-01-31T07:00:00,2025-01-31T07:00:00
e002159,u0118,2025-02-01T22:00:00,2025-02-01T22:00:00
e002160,u0118,2025-02-02T11:00:00,2025-02-02T11:00:00
e002161,u0118,2025-02-02T11:00:00,2025-02-02T11:00:00
e002162,u0118,2025-02-03T15:00:00,2025-02-03T15:00:00
e002163,u0118,2025-02-05T22:00:00,2025-02-05T22:00:00
e002164,u0118,2025-02-06T17:00:00,2025-02-06T17:00:00
e002165,u0118,2025-02-07T22:00:00,2025-02-07T22:00:00
e002166,u0118,2025-02-08T11:00:00,2025-02-08T11:00:00
e002167,u0118,2025-02-08T11:00:00,2025-02-08T11:00:00
e002168,u0118,2025-02-13T20:00:00,2025-02-13T20:00:00
e002169,u0118,2025-02-22T20:00:00,2025-02-22T20:00:00
e002170,u0118,2025-02-22T20:00:00,2025-02-22T20:00:00
e002171,u0118,2025-02-24T03:00:00,2025-02-24T03:00:00
e002172,u0118,2025-03-03T21:00:00,2025-03-03T21:00:00
e002173,u0118,2025-03-05T10:00:00,2025-03-05T10:00:00
e002174,u0118,2025-03-20T23:00:00,2025-03-20T23:00:00
e002174,u0118,2025-03-20T23:00:00,2025-03-21T01:00:00
e002176,u0118,2025-03-24T19:00:00,2025-03-24T19:00:00
e002177,u0118,2025-03-26T22:00:00,2025-03-26T22:00:00
e002178,u0118,2025-03-26T22:00:00,2025-03-26T22:00:00
e002179,u0118,2025-03-30T04:00:00,2025-03-30T04:00:00
e002180,u0118,2025-03-31T02:00:00,2025-03-31T02:00:00
e002181,u0119,2025-01-30T07:00:00,2025-01-30T07:00:00
e002182,u0119,2025-01-31T22:00:00,2025-01-31T22:00:00
e002183,u0119,2025-01-31T22:00:00,2025-01-31T22:00:00
e002184,u0119,2025-02-04T22:00:00,2025-02-04T22:00:00
e002185,u0119,2025-02-11T06:00:00,2025-02-11T06:00:00
e002186,u0119,2025-02-15T19:00:00,2025-02-15T19:00:00
e002187,u0119,2025-02-16T15:00:00,2025-02-16T15:00:00
e002188,u0119,2025-02-24T19:00:00,2025-02-24T19:00:00
e002189,u0119,2025-03-01T05:00:00,2025-03-01T05:00:00
e002190,u0119,2025-03-08T07:00:00,2025-03-08T07:00:00
e002191,u0119,2025-03-31T10:00:00,2025-03-31T10:00:00
e002192,u0120,2025-01-31T04:00:00,2025-01-31T04:00:00
e002193,u0120,2025-02-01T11:00:00,2025-02-01T11:00:00
e002194,u0120,2025-02-02T03:00:00,2025-02-02T03:00:00
e002195,u0120,2025-02-03T01:00:00,2025-02-03T01:00:00
e002196,u0120,2025-02-05T06:00:00,2025-02-05T06:00:00
e002197,u0120,2025-02-06T06:00:00,2025-02-06T06:00:00
e002198,u0120,2025-02-08T13:00:00,2025-02-08T13:00:00
e002199,u0120,2025-02-14T23:00:00,2025-02-14T23:00:00
e002200,u0120,2025-02-21T23:00:00,2025-02-21T23:00:00
e002201,u0120,2025-03-01T10:00:00,2025-03-01T10:00:00
e002202,u0120,2025-03-10T04:00:00,2025-03-10T04:00:00
e002203,u0120,2025-03-12T15:00:00,2025-03-12T15:00:00
e002204,u0120,2025-03-14T18:00:00,2025-03-14T18:00:00
e002205,u0120,2025-03-26T06:00:00,2025-03-26T06:00:00
e002206,u0121,2025-02-01T06:00:00,2025-02-01T06:00:00
e002207,u0121,2025-02-01T06:00:00,2025-02-01T06:00:00
e002208,u0121,2025-02-02T14:00:00,2025-02-02T14:00:00
e002209,u0121,2025-02-02T14:00:00,2025-02-02T14:00:00
e002210,u0121,2025-02-03T23:00:00,2025-02-03T23:00:00
e002211,u0121,2025-02-04T08:00:00,2025-02-04T08:00:00
e002212,u0121,2025-02-05T15:00:00,2025-02-05T15:00:00
e002213,u0121,2025-02-07T23:00:00,2025-02-07T23:00:00
e002214,u0121,2025-02-08T11:00:00,2025-02-08T11:00:00
e002215,u0121,2025-02-09T19:00:00,2025-02-09T19:00:00
e002215,u0121,2025-02-09T19:00:00,2025-02-09T21:00:00
e002217,u0121,2025-02-11T02:00:00,2025-02-11T02:00:00
e002218,u0121,2025-02-14T07:00:00,2025-02-14T07:00:00
e002219,u0121,2025-02-16T20:00:00,2025-02-16T20:00:00
e002220,u0121,2025-02-18T23:00:00,2025-02-18T23:00:00
e002221,u0121,2025-02-18T23:00:00,2025-02-18T23:00:00
e002222,u0121,2025-02-22T08:00:00,2025-02-22T08:00:00
e002223,u0121,2025-02-23T14:00:00,2025-02-23T14:00:00
e002224,u0121,2025-02-24T08:00:00,2025-02-24T08:00:00
e002225,u0121,2025-02-26T00:00:00,2025-02-26T00:00:00
e002226,u0121,2025-02-27T02:00:00,2025-02-27T02:00:00
e002227,u0121,2025-02-27T02:00:00,2025-02-27T02:00:00
e002228,u0121,2025-03-02T05:00:00,2025-03-02T05:00:00
e002228,u0121,2025-03-02T05:00:00,2025-03-02T07:00:00
e002230,u0121,2025-03-08T05:00:00,2025-03-08T05:00:00
e002231,u0121,2025-03-11T09:00:00,2025-03-11T09:00:00
e002232,u0121,2025-03-12T01:00:00,2025-03-12T01:00:00
e002233,u0121,2025-03-22T19:00:00,2025-03-22T19:00:00
e002234,u0122,2025-02-02T08:00:00,2025-02-02T08:00:00
e002235,u0122,2025-02-04T08:00:00,2025-02-04T08:00:00
e002236,u0122,2025-02-04T08:00:00,2025-02-04T08:00:00
e002237,u0122,2025-02-05T16:00:00,2025-02-05T16:00:00
e002238,u0122,2025-02-06T18:00:00,2025-02-06T18:00:00
e002239,u0122,2025-02-07T04:00:00,2025-02-07T04:00:00
e002240,u0122,2025-02-09T22:00:00,2025-02-09T22:00:00
e002241,u0122,2025-02-14T07:00:00,2025-02-14T07:00:00
e002242,u0122,2025-02-17T05:00:00,2025-02-17T05:00:00
e002243,u0122,2025-02-18T00:00:00,2025-02-18T00:00:00
e002244,u0122,2025-02-22T23:00:00,2025-02-22T23:00:00
e002245,u0122,2025-02-23T03:00:00,2025-02-23T03:00:00
e002246,u0122,2025-02-23T03:00:00,2025-02-23T03:00:00
e002247,u0122,2025-02-27T20:00:00,2025-02-27T20:00:00
e002247,u0122,2025-02-27T20:00:00,2025-02-27T22:00:00
e002249,u0122,2025-03-03T04:00:00,2025-03-03T04:00:00
e002250,u0122,2025-03-04T13:00:00,2025-03-04T13:00:00
e002251,u0122,2025-03-07T19:00:00,2025-03-07T19:00:00
e002252,u0122,2025-03-07T19:00:00,2025-03-07T19:00:00
e002253,u0122,2025-03-11T21:00:00,2025-03-11T21:00:00
e002254,u0122,2025-03-20T22:00:00,2025-03-20T22:00:00
e002255,u0122,2025-03-20T22:00:00,2025-03-20T22:00:00
e002256,u0122,2025-03-21T02:00:00,2025-03-21T02:00:00
e002256,u0122,2025-03-21T02:00:00,2025-03-21T04:00:00
e002258,u0122,2025-03-26T14:00:00,2025-03-26T14:00:00
e002258,u0122,2025-03-26T14:00:00,2025-03-26T16:00:00
e002260,u0122,2025-03-26T14:00:00,2025-03-26T14:00:00
e002261,u0122,2025-03-30T21:00:00,2025-03-30T21:00:00
e002262,u0123,2025-02-03T15:00:00,2025-02-03T15:00:00
e002263,u0123,2025-02-04T12:00:00,2025-02-04T12:00:00
e002264,u0123,2025-02-05T12:00:00,2025-02-05T12:00:00
e002265,u0123,2025-02-06T17:00:00,2025-02-06T17:00:00
e002266,u0123,2025-02-07T04:00:00,2025-02-07T04:00:00
e002267,u0123,2025-02-07T04:00:00,2025-02-07T04:00:00
e002268,u0123,2025-02-09T11:00:00,2025-02-09T11:00:00
e002269,u0123,2025-02-10T16:00:00,2025-02-10T16:00:00
e002269,u0123,2025-02-10T16:00:00,2025-02-10T18:00:00
e002271,u0123,2025-02-11T20:00:00,2025-02-11T20:00:00
e002272,u0123,2025-02-13T16:00:00,2025-02-13T16:00:00
e002273,u0123,2025-02-19T12:00:00,2025-02-19T12:00:00
e002274,u0123,2025-02-21T08:00:00,2025-02-21T08:00:00
e002275,u0123,2025-02-23T04:00:00,2025-02-23T04:00:00
e002276,u0123,2025-02-24T17:00:00,2025-02-24T17:00:00
e002277,u0123,2025-02-26T21:00:00,2025-02-26T21:00:00
e002278,u0123,2025-03-04T16:00:00,2025-03-04T16:00:00
e002279,u0123,2025-03-11T10:00:00,2025-03-11T10:00:00
e002280,u0123,2025-03-23T18:00:00,2025-03-23T18:00:00
e002281,u0123,2025-03-24T10:00:00,2025-03-24T10:00:00
e002282,u0124,2025-02-04T07:00:00,2025-02-04T07:00:00
e002283,u0124,2025-02-05T09:00:00,2025-02-05T09:00:00
e002284,u0124,2025-02-06T03:00:00,2025-02-06T03:00:00
e002285,u0124,2025-02-07T07:00:00,2025-02-07T07:00:00
e002286,u0124,2025-02-07T07:00:00,2025-02-07T07:00:00
e002287,u0124,2025-02-08T11:00:00,2025-02-08T11:00:00
e002288,u0124,2025-02-09T01:00:00,2025-02-09T01:00:00
e002289,u0124,2025-02-09T01:00:00,2025-02-09T01:00:00
e002290,u0124,2025-02-10T08:00:00,2025-02-10T08:00:00
e002291,u0124,2025-02-11T12:00:00,2025-02-11T12:00:00
e002292,u0124,2025-02-13T16:00:00,2025-02-13T16:00:00
e002293,u0124,2025-02-14T12:00:00,2025-02-14T12:00:00
e002294,u0124,2025-02-15T05:00:00,2025-02-15T05:00:00
e002295,u0124,2025-02-16T06:00:00,2025-02-16T06:00:00
e002296,u0124,2025-02-17T05:00:00,2025-02-17T05:00:00
e002297,u0124,2025-02-19T21:00:00,2025-02-19T21:00:00
e002298,u0124,2025-02-25T09:00:00,2025-02-25T09:00:00
e002299,u0124,2025-03-07T10:00:00,2025-03-07T10:00:00
e002300,u0124,2025-03-07T10:00:00,2025-03-07T10:00:00
e002301,u0124,2025-03-10T10:00:00,2025-03-10T10:00:00
e002302,u0124,2025-03-11T09:00:00,2025-03-11T09:00:00
e002303,u0124,2025-03-22T13:00:00,2025-03-22T13:00:00
e002304,u0125,2025-02-05T05:00:00,2025-02-05T05:00:00
e002305,u0125,2025-02-07T04:00:00,2025-02-07T04:00:00
e002306,u0125,2025-02-08T12:00:00,2025-02-08T12:00:00
e002307,u0125,2025-02-10T10:00:00,2025-02-10T10:00:00
e002308,u0125,2025-02-11T21:00:00,2025-02-11T21:00:00
e002309,u0125,2025-02-11T21:00:00,2025-02-11T21:00:00
e002310,u0125,2025-02-15T14:00:00,2025-02-15T14:00:00
e002311,u0125,2025-02-24T12:00:00,2025-02-24T12:00:00
e002312,u0125,2025-02-26T15:00:00,2025-02-26T15:00:00
e002313,u0125,2025-02-26T15:00:00,2025-02-26T15:00:00
e002314,u0125,2025-03-01T22:00:00,2025-03-01T22:00:00
e002315,u0125,2025-03-04T15:00:00,2025-03-04T15:00:00
e002316,u0125,2025-03-06T17:00:00,2025-03-06T17:00:00
e002317,u0125,2025-03-08T18:00:00,2025-03-08T18:00:00
e002318,u0125,2025-03-09T01:00:00,2025-03-09T01:00:00
e002319,u0125,2025-03-13T21:00:00,2025-03-13T21:00:00
e002320,u0125,2025-03-16T15:00:00,2025-03-16T15:00:00
e002321,u0125,2025-03-19T18:00:00,2025-03-19T18:00:00
e002322,u0125,2025-03-26T08:00:00,2025-03-26T08:00:00
e002323,u0125,2025-03-27T21:00:00,2025-03-27T21:00:00
e002323,u0125,2025-03-27T21:00:00,2025-03-27T23:00:00
e002325,u0125,2025-03-31T06:00:00,2025-03-31T06:00:00
e002326,u0126,2025-02-06T04:00:00,2025-02-06T04:00:00
e002327,u0126,2025-02-07T15:00:00,2025-02-07T15:00:00
e002328,u0126,2025-02-08T16:00:00,2025-02-08T16:00:00
e002329,u0126,2025-02-11T08:00:00,2025-02-11T08:00:00
e002330,u0126,2025-02-12T14:00:00,2025-02-12T14:00:00
e002331,u0126,2025-02-16T12:00:00,2025-02-16T12:00:00
e002332,u0126,2025-02-17T22:00:00,2025-02-17T22:00:00
e002333,u0126,2025-02-18T16:00:00,2025-02-18T16:00:00
e002334,u0126,2025-02-20T04:00:00,2025-02-20T04:00:00
e002335,u0126,2025-02-24T01:00:00,2025-02-24T01:00:00
e002336,u0126,2025-02-25T07:00:00,2025-02-25T07:00:00
e002337,u0126,2025-03-05T18:00:00,2025-03-05T18:00:00
e002338,u0126,2025-03-07T06:00:00,2025-03-07T06:00:00
e002339,u0126,2025-03-10T03:00:00,2025-03-10T03:00:00
e002340,u0126,2025-03-11T05:00:00,2025-03-11T05:00:00
e002341,u0126,2025-03-11T05:00:00,2025-03-11T05:00:00
e002342,u0126,2025-03-13T11:00:00,2025-03-13T11:00:00
e002343,u0126,2025-03-15T19:00:00,2025-03-15T19:00:00
e002344,u0126,2025-03-25T22:00:00,2025-03-25T22:00:00
e002345,u0127,2025-02-07T07:00:00,2025-02-07T07:00:00
e002346,u0127,2025-02-08T16:00:00,2025-02-08T16:00:00
e002346,u0127,2025-02-08T16:00:00,2025-02-08T18:00:00
e002348,u0127,2025-02-09T12:00:00,2025-02-09T12:00:00
e002349,u0127,2025-02-11T09:00:00,2025-02-11T09:00:00
e002350,u0127,2025-02-12T00:00:00,2025-02-12T00:00:00
e002351,u0127,2025-02-23T01:00:00,2025-02-23T01:00:00
e002352,u0127,2025-02-25T18:00:00,2025-02-25T18:00:00
e002353,u0127,2025-02-28T11:00:00,2025-02-28T11:00:00
e002354,u0127,2025-03-02T02:00:00,2025-03-02T02:00:00
e002355,u0127,2025-03-04T09:00:00,2025-03-04T09:00:00
e002356,u0127,2025-03-21T05:00:00,2025-03-21T05:00:00
e002357,u0127,2025-03-29T20:00:00,2025-03-29T20:00:00
e002358,u0128,2025-02-08T19:00:00,2025-02-08T19:00:00
e002359,u0128,2025-02-12T17:00:00,2025-02-12T17:00:00
e002360,u0128,2025-02-12T17:00:00,2025-02-12T17:00:00
e002361,u0128,2025-02-15T05:00:00,2025-02-15T05:00:00
e002362,u0128,2025-02-16T16:00:00,2025-02-16T16:00:00
e002363,u0128,2025-02-20T01:00:00,2025-02-20T01:00:00
e002364,u0128,2025-02-27T23:00:00,2025-02-27T23:00:00
e002365,u0128,2025-03-02T20:00:00,2025-03-02T20:00:00
e002366,u0128,2025-03-04T11:00:00,2025-03-04T11:00:00
e002367,u0128,2025-03-04T11:00:00,2025-03-04T11:00:00
e002368,u0128,2025-03-18T05:00:00,2025-03-18T05:00:00
e002369,u0128,2025-03-18T05:00:00,2025-03-18T05:00:00
e002370,u0128,2025-03-21T06:00:00,2025-03-21T06:00:00
e002370,u0128,2025-03-21T06:00:00,2025-03-21T08:00:00
e002372,u0128,2025-03-24T09:00:00,2025-03-24T09:00:00
e002373,u0128,2025-03-28T21:00:00,2025-03-28T21:00:00
e002374,u0129,2025-02-09T16:00:00,2025-02-09T16:00:00
e002375,u0129,2025-02-10T02:00:00,2025-02-10T02:00:00
e002376,u0129,2025-02-11T09:00:00,2025-02-11T09:00:00
e002377,u0129,2025-02-13T08:00:00,2025-02-13T08:00:00
e002378,u0129,2025-02-14T09:00:00,2025-02-14T09:00:00
e002379,u0129,2025-02-14T09:00:00,2025-02-14T09:00:00
e002380,u0129,2025-02-15T04:00:00,2025-02-15T04:00:00
e002381,u0129,2025-02-16T05:00:00,2025-02-16T05:00:00
e002382,u0129,2025-02-18T22:00:00,2025-02-18T22:00:00
e002383,u0129,2025-02-20T12:00:00,2025-02-20T12:00:00
e002384,u0129,2025-02-22T16:00:00,2025-02-22T16:00:00
e002385,u0129,2025-02-23T05:00:00,2025-02-23T05:00:00
e002385,u0129,2025-02-23T05:00:00,2025-02-23T07:00:00
e002387,u0129,2025-02-24T03:00:00,2025-02-24T03:00:00
e002388,u0129,2025-02-26T03:00:00,2025-02-26T03:00:00
e002389,u0129,2025-03-02T21:00:00,2025-03-02T21:00:00
e002390,u0129,2025-03-02T21:00:00,2025-03-02T21:00:00
e002391,u0129,2025-03-06T08:00:00,2025-03-06T08:00:00
e002392,u0129,2025-03-06T08:00:00,2025-03-06T08:00:00
e002393,u0129,2025-03-09T12:00:00,2025-03-09T12:00:00
e002394,u0129,2025-03-09T12:00:00,2025-03-09T12:00:00
e002395,u0129,2025-03-10T05:00:00,2025-03-10T05:00:00
e002396,u0129,2025-03-16T19:00:00,2025-03-16T19:00:00
e002397,u0129,2025-03-17T13:00:00,2025-03-17T13:00:00
e002398,u0129,2025-03-24T01:00:00,2025-03-24T01:00:00
e002399,u0129,2025-03-27T06:00:00,2025-03-27T06:00:00
e002400,u0129,2025-03-27T06:00:00,2025-03-27T06:00:00
e002401,u0129,2025-03-28T05:00:00,2025-03-28T05:00:00
e002402,u0129,2025-03-28T05:00:00,2025-03-28T05:00:00
e002403,u0129,2025-03-29T18:00:00,2025-03-29T18:00:00
e002404,u0130,2025-02-10T03:00:00,2025-02-10T03:00:00
e002405,u0130,2025-02-10T03:00:00,2025-02-10T03:00:00
e002406,u0130,2025-02-11T06:00:00,2025-02-11T06:00:00
e002407,u0130,2025-02-13T06:00:00,2025-02-13T06:00:00
e002408,u0130,2025-02-14T18:00:00,2025-02-14T18:00:00
e002409,u0130,2025-02-16T18:00:00,2025-02-16T18:00:00
e002410,u0130,2025-02-17T08:00:00,2025-02-17T08:00:00
e002411,u0130,2025-02-22T11:00:00,2025-02-22T11:00:00
e002412,u0130,2025-02-23T09:00:00,2025-02-23T09:00:00
e002413,u0130,2025-02-25T15:00:00,2025-02-25T15:00:00
e002414,u0130,2025-03-02T01:00:00,2025-03-02T01:00:00
e002415,u0130,2025-03-08T23:00:00,2025-03-08T23:00:00
e002416,u0130,2025-03-09T09:00:00,2025-03-09T09:00:00
e002417,u0130,2025-03-13T01:00:00,2025-03-13T01:00:00
e002418,u0130,2025-03-15T12:00:00,2025-03-15T12:00:00
e002419,u0130,2025-03-16T14:00:00,2025-03-16T14:00:00
e002420,u0130,2025-03-18T12:00:00,2025-03-18T12:00:00
e002421,u0130,2025-03-19T08:00:00,2025-03-19T08:00:00
e002422,u0130,2025-03-23T05:00:00,2025-03-23T05:00:00
e002423,u0130,2025-03-24T16:00:00,2025-03-24T16:00:00
e002424,u0130,2025-03-24T16:00:00,2025-03-24T16:00:00
e002425,u0131,2025-02-11T19:00:00,2025-02-11T19:00:00
e002426,u0131,2025-02-13T16:00:00,2025-02-13T16:00:00
e002427,u0131,2025-02-14T07:00:00,2025-02-14T07:00:00
e002428,u0131,2025-02-17T17:00:00,2025-02-17T17:00:00
e002429,u0131,2025-02-17T17:00:00,2025-02-17T17:00:00
e002430,u0131,2025-02-18T13:00:00,2025-02-18T13:00:00
e002431,u0131,2025-02-18T13:00:00,2025-02-18T13:00:00
e002432,u0131,2025-02-23T02:00:00,2025-02-23T02:00:00
e002433,u0131,2025-02-23T02:00:00,2025-02-23T02:00:00
e002434,u0131,2025-02-24T18:00:00,2025-02-24T18:00:00
e002435,u0131,2025-02-24T18:00:00,2025-02-24T18:00:00
e002436,u0131,2025-02-25T08:00:00,2025-02-25T08:00:00
e002437,u0131,2025-02-26T06:00:00,2025-02-26T06:00:00
e002438,u0131,2025-03-04T06:00:00,2025-03-04T06:00:00
e002439,u0131,2025-03-05T09:00:00,2025-03-05T09:00:00
e002440,u0131,2025-03-11T10:00:00,2025-03-11T10:00:00
e002441,u0131,2025-03-12T01:00:00,2025-03-12T01:00:00
e002442,u0131,2025-03-13T09:00:00,2025-03-13T09:00:00
e002443,u0131,2025-03-14T00:00:00,2025-03-14T00:00:00
e002444,u0131,2025-03-16T19:00:00,2025-03-16T19:00:00
e002445,u0131,2025-03-17T04:00:00,2025-03-17T04:00:00
e002446,u0131,2025-03-25T18:00:00,2025-03-25T18:00:00
e002447,u0131,2025-03-26T21:00:00,2025-03-26T21:00:00
e002448,u0131,2025-03-26T21:00:00,2025-03-26T21:00:00
e002449,u0131,2025-03-28T15:00:00,2025-03-28T15:00:00
e002450,u0131,2025-03-30T17:00:00,2025-03-30T17:00:00
e002451,u0131,2025-03-31T19:00:00,2025-03-31T19:00:00
e002452,u0131,2025-03-31T19:00:00,2025-03-31T19:00:00
e002453,u0132,2025-02-12T09:00:00,2025-02-12T09:00:00
e002454,u0132,2025-02-13T07:00:00,2025-02-13T07:00:00
e002454,u0132,2025-02-13T07:00:00,2025-02-13T09:00:00
e002456,u0132,2025-02-14T17:00:00,2025-02-14T17:00:00
e002457,u0132,2025-02-15T22:00:00,2025-02-15T22:00:00
e002458,u0132,2025-02-15T22:00:00,2025-02-15T22:00:00
e002459,u0132,2025-02-16T00:00:00,2025-02-16T00:00:00
e002460,u0132,2025-02-17T17:00:00,2025-02-17T17:00:00
e002461,u0132,2025-02-18T14:00:00,2025-02-18T14:00:00
e002462,u0132,2025-02-20T20:00:00,2025-02-20T20:00:00
e002463,u0132,2025-02-21T22:00:00,2025-02-21T22:00:00
e002464,u0132,2025-02-24T12:00:00,2025-02-24T12:00:00
e002465,u0132,2025-02-25T06:00:00,2025-02-25T06:00:00
e002465,u0132,2025-02-25T06:00:00,2025-02-25T08:00:00
e002467,u0132,2025-02-26T06:00:00,2025-02-26T06:00:00
e002467,u0132,2025-02-26T06:00:00,2025-02-26T08:00:00
e002469,u0132,2025-02-26T06:00:00,2025-02-26T06:00:00
e002470,u0132,2025-02-28T23:00:00,2025-02-28T23:00:00
e002471,u0132,2025-02-28T23:00:00,2025-02-28T23:00:00
e002472,u0132,2025-03-01T05:00:00,2025-03-01T05:00:00
e002473,u0132,2025-03-09T10:00:00,2025-03-09T10:00:00
e002474,u0132,2025-03-10T18:00:00,2025-03-10T18:00:00
e002475,u0132,2025-03-11T02:00:00,2025-03-11T02:00:00
e002476,u0132,2025-03-16T07:00:00,2025-03-16T07:00:00
e002477,u0132,2025-03-17T12:00:00,2025-03-17T12:00:00
e002478,u0132,2025-03-19T07:00:00,2025-03-19T07:00:00
e002479,u0132,2025-03-29T12:00:00,2025-03-29T12:00:00
e002480,u0132,2025-03-31T09:00:00,2025-03-31T09:00:00
e002481,u0133,2025-02-13T09:00:00,2025-02-13T09:00:00
e002482,u0133,2025-02-14T22:00:00,2025-02-14T22:00:00
e002483,u0133,2025-02-16T01:00:00,2025-02-16T01:00:00
e002484,u0133,2025-02-17T15:00:00,2025-02-17T15:00:00
e002485,u0133,2025-02-19T02:00:00,2025-02-19T02:00:00
e002485,u0133,2025-02-19T02:00:00,2025-02-19T04:00:00
e002487,u0133,2025-02-20T02:00:00,2025-02-20T02:00:00
e002488,u0133,2025-02-22T04:00:00,2025-02-22T04:00:00
e002489,u0133,2025-02-24T21:00:00,2025-02-24T21:00:00
e002490,u0133,2025-02-24T21:00:00,2025-02-24T21:00:00
e002491,u0133,2025-02-25T11:00:00,2025-02-25T11:00:00
e002492,u0133,2025-02-25T11:00:00,2025-02-25T11:00:00
e002493,u0133,2025-02-26T16:00:00,2025-02-26T16:00:00
e002494,u0133,2025-02-28T23:00:00,2025-02-28T23:00:00
e002494,u0133,2025-02-28T23:00:00,2025-03-01T01:00:00
e002496,u0133,2025-03-03T05:00:00,2025-03-03T05:00:00
e002497,u0133,2025-03-09T04:00:00,2025-03-09T04:00:00
e002498,u0133,2025-03-09T04:00:00,2025-03-09T04:00:00
e002499,u0133,2025-03-14T07:00:00,2025-03-14T07:00:00
e002500,u0133,2025-03-15T08:00:00,2025-03-15T08:00:00
e002501,u0133,2025-03-15T08:00:00,2025-03-15T08:00:00
e002502,u0133,2025-03-16T05:00:00,2025-03-16T05:00:00
e002503,u0133,2025-03-22T06:00:00,2025-03-22T06:00:00
e002504,u0133,2025-03-25T14:00:00,2025-03-25T14:00:00
e002505,u0133,2025-03-26T20:00:00,2025-03-26T20:00:00
e002506,u0133,2025-03-31T09:00:00,2025-03-31T09:00:00
e002507,u0133,2025-03-31T09:00:00,2025-03-31T09:00:00
e002508,u0134,2025-02-14T15:00:00,2025-02-14T15:00:00
e002509,u0134,2025-02-16T01:00:00,2025-02-16T01:00:00
e002510,u0134,2025-02-17T12:00:00,2025-02-17T12:00:00
e002511,u0134,2025-02-18T01:00:00,2025-02-18T01:00:00
e002512,u0134,2025-02-19T07:00:00,2025-02-19T07:00:00
e002513,u0134,2025-02-19T07:00:00,2025-02-19T07:00:00
e002514,u0134,2025-02-20T23:00:00,2025-02-20T23:00:00
e002515,u0134,2025-02-20T23:00:00,2025-02-20T23:00:00
e002516,u0134,2025-02-22T01:00:00,2025-02-22T01:00:00
e002517,u0134,2025-02-23T22:00:00,2025-02-23T22:00:00
e002518,u0134,2025-02-24T09:00:00,2025-02-24T09:00:00
e002519,u0134,2025-02-25T06:00:00,2025-02-25T06:00:00
e002520,u0134,2025-02-27T03:00:00,2025-02-27T03:00:00
e002521,u0134,2025-02-27T03:00:00,2025-02-27T03:00:00
e002522,u0134,2025-02-28T02:00:00,2025-02-28T02:00:00
e002523,u0134,2025-02-28T02:00:00,2025-02-28T02:00:00
e002524,u0134,2025-03-05T05:00:00,2025-03-05T05:00:00
e002525,u0134,2025-03-19T19:00:00,2025-03-19T19:00:00
e002526,u0134,2025-03-27T19:00:00,2025-03-27T19:00:00
e002527,u0134,2025-03-30T11:00:00,2025-03-30T11:00:00
e002528,u0135,2025-02-15T00:00:00,2025-02-15T00:00:00
e002529,u0135,2025-02-17T18:00:00,2025-02-17T18:00:00
e002530,u0135,2025-02-18T22:00:00,2025-02-18T22:00:00
e002531,u0135,2025-02-19T23:00:00,2025-02-19T23:00:00
e002532,u0135,2025-02-21T04:00:00,2025-02-21T04:00:00
e002533,u0135,2025-02-22T03:00:00,2025-02-22T03:00:00
e002534,u0135,2025-02-22T03:00:00,2025-02-22T03:00:00
e002535,u0135,2025-02-23T19:00:00,2025-02-23T19:00:00
e002536,u0135,2025-02-23T19:00:00,2025-02-23T19:00:00
e002537,u0135,2025-02-24T12:00:00,2025-02-24T12:00:00
e002538,u0135,2025-02-25T03:00:00,2025-02-25T03:00:00
e002539,u0135,2025-03-02T14:00:00,2025-03-02T14:00:00
e002540,u0135,2025-03-02T14:00:00,2025-03-02T14:00:00
e002541,u0135,2025-03-13T04:00:00,2025-03-13T04:00:00
e002542,u0135,2025-03-14T17:00:00,2025-03-14T17:00:00
e002543,u0135,2025-03-20T18:00:00,2025-03-20T18:00:00
e002544,u0135,2025-03-24T16:00:00,2025-03-24T16:00:00
e002544,u0135,2025-03-24T16:00:00,2025-03-24T18:00:00
e002546,u0135,2025-03-27T06:00:00,2025-03-27T06:00:00
e002547,u0135,2025-03-27T06:00:00,2025-03-27T06:00:00
e002548,u0135,2025-03-29T15:00:00,2025-03-29T15:00:00
e002549,u0135,2025-03-29T15:00:00,2025-03-29T15:00:00
e002550,u0135,2025-03-31T16:00:00,2025-03-31T16:00:00
e002551,u0135,2025-03-31T16:00:00,2025-03-31T16:00:00
e002552,u0136,2025-02-16T18:00:00,2025-02-16T18:00:00
e002553,u0136,2025-02-17T03:00:00,2025-02-17T03:00:00
e002554,u0136,2025-02-18T09:00:00,2025-02-18T09:00:00
e002555,u0136,2025-02-19T14:00:00,2025-02-19T14:00:00
e002556,u0136,2025-02-20T10:00:00,2025-02-20T10:00:00
e002557,u0136,2025-02-22T16:00:00,2025-02-22T16:00:00
e002557,u0136,2025-02-22T16:00:00,2025-02-22T18:00:00
e002559,u0136,2025-02-24T11:00:00,2025-02-24T11:00:00
e002560,u0136,2025-02-24T11:00:00,2025-02-24T11:00:00
e002561,u0136,2025-02-28T00:00:00,2025-02-28T00:00:00
e002562,u0136,2025-03-01T03:00:00,2025-03-01T03:00:00
e002563,u0136,2025-03-05T14:00:00,2025-03-05T14:00:00
e002564,u0136,2025-03-06T00:00:00,2025-03-06T00:00:00
e002564,u0136,2025-03-06T00:00:00,2025-03-06T02:00:00
e002566,u0136,2025-03-06T00:00:00,2025-03-06T00:00:00
e002567,u0136,2025-03-07T07:00:00,2025-03-07T07:00:00
e002568,u0136,2025-03-08T02:00:00,2025-03-08T02:00:00
e002568,u0136,2025-03-08T02:00:00,2025-03-08T04:00:00
e002570,u0136,2025-03-12T11:00:00,2025-03-12T11:00:00
e002571,u0136,2025-03-16T12:00:00,2025-03-16T12:00:00
e002572,u0136,2025-03-16T12:00:00,2025-03-16T12:00:00
e002573,u0136,2025-03-17T02:00:00,2025-03-17T02:00:00
e002574,u0136,2025-03-19T06:00:00,2025-03-19T06:00:00
e002575,u0136,2025-03-31T07:00:00,2025-03-31T07:00:00
e002576,u0137,2025-02-17T09:00:00,2025-02-17T09:00:00
e002577,u0137,2025-02-18T23:00:00,2025-02-18T23:00:00
e002577,u0137,2025-02-18T23:00:00,2025-02-19T01:00:00
e002579,u0137,2025-02-21T07:00:00,2025-02-21T07:00:00
e002580,u0137,2025-02-22T23:00:00,2025-02-22T23:00:00
e002581,u0137,2025-02-27T08:00:00,2025-02-27T08:00:00
e002582,u0137,2025-03-01T16:00:00,2025-03-01T16:00:00
e002583,u0137,2025-03-03T07:00:00,2025-03-03T07:00:00
e002584,u0137,2025-03-05T19:00:00,2025-03-05T19:00:00
e002585,u0137,2025-03-10T21:00:00,2025-03-10T21:00:00
e002586,u0137,2025-03-12T01:00:00,2025-03-12T01:00:00
e002586,u0137,2025-03-12T01:00:00,2025-03-12T03:00:00
e002588,u0137,2025-03-31T21:00:00,2025-03-31T21:00:00
e002589,u0138,2025-02-18T18:00:00,2025-02-18T18:00:00
e002590,u0138,2025-02-19T06:00:00,2025-02-19T06:00:00
e002591,u0138,2025-02-20T14:00:00,2025-02-20T14:00:00
e002592,u0138,2025-02-21T15:00:00,2025-02-21T15:00:00
e002593,u0138,2025-02-22T09:00:00,2025-02-22T09:00:00
e002594,u0138,2025-02-22T09:00:00,2025-02-22T09:00:00
e002595,u0138,2025-02-23T06:00:00,2025-02-23T06:00:00
e002596,u0138,2025-02-24T09:00:00,2025-02-24T09:00:00
e002597,u0138,2025-02-27T10:00:00,2025-02-27T10:00:00
e002598,u0138,2025-03-01T17:00:00,2025-03-01T17:00:00
e002599,u0138,2025-03-01T17:00:00,2025-03-01T17:00:00
e002600,u0138,2025-03-02T01:00:00,2025-03-02T01:00:00
e002601,u0138,2025-03-07T17:00:00,2025-03-07T17:00:00
e002602,u0138,2025-03-10T10:00:00,2025-03-10T10:00:00
e002603,u0138,2025-03-12T05:00:00,2025-03-12T05:00:00
e002604,u0138,2025-03-13T19:00:00,2025-03-13T19:00:00
e002605,u0138,2025-03-23T18:00:00,2025-03-23T18:00:00
e002606,u0139,2025-02-19T10:00:00,2025-02-19T10:00:00
e002607,u0139,2025-02-19T10:00:00,2025-02-19T10:00:00
e002608,u0139,2025-02-20T02:00:00,2025-02-20T02:00:00
e002609,u0139,2025-02-21T04:00:00,2025-02-21T04:00:00
e002610,u0139,2025-02-22T04:00:00,2025-02-22T04:00:00
e002611,u0139,2025-02-23T08:00:00,2025-02-23T08:00:00
e002612,u0139,2025-02-24T04:00:00,2025-02-24T04:00:00
e002613,u0139,2025-03-02T07:00:00,2025-03-02T07:00:00
e002614,u0139,2025-03-05T02:00:00,2025-03-05T02:00:00
e002615,u0139,2025-03-10T22:00:00,2025-03-10T22:00:00
e002616,u0139,2025-03-11T11:00:00,2025-03-11T11:00:00
e002617,u0139,2025-03-13T18:00:00,2025-03-13T18:00:00
e002618,u0139,2025-03-13T18:00:00,2025-03-13T18:00:00
e002619,u0139,2025-03-15T14:00:00,2025-03-15T14:00:00
e002620,u0139,2025-03-16T13:00:00,2025-03-16T13:00:00
e002620,u0139,2025-03-16T13:00:00,2025-03-16T15:00:00
e002622,u0139,2025-03-16T13:00:00,2025-03-16T13:00:00
e002623,u0139,2025-03-20T05:00:00,2025-03-20T05:00:00
e002624,u0139,2025-03-21T14:00:00,2025-03-21T14:00:00
e002625,u0139,2025-03-23T08:00:00,2025-03-23T08:00:00
e002626,u0139,2025-03-25T22:00:00,2025-03-25T22:00:00
e002627,u0140,2025-02-20T11:00:00,2025-02-20T11:00:00
e002628,u0140,2025-02-25T01:00:00,2025-02-25T01:00:00
e002629,u0140,2025-02-26T14:00:00,2025-02-26T14:00:00
e002630,u0140,2025-02-27T14:00:00,2025-02-27T14:00:00
e002631,u0140,2025-03-05T08:00:00,2025-03-05T08:00:00
e002632,u0140,2025-03-06T01:00:00,2025-03-06T01:00:00
e002632,u0140,2025-03-06T01:00:00,2025-03-06T03:00:00
e002634,u0140,2025-03-06T01:00:00,2025-03-06T01:00:00
e002635,u0140,2025-03-09T20:00:00,2025-03-09T20:00:00
e002636,u0140,2025-03-11T23:00:00,2025-03-11T23:00:00
e002637,u0140,2025-03-14T03:00:00,2025-03-14T03:00:00
e002638,u0140,2025-03-15T21:00:00,2025-03-15T21:00:00
e002639,u0140,2025-03-15T21:00:00,2025-03-15T21:00:00
e002640,u0140,2025-03-19T02:00:00,2025-03-19T02:00:00
e002641,u0140,2025-03-21T20:00:00,2025-03-21T20:00:00
e002642,u0140,2025-03-23T12:00:00,2025-03-23T12:00:00
e002643,u0140,2025-03-28T09:00:00,2025-03-28T09:00:00
e002644,u0141,2025-02-21T07:00:00,2025-02-21T07:00:00
e002645,u0141,2025-02-21T07:00:00,2025-02-21T07:00:00
e002646,u0141,2025-02-23T01:00:00,2025-02-23T01:00:00
e002647,u0141,2025-02-24T20:00:00,2025-02-24T20:00:00
e002648,u0141,2025-02-25T15:00:00,2025-02-25T15:00:00
e002649,u0141,2025-02-26T08:00:00,2025-02-26T08:00:00
e002650,u0141,2025-03-03T08:00:00,2025-03-03T08:00:00
e002651,u0141,2025-03-03T08:00:00,2025-03-03T08:00:00
e002652,u0141,2025-03-06T14:00:00,2025-03-06T14:00:00
e002653,u0141,2025-03-07T15:00:00,2025-03-07T15:00:00
e002654,u0141,2025-03-08T09:00:00,2025-03-08T09:00:00
e002655,u0141,2025-03-09T05:00:00,2025-03-09T05:00:00
e002656,u0141,2025-03-09T05:00:00,2025-03-09T05:00:00
e002657,u0141,2025-03-11T17:00:00,2025-03-11T17:00:00
e002658,u0141,2025-03-12T16:00:00,2025-03-12T16:00:00
e002659,u0141,2025-03-12T16:00:00,2025-03-12T16:00:00
e002660,u0141,2025-03-14T02:00:00,2025-03-14T02:00:00
e002661,u0141,2025-03-18T20:00:00,2025-03-18T20:00:00
e002662,u0141,2025-03-25T19:00:00,2025-03-25T19:00:00
e002663,u0141,2025-03-25T19:00:00,2025-03-25T19:00:00
e002664,u0142,2025-02-22T10:00:00,2025-02-22T10:00:00
e002665,u0142,2025-02-23T23:00:00,2025-02-23T23:00:00
e002666,u0142,2025-02-24T00:00:00,2025-02-24T00:00:00
e002667,u0142,2025-02-25T10:00:00,2025-02-25T10:00:00
e002668,u0142,2025-02-28T18:00:00,2025-02-28T18:00:00
e002669,u0142,2025-03-03T06:00:00,2025-03-03T06:00:00
e002670,u0142,2025-03-06T17:00:00,2025-03-06T17:00:00
e002671,u0142,2025-03-10T21:00:00,2025-03-10T21:00:00
e002672,u0142,2025-03-24T18:00:00,2025-03-24T18:00:00
e002673,u0143,2025-02-23T00:00:00,2025-02-23T00:00:00
e002674,u0143,2025-02-24T14:00:00,2025-02-24T14:00:00
e002674,u0143,2025-02-24T14:00:00,2025-02-24T16:00:00
e002676,u0143,2025-02-26T20:00:00,2025-02-26T20:00:00
e002677,u0143,2025-03-03T01:00:00,2025-03-03T01:00:00
e002678,u0143,2025-03-04T04:00:00,2025-03-04T04:00:00
e002679,u0143,2025-03-05T07:00:00,2025-03-05T07:00:00
e002680,u0143,2025-03-06T04:00:00,2025-03-06T04:00:00
e002681,u0143,2025-03-07T19:00:00,2025-03-07T19:00:00
e002681,u0143,2025-03-07T19:00:00,2025-03-07T21:00:00
e002683,u0143,2025-03-09T04:00:00,2025-03-09T04:00:00
e002684,u0143,2025-03-11T10:00:00,2025-03-11T10:00:00
e002685,u0143,2025-03-14T13:00:00,2025-03-14T13:00:00
e002686,u0143,2025-03-17T19:00:00,2025-03-17T19:00:00
e002687,u0143,2025-03-22T05:00:00,2025-03-22T05:00:00
e002688,u0143,2025-03-28T09:00:00,2025-03-28T09:00:00
e002688,u0143,2025-03-28T09:00:00,2025-03-28T11:00:00
e002690,u0143,2025-03-29T02:00:00,2025-03-29T02:00:00
e002691,u0143,2025-03-30T11:00:00,2025-03-30T11:00:00
e002692,u0144,2025-02-24T07:00:00,2025-02-24T07:00:00
e002693,u0144,2025-02-27T20:00:00,2025-02-27T20:00:00
e002694,u0144,2025-03-03T15:00:00,2025-03-03T15:00:00
e002695,u0144,2025-03-04T14:00:00,2025-03-04T14:00:00
e002696,u0144,2025-03-05T11:00:00,2025-03-05T11:00:00
e002697,u0144,2025-03-06T20:00:00,2025-03-06T20:00:00
e002698,u0144,2025-03-08T06:00:00,2025-03-08T06:00:00
e002699,u0144,2025-03-15T05:00:00,2025-03-15T05:00:00
e002700,u0144,2025-03-22T05:00:00,2025-03-22T05:00:00
e002701,u0144,2025-03-28T15:00:00,2025-03-28T15:00:00
e002702,u0145,2025-02-25T18:00:00,2025-02-25T18:00:00
e002703,u0145,2025-02-26T06:00:00,2025-02-26T06:00:00
e002703,u0145,2025-02-26T06:00:00,2025-02-26T08:00:00
e002705,u0145,2025-02-27T06:00:00,2025-02-27T06:00:00
e002706,u0145,2025-03-01T20:00:00,2025-03-01T20:00:00
e002707,u0145,2025-03-02T14:00:00,2025-03-02T14:00:00
e002708,u0145,2025-03-03T18:00:00,2025-03-03T18:00:00
e002709,u0145,2025-03-08T00:00:00,2025-03-08T00:00:00
e002710,u0145,2025-03-11T18:00:00,2025-03-11T18:00:00
e002711,u0145,2025-03-16T21:00:00,2025-03-16T21:00:00
e002712,u0145,2025-03-26T07:00:00,2025-03-26T07:00:00
e002713,u0146,2025-02-26T00:00:00,2025-02-26T00:00:00
e002713,u0146,2025-02-26T00:00:00,2025-02-26T02:00:00
e002715,u0146,2025-02-27T13:00:00,2025-02-27T13:00:00
e002716,u0146,2025-02-28T18:00:00,2025-02-28T18:00:00
e002717,u0146,2025-03-01T14:00:00,2025-03-01T14:00:00
e002718,u0146,2025-03-02T10:00:00,2025-03-02T10:00:00
e002718,u0146,2025-03-02T10:00:00,2025-03-02T12:00:00
e002720,u0146,2025-03-04T16:00:00,2025-03-04T16:00:00
e002721,u0146,2025-03-06T13:00:00,2025-03-06T13:00:00
e002722,u0146,2025-03-08T07:00:00,2025-03-08T07:00:00
e002723,u0146,2025-03-10T05:00:00,2025-03-10T05:00:00
e002724,u0146,2025-03-11T15:00:00,2025-03-11T15:00:00
e002725,u0146,2025-03-13T07:00:00,2025-03-13T07:00:00
e002726,u0146,2025-03-16T02:00:00,2025-03-16T02:00:00
e002727,u0146,2025-03-17T00:00:00,2025-03-17T00:00:00
e002728,u0146,2025-03-19T17:00:00,2025-03-19T17:00:00
e002729,u0146,2025-03-19T17:00:00,2025-03-19T17:00:00
e002730,u0146,2025-03-24T05:00:00,2025-03-24T05:00:00
e002731,u0146,2025-03-31T13:00:00,2025-03-31T13:00:00
e002732,u0147,2025-02-27T16:00:00,2025-02-27T16:00:00
e002733,u0147,2025-02-28T06:00:00,2025-02-28T06:00:00
e002734,u0147,2025-03-02T04:00:00,2025-03-02T04:00:00
e002735,u0147,2025-03-04T22:00:00,2025-03-04T22:00:00
e002736,u0147,2025-03-09T06:00:00,2025-03-09T06:00:00
e002737,u0147,2025-03-10T23:00:00,2025-03-10T23:00:00
e002738,u0147,2025-03-11T03:00:00,2025-03-11T03:00:00
e002739,u0147,2025-03-14T10:00:00,2025-03-14T10:00:00
e002740,u0147,2025-03-14T10:00:00,2025-03-14T10:00:00
e002741,u0147,2025-03-15T22:00:00,2025-03-15T22:00:00
e002741,u0147,2025-03-15T22:00:00,2025-03-16T00:00:00
e002743,u0147,2025-03-19T11:00:00,2025-03-19T11:00:00
e002744,u0147,2025-03-19T11:00:00,2025-03-19T11:00:00
e002745,u0148,2025-02-28T01:00:00,2025-02-28T01:00:00
e002746,u0148,2025-03-01T14:00:00,2025-03-01T14:00:00
e002747,u0148,2025-03-02T12:00:00,2025-03-02T12:00:00
e002748,u0148,2025-03-03T18:00:00,2025-03-03T18:00:00
e002749,u0148,2025-03-06T06:00:00,2025-03-06T06:00:00
e002750,u0148,2025-03-07T16:00:00,2025-03-07T16:00:00
e002751,u0148,2025-03-08T03:00:00,2025-03-08T03:00:00
e002752,u0148,2025-03-09T20:00:00,2025-03-09T20:00:00
e002753,u0148,2025-03-11T01:00:00,2025-03-11T01:00:00
e002754,u0148,2025-03-13T15:00:00,2025-03-13T15:00:00
e002755,u0148,2025-03-15T11:00:00,2025-03-15T11:00:00
e002756,u0148,2025-03-16T14:00:00,2025-03-16T14:00:00
e002757,u0148,2025-03-17T07:00:00,2025-03-17T07:00:00
e002758,u0148,2025-03-17T07:00:00,2025-03-17T07:00:00
e002759,u0148,2025-03-20T21:00:00,2025-03-20T21:00:00
e002760,u0148,2025-03-22T15:00:00,2025-03-22T15:00:00
e002761,u0148,2025-03-22T15:00:00,2025-03-22T15:00:00
e002762,u0148,2025-03-27T00:00:00,2025-03-27T00:00:00
e002763,u0149,2025-03-01T13:00:00,2025-03-01T13:00:00
e002764,u0149,2025-03-02T05:00:00,2025-03-02T05:00:00
e002765,u0149,2025-03-02T05:00:00,2025-03-02T05:00:00
e002766,u0149,2025-03-03T12:00:00,2025-03-03T12:00:00
e002767,u0149,2025-03-04T00:00:00,2025-03-04T00:00:00
e002768,u0149,2025-03-06T13:00:00,2025-03-06T13:00:00
e002769,u0149,2025-03-10T09:00:00,2025-03-10T09:00:00
e002770,u0149,2025-03-10T09:00:00,2025-03-10T09:00:00
e002771,u0149,2025-03-16T16:00:00,2025-03-16T16:00:00
e002772,u0149,2025-03-18T08:00:00,2025-03-18T08:00:00
e002773,u0149,2025-03-27T22:00:00,2025-03-27T22:00:00
e002774,u0149,2025-03-31T04:00:00,2025-03-31T04:00:00
e002775,u0150,2025-03-02T00:00:00,2025-03-02T00:00:00
e002776,u0150,2025-03-02T00:00:00,2025-03-02T00:00:00
e002777,u0150,2025-03-03T11:00:00,2025-03-03T11:00:00
e002778,u0150,2025-03-03T11:00:00,2025-03-03T11:00:00
e002779,u0150,2025-03-06T20:00:00,2025-03-06T20:00:00
e002780,u0150,2025-03-07T11:00:00,2025-03-07T11:00:00
e002781,u0150,2025-03-08T21:00:00,2025-03-08T21:00:00
e002782,u0150,2025-03-14T16:00:00,2025-03-14T16:00:00
e002783,u0150,2025-03-15T05:00:00,2025-03-15T05:00:00
e002784,u0150,2025-03-19T05:00:00,2025-03-19T05:00:00
e002785,u0150,2025-03-21T20:00:00,2025-03-21T20:00:00
e002786,u0150,2025-03-21T20:00:00,2025-03-21T20:00:00
e002787,u0150,2025-03-22T02:00:00,2025-03-22T02:00:00
e002788,u0150,2025-03-27T15:00:00,2025-03-27T15:00:00
e002789,u0150,2025-03-30T06:00:00,2025-03-30T06:00:00
e002790,u0151,2025-03-03T14:00:00,2025-03-03T14:00:00
e002791,u0151,2025-03-05T12:00:00,2025-03-05T12:00:00
e002792,u0151,2025-03-08T16:00:00,2025-03-08T16:00:00
e002793,u0151,2025-03-11T16:00:00,2025-03-11T16:00:00
e002793,u0151,2025-03-11T16:00:00,2025-03-11T18:00:00
e002795,u0151,2025-03-13T15:00:00,2025-03-13T15:00:00
e002796,u0151,2025-03-16T13:00:00,2025-03-16T13:00:00
e002797,u0151,2025-03-23T21:00:00,2025-03-23T21:00:00
e002798,u0151,2025-03-30T07:00:00,2025-03-30T07:00:00
e002799,u0151,2025-03-31T09:00:00,2025-03-31T09:00:00
e002800,u0152,2025-03-04T20:00:00,2025-03-04T20:00:00
e002801,u0152,2025-03-08T07:00:00,2025-03-08T07:00:00
e002802,u0152,2025-03-08T07:00:00,2025-03-08T07:00:00
e002803,u0152,2025-03-09T08:00:00,2025-03-09T08:00:00
e002804,u0152,2025-03-12T09:00:00,2025-03-12T09:00:00
e002805,u0152,2025-03-14T22:00:00,2025-03-14T22:00:00
e002806,u0152,2025-03-14T22:00:00,2025-03-14T22:00:00
e002807,u0152,2025-03-16T19:00:00,2025-03-16T19:00:00
e002808,u0152,2025-03-16T19:00:00,2025-03-16T19:00:00
e002809,u0152,2025-03-17T19:00:00,2025-03-17T19:00:00
e002810,u0152,2025-03-18T20:00:00,2025-03-18T20:00:00
e002811,u0152,2025-03-21T16:00:00,2025-03-21T16:00:00
e002812,u0152,2025-03-25T18:00:00,2025-03-25T18:00:00
e002813,u0152,2025-03-27T13:00:00,2025-03-27T13:00:00
e002814,u0152,2025-03-29T23:00:00,2025-03-29T23:00:00
e002815,u0153,2025-03-05T05:00:00,2025-03-05T05:00:00
e002816,u0153,2025-03-06T15:00:00,2025-03-06T15:00:00
e002817,u0153,2025-03-07T20:00:00,2025-03-07T20:00:00
e002818,u0153,2025-03-08T19:00:00,2025-03-08T19:00:00
e002819,u0153,2025-03-14T05:00:00,2025-03-14T05:00:00
e002820,u0153,2025-03-20T13:00:00,2025-03-20T13:00:00
e002821,u0153,2025-03-27T11:00:00,2025-03-27T11:00:00
e002822,u0153,2025-03-27T11:00:00,2025-03-27T11:00:00
e002823,u0153,2025-03-30T05:00:00,2025-03-30T05:00:00
e002824,u0153,2025-03-31T05:00:00,2025-03-31T05:00:00
e002825,u0154,2025-03-06T19:00:00,2025-03-06T19:00:00
e002826,u0154,2025-03-07T11:00:00,2025-03-07T11:00:00
e002827,u0154,2025-03-09T02:00:00,2025-03-09T02:00:00
e002828,u0154,2025-03-14T16:00:00,2025-03-14T16:00:00
e002829,u0154,2025-03-17T04:00:00,2025-03-17T04:00:00
e002830,u0154,2025-03-19T05:00:00,2025-03-19T05:00:00
e002831,u0154,2025-03-20T19:00:00,2025-03-20T19:00:00
e002832,u0154,2025-03-28T10:00:00,2025-03-28T10:00:00
e002833,u0154,2025-03-28T10:00:00,2025-03-28T10:00:00
e002834,u0155,2025-03-07T15:00:00,2025-03-07T15:00:00
e002835,u0155,2025-03-07T15:00:00,2025-03-07T15:00:00
e002836,u0155,2025-03-09T00:00:00,2025-03-09T00:00:00
e002837,u0155,2025-03-11T20:00:00,2025-03-11T20:00:00
e002838,u0155,2025-03-12T14:00:00,2025-03-12T14:00:00
e002839,u0155,2025-03-14T05:00:00,2025-03-14T05:00:00
e002840,u0155,2025-03-15T23:00:00,2025-03-15T23:00:00
e002841,u0155,2025-03-16T15:00:00,2025-03-16T15:00:00
e002842,u0155,2025-03-17T22:00:00,2025-03-17T22:00:00
e002843,u0155,2025-03-18T15:00:00,2025-03-18T15:00:00
e002844,u0155,2025-03-20T06:00:00,2025-03-20T06:00:00
e002845,u0155,2025-03-27T18:00:00,2025-03-27T18:00:00
e002845,u0155,2025-03-27T18:00:00,2025-03-27T20:00:00
e002847,u0156,2025-03-08T18:00:00,2025-03-08T18:00:00
e002848,u0156,2025-03-09T07:00:00,2025-03-09T07:00:00
e002849,u0156,2025-03-10T21:00:00,2025-03-10T21:00:00
e002850,u0156,2025-03-10T21:00:00,2025-03-10T21:00:00
e002851,u0156,2025-03-11T18:00:00,2025-03-11T18:00:00
e002852,u0156,2025-03-15T04:00:00,2025-03-15T04:00:00
e002853,u0156,2025-03-15T04:00:00,2025-03-15T04:00:00
e002854,u0156,2025-03-16T11:00:00,2025-03-16T11:00:00
e002855,u0156,2025-03-19T20:00:00,2025-03-19T20:00:00
e002856,u0156,2025-03-21T10:00:00,2025-03-21T10:00:00
e002857,u0156,2025-03-24T08:00:00,2025-03-24T08:00:00
e002858,u0156,2025-03-31T22:00:00,2025-03-31T22:00:00
e002859,u0157,2025-03-09T21:00:00,2025-03-09T21:00:00
e002860,u0157,2025-03-10T21:00:00,2025-03-10T21:00:00
e002861,u0157,2025-03-11T20:00:00,2025-03-11T20:00:00
e002862,u0157,2025-03-13T18:00:00,2025-03-13T18:00:00
e002863,u0157,2025-03-13T18:00:00,2025-03-13T18:00:00
e002864,u0157,2025-03-14T23:00:00,2025-03-14T23:00:00
e002865,u0157,2025-03-17T11:00:00,2025-03-17T11:00:00
e002866,u0157,2025-03-17T11:00:00,2025-03-17T11:00:00
e002867,u0157,2025-03-18T17:00:00,2025-03-18T17:00:00
e002868,u0157,2025-03-19T14:00:00,2025-03-19T14:00:00
e002869,u0157,2025-03-19T14:00:00,2025-03-19T14:00:00
e002870,u0157,2025-03-21T13:00:00,2025-03-21T13:00:00
e002871,u0157,2025-03-25T16:00:00,2025-03-25T16:00:00
e002872,u0157,2025-03-28T15:00:00,2025-03-28T15:00:00
e002873,u0157,2025-03-31T19:00:00,2025-03-31T19:00:00
e002874,u0158,2025-03-10T17:00:00,2025-03-10T17:00:00
e002875,u0158,2025-03-10T17:00:00,2025-03-10T17:00:00
e002876,u0158,2025-03-12T06:00:00,2025-03-12T06:00:00
e002877,u0158,2025-03-12T06:00:00,2025-03-12T06:00:00
e002878,u0158,2025-03-13T10:00:00,2025-03-13T10:00:00
e002879,u0158,2025-03-14T11:00:00,2025-03-14T11:00:00
e002880,u0158,2025-03-15T16:00:00,2025-03-15T16:00:00
e002881,u0158,2025-03-16T14:00:00,2025-03-16T14:00:00
e002882,u0158,2025-03-17T19:00:00,2025-03-17T19:00:00
e002883,u0158,2025-03-18T12:00:00,2025-03-18T12:00:00
e002884,u0158,2025-03-19T09:00:00,2025-03-19T09:00:00
e002885,u0158,2025-03-20T00:00:00,2025-03-20T00:00:00
e002885,u0158,2025-03-20T00:00:00,2025-03-20T02:00:00
e002887,u0158,2025-03-21T06:00:00,2025-03-21T06:00:00
e002888,u0158,2025-03-21T06:00:00,2025-03-21T06:00:00
e002889,u0158,2025-03-24T21:00:00,2025-03-24T21:00:00
e002890,u0158,2025-03-27T14:00:00,2025-03-27T14:00:00
e002891,u0158,2025-03-29T14:00:00,2025-03-29T14:00:00
e002892,u0158,2025-03-31T18:00:00,2025-03-31T18:00:00
e002893,u0159,2025-03-11T06:00:00,2025-03-11T06:00:00
e002894,u0159,2025-03-12T07:00:00,2025-03-12T07:00:00
e002895,u0159,2025-03-16T08:00:00,2025-03-16T08:00:00
e002896,u0159,2025-03-17T00:00:00,2025-03-17T00:00:00
e002897,u0159,2025-03-17T00:00:00,2025-03-17T00:00:00
e002898,u0159,2025-03-20T14:00:00,2025-03-20T14:00:00
e002899,u0159,2025-03-22T02:00:00,2025-03-22T02:00:00
e002900,u0159,2025-03-24T00:00:00,2025-03-24T00:00:00
e002901,u0159,2025-03-25T05:00:00,2025-03-25T05:00:00
e002902,u0159,2025-03-29T17:00:00,2025-03-29T17:00:00
e002903,u0160,2025-03-12T11:00:00,2025-03-12T11:00:00
e002904,u0160,2025-03-14T09:00:00,2025-03-14T09:00:00
e002905,u0160,2025-03-16T17:00:00,2025-03-16T17:00:00
e002906,u0160,2025-03-17T14:00:00,2025-03-17T14:00:00
e002907,u0160,2025-03-18T03:00:00,2025-03-18T03:00:00
e002908,u0160,2025-03-19T02:00:00,2025-03-19T02:00:00
e002909,u0160,2025-03-20T19:00:00,2025-03-20T19:00:00
e002910,u0160,2025-03-25T01:00:00,2025-03-25T01:00:00
e002911,u0161,2025-03-13T02:00:00,2025-03-13T02:00:00
e002912,u0161,2025-03-13T02:00:00,2025-03-13T02:00:00
e002913,u0161,2025-03-15T18:00:00,2025-03-15T18:00:00
e002914,u0161,2025-03-16T16:00:00,2025-03-16T16:00:00
e002915,u0161,2025-03-25T10:00:00,2025-03-25T10:00:00
e002916,u0161,2025-03-26T11:00:00,2025-03-26T11:00:00
e002917,u0162,2025-03-14T14:00:00,2025-03-14T14:00:00
e002918,u0162,2025-03-15T16:00:00,2025-03-15T16:00:00
e002919,u0162,2025-03-18T02:00:00,2025-03-18T02:00:00
e002920,u0162,2025-03-18T02:00:00,2025-03-18T02:00:00
e002921,u0162,2025-03-21T00:00:00,2025-03-21T00:00:00
e002922,u0162,2025-03-23T08:00:00,2025-03-23T08:00:00
e002922,u0162,2025-03-23T08:00:00,2025-03-23T10:00:00
e002924,u0162,2025-03-25T07:00:00,2025-03-25T07:00:00
e002925,u0162,2025-03-26T17:00:00,2025-03-26T17:00:00
e002926,u0162,2025-03-27T02:00:00,2025-03-27T02:00:00
e002927,u0163,2025-03-15T17:00:00,2025-03-15T17:00:00
e002928,u0163,2025-03-16T12:00:00,2025-03-16T12:00:00
e002929,u0163,2025-03-18T13:00:00,2025-03-18T13:00:00
e002930,u0163,2025-03-19T03:00:00,2025-03-19T03:00:00
e002931,u0163,2025-03-20T15:00:00,2025-03-20T15:00:00
e002932,u0163,2025-03-21T08:00:00,2025-03-21T08:00:00
e002933,u0163,2025-03-21T08:00:00,2025-03-21T08:00:00
e002934,u0163,2025-03-22T08:00:00,2025-03-22T08:00:00
e002935,u0163,2025-03-22T08:00:00,2025-03-22T08:00:00
e002936,u0163,2025-03-24T11:00:00,2025-03-24T11:00:00
e002936,u0163,2025-03-24T11:00:00,2025-03-24T13:00:00
e002938,u0163,2025-03-27T05:00:00,2025-03-27T05:00:00
e002939,u0164,2025-03-16T07:00:00,2025-03-16T07:00:00
e002940,u0164,2025-03-17T18:00:00,2025-03-17T18:00:00
e002941,u0164,2025-03-20T15:00:00,2025-03-20T15:00:00
e002942,u0164,2025-03-21T04:00:00,2025-03-21T04:00:00
e002943,u0164,2025-03-22T00:00:00,2025-03-22T00:00:00
e002944,u0164,2025-03-27T01:00:00,2025-03-27T01:00:00
e002945,u0164,2025-03-28T20:00:00,2025-03-28T20:00:00
e002946,u0165,2025-03-17T19:00:00,2025-03-17T19:00:00
e002947,u0165,2025-03-17T19:00:00,2025-03-17T19:00:00
e002948,u0165,2025-03-19T20:00:00,2025-03-19T20:00:00
e002949,u0165,2025-03-20T05:00:00,2025-03-20T05:00:00
e002950,u0165,2025-03-21T08:00:00,2025-03-21T08:00:00
e002951,u0165,2025-03-26T11:00:00,2025-03-26T11:00:00
e002952,u0165,2025-03-30T22:00:00,2025-03-30T22:00:00
e002953,u0166,2025-03-18T21:00:00,2025-03-18T21:00:00
e002954,u0166,2025-03-19T14:00:00,2025-03-19T14:00:00
e002955,u0166,2025-03-21T20:00:00,2025-03-21T20:00:00
e002956,u0166,2025-03-23T10:00:00,2025-03-23T10:00:00
e002956,u0166,2025-03-23T10:00:00,2025-03-23T12:00:00
e002958,u0166,2025-03-24T20:00:00,2025-03-24T20:00:00
e002959,u0166,2025-03-25T22:00:00,2025-03-25T22:00:00
e002960,u0166,2025-03-27T23:00:00,2025-03-27T23:00:00
e002961,u0166,2025-03-28T04:00:00,2025-03-28T04:00:00
e002962,u0166,2025-03-29T05:00:00,2025-03-29T05:00:00
e002963,u0166,2025-03-30T14:00:00,2025-03-30T14:00:00
e002964,u0167,2025-03-19T15:00:00,2025-03-19T15:00:00
e002964,u0167,2025-03-19T15:00:00,2025-03-19T17:00:00
e002966,u0167,2025-03-20T10:00:00,2025-03-20T10:00:00
e002967,u0167,2025-03-21T20:00:00,2025-03-21T20:00:00
e002968,u0167,2025-03-22T21:00:00,2025-03-22T21:00:00
e002969,u0167,2025-03-23T15:00:00,2025-03-23T15:00:00
e002970,u0167,2025-03-24T00:00:00,2025-03-24T00:00:00
e002971,u0167,2025-03-25T04:00:00,2025-03-25T04:00:00
e002972,u0167,2025-03-26T19:00:00,2025-03-26T19:00:00
e002973,u0167,2025-03-28T10:00:00,2025-03-28T10:00:00
e002974,u0167,2025-03-29T19:00:00,2025-03-29T19:00:00
e002975,u0167,2025-03-30T16:00:00,2025-03-30T16:00:00
e002976,u0167,2025-03-31T07:00:00,2025-03-31T07:00:00
e002977,u0167,2025-03-31T07:00:00,2025-03-31T07:00:00
e002978,u0168,2025-03-20T17:00:00,2025-03-20T17:00:00
e002979,u0168,2025-03-20T17:00:00,2025-03-20T17:00:00
e002980,u0168,2025-03-21T16:00:00,2025-03-21T16:00:00
e002981,u0168,2025-03-23T09:00:00,2025-03-23T09:00:00
e002982,u0168,2025-03-24T20:00:00,2025-03-24T20:00:00
e002983,u0168,2025-03-25T01:00:00,2025-03-25T01:00:00
e002984,u0169,2025-03-21T02:00:00,2025-03-21T02:00:00
e002985,u0169,2025-03-22T10:00:00,2025-03-22T10:00:00
e002986,u0169,2025-03-23T12:00:00,2025-03-23T12:00:00
e002987,u0169,2025-03-26T03:00:00,2025-03-26T03:00:00
e002988,u0169,2025-03-28T07:00:00,2025-03-28T07:00:00
e002988,u0169,2025-03-28T07:00:00,2025-03-28T09:00:00
e002990,u0169,2025-03-29T05:00:00,2025-03-29T05:00:00
e002991,u0170,2025-03-22T19:00:00,2025-03-22T19:00:00
e002992,u0170,2025-03-23T12:00:00,2025-03-23T12:00:00
e002993,u0170,2025-03-24T17:00:00,2025-03-24T17:00:00
e002994,u0170,2025-03-27T08:00:00,2025-03-27T08:00:00
e002995,u0170,2025-03-30T02:00:00,2025-03-30T02:00:00
e002995,u0170,2025-03-30T02:00:00,2025-03-30T04:00:00
e002997,u0170,2025-03-31T01:00:00,2025-03-31T01:00:00
e002998,u0171,2025-03-23T12:00:00,2025-03-23T12:00:00
e002999,u0171,2025-03-24T15:00:00,2025-03-24T15:00:00
e003000,u0171,2025-03-26T04:00:00,2025-03-26T04:00:00
e003001,u0171,2025-03-27T03:00:00,2025-03-27T03:00:00
e003002,u0171,2025-03-28T10:00:00,2025-03-28T10:00:00
e003003,u0171,2025-03-31T21:00:00,2025-03-31T21:00:00
e003004,u0172,2025-03-24T00:00:00,2025-03-24T00:00:00
e003005,u0172,2025-03-25T01:00:00,2025-03-25T01:00:00
e003006,u0172,2025-03-26T04:00:00,2025-03-26T04:00:00
e003007,u0172,2025-03-28T17:00:00,2025-03-28T17:00:00
e003008,u0172,2025-03-30T10:00:00,2025-03-30T10:00:00
e003009,u0172,2025-03-31T09:00:00,2025-03-31T09:00:00
e003010,u0173,2025-03-25T22:00:00,2025-03-25T22:00:00
e003011,u0173,2025-03-26T21:00:00,2025-03-26T21:00:00
e003012,u0173,2025-03-27T18:00:00,2025-03-27T18:00:00
e003013,u0173,2025-03-28T11:00:00,2025-03-28T11:00:00
e003014,u0173,2025-03-29T05:00:00,2025-03-29T05:00:00
e003015,u0173,2025-03-29T05:00:00,2025-03-29T05:00:00
e003016,u0173,2025-03-30T07:00:00,2025-03-30T07:00:00
e003017,u0173,2025-03-31T13:00:00,2025-03-31T13:00:00
e003018,u0174,2025-03-26T03:00:00,2025-03-26T03:00:00
e003019,u0174,2025-03-27T07:00:00,2025-03-27T07:00:00
e003020,u0174,2025-03-28T01:00:00,2025-03-28T01:00:00
e003021,u0174,2025-03-30T21:00:00,2025-03-30T21:00:00
e003022,u0175,2025-03-27T11:00:00,2025-03-27T11:00:00
e003023,u0175,2025-03-31T19:00:00,2025-03-31T19:00:00
e003023,u0175,2025-03-31T19:00:00,2025-03-31T21:00:00
e003025,u0176,2025-03-28T22:00:00,2025-03-28T22:00:00
e003026,u0176,2025-03-29T04:00:00,2025-03-29T04:00:00
e003027,u0176,2025-03-29T04:00:00,2025-03-29T04:00:00
e003028,u0176,2025-03-31T12:00:00,2025-03-31T12:00:00
e003029,u0177,2025-03-29T13:00:00,2025-03-29T13:00:00
e003030,u0177,2025-03-30T03:00:00,2025-03-30T03:00:00
e003031,u0178,2025-03-30T00:00:00,2025-03-30T00:00:00
e003032,u0179,2025-03-31T12:00:00,2025-03-31T12:00:00
e003033,u0180,2025-01-01T20:00:00,2025-01-01T20:00:00
e003034,u0180,2025-01-02T08:00:00,2025-01-02T08:00:00
e003035,u0180,2025-01-02T08:00:00,2025-01-02T08:00:00
e003036,u0180,2025-01-04T19:00:00,2025-01-04T19:00:00
e003037,u0180,2025-01-05T12:00:00,2025-01-05T12:00:00
e003038,u0180,2025-01-07T12:00:00,2025-01-07T12:00:00
e003039,u0180,2025-01-08T15:00:00,2025-01-08T15:00:00
e003040,u0180,2025-01-08T15:00:00,2025-01-08T15:00:00
e003041,u0180,2025-01-09T14:00:00,2025-01-09T14:00:00
e003042,u0180,2025-01-09T14:00:00,2025-01-09T14:00:00
e003043,u0180,2025-01-12T20:00:00,2025-01-12T20:00:00
e003044,u0180,2025-01-14T18:00:00,2025-01-14T18:00:00
e003045,u0180,2025-01-15T16:00:00,2025-01-15T16:00:00
e003046,u0180,2025-01-16T18:00:00,2025-01-16T18:00:00
e003046,u0180,2025-01-16T18:00:00,2025-01-16T20:00:00
e003048,u0180,2025-01-24T12:00:00,2025-01-24T12:00:00
e003048,u0180,2025-01-24T12:00:00,2025-01-24T14:00:00
e003050,u0180,2025-01-26T12:00:00,2025-01-26T12:00:00
e003051,u0180,2025-01-28T14:00:00,2025-01-28T14:00:00
e003052,u0180,2025-02-22T06:00:00,2025-02-22T06:00:00
e003053,u0180,2025-02-25T12:00:00,2025-02-25T12:00:00
e003054,u0180,2025-03-01T09:00:00,2025-03-01T09:00:00
e003055,u0180,2025-03-01T09:00:00,2025-03-01T09:00:00
e003056,u0180,2025-03-04T09:00:00,2025-03-04T09:00:00
e003057,u0180,2025-03-15T16:00:00,2025-03-15T16:00:00
e003058,u0180,2025-03-17T20:00:00,2025-03-17T20:00:00
e003059,u0180,2025-03-18T01:00:00,2025-03-18T01:00:00
e003060,u0180,2025-03-29T22:00:00,2025-03-29T22:00:00
e003061,u0181,2025-01-02T00:00:00,2025-01-02T00:00:00
e003061,u0181,2025-01-02T00:00:00,2025-01-02T02:00:00
e003063,u0181,2025-01-02T00:00:00,2025-01-02T00:00:00
e003064,u0181,2025-01-03T13:00:00,2025-01-03T13:00:00
e003065,u0181,2025-01-05T19:00:00,2025-01-05T19:00:00
e003066,u0181,2025-01-07T06:00:00,2025-01-07T06:00:00
e003067,u0181,2025-01-08T02:00:00,2025-01-08T02:00:00
e003068,u0181,2025-01-09T16:00:00,2025-01-09T16:00:00
e003068,u0181,2025-01-09T16:00:00,2025-01-09T18:00:00
e003070,u0181,2025-01-09T16:00:00,2025-01-09T16:00:00
e003071,u0181,2025-01-15T23:00:00,2025-01-15T23:00:00
e003071,u0181,2025-01-15T23:00:00,2025-01-16T01:00:00
e003073,u0181,2025-01-24T06:00:00,2025-01-24T06:00:00
e003074,u0181,2025-01-26T09:00:00,2025-01-26T09:00:00
e003075,u0181,2025-01-29T03:00:00,2025-01-29T03:00:00
e003076,u0181,2025-02-06T06:00:00,2025-02-06T06:00:00
e003077,u0181,2025-02-09T12:00:00,2025-02-09T12:00:00
e003078,u0181,2025-02-27T12:00:00,2025-02-27T12:00:00
e003079,u0181,2025-03-13T01:00:00,2025-03-13T01:00:00
e003080,u0181,2025-03-22T11:00:00,2025-03-22T11:00:00
e003081,u0182,2025-01-03T22:00:00,2025-01-03T22:00:00
e003082,u0182,2025-01-04T08:00:00,2025-01-04T08:00:00
e003083,u0182,2025-01-05T05:00:00,2025-01-05T05:00:00
e003084,u0182,2025-01-05T05:00:00,2025-01-05T05:00:00
e003085,u0182,2025-01-06T08:00:00,2025-01-06T08:00:00
e003086,u0182,2025-01-07T17:00:00,2025-01-07T17:00:00
e003087,u0182,2025-01-09T14:00:00,2025-01-09T14:00:00
e003087,u0182,2025-01-09T14:00:00,2025-01-09T16:00:00
e003089,u0182,2025-01-10T10:00:00,2025-01-10T10:00:00
e003090,u0182,2025-01-10T10:00:00,2025-01-10T10:00:00
e003091,u0182,2025-01-12T18:00:00,2025-01-12T18:00:00
e003092,u0182,2025-01-13T14:00:00,2025-01-13T14:00:00
e003093,u0182,2025-01-14T12:00:00,2025-01-14T12:00:00
e003094,u0182,2025-01-16T04:00:00,2025-01-16T04:00:00
e003094,u0182,2025-01-16T04:00:00,2025-01-16T06:00:00
e003096,u0182,2025-01-18T02:00:00,2025-01-18T02:00:00
e003097,u0182,2025-01-22T19:00:00,2025-01-22T19:00:00
e003098,u0182,2025-01-22T19:00:00,2025-01-22T19:00:00
e003099,u0182,2025-01-24T02:00:00,2025-01-24T02:00:00
e003100,u0182,2025-01-26T20:00:00,2025-01-26T20:00:00
e003101,u0182,2025-02-01T05:00:00,2025-02-01T05:00:00
e003102,u0182,2025-02-06T13:00:00,2025-02-06T13:00:00
e003103,u0182,2025-02-26T13:00:00,2025-02-26T13:00:00
e003104,u0182,2025-03-18T19:00:00,2025-03-18T19:00:00
e003104,u0182,2025-03-18T19:00:00,2025-03-18T21:00:00
e003106,u0182,2025-03-21T21:00:00,2025-03-21T21:00:00
e003107,u0182,2025-03-26T02:00:00,2025-03-26T02:00:00
e003107,u0182,2025-03-26T02:00:00,2025-03-26T04:00:00
e003109,u0182,2025-03-27T14:00:00,2025-03-27T14:00:00
e003110,u0182,2025-03-29T13:00:00,2025-03-29T13:00:00
e003111,u0183,2025-01-04T18:00:00,2025-01-04T18:00:00
e003112,u0183,2025-01-05T13:00:00,2025-01-05T13:00:00
e003113,u0183,2025-01-06T22:00:00,2025-01-06T22:00:00
e003114,u0183,2025-01-07T00:00:00,2025-01-07T00:00:00
e003115,u0183,2025-01-08T04:00:00,2025-01-08T04:00:00
e003116,u0183,2025-01-09T04:00:00,2025-01-09T04:00:00
e003116,u0183,2025-01-09T04:00:00,2025-01-09T06:00:00
e003118,u0183,2025-01-10T13:00:00,2025-01-10T13:00:00
e003119,u0183,2025-01-12T01:00:00,2025-01-12T01:00:00
e003120,u0183,2025-01-19T04:00:00,2025-01-19T04:00:00
e003121,u0183,2025-01-19T04:00:00,2025-01-19T04:00:00
e003122,u0183,2025-01-20T18:00:00,2025-01-20T18:00:00
e003123,u0183,2025-02-06T18:00:00,2025-02-06T18:00:00
e003124,u0183,2025-02-19T16:00:00,2025-02-19T16:00:00
e003125,u0183,2025-03-13T00:00:00,2025-03-13T00:00:00
e003126,u0183,2025-03-20T03:00:00,2025-03-20T03:00:00
e003127,u0184,2025-01-05T07:00:00,2025-01-05T07:00:00
e003128,u0184,2025-01-08T19:00:00,2025-01-08T19:00:00
e003129,u0184,2025-01-09T20:00:00,2025-01-09T20:00:00
e003130,u0184,2025-01-12T10:00:00,2025-01-12T10:00:00
e003131,u0184,2025-01-21T16:00:00,2025-01-21T16:00:00
e003132,u0184,2025-01-21T16:00:00,2025-01-21T16:00:00
e003133,u0184,2025-01-30T04:00:00,2025-01-30T04:00:00
e003134,u0184,2025-01-31T13:00:00,2025-01-31T13:00:00
e003135,u0184,2025-02-02T03:00:00,2025-02-02T03:00:00
e003136,u0184,2025-02-11T15:00:00,2025-02-11T15:00:00
e003137,u0184,2025-02-12T05:00:00,2025-02-12T05:00:00
e003138,u0184,2025-02-21T10:00:00,2025-02-21T10:00:00
e003139,u0184,2025-02-24T23:00:00,2025-02-24T23:00:00
e003140,u0184,2025-03-01T11:00:00,2025-03-01T11:00:00
e003141,u0184,2025-03-01T11:00:00,2025-03-01T11:00:00
e003142,u0184,2025-03-07T10:00:00,2025-03-07T10:00:00
e003143,u0184,2025-03-22T18:00:00,2025-03-22T18:00:00
e003143,u0184,2025-03-22T18:00:00,2025-03-22T20:00:00
e003145,u0185,2025-01-06T20:00:00,2025-01-06T20:00:00
e003146,u0185,2025-01-08T02:00:00,2025-01-08T02:00:00
e003147,u0185,2025-01-09T01:00:00,2025-01-09T01:00:00
e003148,u0185,2025-01-10T10:00:00,2025-01-10T10:00:00
e003149,u0185,2025-01-11T12:00:00,2025-01-11T12:00:00
e003150,u0185,2025-01-11T12:00:00,2025-01-11T12:00:00
e003151,u0185,2025-01-12T08:00:00,2025-01-12T08:00:00
e003152,u0185,2025-01-15T17:00:00,2025-01-15T17:00:00
e003153,u0185,2025-01-17T17:00:00,2025-01-17T17:00:00
e003154,u0185,2025-01-19T12:00:00,2025-01-19T12:00:00
e003155,u0185,2025-01-20T16:00:00,2025-01-20T16:00:00
e003156,u0185,2025-01-24T15:00:00,2025-01-24T15:00:00
e003157,u0185,2025-01-29T20:00:00,2025-01-29T20:00:00
e003158,u0185,2025-01-31T12:00:00,2025-01-31T12:00:00
e003159,u0185,2025-02-04T08:00:00,2025-02-04T08:00:00
e003160,u0185,2025-02-08T14:00:00,2025-02-08T14:00:00
e003161,u0185,2025-02-09T18:00:00,2025-02-09T18:00:00
e003162,u0185,2025-02-09T18:00:00,2025-02-09T18:00:00
e003163,u0185,2025-02-12T13:00:00,2025-02-12T13:00:00
e003164,u0185,2025-02-13T05:00:00,2025-02-13T05:00:00
e003165,u0185,2025-03-07T09:00:00,2025-03-07T09:00:00
e003166,u0185,2025-03-10T20:00:00,2025-03-10T20:00:00
e003167,u0185,2025-03-10T20:00:00,2025-03-10T20:00:00
e003168,u0185,2025-03-11T15:00:00,2025-03-11T15:00:00
e003169,u0185,2025-03-12T06:00:00,2025-03-12T06:00:00
e003170,u0185,2025-03-14T03:00:00,2025-03-14T03:00:00
e003171,u0185,2025-03-14T03:00:00,2025-03-14T03:00:00
e003172,u0185,2025-03-21T02:00:00,2025-03-21T02:00:00
e003173,u0186,2025-01-07T01:00:00,2025-01-07T01:00:00
e003174,u0186,2025-01-08T23:00:00,2025-01-08T23:00:00
e003175,u0186,2025-01-09T21:00:00,2025-01-09T21:00:00
e003176,u0186,2025-01-11T18:00:00,2025-01-11T18:00:00
e003177,u0186,2025-01-11T18:00:00,2025-01-11T18:00:00
e003178,u0186,2025-01-18T04:00:00,2025-01-18T04:00:00
e003179,u0186,2025-01-19T05:00:00,2025-01-19T05:00:00
e003180,u0186,2025-01-20T14:00:00,2025-01-20T14:00:00
e003181,u0186,2025-01-26T14:00:00,2025-01-26T14:00:00
e003182,u0186,2025-01-28T15:00:00,2025-01-28T15:00:00
e003183,u0186,2025-02-01T12:00:00,2025-02-01T12:00:00
e003184,u0186,2025-02-03T17:00:00,2025-02-03T17:00:00
e003185,u0186,2025-02-05T13:00:00,2025-02-05T13:00:00
e003185,u0186,2025-02-05T13:00:00,2025-02-05T15:00:00
e003187,u0186,2025-02-09T06:00:00,2025-02-09T06:00:00
e003188,u0186,2025-02-14T20:00:00,2025-02-14T20:00:00
e003188,u0186,2025-02-14T20:00:00,2025-02-14T22:00:00
e003190,u0186,2025-02-21T08:00:00,2025-02-21T08:00:00
e003191,u0186,2025-02-22T08:00:00,2025-02-22T08:00:00
e003192,u0186,2025-02-22T08:00:00,2025-02-22T08:00:00
e003193,u0186,2025-02-27T11:00:00,2025-02-27T11:00:00
e003194,u0186,2025-03-01T04:00:00,2025-03-01T04:00:00
e003194,u0186,2025-03-01T04:00:00,2025-03-01T06:00:00
e003196,u0186,2025-03-10T00:00:00,2025-03-10T00:00:00
e003197,u0186,2025-03-19T00:00:00,2025-03-19T00:00:00
e003198,u0186,2025-03-19T00:00:00,2025-03-19T00:00:00
e003199,u0186,2025-03-21T18:00:00,2025-03-21T18:00:00
e003200,u0187,2025-01-08T17:00:00,2025-01-08T17:00:00
e003201,u0187,2025-01-09T14:00:00,2025-01-09T14:00:00
e003202,u0187,2025-01-10T23:00:00,2025-01-10T23:00:00
e003203,u0187,2025-01-11T09:00:00,2025-01-11T09:00:00
e003204,u0187,2025-01-12T18:00:00,2025-01-12T18:00:00
e003205,u0187,2025-01-12T18:00:00,2025-01-12T18:00:00
e003206,u0187,2025-01-13T01:00:00,2025-01-13T01:00:00
e003207,u0187,2025-01-15T07:00:00,2025-01-15T07:00:00
e003208,u0187,2025-01-16T19:00:00,2025-01-16T19:00:00
e003209,u0187,2025-01-20T18:00:00,2025-01-20T18:00:00
e003210,u0187,2025-01-23T01:00:00,2025-01-23T01:00:00
e003211,u0187,2025-01-24T15:00:00,2025-01-24T15:00:00
e003212,u0187,2025-01-25T12:00:00,2025-01-25T12:00:00
e003213,u0187,2025-01-27T14:00:00,2025-01-27T14:00:00
e003214,u0187,2025-01-28T08:00:00,2025-01-28T08:00:00
e003215,u0187,2025-02-16T10:00:00,2025-02-16T10:00:00
e003216,u0187,2025-03-01T04:00:00,2025-03-01T04:00:00
e003217,u0187,2025-03-02T09:00:00,2025-03-02T09:00:00
e003218,u0187,2025-03-03T06:00:00,2025-03-03T06:00:00
e003219,u0187,2025-03-06T13:00:00,2025-03-06T13:00:00
e003220,u0187,2025-03-13T22:00:00,2025-03-13T22:00:00
e003221,u0187,2025-03-13T22:00:00,2025-03-13T22:00:00
e003222,u0187,2025-03-14T23:00:00,2025-03-14T23:00:00
e003223,u0187,2025-03-25T13:00:00,2025-03-25T13:00:00
e003224,u0188,2025-01-09T18:00:00,2025-01-09T18:00:00
e003225,u0188,2025-01-10T22:00:00,2025-01-10T22:00:00
e003226,u0188,2025-01-11T18:00:00,2025-01-11T18:00:00
e003227,u0188,2025-01-12T01:00:00,2025-01-12T01:00:00
e003228,u0188,2025-01-13T11:00:00,2025-01-13T11:00:00
e003229,u0188,2025-01-17T22:00:00,2025-01-17T22:00:00
e003230,u0188,2025-01-19T22:00:00,2025-01-19T22:00:00
e003230,u0188,2025-01-19T22:00:00,2025-01-20T00:00:00
e003232,u0188,2025-01-19T22:00:00,2025-01-19T22:00:00
e003233,u0188,2025-01-20T11:00:00,2025-01-20T11:00:00
e003233,u0188,2025-01-20T11:00:00,2025-01-20T13:00:00
e003235,u0188,2025-01-29T04:00:00,2025-01-29T04:00:00
e003235,u0188,2025-01-29T04:00:00,2025-01-29T06:00:00
e003237,u0188,2025-02-03T19:00:00,2025-02-03T19:00:00
e003238,u0188,2025-02-05T19:00:00,2025-02-05T19:00:00
e003239,u0188,2025-02-05T19:00:00,2025-02-05T19:00:00
e003240,u0188,2025-02-07T03:00:00,2025-02-07T03:00:00
e003240,u0188,2025-02-07T03:00:00,2025-02-07T05:00:00
e003242,u0188,2025-02-08T16:00:00,2025-02-08T16:00:00
e003243,u0188,2025-02-10T01:00:00,2025-02-10T01:00:00
e003244,u0188,2025-02-10T01:00:00,2025-02-10T01:00:00
e003245,u0188,2025-02-11T09:00:00,2025-02-11T09:00:00
e003246,u0188,2025-02-19T20:00:00,2025-02-19T20:00:00
e003247,u0188,2025-02-20T05:00:00,2025-02-20T05:00:00
e003247,u0188,2025-02-20T05:00:00,2025-02-20T07:00:00
e003249,u0188,2025-03-14T23:00:00,2025-03-14T23:00:00
e003250,u0188,2025-03-20T00:00:00,2025-03-20T00:00:00
e003251,u0188,2025-03-20T00:00:00,2025-03-20T00:00:00
e003252,u0188,2025-03-25T11:00:00,2025-03-25T11:00:00
e003253,u0188,2025-03-26T10:00:00,2025-03-26T10:00:00
e003254,u0188,2025-03-28T04:00:00,2025-03-28T04:00:00
e003255,u0189,2025-01-10T22:00:00,2025-01-10T22:00:00
e003256,u0189,2025-01-11T13:00:00,2025-01-11T13:00:00
e003257,u0189,2025-01-13T07:00:00,2025-01-13T07:00:00
e003258,u0189,2025-01-17T13:00:00,2025-01-17T13:00:00
e003259,u0189,2025-01-20T08:00:00,2025-01-20T08:00:00
e003260,u0189,2025-01-21T08:00:00,2025-01-21T08:00:00
e003261,u0189,2025-01-22T22:00:00,2025-01-22T22:00:00
e003262,u0189,2025-01-24T15:00:00,2025-01-24T15:00:00
e003263,u0189,2025-01-27T17:00:00,2025-01-27T17:00:00
e003264,u0189,2025-01-31T04:00:00,2025-01-31T04:00:00
e003265,u0189,2025-02-01T11:00:00,2025-02-01T11:00:00
e003266,u0189,2025-02-02T01:00:00,2025-02-02T01:00:00
e003267,u0189,2025-02-03T13:00:00,2025-02-03T13:00:00
e003268,u0189,2025-02-04T22:00:00,2025-02-04T22:00:00
e003269,u0189,2025-02-06T14:00:00,2025-02-06T14:00:00
e003270,u0189,2025-02-11T01:00:00,2025-02-11T01:00:00
e003270,u0189,2025-02-11T01:00:00,2025-02-11T03:00:00
e003272,u0189,2025-02-25T13:00:00,2025-02-25T13:00:00
e003273,u0189,2025-03-03T01:00:00,2025-03-03T01:00:00
e003274,u0189,2025-03-30T05:00:00,2025-03-30T05:00:00
e003275,u0190,2025-01-11T22:00:00,2025-01-11T22:00:00
e003276,u0190,2025-01-12T13:00:00,2025-01-12T13:00:00
e003277,u0190,2025-01-12T13:00:00,2025-01-12T13:00:00
e003278,u0190,2025-01-13T16:00:00,2025-01-13T16:00:00
e003279,u0190,2025-01-17T22:00:00,2025-01-17T22:00:00
e003280,u0190,2025-01-19T18:00:00,2025-01-19T18:00:00
e003281,u0190,2025-01-19T18:00:00,2025-01-19T18:00:00
e003282,u0190,2025-01-23T13:00:00,2025-01-23T13:00:00
e003283,u0190,2025-01-24T15:00:00,2025-01-24T15:00:00
e003284,u0190,2025-01-26T21:00:00,2025-01-26T21:00:00
e003285,u0190,2025-01-28T05:00:00,2025-01-28T05:00:00
e003286,u0190,2025-01-30T08:00:00,2025-01-30T08:00:00
e003287,u0190,2025-02-02T04:00:00,2025-02-02T04:00:00
e003288,u0190,2025-02-05T20:00:00,2025-02-05T20:00:00
e003289,u0190,2025-02-07T00:00:00,2025-02-07T00:00:00
e003290,u0190,2025-02-15T19:00:00,2025-02-15T19:00:00
e003291,u0190,2025-02-15T19:00:00,2025-02-15T19:00:00
e003292,u0190,2025-02-23T01:00:00,2025-02-23T01:00:00
e003293,u0190,2025-03-02T12:00:00,2025-03-02T12:00:00
e003293,u0190,2025-03-02T12:00:00,2025-03-02T14:00:00
e003295,u0190,2025-03-06T08:00:00,2025-03-06T08:00:00
e003296,u0190,2025-03-11T15:00:00,2025-03-11T15:00:00
e003297,u0190,2025-03-11T15:00:00,2025-03-11T15:00:00
e003298,u0190,2025-03-13T11:00:00,2025-03-13T11:00:00
e003299,u0190,2025-03-13T11:00:00,2025-03-13T11:00:00
e003300,u0190,2025-03-14T23:00:00,2025-03-14T23:00:00
e003301,u0190,2025-03-18T08:00:00,2025-03-18T08:00:00
e003302,u0190,2025-03-24T00:00:00,2025-03-24T00:00:00
e003303,u0190,2025-03-24T00:00:00,2025-03-24T00:00:00
e003304,u0190,2025-03-27T21:00:00,2025-03-27T21:00:00
e003305,u0190,2025-03-28T02:00:00,2025-03-28T02:00:00
e003306,u0191,2025-01-12T21:00:00,2025-01-12T21:00:00
e003307,u0191,2025-01-14T15:00:00,2025-01-14T15:00:00
e003308,u0191,2025-01-16T06:00:00,2025-01-16T06:00:00
e003309,u0191,2025-01-17T11:00:00,2025-01-17T11:00:00
e003310,u0191,2025-01-21T03:00:00,2025-01-21T03:00:00
e003311,u0191,2025-01-23T12:00:00,2025-01-23T12:00:00
e003312,u0191,2025-01-24T17:00:00,2025-01-24T17:00:00
e003313,u0191,2025-02-07T01:00:00,2025-02-07T01:00:00
e003313,u0191,2025-02-07T01:00:00,2025-02-07T03:00:00
e003315,u0191,2025-02-13T16:00:00,2025-02-13T16:00:00
e003316,u0191,2025-02-19T10:00:00,2025-02-19T10:00:00
e003317,u0191,2025-02-19T10:00:00,2025-02-19T10:00:00
e003318,u0191,2025-02-26T18:00:00,2025-02-26T18:00:00
e003319,u0191,2025-03-10T12:00:00,2025-03-10T12:00:00
e003320,u0191,2025-03-17T11:00:00,2025-03-17T11:00:00
e003321,u0191,2025-03-20T10:00:00,2025-03-20T10:00:00
e003322,u0192,2025-01-13T20:00:00,2025-01-13T20:00:00
e003323,u0192,2025-01-14T01:00:00,2025-01-14T01:00:00
e003324,u0192,2025-01-17T11:00:00,2025-01-17T11:00:00
e003325,u0192,2025-01-18T02:00:00,2025-01-18T02:00:00
e003326,u0192,2025-01-20T01:00:00,2025-01-20T01:00:00
e003327,u0192,2025-01-26T10:00:00,2025-01-26T10:00:00
e003328,u0192,2025-01-27T22:00:00,2025-01-27T22:00:00
e003329,u0192,2025-01-31T21:00:00,2025-01-31T21:00:00
e003330,u0192,2025-02-02T06:00:00,2025-02-02T06:00:00
e003331,u0192,2025-02-08T13:00:00,2025-02-08T13:00:00
e003332,u0192,2025-02-14T03:00:00,2025-02-14T03:00:00
e003333,u0192,2025-02-18T10:00:00,2025-02-18T10:00:00
e003334,u0192,2025-02-18T10:00:00,2025-02-18T10:00:00
e003335,u0192,2025-02-19T12:00:00,2025-02-19T12:00:00
e003336,u0192,2025-02-20T15:00:00,2025-02-20T15:00:00
e003337,u0192,2025-02-24T03:00:00,2025-02-24T03:00:00
e003338,u0192,2025-02-28T12:00:00,2025-02-28T12:00:00
e003338,u0192,2025-02-28T12:00:00,2025-02-28T14:00:00
e003340,u0192,2025-03-07T00:00:00,2025-03-07T00:00:00
e003341,u0192,2025-03-10T21:00:00,2025-03-10T21:00:00
e003342,u0192,2025-03-21T23:00:00,2025-03-21T23:00:00
e003343,u0192,2025-03-25T03:00:00,2025-03-25T03:00:00
e003344,u0192,2025-03-30T13:00:00,2025-03-30T13:00:00
e003345,u0193,2025-01-14T14:00:00,2025-01-14T14:00:00
e003346,u0193,2025-01-14T14:00:00,2025-01-14T14:00:00
e003347,u0193,2025-01-17T15:00:00,2025-01-17T15:00:00
e003348,u0193,2025-01-18T01:00:00,2025-01-18T01:00:00
e003349,u0193,2025-01-19T23:00:00,2025-01-19T23:00:00
e003350,u0193,2025-01-20T17:00:00,2025-01-20T17:00:00
e003351,u0193,2025-01-20T17:00:00,2025-01-20T17:00:00
e003352,u0193,2025-01-21T08:00:00,2025-01-21T08:00:00
e003353,u0193,2025-01-21T08:00:00,2025-01-21T08:00:00
e003354,u0193,2025-01-25T03:00:00,2025-01-25T03:00:00
e003354,u0193,2025-01-25T03:00:00,2025-01-25T05:00:00
e003356,u0193,2025-01-29T02:00:00,2025-01-29T02:00:00
e003357,u0193,2025-02-03T12:00:00,2025-02-03T12:00:00
e003358,u0193,2025-02-09T11:00:00,2025-02-09T11:00:00
e003359,u0193,2025-02-16T10:00:00,2025-02-16T10:00:00
e003360,u0193,2025-02-27T00:00:00,2025-02-27T00:00:00
e003361,u0193,2025-02-27T00:00:00,2025-02-27T00:00:00
e003362,u0193,2025-02-28T01:00:00,2025-02-28T01:00:00
e003362,u0193,2025-02-28T01:00:00,2025-02-28T03:00:00
e003364,u0193,2025-03-01T03:00:00,2025-03-01T03:00:00
e003365,u0193,2025-03-01T03:00:00,2025-03-01T03:00:00
e003366,u0193,2025-03-14T12:00:00,2025-03-14T12:00:00
e003367,u0194,2025-01-15T12:00:00,2025-01-15T12:00:00
e003368,u0194,2025-01-16T16:00:00,2025-01-16T16:00:00
e003369,u0194,2025-01-18T16:00:00,2025-01-18T16:00:00
e003370,u0194,2025-01-19T02:00:00,2025-01-19T02:00:00
e003371,u0194,2025-01-20T02:00:00,2025-01-20T02:00:00
e003372,u0194,2025-01-21T04:00:00,2025-01-21T04:00:00
e003373,u0194,2025-01-21T04:00:00,2025-01-21T04:00:00
e003374,u0194,2025-01-23T08:00:00,2025-01-23T08:00:00
e003375,u0194,2025-01-24T11:00:00,2025-01-24T11:00:00
e003376,u0194,2025-01-27T09:00:00,2025-01-27T09:00:00
e003377,u0194,2025-01-28T10:00:00,2025-01-28T10:00:00
e003378,u0194,2025-01-29T02:00:00,2025-01-29T02:00:00
e003379,u0194,2025-01-31T22:00:00,2025-01-31T22:00:00
e003380,u0194,2025-02-07T16:00:00,2025-02-07T16:00:00
e003381,u0194,2025-02-07T16:00:00,2025-02-07T16:00:00
e003382,u0194,2025-02-08T06:00:00,2025-02-08T06:00:00
e003383,u0194,2025-02-14T04:00:00,2025-02-14T04:00:00
e003384,u0194,2025-02-19T13:00:00,2025-02-19T13:00:00
e003385,u0194,2025-02-26T07:00:00,2025-02-26T07:00:00
e003385,u0194,2025-02-26T07:00:00,2025-02-26T09:00:00
e003387,u0194,2025-03-17T23:00:00,2025-03-17T23:00:00
e003388,u0194,2025-03-18T14:00:00,2025-03-18T14:00:00
e003389,u0194,2025-03-25T11:00:00,2025-03-25T11:00:00
e003390,u0194,2025-03-27T03:00:00,2025-03-27T03:00:00
e003391,u0195,2025-01-16T06:00:00,2025-01-16T06:00:00
e003392,u0195,2025-01-17T14:00:00,2025-01-17T14:00:00
e003393,u0195,2025-01-17T14:00:00,2025-01-17T14:00:00
e003394,u0195,2025-01-20T08:00:00,2025-01-20T08:00:00
e003395,u0195,2025-01-22T05:00:00,2025-01-22T05:00:00
e003396,u0195,2025-01-24T11:00:00,2025-01-24T11:00:00
e003397,u0195,2025-01-25T09:00:00,2025-01-25T09:00:00
e003398,u0195,2025-01-25T09:00:00,2025-01-25T09:00:00
e003399,u0195,2025-01-26T14:00:00,2025-01-26T14:00:00
e003400,u0195,2025-01-28T13:00:00,2025-01-28T13:00:00
e003401,u0195,2025-01-31T23:00:00,2025-01-31T23:00:00
e003402,u0195,2025-02-05T23:00:00,2025-02-05T23:00:00
e003403,u0195,2025-02-17T14:00:00,2025-02-17T14:00:00
e003404,u0195,2025-02-17T14:00:00,2025-02-17T14:00:00
e003405,u0195,2025-02-21T11:00:00,2025-02-21T11:00:00
e003406,u0195,2025-02-23T13:00:00,2025-02-23T13:00:00
e003407,u0195,2025-02-28T00:00:00,2025-02-28T00:00:00
e003408,u0195,2025-03-02T06:00:00,2025-03-02T06:00:00
e003409,u0195,2025-03-02T06:00:00,2025-03-02T06:00:00
e003410,u0195,2025-03-13T05:00:00,2025-03-13T05:00:00
e003411,u0195,2025-03-15T03:00:00,2025-03-15T03:00:00
e003412,u0195,2025-03-15T03:00:00,2025-03-15T03:00:00
e003413,u0195,2025-03-19T18:00:00,2025-03-19T18:00:00
e003414,u0195,2025-03-27T08:00:00,2025-03-27T08:00:00
e003415,u0196,2025-01-17T10:00:00,2025-01-17T10:00:00
e003416,u0196,2025-01-17T10:00:00,2025-01-17T10:00:00
e003417,u0196,2025-01-18T20:00:00,2025-01-18T20:00:00
e003418,u0196,2025-01-20T06:00:00,2025-01-20T06:00:00
e003419,u0196,2025-01-21T04:00:00,2025-01-21T04:00:00
e003420,u0196,2025-01-23T12:00:00,2025-01-23T12:00:00
e003421,u0196,2025-01-24T21:00:00,2025-01-24T21:00:00
e003422,u0196,2025-01-25T15:00:00,2025-01-25T15:00:00
e003423,u0196,2025-01-27T02:00:00,2025-01-27T02:00:00
e003424,u0196,2025-01-30T09:00:00,2025-01-30T09:00:00
e003425,u0196,2025-02-01T02:00:00,2025-02-01T02:00:00
e003426,u0196,2025-02-02T19:00:00,2025-02-02T19:00:00
e003427,u0196,2025-02-03T02:00:00,2025-02-03T02:00:00
e003428,u0196,2025-02-03T02:00:00,2025-02-03T02:00:00
e003429,u0196,2025-02-06T15:00:00,2025-02-06T15:00:00
e003430,u0196,2025-02-12T04:00:00,2025-02-12T04:00:00
e003431,u0196,2025-02-18T17:00:00,2025-02-18T17:00:00
e003432,u0196,2025-02-23T16:00:00,2025-02-23T16:00:00
e003433,u0196,2025-02-28T21:00:00,2025-02-28T21:00:00
e003434,u0196,2025-03-04T18:00:00,2025-03-04T18:00:00
e003434,u0196,2025-03-04T18:00:00,2025-03-04T20:00:00
e003436,u0196,2025-03-04T18:00:00,2025-03-04T18:00:00
e003437,u0196,2025-03-06T11:00:00,2025-03-06T11:00:00
e003438,u0196,2025-03-06T11:00:00,2025-03-06T11:00:00
e003439,u0196,2025-03-09T18:00:00,2025-03-09T18:00:00
e003440,u0196,2025-03-22T20:00:00,2025-03-22T20:00:00
e003441,u0196,2025-03-29T16:00:00,2025-03-29T16:00:00
e003441,u0196,2025-03-29T16:00:00,2025-03-29T18:00:00
e003443,u0197,2025-01-18T22:00:00,2025-01-18T22:00:00
e003444,u0197,2025-01-19T05:00:00,2025-01-19T05:00:00
e003445,u0197,2025-01-20T03:00:00,2025-01-20T03:00:00
e003446,u0197,2025-01-21T05:00:00,2025-01-21T05:00:00
e003447,u0197,2025-01-22T18:00:00,2025-01-22T18:00:00
e003447,u0197,2025-01-22T18:00:00,2025-01-22T20:00:00
e003449,u0197,2025-01-26T18:00:00,2025-01-26T18:00:00
e003450,u0197,2025-01-27T01:00:00,2025-01-27T01:00:00
e003450,u0197,2025-01-27T01:00:00,2025-01-27T03:00:00
e003452,u0197,2025-01-28T09:00:00,2025-01-28T09:00:00
e003453,u0197,2025-01-31T04:00:00,2025-01-31T04:00:00
e003454,u0197,2025-01-31T04:00:00,2025-01-31T04:00:00
e003455,u0197,2025-02-02T15:00:00,2025-02-02T15:00:00
e003456,u0197,2025-02-17T15:00:00,2025-02-17T15:00:00
e003457,u0197,2025-02-27T22:00:00,2025-02-27T22:00:00
e003458,u0197,2025-03-12T16:00:00,2025-03-12T16:00:00
e003459,u0197,2025-03-15T09:00:00,2025-03-15T09:00:00
e003460,u0197,2025-03-22T07:00:00,2025-03-22T07:00:00
e003461,u0197,2025-03-23T19:00:00,2025-03-23T19:00:00
e003462,u0198,2025-01-19T21:00:00,2025-01-19T21:00:00
e003462,u0198,2025-01-19T21:00:00,2025-01-19T23:00:00
e003464,u0198,2025-01-20T11:00:00,2025-01-20T11:00:00
e003464,u0198,2025-01-20T11:00:00,2025-01-20T13:00:00
e003466,u0198,2025-01-22T05:00:00,2025-01-22T05:00:00
e003466,u0198,2025-01-22T05:00:00,2025-01-22T07:00:00
e003468,u0198,2025-01-23T19:00:00,2025-01-23T19:00:00
e003469,u0198,2025-01-25T01:00:00,2025-01-25T01:00:00
e003470,u0198,2025-01-25T01:00:00,2025-01-25T01:00:00
e003471,u0198,2025-01-26T09:00:00,2025-01-26T09:00:00
e003472,u0198,2025-01-26T09:00:00,2025-01-26T09:00:00
e003473,u0198,2025-01-28T17:00:00,2025-01-28T17:00:00
e003474,u0198,2025-01-29T06:00:00,2025-01-29T06:00:00
e003475,u0198,2025-02-05T16:00:00,2025-02-05T16:00:00
e003476,u0198,2025-02-05T16:00:00,2025-02-05T16:00:00
e003477,u0198,2025-02-06T19:00:00,2025-02-06T19:00:00
e003478,u0198,2025-02-07T05:00:00,2025-02-07T05:00:00
e003479,u0198,2025-02-08T08:00:00,2025-02-08T08:00:00
e003480,u0198,2025-02-08T08:00:00,2025-02-08T08:00:00
e003481,u0198,2025-02-10T01:00:00,2025-02-10T01:00:00
e003482,u0198,2025-02-11T20:00:00,2025-02-11T20:00:00
e003483,u0198,2025-02-13T06:00:00,2025-02-13T06:00:00
e003484,u0198,2025-02-17T16:00:00,2025-02-17T16:00:00
e003485,u0198,2025-02-17T16:00:00,2025-02-17T16:00:00
e003486,u0198,2025-03-02T10:00:00,2025-03-02T10:00:00
e003487,u0198,2025-03-03T23:00:00,2025-03-03T23:00:00
e003488,u0198,2025-03-14T10:00:00,2025-03-14T10:00:00
e003488,u0198,2025-03-14T10:00:00,2025-03-14T12:00:00
e003490,u0198,2025-03-15T16:00:00,2025-03-15T16:00:00
e003491,u0198,2025-03-19T08:00:00,2025-03-19T08:00:00
e003492,u0199,2025-01-20T19:00:00,2025-01-20T19:00:00
e003493,u0199,2025-01-23T00:00:00,2025-01-23T00:00:00
e003493,u0199,2025-01-23T00:00:00,2025-01-23T02:00:00
e003495,u0199,2025-01-25T08:00:00,2025-01-25T08:00:00
e003496,u0199,2025-01-26T00:00:00,2025-01-26T00:00:00
e003497,u0199,2025-01-30T10:00:00,2025-01-30T10:00:00
e003498,u0199,2025-01-31T01:00:00,2025-01-31T01:00:00
e003499,u0199,2025-02-01T02:00:00,2025-02-01T02:00:00
e003500,u0199,2025-02-09T07:00:00,2025-02-09T07:00:00
e003501,u0199,2025-02-11T23:00:00,2025-02-11T23:00:00
e003502,u0199,2025-02-13T03:00:00,2025-02-13T03:00:00
e003503,u0199,2025-02-13T03:00:00,2025-02-13T03:00:00
e003504,u0199,2025-02-21T11:00:00,2025-02-21T11:00:00
e003505,u0199,2025-02-23T19:00:00,2025-02-23T19:00:00
e003506,u0199,2025-03-12T12:00:00,2025-03-12T12:00:00
e003507,u0199,2025-03-12T12:00:00,2025-03-12T12:00:00
e003508,u0200,2025-01-21T08:00:00,2025-01-21T08:00:00
e003509,u0200,2025-01-22T09:00:00,2025-01-22T09:00:00
e003510,u0200,2025-01-23T10:00:00,2025-01-23T10:00:00
e003511,u0200,2025-01-25T19:00:00,2025-01-25T19:00:00
e003512,u0200,2025-01-26T13:00:00,2025-01-26T13:00:00
e003513,u0200,2025-01-27T09:00:00,2025-01-27T09:00:00
e003514,u0200,2025-01-27T09:00:00,2025-01-27T09:00:00
e003515,u0200,2025-01-29T11:00:00,2025-01-29T11:00:00
e003516,u0200,2025-01-29T11:00:00,2025-01-29T11:00:00
e003517,u0200,2025-02-01T15:00:00,2025-02-01T15:00:00
e003518,u0200,2025-02-03T22:00:00,2025-02-03T22:00:00
e003518,u0200,2025-02-03T22:00:00,2025-02-04T00:00:00
e003520,u0200,2025-02-05T15:00:00,2025-02-05T15:00:00
e003521,u0200,2025-02-05T15:00:00,2025-02-05T15:00:00
e003522,u0200,2025-02-06T19:00:00,2025-02-06T19:00:00
e003523,u0200,2025-02-07T10:00:00,2025-02-07T10:00:00
e003524,u0200,2025-02-11T05:00:00,2025-02-11T05:00:00
e003525,u0200,2025-02-12T10:00:00,2025-02-12T10:00:00
e003526,u0200,2025-02-16T09:00:00,2025-02-16T09:00:00
e003527,u0200,2025-02-17T05:00:00,2025-02-17T05:00:00
e003528,u0200,2025-02-24T08:00:00,2025-02-24T08:00:00
e003529,u0200,2025-03-11T06:00:00,2025-03-11T06:00:00
e003530,u0200,2025-03-20T15:00:00,2025-03-20T15:00:00
e003531,u0200,2025-03-24T22:00:00,2025-03-24T22:00:00
e003532,u0201,2025-01-22T06:00:00,2025-01-22T06:00:00
e003533,u0201,2025-01-22T06:00:00,2025-01-22T06:00:00
e003534,u0201,2025-01-25T16:00:00,2025-01-25T16:00:00
e003535,u0201,2025-01-26T12:00:00,2025-01-26T12:00:00
e003535,u0201,2025-01-26T12:00:00,2025-01-26T14:00:00
e003537,u0201,2025-01-31T09:00:00,2025-01-31T09:00:00
e003538,u0201,2025-02-01T07:00:00,2025-02-01T07:00:00
e003539,u0201,2025-02-02T14:00:00,2025-02-02T14:00:00
e003540,u0201,2025-02-03T02:00:00,2025-02-03T02:00:00
e003541,u0201,2025-02-04T12:00:00,2025-02-04T12:00:00
e003542,u0201,2025-02-04T12:00:00,2025-02-04T12:00:00
e003543,u0201,2025-02-08T10:00:00,2025-02-08T10:00:00
e003544,u0201,2025-02-15T06:00:00,2025-02-15T06:00:00
e003545,u0201,2025-03-07T09:00:00,2025-03-07T09:00:00
e003545,u0201,2025-03-07T09:00:00,2025-03-07T11:00:00
e003547,u0201,2025-03-12T00:00:00,2025-03-12T00:00:00
e003548,u0202,2025-01-23T18:00:00,2025-01-23T18:00:00
e003549,u0202,2025-01-29T00:00:00,2025-01-29T00:00:00
e003550,u0202,2025-01-30T09:00:00,2025-01-30T09:00:00
e003551,u0202,2025-02-04T15:00:00,2025-02-04T15:00:00
e003552,u0202,2025-02-05T02:00:00,2025-02-05T02:00:00
e003553,u0202,2025-02-10T20:00:00,2025-02-10T20:00:00
e003554,u0202,2025-02-16T09:00:00,2025-02-16T09:00:00
e003555,u0202,2025-02-17T01:00:00,2025-02-17T01:00:00
e003556,u0202,2025-02-27T12:00:00,2025-02-27T12:00:00
e003556,u0202,2025-02-27T12:00:00,2025-02-27T14:00:00
e003558,u0202,2025-02-28T06:00:00,2025-02-28T06:00:00
e003559,u0202,2025-03-04T19:00:00,2025-03-04T19:00:00
e003560,u0202,2025-03-05T20:00:00,2025-03-05T20:00:00
e003561,u0202,2025-03-24T16:00:00,2025-03-24T16:00:00
e003562,u0203,2025-01-24T10:00:00,2025-01-24T10:00:00
e003563,u0203,2025-01-26T17:00:00,2025-01-26T17:00:00
e003563,u0203,2025-01-26T17:00:00,2025-01-26T19:00:00
e003565,u0203,2025-01-27T07:00:00,2025-01-27T07:00:00
e003566,u0203,2025-01-28T10:00:00,2025-01-28T10:00:00
e003567,u0203,2025-01-31T10:00:00,2025-01-31T10:00:00
e003568,u0203,2025-02-01T03:00:00,2025-02-01T03:00:00
e003569,u0203,2025-02-05T22:00:00,2025-02-05T22:00:00
e003570,u0203,2025-02-07T12:00:00,2025-02-07T12:00:00
e003571,u0203,2025-02-11T16:00:00,2025-02-11T16:00:00
e003571,u0203,2025-02-11T16:00:00,2025-02-11T18:00:00
e003573,u0203,2025-02-15T02:00:00,2025-02-15T02:00:00
e003574,u0203,2025-02-16T17:00:00,2025-02-16T17:00:00
e003575,u0203,2025-02-28T19:00:00,2025-02-28T19:00:00
e003576,u0203,2025-03-04T06:00:00,2025-03-04T06:00:00
e003577,u0203,2025-03-10T16:00:00,2025-03-10T16:00:00
e003578,u0203,2025-03-16T06:00:00,2025-03-16T06:00:00
e003579,u0203,2025-03-25T12:00:00,2025-03-25T12:00:00
e003580,u0204,2025-01-25T02:00:00,2025-01-25T02:00:00
e003581,u0204,2025-01-26T18:00:00,2025-01-26T18:00:00
e003582,u0204,2025-01-26T18:00:00,2025-01-26T18:00:00
e003583,u0204,2025-01-27T19:00:00,2025-01-27T19:00:00
e003584,u0204,2025-01-27T19:00:00,2025-01-27T19:00:00
e003585,u0204,2025-01-28T10:00:00,2025-01-28T10:00:00
e003586,u0204,2025-01-30T21:00:00,2025-01-30T21:00:00
e003587,u0204,2025-01-31T01:00:00,2025-01-31T01:00:00
e003588,u0204,2025-01-31T01:00:00,2025-01-31T01:00:00
e003589,u0204,2025-02-01T15:00:00,2025-02-01T15:00:00
e003590,u0204,2025-02-02T17:00:00,2025-02-02T17:00:00
e003591,u0204,2025-02-04T11:00:00,2025-02-04T11:00:00
e003592,u0204,2025-02-08T12:00:00,2025-02-08T12:00:00
e003593,u0204,2025-02-15T16:00:00,2025-02-15T16:00:00
e003594,u0204,2025-02-17T18:00:00,2025-02-17T18:00:00
e003595,u0204,2025-02-20T20:00:00,2025-02-20T20:00:00
e003596,u0204,2025-03-01T15:00:00,2025-03-01T15:00:00
e003597,u0204,2025-03-04T22:00:00,2025-03-04T22:00:00
e003598,u0204,2025-03-14T11:00:00,2025-03-14T11:00:00
e003599,u0204,2025-03-16T10:00:00,2025-03-16T10:00:00
e003600,u0204,2025-03-18T06:00:00,2025-03-18T06:00:00
e003601,u0204,2025-03-18T06:00:00,2025-03-18T06:00:00
e003602,u0204,2025-03-27T22:00:00,2025-03-27T22:00:00
e003603,u0205,2025-01-26T08:00:00,2025-01-26T08:00:00
e003603,u0205,2025-01-26T08:00:00,2025-01-26T10:00:00
e003605,u0205,2025-01-31T11:00:00,2025-01-31T11:00:00
e003605,u0205,2025-01-31T11:00:00,2025-01-31T13:00:00
e003607,u0205,2025-02-05T23:00:00,2025-02-05T23:00:00
e003608,u0205,2025-02-09T15:00:00,2025-02-09T15:00:00
e003609,u0205,2025-02-13T06:00:00,2025-02-13T06:00:00
e003610,u0205,2025-02-14T20:00:00,2025-02-14T20:00:00
e003610,u0205,2025-02-14T20:00:00,2025-02-14T22:00:00
e003612,u0205,2025-02-16T15:00:00,2025-02-16T15:00:00
e003613,u0205,2025-02-19T13:00:00,2025-02-19T13:00:00
e003614,u0205,2025-02-26T04:00:00,2025-02-26T04:00:00
e003614,u0205,2025-02-26T04:00:00,2025-02-26T06:00:00
e003616,u0205,2025-02-28T10:00:00,2025-02-28T10:00:00
e003616,u0205,2025-02-28T10:00:00,2025-02-28T12:00:00
e003618,u0205,2025-03-04T16:00:00,2025-03-04T16:00:00
e003619,u0205,2025-03-06T16:00:00,2025-03-06T16:00:00
e003620,u0205,2025-03-09T19:00:00,2025-03-09T19:00:00
e003621,u0205,2025-03-11T00:00:00,2025-03-11T00:00:00
e003622,u0205,2025-03-26T14:00:00,2025-03-26T14:00:00
e003623,u0206,2025-01-27T13:00:00,2025-01-27T13:00:00
e003624,u0206,2025-01-30T14:00:00,2025-01-30T14:00:00
e003625,u0206,2025-02-01T05:00:00,2025-02-01T05:00:00
e003626,u0206,2025-02-05T11:00:00,2025-02-05T11:00:00
e003627,u0206,2025-02-12T17:00:00,2025-02-12T17:00:00
e003628,u0206,2025-02-15T17:00:00,2025-02-15T17:00:00
e003629,u0206,2025-02-17T12:00:00,2025-02-17T12:00:00
e003630,u0206,2025-02-18T09:00:00,2025-02-18T09:00:00
e003631,u0206,2025-02-22T09:00:00,2025-02-22T09:00:00
e003632,u0206,2025-02-26T20:00:00,2025-02-26T20:00:00
e003633,u0206,2025-02-28T06:00:00,2025-02-28T06:00:00
e003634,u0206,2025-03-03T01:00:00,2025-03-03T01:00:00
e003635,u0206,2025-03-10T05:00:00,2025-03-10T05:00:00
e003636,u0206,2025-03-15T04:00:00,2025-03-15T04:00:00
e003637,u0206,2025-03-18T17:00:00,2025-03-18T17:00:00
e003638,u0206,2025-03-20T01:00:00,2025-03-20T01:00:00
e003639,u0206,2025-03-23T18:00:00,2025-03-23T18:00:00
e003640,u0206,2025-03-29T07:00:00,2025-03-29T07:00:00
e003641,u0206,2025-03-30T16:00:00,2025-03-30T16:00:00
e003642,u0207,2025-01-28T20:00:00,2025-01-28T20:00:00
e003643,u0207,2025-01-29T03:00:00,2025-01-29T03:00:00
e003644,u0207,2025-01-30T19:00:00,2025-01-30T19:00:00
e003645,u0207,2025-01-30T19:00:00,2025-01-30T19:00:00
e003646,u0207,2025-01-31T16:00:00,2025-01-31T16:00:00
e003647,u0207,2025-02-01T20:00:00,2025-02-01T20:00:00
e003648,u0207,2025-02-02T19:00:00,2025-02-02T19:00:00
e003649,u0207,2025-02-03T10:00:00,2025-02-03T10:00:00
e003650,u0207,2025-02-04T01:00:00,2025-02-04T01:00:00
e003651,u0207,2025-02-05T13:00:00,2025-02-05T13:00:00
e003652,u0207,2025-02-07T02:00:00,2025-02-07T02:00:00
e003653,u0207,2025-02-10T03:00:00,2025-02-10T03:00:00
e003653,u0207,2025-02-10T03:00:00,2025-02-10T05:00:00
e003655,u0207,2025-02-13T09:00:00,2025-02-13T09:00:00
e003656,u0207,2025-02-27T05:00:00,2025-02-27T05:00:00
e003657,u0207,2025-03-02T11:00:00,2025-03-02T11:00:00
e003658,u0207,2025-03-07T10:00:00,2025-03-07T10:00:00
e003659,u0207,2025-03-10T14:00:00,2025-03-10T14:00:00
e003660,u0207,2025-03-15T15:00:00,2025-03-15T15:00:00
e003661,u0207,2025-03-19T04:00:00,2025-03-19T04:00:00
e003662,u0207,2025-03-22T00:00:00,2025-03-22T00:00:00
e003663,u0207,2025-03-22T00:00:00,2025-03-22T00:00:00
e003664,u0207,2025-03-24T12:00:00,2025-03-24T12:00:00
e003665,u0207,2025-03-24T12:00:00,2025-03-24T12:00:00
e003666,u0207,2025-03-27T20:00:00,2025-03-27T20:00:00
e003667,u0207,2025-03-28T06:00:00,2025-03-28T06:00:00
e003668,u0207,2025-03-29T03:00:00,2025-03-29T03:00:00
e003669,u0208,2025-01-29T20:00:00,2025-01-29T20:00:00
e003670,u0208,2025-01-31T20:00:00,2025-01-31T20:00:00
e003671,u0208,2025-02-01T02:00:00,2025-02-01T02:00:00
e003672,u0208,2025-02-03T13:00:00,2025-02-03T13:00:00
e003673,u0208,2025-02-03T13:00:00,2025-02-03T13:00:00
e003674,u0208,2025-02-04T01:00:00,2025-02-04T01:00:00
e003675,u0208,2025-02-05T21:00:00,2025-02-05T21:00:00
e003676,u0208,2025-02-11T16:00:00,2025-02-11T16:00:00
e003677,u0208,2025-02-13T19:00:00,2025-02-13T19:00:00
e003678,u0208,2025-02-16T23:00:00,2025-02-16T23:00:00
e003679,u0208,2025-02-17T17:00:00,2025-02-17T17:00:00
e003679,u0208,2025-02-17T17:00:00,2025-02-17T19:00:00
e003681,u0208,2025-02-19T07:00:00,2025-02-19T07:00:00
e003682,u0208,2025-03-02T17:00:00,2025-03-02T17:00:00
e003683,u0208,2025-03-12T19:00:00,2025-03-12T19:00:00
e003684,u0208,2025-03-12T19:00:00,2025-03-12T19:00:00
e003685,u0208,2025-03-15T20:00:00,2025-03-15T20:00:00
e003686,u0209,2025-01-30T11:00:00,2025-01-30T11:00:00
e003687,u0209,2025-01-30T11:00:00,2025-01-30T11:00:00
e003688,u0209,2025-02-02T13:00:00,2025-02-02T13:00:00
e003689,u0209,2025-02-03T17:00:00,2025-02-03T17:00:00
e003690,u0209,2025-02-04T15:00:00,2025-02-04T15:00:00
e003691,u0209,2025-02-07T01:00:00,2025-02-07T01:00:00
e003692,u0209,2025-02-11T03:00:00,2025-02-11T03:00:00
e003693,u0209,2025-02-14T12:00:00,2025-02-14T12:00:00
e003694,u0209,2025-02-17T23:00:00,2025-02-17T23:00:00
e003695,u0209,2025-02-19T03:00:00,2025-02-19T03:00:00
e003696,u0209,2025-02-25T03:00:00,2025-02-25T03:00:00
e003697,u0209,2025-03-09T20:00:00,2025-03-09T20:00:00
e003697,u0209,2025-03-09T20:00:00,2025-03-09T22:00:00
e003699,u0209,2025-03-11T05:00:00,2025-03-11T05:00:00
e003700,u0210,2025-01-31T08:00:00,2025-01-31T08:00:00
e003701,u0210,2025-01-31T08:00:00,2025-01-31T08:00:00
e003702,u0210,2025-02-01T02:00:00,2025-02-01T02:00:00
e003703,u0210,2025-02-03T07:00:00,2025-02-03T07:00:00
e003704,u0210,2025-02-04T10:00:00,2025-02-04T10:00:00
e003705,u0210,2025-02-08T06:00:00,2025-02-08T06:00:00
e003706,u0210,2025-02-09T16:00:00,2025-02-09T16:00:00
e003707,u0210,2025-02-11T04:00:00,2025-02-11T04:00:00
e003708,u0210,2025-02-12T08:00:00,2025-02-12T08:00:00
e003709,u0210,2025-02-14T06:00:00,2025-02-14T06:00:00
e003710,u0210,2025-02-18T04:00:00,2025-02-18T04:00:00
e003711,u0210,2025-02-20T22:00:00,2025-02-20T22:00:00
e003712,u0210,2025-02-22T09:00:00,2025-02-22T09:00:00
e003713,u0210,2025-02-23T07:00:00,2025-02-23T07:00:00
e003714,u0210,2025-03-04T16:00:00,2025-03-04T16:00:00
e003715,u0210,2025-03-09T19:00:00,2025-03-09T19:00:00
e003716,u0210,2025-03-13T02:00:00,2025-03-13T02:00:00
e003717,u0210,2025-03-13T02:00:00,2025-03-13T02:00:00
e003718,u0210,2025-03-19T11:00:00,2025-03-19T11:00:00
e003719,u0211,2025-02-01T04:00:00,2025-02-01T04:00:00
e003720,u0211,2025-02-02T13:00:00,2025-02-02T13:00:00
e003721,u0211,2025-02-03T17:00:00,2025-02-03T17:00:00
e003722,u0211,2025-02-04T02:00:00,2025-02-04T02:00:00
e003723,u0211,2025-02-05T23:00:00,2025-02-05T23:00:00
e003724,u0211,2025-02-05T23:00:00,2025-02-05T23:00:00
e003725,u0211,2025-02-06T05:00:00,2025-02-06T05:00:00
e003726,u0211,2025-02-07T20:00:00,2025-02-07T20:00:00
e003727,u0211,2025-02-08T22:00:00,2025-02-08T22:00:00
e003728,u0211,2025-02-09T23:00:00,2025-02-09T23:00:00
e003729,u0211,2025-02-10T21:00:00,2025-02-10T21:00:00
e003730,u0211,2025-02-10T21:00:00,2025-02-10T21:00:00
e003731,u0211,2025-02-11T03:00:00,2025-02-11T03:00:00
e003732,u0211,2025-02-11T03:00:00,2025-02-11T03:00:00
e003733,u0211,2025-02-14T19:00:00,2025-02-14T19:00:00
e003734,u0211,2025-02-18T14:00:00,2025-02-18T14:00:00
e003735,u0211,2025-02-19T18:00:00,2025-02-19T18:00:00
e003736,u0211,2025-02-21T23:00:00,2025-02-21T23:00:00
e003737,u0211,2025-02-23T16:00:00,2025-02-23T16:00:00
e003738,u0211,2025-02-24T14:00:00,2025-02-24T14:00:00
e003739,u0211,2025-03-01T15:00:00,2025-03-01T15:00:00
e003740,u0211,2025-03-01T15:00:00,2025-03-01T15:00:00
e003741,u0211,2025-03-07T13:00:00,2025-03-07T13:00:00
e003741,u0211,2025-03-07T13:00:00,2025-03-07T15:00:00
e003743,u0211,2025-03-22T09:00:00,2025-03-22T09:00:00
e003744,u0211,2025-03-22T09:00:00,2025-03-22T09:00:00
e003745,u0211,2025-03-31T21:00:00,2025-03-31T21:00:00
e003746,u0212,2025-02-02T09:00:00,2025-02-02T09:00:00
e003747,u0212,2025-02-03T15:00:00,2025-02-03T15:00:00
e003748,u0212,2025-02-04T05:00:00,2025-02-04T05:00:00
e003748,u0212,2025-02-04T05:00:00,2025-02-04T07:00:00
e003750,u0212,2025-02-06T04:00:00,2025-02-06T04:00:00
e003751,u0212,2025-02-07T13:00:00,2025-02-07T13:00:00
e003752,u0212,2025-02-08T18:00:00,2025-02-08T18:00:00
e003753,u0212,2025-02-11T00:00:00,2025-02-11T00:00:00
e003754,u0212,2025-02-12T23:00:00,2025-02-12T23:00:00
e003755,u0212,2025-02-15T10:00:00,2025-02-15T10:00:00
e003756,u0212,2025-02-24T07:00:00,2025-02-24T07:00:00
e003756,u0212,2025-02-24T07:00:00,2025-02-24T09:00:00
e003758,u0212,2025-02-24T07:00:00,2025-02-24T07:00:00
e003759,u0212,2025-03-02T05:00:00,2025-03-02T05:00:00
e003760,u0212,2025-03-04T07:00:00,2025-03-04T07:00:00
e003761,u0212,2025-03-07T13:00:00,2025-03-07T13:00:00
e003761,u0212,2025-03-07T13:00:00,2025-03-07T15:00:00
e003763,u0212,2025-03-30T18:00:00,2025-03-30T18:00:00
e003764,u0213,2025-02-03T21:00:00,2025-02-03T21:00:00
e003765,u0213,2025-02-04T22:00:00,2025-02-04T22:00:00
e003766,u0213,2025-02-06T07:00:00,2025-02-06T07:00:00
e003767,u0213,2025-02-06T07:00:00,2025-02-06T07:00:00
e003768,u0213,2025-02-07T05:00:00,2025-02-07T05:00:00
e003769,u0213,2025-02-08T08:00:00,2025-02-08T08:00:00
e003770,u0213,2025-02-10T21:00:00,2025-02-10T21:00:00
e003771,u0213,2025-02-10T21:00:00,2025-02-10T21:00:00
e003772,u0213,2025-02-12T14:00:00,2025-02-12T14:00:00
e003773,u0213,2025-02-13T18:00:00,2025-02-13T18:00:00
e003774,u0213,2025-02-15T15:00:00,2025-02-15T15:00:00
e003775,u0213,2025-02-18T06:00:00,2025-02-18T06:00:00
e003776,u0213,2025-02-18T06:00:00,2025-02-18T06:00:00
e003777,u0213,2025-02-20T01:00:00,2025-02-20T01:00:00
e003778,u0213,2025-02-21T21:00:00,2025-02-21T21:00:00
e003779,u0213,2025-02-21T21:00:00,2025-02-21T21:00:00
e003780,u0213,2025-02-22T08:00:00,2025-02-22T08:00:00
e003781,u0213,2025-02-25T22:00:00,2025-02-25T22:00:00
e003782,u0213,2025-03-04T11:00:00,2025-03-04T11:00:00
e003783,u0213,2025-03-07T23:00:00,2025-03-07T23:00:00
e003784,u0213,2025-03-10T03:00:00,2025-03-10T03:00:00
e003784,u0213,2025-03-10T03:00:00,2025-03-10T05:00:00
e003786,u0213,2025-03-16T06:00:00,2025-03-16T06:00:00
e003787,u0213,2025-03-21T20:00:00,2025-03-21T20:00:00
e003788,u0214,2025-02-04T02:00:00,2025-02-04T02:00:00
e003789,u0214,2025-02-05T02:00:00,2025-02-05T02:00:00
e003790,u0214,2025-02-06T09:00:00,2025-02-06T09:00:00
e003791,u0214,2025-02-07T15:00:00,2025-02-07T15:00:00
e003792,u0214,2025-02-08T05:00:00,2025-02-08T05:00:00
e003793,u0214,2025-02-09T04:00:00,2025-02-09T04:00:00
e003794,u0214,2025-02-10T11:00:00,2025-02-10T11:00:00
e003795,u0214,2025-02-12T09:00:00,2025-02-12T09:00:00
e003796,u0214,2025-02-14T02:00:00,2025-02-14T02:00:00
e003797,u0214,2025-02-14T02:00:00,2025-02-14T02:00:00
e003798,u0214,2025-02-21T22:00:00,2025-02-21T22:00:00
e003799,u0214,2025-02-24T03:00:00,2025-02-24T03:00:00
e003800,u0214,2025-02-26T18:00:00,2025-02-26T18:00:00
e003801,u0214,2025-02-26T18:00:00,2025-02-26T18:00:00
e003802,u0214,2025-02-28T22:00:00,2025-02-28T22:00:00
e003803,u0214,2025-03-02T20:00:00,2025-03-02T20:00:00
e003804,u0214,2025-03-05T15:00:00,2025-03-05T15:00:00
e003805,u0214,2025-03-20T09:00:00,2025-03-20T09:00:00
e003806,u0214,2025-03-23T07:00:00,2025-03-23T07:00:00
e003807,u0214,2025-03-31T02:00:00,2025-03-31T02:00:00
e003808,u0215,2025-02-05T07:00:00,2025-02-05T07:00:00
e003809,u0215,2025-02-05T07:00:00,2025-02-05T07:00:00
e003810,u0215,2025-02-06T01:00:00,2025-02-06T01:00:00
e003811,u0215,2025-02-08T23:00:00,2025-02-08T23:00:00
e003812,u0215,2025-02-13T10:00:00,2025-02-13T10:00:00
e003813,u0215,2025-02-17T11:00:00,2025-02-17T11:00:00
e003814,u0215,2025-02-20T22:00:00,2025-02-20T22:00:00
e003815,u0215,2025-02-21T08:00:00,2025-02-21T08:00:00
e003816,u0215,2025-02-23T21:00:00,2025-02-23T21:00:00
e003817,u0215,2025-02-24T03:00:00,2025-02-24T03:00:00
e003818,u0215,2025-02-26T13:00:00,2025-02-26T13:00:00
e003819,u0215,2025-02-27T02:00:00,2025-02-27T02:00:00
e003820,u0215,2025-02-27T02:00:00,2025-02-27T02:00:00
e003821,u0215,2025-03-01T07:00:00,2025-03-01T07:00:00
e003822,u0215,2025-03-06T09:00:00,2025-03-06T09:00:00
e003823,u0215,2025-03-09T11:00:00,2025-03-09T11:00:00
e003824,u0215,2025-03-19T05:00:00,2025-03-19T05:00:00
e003825,u0215,2025-03-20T09:00:00,2025-03-20T09:00:00
e003826,u0215,2025-03-24T12:00:00,2025-03-24T12:00:00
e003827,u0215,2025-03-29T01:00:00,2025-03-29T01:00:00
e003828,u0216,2025-02-06T09:00:00,2025-02-06T09:00:00
e003829,u0216,2025-02-07T07:00:00,2025-02-07T07:00:00
e003830,u0216,2025-02-08T18:00:00,2025-02-08T18:00:00
e003830,u0216,2025-02-08T18:00:00,2025-02-08T20:00:00
e003832,u0216,2025-02-11T05:00:00,2025-02-11T05:00:00
e003832,u0216,2025-02-11T05:00:00,2025-02-11T07:00:00
e003834,u0216,2025-02-12T07:00:00,2025-02-12T07:00:00
e003835,u0216,2025-02-14T16:00:00,2025-02-14T16:00:00
e003836,u0216,2025-02-16T01:00:00,2025-02-16T01:00:00
e003837,u0216,2025-02-17T13:00:00,2025-02-17T13:00:00
e003838,u0216,2025-02-22T01:00:00,2025-02-22T01:00:00
e003839,u0216,2025-02-24T06:00:00,2025-02-24T06:00:00
e003840,u0216,2025-02-24T06:00:00,2025-02-24T06:00:00
e003841,u0216,2025-02-28T09:00:00,2025-02-28T09:00:00
e003842,u0216,2025-03-01T20:00:00,2025-03-01T20:00:00
e003843,u0216,2025-03-05T13:00:00,2025-03-05T13:00:00
e003844,u0216,2025-03-05T13:00:00,2025-03-05T13:00:00
e003845,u0216,2025-03-06T11:00:00,2025-03-06T11:00:00
e003846,u0216,2025-03-09T06:00:00,2025-03-09T06:00:00
e003847,u0216,2025-03-12T22:00:00,2025-03-12T22:00:00
e003848,u0216,2025-03-14T12:00:00,2025-03-14T12:00:00
e003849,u0216,2025-03-14T12:00:00,2025-03-14T12:00:00
e003850,u0216,2025-03-17T21:00:00,2025-03-17T21:00:00
e003851,u0216,2025-03-27T09:00:00,2025-03-27T09:00:00
e003852,u0217,2025-02-07T04:00:00,2025-02-07T04:00:00
e003853,u0217,2025-02-10T16:00:00,2025-02-10T16:00:00
e003854,u0217,2025-02-11T21:00:00,2025-02-11T21:00:00
e003855,u0217,2025-02-14T02:00:00,2025-02-14T02:00:00
e003856,u0217,2025-02-15T15:00:00,2025-02-15T15:00:00
e003857,u0217,2025-02-17T21:00:00,2025-02-17T21:00:00
e003858,u0217,2025-02-19T05:00:00,2025-02-19T05:00:00
e003859,u0217,2025-02-19T05:00:00,2025-02-19T05:00:00
e003860,u0217,2025-02-21T07:00:00,2025-02-21T07:00:00
e003861,u0217,2025-02-22T13:00:00,2025-02-22T13:00:00
e003862,u0217,2025-02-23T04:00:00,2025-02-23T04:00:00
e003863,u0217,2025-02-28T06:00:00,2025-02-28T06:00:00
e003864,u0217,2025-03-03T20:00:00,2025-03-03T20:00:00
e003865,u0217,2025-03-12T08:00:00,2025-03-12T08:00:00
e003866,u0217,2025-03-20T01:00:00,2025-03-20T01:00:00
e003867,u0217,2025-03-24T03:00:00,2025-03-24T03:00:00
e003868,u0217,2025-03-29T12:00:00,2025-03-29T12:00:00
e003869,u0218,2025-02-08T14:00:00,2025-02-08T14:00:00
e003870,u0218,2025-02-10T19:00:00,2025-02-10T19:00:00
e003871,u0218,2025-02-15T20:00:00,2025-02-15T20:00:00
e003871,u0218,2025-02-15T20:00:00,2025-02-15T22:00:00
e003873,u0218,2025-02-16T12:00:00,2025-02-16T12:00:00
e003874,u0218,2025-02-19T14:00:00,2025-02-19T14:00:00
e003875,u0218,2025-02-20T23:00:00,2025-02-20T23:00:00
e003876,u0218,2025-02-24T13:00:00,2025-02-24T13:00:00
e003877,u0218,2025-02-25T02:00:00,2025-02-25T02:00:00
e003878,u0218,2025-02-27T02:00:00,2025-02-27T02:00:00
e003879,u0218,2025-03-01T03:00:00,2025-03-01T03:00:00
e003879,u0218,2025-03-01T03:00:00,2025-03-01T05:00:00
e003881,u0218,2025-03-03T17:00:00,2025-03-03T17:00:00
e003882,u0218,2025-03-06T16:00:00,2025-03-06T16:00:00
e003883,u0218,2025-03-10T06:00:00,2025-03-10T06:00:00
e003884,u0218,2025-03-12T11:00:00,2025-03-12T11:00:00
e003885,u0218,2025-03-15T05:00:00,2025-03-15T05:00:00
e003886,u0218,2025-03-17T16:00:00,2025-03-17T16:00:00
e003887,u0218,2025-03-22T07:00:00,2025-03-22T07:00:00
e003888,u0218,2025-03-26T02:00:00,2025-03-26T02:00:00
e003889,u0219,2025-02-09T06:00:00,2025-02-09T06:00:00
e003890,u0219,2025-02-16T09:00:00,2025-02-16T09:00:00
e003891,u0219,2025-02-17T10:00:00,2025-02-17T10:00:00
e003892,u0219,2025-02-18T18:00:00,2025-02-18T18:00:00
e003893,u0219,2025-02-19T00:00:00,2025-02-19T00:00:00
e003894,u0219,2025-02-20T15:00:00,2025-02-20T15:00:00
e003895,u0219,2025-02-20T15:00:00,2025-02-20T15:00:00
e003896,u0219,2025-02-21T21:00:00,2025-02-21T21:00:00
e003897,u0219,2025-02-22T14:00:00,2025-02-22T14:00:00
e003898,u0219,2025-02-22T14:00:00,2025-02-22T14:00:00
e003899,u0219,2025-02-23T10:00:00,2025-02-23T10:00:00
e003900,u0219,2025-02-24T07:00:00,2025-02-24T07:00:00
e003901,u0219,2025-02-25T07:00:00,2025-02-25T07:00:00
e003902,u0219,2025-02-25T07:00:00,2025-02-25T07:00:00
e003903,u0219,2025-03-03T16:00:00,2025-03-03T16:00:00
e003904,u0219,2025-03-08T08:00:00,2025-03-08T08:00:00
e003905,u0219,2025-03-09T22:00:00,2025-03-09T22:00:00
e003906,u0219,2025-03-20T02:00:00,2025-03-20T02:00:00
e003907,u0220,2025-02-10T17:00:00,2025-02-10T17:00:00
e003907,u0220,2025-02-10T17:00:00,2025-02-10T19:00:00
e003909,u0220,2025-02-13T08:00:00,2025-02-13T08:00:00
e003910,u0220,2025-02-14T02:00:00,2025-02-14T02:00:00
e003911,u0220,2025-02-14T02:00:00,2025-02-14T02:00:00
e003912,u0220,2025-02-15T19:00:00,2025-02-15T19:00:00
e003913,u0220,2025-02-17T16:00:00,2025-02-17T16:00:00
e003914,u0220,2025-02-18T18:00:00,2025-02-18T18:00:00
e003915,u0220,2025-02-21T13:00:00,2025-02-21T13:00:00
e003916,u0220,2025-02-24T00:00:00,2025-02-24T00:00:00
e003917,u0220,2025-02-25T19:00:00,2025-02-25T19:00:00
e003918,u0220,2025-02-26T13:00:00,2025-02-26T13:00:00
e003919,u0220,2025-02-27T18:00:00,2025-02-27T18:00:00
e003920,u0220,2025-03-05T13:00:00,2025-03-05T13:00:00
e003921,u0220,2025-03-08T01:00:00,2025-03-08T01:00:00
e003922,u0220,2025-03-17T13:00:00,2025-03-17T13:00:00
e003923,u0220,2025-03-22T01:00:00,2025-03-22T01:00:00
e003924,u0220,2025-03-26T04:00:00,2025-03-26T04:00:00
e003925,u0221,2025-02-11T22:00:00,2025-02-11T22:00:00
e003925,u0221,2025-02-11T22:00:00,2025-02-12T00:00:00
e003927,u0221,2025-02-12T02:00:00,2025-02-12T02:00:00
e003928,u0221,2025-02-13T15:00:00,2025-02-13T15:00:00
e003929,u0221,2025-02-15T00:00:00,2025-02-15T00:00:00
e003930,u0221,2025-02-17T01:00:00,2025-02-17T01:00:00
e003931,u0221,2025-02-18T02:00:00,2025-02-18T02:00:00
e003932,u0221,2025-02-24T03:00:00,2025-02-24T03:00:00
e003933,u0221,2025-02-25T07:00:00,2025-02-25T07:00:00
e003934,u0221,2025-03-04T15:00:00,2025-03-04T15:00:00
e003935,u0221,2025-03-04T15:00:00,2025-03-04T15:00:00
e003936,u0221,2025-03-06T21:00:00,2025-03-06T21:00:00
e003937,u0221,2025-03-07T19:00:00,2025-03-07T19:00:00
e003938,u0221,2025-03-08T10:00:00,2025-03-08T10:00:00
e003939,u0221,2025-03-09T02:00:00,2025-03-09T02:00:00
e003939,u0221,2025-03-09T02:00:00,2025-03-09T04:00:00
e003941,u0221,2025-03-17T09:00:00,2025-03-17T09:00:00
e003942,u0222,2025-02-12T20:00:00,2025-02-12T20:00:00
e003943,u0222,2025-02-12T20:00:00,2025-02-12T20:00:00
e003944,u0222,2025-02-13T17:00:00,2025-02-13T17:00:00
e003945,u0222,2025-02-15T21:00:00,2025-02-15T21:00:00
e003946,u0222,2025-02-17T10:00:00,2025-02-17T10:00:00
e003947,u0222,2025-02-18T12:00:00,2025-02-18T12:00:00
e003947,u0222,2025-02-18T12:00:00,2025-02-18T14:00:00
e003949,u0222,2025-02-20T00:00:00,2025-02-20T00:00:00
e003950,u0222,2025-02-21T02:00:00,2025-02-21T02:00:00
e003951,u0222,2025-02-27T05:00:00,2025-02-27T05:00:00
e003952,u0222,2025-02-28T11:00:00,2025-02-28T11:00:00
e003953,u0222,2025-03-02T19:00:00,2025-03-02T19:00:00
e003953,u0222,2025-03-02T19:00:00,2025-03-02T21:00:00
e003955,u0222,2025-03-03T02:00:00,2025-03-03T02:00:00
e003956,u0222,2025-03-06T10:00:00,2025-03-06T10:00:00
e003957,u0222,2025-03-12T12:00:00,2025-03-12T12:00:00
e003958,u0222,2025-03-22T08:00:00,2025-03-22T08:00:00
e003959,u0222,2025-03-22T08:00:00,2025-03-22T08:00:00
e003960,u0223,2025-02-13T19:00:00,2025-02-13T19:00:00
e003961,u0223,2025-02-15T09:00:00,2025-02-15T09:00:00
e003962,u0223,2025-02-17T15:00:00,2025-02-17T15:00:00
e003963,u0223,2025-02-18T22:00:00,2025-02-18T22:00:00
e003964,u0223,2025-02-24T07:00:00,2025-02-24T07:00:00
e003965,u0223,2025-02-26T23:00:00,2025-02-26T23:00:00
e003966,u0223,2025-02-27T05:00:00,2025-02-27T05:00:00
e003967,u0223,2025-02-28T23:00:00,2025-02-28T23:00:00
e003968,u0223,2025-03-22T23:00:00,2025-03-22T23:00:00
e003969,u0223,2025-03-23T01:00:00,2025-03-23T01:00:00
e003970,u0223,2025-03-30T04:00:00,2025-03-30T04:00:00
e003971,u0224,2025-02-14T14:00:00,2025-02-14T14:00:00
e003972,u0224,2025-02-15T15:00:00,2025-02-15T15:00:00
e003973,u0224,2025-02-15T15:00:00,2025-02-15T15:00:00
e003974,u0224,2025-02-16T12:00:00,2025-02-16T12:00:00
e003975,u0224,2025-02-17T19:00:00,2025-02-17T19:00:00
e003975,u0224,2025-02-17T19:00:00,2025-02-17T21:00:00
e003977,u0224,2025-02-18T22:00:00,2025-02-18T22:00:00
e003978,u0224,2025-02-19T11:00:00,2025-02-19T11:00:00
e003979,u0224,2025-02-20T09:00:00,2025-02-20T09:00:00
e003980,u0224,2025-02-21T06:00:00,2025-02-21T06:00:00
e003981,u0224,2025-02-22T06:00:00,2025-02-22T06:00:00
e003982,u0224,2025-02-24T17:00:00,2025-02-24T17:00:00
e003983,u0224,2025-02-27T07:00:00,2025-02-27T07:00:00
e003984,u0224,2025-02-28T09:00:00,2025-02-28T09:00:00
e003985,u0224,2025-03-03T23:00:00,2025-03-03T23:00:00
e003986,u0224,2025-03-06T17:00:00,2025-03-06T17:00:00
e003987,u0224,2025-03-07T02:00:00,2025-03-07T02:00:00
e003988,u0224,2025-03-12T20:00:00,2025-03-12T20:00:00
e003989,u0224,2025-03-13T19:00:00,2025-03-13T19:00:00
e003990,u0224,2025-03-13T19:00:00,2025-03-13T19:00:00
e003991,u0224,2025-03-16T06:00:00,2025-03-16T06:00:00
e003991,u0224,2025-03-16T06:00:00,2025-03-16T08:00:00
e003993,u0224,2025-03-19T09:00:00,2025-03-19T09:00:00
e003994,u0224,2025-03-25T19:00:00,2025-03-25T19:00:00
e003995,u0224,2025-03-30T08:00:00,2025-03-30T08:00:00
e003996,u0225,2025-02-15T00:00:00,2025-02-15T00:00:00
e003997,u0225,2025-02-17T00:00:00,2025-02-17T00:00:00
e003998,u0225,2025-02-17T00:00:00,2025-02-17T00:00:00
e003999,u0225,2025-02-18T19:00:00,2025-02-18T19:00:00
e004000,u0225,2025-02-22T07:00:00,2025-02-22T07:00:00
e004001,u0225,2025-02-26T16:00:00,2025-02-26T16:00:00
e004002,u0225,2025-02-26T16:00:00,2025-02-26T16:00:00
e004003,u0225,2025-02-28T13:00:00,2025-02-28T13:00:00
e004004,u0225,2025-03-01T11:00:00,2025-03-01T11:00:00
e004005,u0225,2025-03-03T17:00:00,2025-03-03T17:00:00
e004005,u0225,2025-03-03T17:00:00,2025-03-03T19:00:00
e004007,u0225,2025-03-03T17:00:00,2025-03-03T17:00:00
e004008,u0225,2025-03-05T20:00:00,2025-03-05T20:00:00
e004009,u0225,2025-03-10T17:00:00,2025-03-10T17:00:00
e004010,u0226,2025-02-16T15:00:00,2025-02-16T15:00:00
e004011,u0226,2025-02-17T19:00:00,2025-02-17T19:00:00
e004012,u0226,2025-02-17T19:00:00,2025-02-17T19:00:00
e004013,u0226,2025-02-18T12:00:00,2025-02-18T12:00:00
e004014,u0226,2025-02-19T20:00:00,2025-02-19T20:00:00
e004015,u0226,2025-02-21T11:00:00,2025-02-21T11:00:00
e004016,u0226,2025-02-22T02:00:00,2025-02-22T02:00:00
e004017,u0226,2025-02-23T08:00:00,2025-02-23T08:00:00
e004017,u0226,2025-02-23T08:00:00,2025-02-23T10:00:00
e004019,u0226,2025-02-24T23:00:00,2025-02-24T23:00:00
e004020,u0226,2025-02-25T14:00:00,2025-02-25T14:00:00
e004021,u0226,2025-02-28T23:00:00,2025-02-28T23:00:00
e004022,u0226,2025-03-02T02:00:00,2025-03-02T02:00:00
e004023,u0226,2025-03-07T06:00:00,2025-03-07T06:00:00
e004024,u0226,2025-03-08T12:00:00,2025-03-08T12:00:00
e004025,u0226,2025-03-14T14:00:00,2025-03-14T14:00:00
e004026,u0226,2025-03-16T00:00:00,2025-03-16T00:00:00
e004027,u0226,2025-03-18T20:00:00,2025-03-18T20:00:00
e004028,u0226,2025-03-20T02:00:00,2025-03-20T02:00:00
e004029,u0226,2025-03-22T10:00:00,2025-03-22T10:00:00
e004029,u0226,2025-03-22T10:00:00,2025-03-22T12:00:00
e004031,u0226,2025-03-24T11:00:00,2025-03-24T11:00:00
e004032,u0227,2025-02-17T15:00:00,2025-02-17T15:00:00
e004033,u0227,2025-02-22T01:00:00,2025-02-22T01:00:00
e004034,u0227,2025-02-23T11:00:00,2025-02-23T11:00:00
e004035,u0227,2025-02-24T04:00:00,2025-02-24T04:00:00
e004036,u0227,2025-02-27T13:00:00,2025-02-27T13:00:00
e004037,u0227,2025-03-09T15:00:00,2025-03-09T15:00:00
e004038,u0227,2025-03-12T03:00:00,2025-03-12T03:00:00
e004039,u0227,2025-03-12T03:00:00,2025-03-12T03:00:00
e004040,u0227,2025-03-13T05:00:00,2025-03-13T05:00:00
e004041,u0227,2025-03-18T20:00:00,2025-03-18T20:00:00
e004042,u0227,2025-03-26T04:00:00,2025-03-26T04:00:00
e004043,u0227,2025-03-26T04:00:00,2025-03-26T04:00:00
e004044,u0228,2025-02-18T08:00:00,2025-02-18T08:00:00
e004045,u0228,2025-02-20T20:00:00,2025-02-20T20:00:00
e004046,u0228,2025-02-21T14:00:00,2025-02-21T14:00:00
e004047,u0228,2025-02-22T10:00:00,2025-02-22T10:00:00
e004048,u0228,2025-02-22T10:00:00,2025-02-22T10:00:00
e004049,u0228,2025-02-23T15:00:00,2025-02-23T15:00:00
e004050,u0228,2025-02-25T18:00:00,2025-02-25T18:00:00
e004051,u0228,2025-02-25T18:00:00,2025-02-25T18:00:00
e004052,u0228,2025-02-28T23:00:00,2025-02-28T23:00:00
e004053,u0228,2025-03-08T12:00:00,2025-03-08T12:00:00
e004054,u0228,2025-03-09T19:00:00,2025-03-09T19:00:00
e004055,u0228,2025-03-15T17:00:00,2025-03-15T17:00:00
e004056,u0228,2025-03-15T17:00:00,2025-03-15T17:00:00
e004057,u0228,2025-03-23T22:00:00,2025-03-23T22:00:00
e004058,u0228,2025-03-26T14:00:00,2025-03-26T14:00:00
e004059,u0229,2025-02-19T16:00:00,2025-02-19T16:00:00
e004060,u0229,2025-02-21T02:00:00,2025-02-21T02:00:00
e004061,u0229,2025-02-22T08:00:00,2025-02-22T08:00:00
e004061,u0229,2025-02-22T08:00:00,2025-02-22T10:00:00
e004063,u0229,2025-02-23T04:00:00,2025-02-23T04:00:00
e004063,u0229,2025-02-23T04:00:00,2025-02-23T06:00:00
e004065,u0229,2025-02-24T05:00:00,2025-02-24T05:00:00
e004066,u0229,2025-02-25T10:00:00,2025-02-25T10:00:00
e004067,u0229,2025-03-02T19:00:00,2025-03-02T19:00:00
e004068,u0229,2025-03-02T19:00:00,2025-03-02T19:00:00
e004069,u0229,2025-03-04T14:00:00,2025-03-04T14:00:00
e004070,u0229,2025-03-05T19:00:00,2025-03-05T19:00:00
e004071,u0229,2025-03-06T08:00:00,2025-03-06T08:00:00
e004072,u0229,2025-03-07T03:00:00,2025-03-07T03:00:00
e004073,u0229,2025-03-11T07:00:00,2025-03-11T07:00:00
e004074,u0229,2025-03-17T05:00:00,2025-03-17T05:00:00
e004075,u0229,2025-03-17T05:00:00,2025-03-17T05:00:00
e004076,u0229,2025-03-18T23:00:00,2025-03-18T23:00:00
e004077,u0230,2025-02-20T04:00:00,2025-02-20T04:00:00
e004078,u0230,2025-02-22T19:00:00,2025-02-22T19:00:00
e004079,u0230,2025-02-23T04:00:00,2025-02-23T04:00:00
e004080,u0230,2025-02-24T00:00:00,2025-02-24T00:00:00
e004081,u0230,2025-02-25T12:00:00,2025-02-25T12:00:00
e004082,u0230,2025-03-02T13:00:00,2025-03-02T13:00:00
e004083,u0230,2025-03-07T20:00:00,2025-03-07T20:00:00
e004084,u0230,2025-03-12T08:00:00,2025-03-12T08:00:00
e004085,u0230,2025-03-15T16:00:00,2025-03-15T16:00:00
e004086,u0230,2025-03-19T00:00:00,2025-03-19T00:00:00
e004087,u0230,2025-03-20T10:00:00,2025-03-20T10:00:00
e004088,u0230,2025-03-21T11:00:00,2025-03-21T11:00:00
e004089,u0231,2025-02-21T02:00:00,2025-02-21T02:00:00
e004090,u0231,2025-02-23T02:00:00,2025-02-23T02:00:00
e004091,u0231,2025-02-24T20:00:00,2025-02-24T20:00:00
e004092,u0231,2025-02-25T15:00:00,2025-02-25T15:00:00
e004093,u0231,2025-02-25T15:00:00,2025-02-25T15:00:00
e004094,u0231,2025-02-26T04:00:00,2025-02-26T04:00:00
e004095,u0231,2025-03-02T15:00:00,2025-03-02T15:00:00
e004096,u0231,2025-03-03T16:00:00,2025-03-03T16:00:00
e004097,u0231,2025-03-07T22:00:00,2025-03-07T22:00:00
e004098,u0231,2025-03-08T06:00:00,2025-03-08T06:00:00
e004099,u0231,2025-03-12T00:00:00,2025-03-12T00:00:00
e004100,u0231,2025-03-14T00:00:00,2025-03-14T00:00:00
e004101,u0231,2025-03-16T12:00:00,2025-03-16T12:00:00
e004102,u0231,2025-03-23T19:00:00,2025-03-23T19:00:00
e004103,u0231,2025-03-23T19:00:00,2025-03-23T19:00:00
e004104,u0231,2025-03-24T20:00:00,2025-03-24T20:00:00
e004105,u0231,2025-03-24T20:00:00,2025-03-24T20:00:00
e004106,u0231,2025-03-25T02:00:00,2025-03-25T02:00:00
e004107,u0231,2025-03-25T02:00:00,2025-03-25T02:00:00
e004108,u0231,2025-03-28T04:00:00,2025-03-28T04:00:00
e004109,u0232,2025-02-22T02:00:00,2025-02-22T02:00:00
e004110,u0232,2025-02-23T18:00:00,2025-02-23T18:00:00
e004111,u0232,2025-02-24T16:00:00,2025-02-24T16:00:00
e004112,u0232,2025-02-25T05:00:00,2025-02-25T05:00:00
e004113,u0232,2025-02-27T19:00:00,2025-02-27T19:00:00
e004114,u0232,2025-02-27T19:00:00,2025-02-27T19:00:00
e004115,u0232,2025-03-05T00:00:00,2025-03-05T00:00:00
e004116,u0232,2025-03-07T06:00:00,2025-03-07T06:00:00
e004117,u0232,2025-03-07T06:00:00,2025-03-07T06:00:00
e004118,u0232,2025-03-08T15:00:00,2025-03-08T15:00:00
e004119,u0232,2025-03-09T14:00:00,2025-03-09T14:00:00
e004120,u0232,2025-03-10T04:00:00,2025-03-10T04:00:00
e004121,u0232,2025-03-13T10:00:00,2025-03-13T10:00:00
e004121,u0232,2025-03-13T10:00:00,2025-03-13T12:00:00
e004123,u0232,2025-03-17T19:00:00,2025-03-17T19:00:00
e004124,u0232,2025-03-18T02:00:00,2025-03-18T02:00:00
e004125,u0232,2025-03-26T05:00:00,2025-03-26T05:00:00
e004126,u0232,2025-03-28T23:00:00,2025-03-28T23:00:00
e004127,u0232,2025-03-30T19:00:00,2025-03-30T19:00:00
e004127,u0232,2025-03-30T19:00:00,2025-03-30T21:00:00
e004129,u0233,2025-02-23T19:00:00,2025-02-23T19:00:00
e004130,u0233,2025-02-24T10:00:00,2025-02-24T10:00:00
e004131,u0233,2025-02-25T12:00:00,2025-02-25T12:00:00
e004132,u0233,2025-02-26T09:00:00,2025-02-26T09:00:00
e004133,u0233,2025-02-27T11:00:00,2025-02-27T11:00:00
e004134,u0233,2025-02-28T17:00:00,2025-02-28T17:00:00
e004135,u0233,2025-03-01T21:00:00,2025-03-01T21:00:00
e004136,u0233,2025-03-01T21:00:00,2025-03-01T21:00:00
e004137,u0233,2025-03-02T13:00:00,2025-03-02T13:00:00
e004138,u0233,2025-03-03T00:00:00,2025-03-03T00:00:00
e004139,u0233,2025-03-03T00:00:00,2025-03-03T00:00:00
e004140,u0233,2025-03-07T13:00:00,2025-03-07T13:00:00
e004141,u0233,2025-03-08T15:00:00,2025-03-08T15:00:00
e004142,u0233,2025-03-15T06:00:00,2025-03-15T06:00:00
e004143,u0233,2025-03-16T06:00:00,2025-03-16T06:00:00
e004144,u0233,2025-03-18T06:00:00,2025-03-18T06:00:00
e004144,u0233,2025-03-18T06:00:00,2025-03-18T08:00:00
e004146,u0233,2025-03-30T10:00:00,2025-03-30T10:00:00
e004147,u0234,2025-02-24T20:00:00,2025-02-24T20:00:00
e004148,u0234,2025-02-25T17:00:00,2025-02-25T17:00:00
e004149,u0234,2025-02-26T11:00:00,2025-02-26T11:00:00
e004150,u0234,2025-02-28T08:00:00,2025-02-28T08:00:00
e004151,u0234,2025-03-01T13:00:00,2025-03-01T13:00:00
e004152,u0234,2025-03-02T22:00:00,2025-03-02T22:00:00
e004153,u0234,2025-03-04T12:00:00,2025-03-04T12:00:00
e004154,u0234,2025-03-05T13:00:00,2025-03-05T13:00:00
e004155,u0234,2025-03-09T21:00:00,2025-03-09T21:00:00
e004156,u0234,2025-03-10T12:00:00,2025-03-10T12:00:00
e004157,u0234,2025-03-19T08:00:00,2025-03-19T08:00:00
e004158,u0234,2025-03-21T06:00:00,2025-03-21T06:00:00
e004159,u0234,2025-03-29T12:00:00,2025-03-29T12:00:00
e004160,u0235,2025-02-25T23:00:00,2025-02-25T23:00:00
e004161,u0235,2025-02-26T05:00:00,2025-02-26T05:00:00
e004161,u0235,2025-02-26T05:00:00,2025-02-26T07:00:00
e004163,u0235,2025-02-27T11:00:00,2025-02-27T11:00:00
e004164,u0235,2025-03-01T09:00:00,2025-03-01T09:00:00
e004165,u0235,2025-03-02T10:00:00,2025-03-02T10:00:00
e004166,u0235,2025-03-04T23:00:00,2025-03-04T23:00:00
e004167,u0235,2025-03-06T12:00:00,2025-03-06T12:00:00
e004168,u0235,2025-03-07T08:00:00,2025-03-07T08:00:00
e004169,u0235,2025-03-08T16:00:00,2025-03-08T16:00:00
e004170,u0235,2025-03-08T16:00:00,2025-03-08T16:00:00
e004171,u0235,2025-03-13T23:00:00,2025-03-13T23:00:00
e004172,u0235,2025-03-15T02:00:00,2025-03-15T02:00:00
e004173,u0235,2025-03-20T02:00:00,2025-03-20T02:00:00
e004174,u0235,2025-03-21T13:00:00,2025-03-21T13:00:00
e004175,u0235,2025-03-21T13:00:00,2025-03-21T13:00:00
e004176,u0235,2025-03-29T21:00:00,2025-03-29T21:00:00
e004177,u0235,2025-03-30T07:00:00,2025-03-30T07:00:00
e004178,u0236,2025-02-26T03:00:00,2025-02-26T03:00:00
e004179,u0236,2025-02-27T04:00:00,2025-02-27T04:00:00
e004180,u0236,2025-03-01T10:00:00,2025-03-01T10:00:00
e004181,u0236,2025-03-02T07:00:00,2025-03-02T07:00:00
e004182,u0236,2025-03-03T07:00:00,2025-03-03T07:00:00
e004183,u0236,2025-03-05T01:00:00,2025-03-05T01:00:00
e004184,u0236,2025-03-07T10:00:00,2025-03-07T10:00:00
e004185,u0236,2025-03-09T12:00:00,2025-03-09T12:00:00
e004186,u0236,2025-03-10T02:00:00,2025-03-10T02:00:00
e004187,u0236,2025-03-16T01:00:00,2025-03-16T01:00:00
e004188,u0236,2025-03-18T01:00:00,2025-03-18T01:00:00
e004189,u0236,2025-03-19T00:00:00,2025-03-19T00:00:00
e004190,u0236,2025-03-23T16:00:00,2025-03-23T16:00:00
e004191,u0236,2025-03-28T07:00:00,2025-03-28T07:00:00
e004192,u0237,2025-02-27T03:00:00,2025-02-27T03:00:00
e004193,u0237,2025-03-01T01:00:00,2025-03-01T01:00:00
e004194,u0237,2025-03-02T23:00:00,2025-03-02T23:00:00
e004195,u0237,2025-03-13T18:00:00,2025-03-13T18:00:00
e004196,u0237,2025-03-16T05:00:00,2025-03-16T05:00:00
e004197,u0237,2025-03-20T09:00:00,2025-03-20T09:00:00
e004198,u0237,2025-03-21T17:00:00,2025-03-21T17:00:00
e004199,u0237,2025-03-24T12:00:00,2025-03-24T12:00:00
e004200,u0237,2025-03-27T18:00:00,2025-03-27T18:00:00
e004201,u0237,2025-03-28T05:00:00,2025-03-28T05:00:00
e004201,u0237,2025-03-28T05:00:00,2025-03-28T07:00:00
e004203,u0238,2025-02-28T15:00:00,2025-02-28T15:00:00
e004204,u0238,2025-03-01T01:00:00,2025-03-01T01:00:00
e004205,u0238,2025-03-02T22:00:00,2025-03-02T22:00:00
e004206,u0238,2025-03-03T00:00:00,2025-03-03T00:00:00
e004207,u0238,2025-03-04T23:00:00,2025-03-04T23:00:00
e004208,u0238,2025-03-06T13:00:00,2025-03-06T13:00:00
e004209,u0238,2025-03-06T13:00:00,2025-03-06T13:00:00
e004210,u0238,2025-03-09T18:00:00,2025-03-09T18:00:00
e004211,u0238,2025-03-09T18:00:00,2025-03-09T18:00:00
e004212,u0238,2025-03-10T14:00:00,2025-03-10T14:00:00
e004213,u0238,2025-03-13T00:00:00,2025-03-13T00:00:00
e004214,u0238,2025-03-14T01:00:00,2025-03-14T01:00:00
e004215,u0238,2025-03-14T01:00:00,2025-03-14T01:00:00
e004216,u0238,2025-03-15T19:00:00,2025-03-15T19:00:00
e004216,u0238,2025-03-15T19:00:00,2025-03-15T21:00:00
e004218,u0238,2025-03-22T15:00:00,2025-03-22T15:00:00
e004219,u0238,2025-03-24T11:00:00,2025-03-24T11:00:00
e004220,u0238,2025-03-27T01:00:00,2025-03-27T01:00:00
e004221,u0238,2025-03-29T00:00:00,2025-03-29T00:00:00
e004222,u0238,2025-03-30T21:00:00,2025-03-30T21:00:00
e004223,u0239,2025-03-01T22:00:00,2025-03-01T22:00:00
e004224,u0239,2025-03-02T09:00:00,2025-03-02T09:00:00
e004225,u0239,2025-03-06T15:00:00,2025-03-06T15:00:00
e004225,u0239,2025-03-06T15:00:00,2025-03-06T17:00:00
e004227,u0239,2025-03-07T03:00:00,2025-03-07T03:00:00
e004228,u0239,2025-03-11T00:00:00,2025-03-11T00:00:00
e004229,u0239,2025-03-13T07:00:00,2025-03-13T07:00:00
e004230,u0239,2025-03-14T00:00:00,2025-03-14T00:00:00
e004231,u0239,2025-03-23T01:00:00,2025-03-23T01:00:00
e004232,u0239,2025-03-24T21:00:00,2025-03-24T21:00:00
e004233,u0239,2025-03-25T00:00:00,2025-03-25T00:00:00
e004234,u0239,2025-03-26T12:00:00,2025-03-26T12:00:00
e004235,u0239,2025-03-31T06:00:00,2025-03-31T06:00:00
e004236,u0240,2025-03-02T03:00:00,2025-03-02T03:00:00
e004237,u0240,2025-03-02T03:00:00,2025-03-02T03:00:00
e004238,u0240,2025-03-03T09:00:00,2025-03-03T09:00:00
e004239,u0240,2025-03-04T22:00:00,2025-03-04T22:00:00
e004239,u0240,2025-03-04T22:00:00,2025-03-05T00:00:00
e004241,u0240,2025-03-05T05:00:00,2025-03-05T05:00:00
e004242,u0240,2025-03-05T05:00:00,2025-03-05T05:00:00
e004243,u0240,2025-03-06T02:00:00,2025-03-06T02:00:00
e004244,u0240,2025-03-07T13:00:00,2025-03-07T13:00:00
e004245,u0240,2025-03-07T13:00:00,2025-03-07T13:00:00
e004246,u0240,2025-03-08T02:00:00,2025-03-08T02:00:00
e004247,u0240,2025-03-09T20:00:00,2025-03-09T20:00:00
e004248,u0240,2025-03-12T08:00:00,2025-03-12T08:00:00
e004249,u0240,2025-03-13T06:00:00,2025-03-13T06:00:00
e004250,u0240,2025-03-15T10:00:00,2025-03-15T10:00:00
e004251,u0240,2025-03-21T09:00:00,2025-03-21T09:00:00
e004252,u0240,2025-03-22T22:00:00,2025-03-22T22:00:00
e004253,u0240,2025-03-26T02:00:00,2025-03-26T02:00:00
e004254,u0240,2025-03-27T22:00:00,2025-03-27T22:00:00
e004255,u0241,2025-03-03T08:00:00,2025-03-03T08:00:00
e004256,u0241,2025-03-04T15:00:00,2025-03-04T15:00:00
e004257,u0241,2025-03-04T15:00:00,2025-03-04T15:00:00
e004258,u0241,2025-03-05T16:00:00,2025-03-05T16:00:00
e004259,u0241,2025-03-06T00:00:00,2025-03-06T00:00:00
e004260,u0241,2025-03-06T00:00:00,2025-03-06T00:00:00
e004261,u0241,2025-03-09T18:00:00,2025-03-09T18:00:00
e004262,u0241,2025-03-12T13:00:00,2025-03-12T13:00:00
e004262,u0241,2025-03-12T13:00:00,2025-03-12T15:00:00
e004264,u0241,2025-03-14T18:00:00,2025-03-14T18:00:00
e004265,u0241,2025-03-14T18:00:00,2025-03-14T18:00:00
e004266,u0241,2025-03-15T23:00:00,2025-03-15T23:00:00
e004267,u0241,2025-03-20T04:00:00,2025-03-20T04:00:00
e004268,u0241,2025-03-23T03:00:00,2025-03-23T03:00:00
e004269,u0241,2025-03-24T03:00:00,2025-03-24T03:00:00
e004270,u0241,2025-03-29T12:00:00,2025-03-29T12:00:00
e004271,u0241,2025-03-31T06:00:00,2025-03-31T06:00:00
e004272,u0242,2025-03-04T09:00:00,2025-03-04T09:00:00
e004273,u0242,2025-03-04T09:00:00,2025-03-04T09:00:00
e004274,u0242,2025-03-05T06:00:00,2025-03-05T06:00:00
e004275,u0242,2025-03-06T07:00:00,2025-03-06T07:00:00
e004276,u0242,2025-03-10T08:00:00,2025-03-10T08:00:00
e004277,u0242,2025-03-11T20:00:00,2025-03-11T20:00:00
e004278,u0242,2025-03-13T09:00:00,2025-03-13T09:00:00
e004278,u0242,2025-03-13T09:00:00,2025-03-13T11:00:00
e004280,u0242,2025-03-13T09:00:00,2025-03-13T09:00:00
e004281,u0242,2025-03-14T01:00:00,2025-03-14T01:00:00
e004282,u0242,2025-03-18T09:00:00,2025-03-18T09:00:00
e004283,u0242,2025-03-19T16:00:00,2025-03-19T16:00:00
e004284,u0242,2025-03-19T16:00:00,2025-03-19T16:00:00
e004285,u0242,2025-03-22T19:00:00,2025-03-22T19:00:00
e004286,u0242,2025-03-23T01:00:00,2025-03-23T01:00:00
e004287,u0242,2025-03-23T01:00:00,2025-03-23T01:00:00
e004288,u0242,2025-03-31T11:00:00,2025-03-31T11:00:00
e004289,u0243,2025-03-05T05:00:00,2025-03-05T05:00:00
e004290,u0243,2025-03-07T10:00:00,2025-03-07T10:00:00
e004291,u0243,2025-03-08T15:00:00,2025-03-08T15:00:00
e004292,u0243,2025-03-11T14:00:00,2025-03-11T14:00:00
e004293,u0243,2025-03-16T18:00:00,2025-03-16T18:00:00
e004294,u0243,2025-03-21T07:00:00,2025-03-21T07:00:00
e004295,u0243,2025-03-23T08:00:00,2025-03-23T08:00:00
e004296,u0243,2025-03-23T08:00:00,2025-03-23T08:00:00
e004297,u0243,2025-03-30T21:00:00,2025-03-30T21:00:00
e004298,u0244,2025-03-06T15:00:00,2025-03-06T15:00:00
e004299,u0244,2025-03-07T07:00:00,2025-03-07T07:00:00
e004299,u0244,2025-03-07T07:00:00,2025-03-07T09:00:00
e004301,u0244,2025-03-10T16:00:00,2025-03-10T16:00:00
e004302,u0244,2025-03-13T01:00:00,2025-03-13T01:00:00
e004303,u0244,2025-03-15T19:00:00,2025-03-15T19:00:00
e004303,u0244,2025-03-15T19:00:00,2025-03-15T21:00:00
e004305,u0244,2025-03-16T10:00:00,2025-03-16T10:00:00
e004306,u0244,2025-03-16T10:00:00,2025-03-16T10:00:00
e004307,u0244,2025-03-19T13:00:00,2025-03-19T13:00:00
e004308,u0244,2025-03-20T20:00:00,2025-03-20T20:00:00
e004309,u0244,2025-03-21T14:00:00,2025-03-21T14:00:00
e004310,u0244,2025-03-22T15:00:00,2025-03-22T15:00:00
e004311,u0244,2025-03-23T11:00:00,2025-03-23T11:00:00
e004312,u0244,2025-03-28T03:00:00,2025-03-28T03:00:00
e004313,u0244,2025-03-31T14:00:00,2025-03-31T14:00:00
e004314,u0245,2025-03-07T02:00:00,2025-03-07T02:00:00
e004315,u0245,2025-03-08T14:00:00,2025-03-08T14:00:00
e004315,u0245,2025-03-08T14:00:00,2025-03-08T16:00:00
e004317,u0245,2025-03-10T15:00:00,2025-03-10T15:00:00
e004318,u0245,2025-03-11T12:00:00,2025-03-11T12:00:00
e004319,u0245,2025-03-12T06:00:00,2025-03-12T06:00:00
e004320,u0245,2025-03-15T04:00:00,2025-03-15T04:00:00
e004321,u0245,2025-03-17T16:00:00,2025-03-17T16:00:00
e004322,u0245,2025-03-17T16:00:00,2025-03-17T16:00:00
e004323,u0245,2025-03-19T11:00:00,2025-03-19T11:00:00
e004324,u0245,2025-03-19T11:00:00,2025-03-19T11:00:00
e004325,u0245,2025-03-20T23:00:00,2025-03-20T23:00:00
e004326,u0245,2025-03-21T02:00:00,2025-03-21T02:00:00
e004327,u0245,2025-03-22T03:00:00,2025-03-22T03:00:00
e004327,u0245,2025-03-22T03:00:00,2025-03-22T05:00:00
e004329,u0245,2025-03-24T20:00:00,2025-03-24T20:00:00
e004330,u0245,2025-03-24T20:00:00,2025-03-24T20:00:00
e004331,u0245,2025-03-29T01:00:00,2025-03-29T01:00:00
e004332,u0246,2025-03-08T07:00:00,2025-03-08T07:00:00
e004333,u0246,2025-03-11T15:00:00,2025-03-11T15:00:00
e004334,u0246,2025-03-12T10:00:00,2025-03-12T10:00:00
e004334,u0246,2025-03-12T10:00:00,2025-03-12T12:00:00
e004336,u0246,2025-03-14T01:00:00,2025-03-14T01:00:00
e004337,u0246,2025-03-15T21:00:00,2025-03-15T21:00:00
e004338,u0246,2025-03-16T20:00:00,2025-03-16T20:00:00
e004339,u0246,2025-03-17T20:00:00,2025-03-17T20:00:00
e004340,u0246,2025-03-17T20:00:00,2025-03-17T20:00:00
e004341,u0246,2025-03-21T21:00:00,2025-03-21T21:00:00
e004342,u0246,2025-03-21T21:00:00,2025-03-21T21:00:00
e004343,u0246,2025-03-23T08:00:00,2025-03-23T08:00:00
e004344,u0246,2025-03-24T06:00:00,2025-03-24T06:00:00
e004345,u0246,2025-03-25T15:00:00,2025-03-25T15:00:00
e004346,u0246,2025-03-25T15:00:00,2025-03-25T15:00:00
e004347,u0246,2025-03-27T03:00:00,2025-03-27T03:00:00
e004348,u0246,2025-03-29T18:00:00,2025-03-29T18:00:00
e004349,u0246,2025-03-30T23:00:00,2025-03-30T23:00:00
e004350,u0246,2025-03-31T08:00:00,2025-03-31T08:00:00
e004351,u0247,2025-03-09T20:00:00,2025-03-09T20:00:00
e004352,u0247,2025-03-10T05:00:00,2025-03-10T05:00:00
e004353,u0247,2025-03-12T14:00:00,2025-03-12T14:00:00
e004354,u0247,2025-03-14T00:00:00,2025-03-14T00:00:00
e004355,u0247,2025-03-17T03:00:00,2025-03-17T03:00:00
e004356,u0247,2025-03-20T11:00:00,2025-03-20T11:00:00
e004356,u0247,2025-03-20T11:00:00,2025-03-20T13:00:00
e004358,u0247,2025-03-22T13:00:00,2025-03-22T13:00:00
e004359,u0247,2025-03-23T14:00:00,2025-03-23T14:00:00
e004359,u0247,2025-03-23T14:00:00,2025-03-23T16:00:00
e004361,u0247,2025-03-27T18:00:00,2025-03-27T18:00:00
e004362,u0248,2025-03-10T02:00:00,2025-03-10T02:00:00
e004363,u0248,2025-03-11T19:00:00,2025-03-11T19:00:00
e004364,u0248,2025-03-14T14:00:00,2025-03-14T14:00:00
e004365,u0248,2025-03-21T01:00:00,2025-03-21T01:00:00
e004366,u0248,2025-03-21T01:00:00,2025-03-21T01:00:00
e004367,u0248,2025-03-23T15:00:00,2025-03-23T15:00:00
e004368,u0248,2025-03-25T15:00:00,2025-03-25T15:00:00
e004369,u0248,2025-03-25T15:00:00,2025-03-25T15:00:00
e004370,u0248,2025-03-29T23:00:00,2025-03-29T23:00:00
e004371,u0248,2025-03-29T23:00:00,2025-03-29T23:00:00
e004372,u0248,2025-03-30T16:00:00,2025-03-30T16:00:00
e004373,u0249,2025-03-11T00:00:00,2025-03-11T00:00:00
e004374,u0249,2025-03-12T17:00:00,2025-03-12T17:00:00
e004375,u0249,2025-03-13T09:00:00,2025-03-13T09:00:00
e004376,u0249,2025-03-14T06:00:00,2025-03-14T06:00:00
e004376,u0249,2025-03-14T06:00:00,2025-03-14T08:00:00
e004378,u0249,2025-03-16T22:00:00,2025-03-16T22:00:00
e004379,u0249,2025-03-19T15:00:00,2025-03-19T15:00:00
e004380,u0249,2025-03-20T09:00:00,2025-03-20T09:00:00
e004381,u0249,2025-03-21T04:00:00,2025-03-21T04:00:00
e004382,u0249,2025-03-22T15:00:00,2025-03-22T15:00:00
e004383,u0249,2025-03-24T20:00:00,2025-03-24T20:00:00
e004384,u0249,2025-03-27T05:00:00,2025-03-27T05:00:00
e004385,u0250,2025-03-12T20:00:00,2025-03-12T20:00:00
e004386,u0250,2025-03-13T04:00:00,2025-03-13T04:00:00
e004387,u0250,2025-03-16T13:00:00,2025-03-16T13:00:00
e004388,u0250,2025-03-17T10:00:00,2025-03-17T10:00:00
e004389,u0250,2025-03-21T16:00:00,2025-03-21T16:00:00
e004390,u0250,2025-03-25T05:00:00,2025-03-25T05:00:00
e004391,u0250,2025-03-28T07:00:00,2025-03-28T07:00:00
e004392,u0251,2025-03-13T04:00:00,2025-03-13T04:00:00
e004393,u0251,2025-03-17T10:00:00,2025-03-17T10:00:00
e004394,u0251,2025-03-22T07:00:00,2025-03-22T07:00:00
e004394,u0251,2025-03-22T07:00:00,2025-03-22T09:00:00
e004396,u0251,2025-03-23T06:00:00,2025-03-23T06:00:00
e004397,u0251,2025-03-26T20:00:00,2025-03-26T20:00:00
e004398,u0252,2025-03-14T16:00:00,2025-03-14T16:00:00
e004399,u0252,2025-03-14T16:00:00,2025-03-14T16:00:00
e004400,u0252,2025-03-16T03:00:00,2025-03-16T03:00:00
e004401,u0252,2025-03-16T03:00:00,2025-03-16T03:00:00
e004402,u0252,2025-03-19T15:00:00,2025-03-19T15:00:00
e004402,u0252,2025-03-19T15:00:00,2025-03-19T17:00:00
e004404,u0252,2025-03-20T06:00:00,2025-03-20T06:00:00
e004405,u0252,2025-03-21T05:00:00,2025-03-21T05:00:00
e004406,u0252,2025-03-22T13:00:00,2025-03-22T13:00:00
e004407,u0252,2025-03-22T13:00:00,2025-03-22T13:00:00
e004408,u0252,2025-03-26T06:00:00,2025-03-26T06:00:00
e004409,u0252,2025-03-29T05:00:00,2025-03-29T05:00:00
e004410,u0253,2025-03-15T19:00:00,2025-03-15T19:00:00
e004411,u0253,2025-03-16T18:00:00,2025-03-16T18:00:00
e004412,u0253,2025-03-17T12:00:00,2025-03-17T12:00:00
e004413,u0253,2025-03-18T11:00:00,2025-03-18T11:00:00
e004414,u0253,2025-03-19T10:00:00,2025-03-19T10:00:00
e004415,u0253,2025-03-19T10:00:00,2025-03-19T10:00:00
e004416,u0253,2025-03-20T15:00:00,2025-03-20T15:00:00
e004417,u0253,2025-03-22T11:00:00,2025-03-22T11:00:00
e004418,u0253,2025-03-23T06:00:00,2025-03-23T06:00:00
e004419,u0253,2025-03-24T17:00:00,2025-03-24T17:00:00
e004420,u0253,2025-03-26T13:00:00,2025-03-26T13:00:00
e004421,u0253,2025-03-28T05:00:00,2025-03-28T05:00:00
e004421,u0253,2025-03-28T05:00:00,2025-03-28T07:00:00
e004423,u0253,2025-03-29T19:00:00,2025-03-29T19:00:00
e004424,u0253,2025-03-29T19:00:00,2025-03-29T19:00:00
e004425,u0253,2025-03-30T14:00:00,2025-03-30T14:00:00
e004426,u0254,2025-03-16T19:00:00,2025-03-16T19:00:00
e004427,u0254,2025-03-17T17:00:00,2025-03-17T17:00:00
e004428,u0254,2025-03-18T11:00:00,2025-03-18T11:00:00
e004429,u0254,2025-03-19T04:00:00,2025-03-19T04:00:00
e004430,u0254,2025-03-20T19:00:00,2025-03-20T19:00:00
e004431,u0254,2025-03-21T20:00:00,2025-03-21T20:00:00
e004432,u0254,2025-03-22T14:00:00,2025-03-22T14:00:00
e004433,u0254,2025-03-25T10:00:00,2025-03-25T10:00:00
e004434,u0254,2025-03-25T10:00:00,2025-03-25T10:00:00
e004435,u0254,2025-03-27T02:00:00,2025-03-27T02:00:00
e004436,u0255,2025-03-17T09:00:00,2025-03-17T09:00:00
e004437,u0255,2025-03-19T13:00:00,2025-03-19T13:00:00
e004438,u0255,2025-03-21T02:00:00,2025-03-21T02:00:00
e004439,u0255,2025-03-22T02:00:00,2025-03-22T02:00:00
e004440,u0255,2025-03-25T17:00:00,2025-03-25T17:00:00
e004441,u0255,2025-03-25T17:00:00,2025-03-25T17:00:00
e004442,u0255,2025-03-26T02:00:00,2025-03-26T02:00:00
e004443,u0255,2025-03-28T18:00:00,2025-03-28T18:00:00
e004444,u0256,2025-03-18T07:00:00,2025-03-18T07:00:00
e004445,u0256,2025-03-19T06:00:00,2025-03-19T06:00:00
e004446,u0256,2025-03-21T11:00:00,2025-03-21T11:00:00
e004447,u0256,2025-03-22T15:00:00,2025-03-22T15:00:00
e004448,u0256,2025-03-22T15:00:00,2025-03-22T15:00:00
e004449,u0256,2025-03-23T13:00:00,2025-03-23T13:00:00
e004450,u0256,2025-03-24T20:00:00,2025-03-24T20:00:00
e004451,u0256,2025-03-26T15:00:00,2025-03-26T15:00:00
e004452,u0256,2025-03-27T18:00:00,2025-03-27T18:00:00
e004453,u0256,2025-03-28T17:00:00,2025-03-28T17:00:00
e004454,u0256,2025-03-31T13:00:00,2025-03-31T13:00:00
e004454,u0256,2025-03-31T13:00:00,2025-03-31T15:00:00
e004456,u0257,2025-03-19T04:00:00,2025-03-19T04:00:00
e004457,u0257,2025-03-22T04:00:00,2025-03-22T04:00:00
e004458,u0257,2025-03-23T22:00:00,2025-03-23T22:00:00
e004459,u0257,2025-03-24T12:00:00,2025-03-24T12:00:00
e004460,u0257,2025-03-26T13:00:00,2025-03-26T13:00:00
e004461,u0257,2025-03-29T05:00:00,2025-03-29T05:00:00
e004462,u0257,2025-03-29T05:00:00,2025-03-29T05:00:00
e004463,u0257,2025-03-30T04:00:00,2025-03-30T04:00:00
e004464,u0257,2025-03-31T11:00:00,2025-03-31T11:00:00
e004465,u0258,2025-03-20T08:00:00,2025-03-20T08:00:00
e004466,u0258,2025-03-22T06:00:00,2025-03-22T06:00:00
e004467,u0258,2025-03-23T22:00:00,2025-03-23T22:00:00
e004468,u0258,2025-03-23T22:00:00,2025-03-23T22:00:00
e004469,u0258,2025-03-24T01:00:00,2025-03-24T01:00:00
e004470,u0258,2025-03-27T18:00:00,2025-03-27T18:00:00
e004471,u0258,2025-03-30T16:00:00,2025-03-30T16:00:00
e004472,u0258,2025-03-30T16:00:00,2025-03-30T16:00:00
e004473,u0259,2025-03-21T17:00:00,2025-03-21T17:00:00
e004474,u0259,2025-03-22T05:00:00,2025-03-22T05:00:00
e004475,u0259,2025-03-22T05:00:00,2025-03-22T05:00:00
e004476,u0259,2025-03-23T01:00:00,2025-03-23T01:00:00
e004476,u0259,2025-03-23T01:00:00,2025-03-23T03:00:00
e004478,u0259,2025-03-24T15:00:00,2025-03-24T15:00:00
e004478,u0259,2025-03-24T15:00:00,2025-03-24T17:00:00
e004480,u0259,2025-03-25T01:00:00,2025-03-25T01:00:00
e004481,u0259,2025-03-27T15:00:00,2025-03-27T15:00:00
e004482,u0259,2025-03-29T09:00:00,2025-03-29T09:00:00
e004483,u0259,2025-03-30T01:00:00,2025-03-30T01:00:00
e004484,u0260,2025-03-22T05:00:00,2025-03-22T05:00:00
e004485,u0260,2025-03-23T07:00:00,2025-03-23T07:00:00
e004486,u0260,2025-03-24T07:00:00,2025-03-24T07:00:00
e004487,u0260,2025-03-25T16:00:00,2025-03-25T16:00:00
e004488,u0260,2025-03-26T15:00:00,2025-03-26T15:00:00
e004489,u0260,2025-03-31T04:00:00,2025-03-31T04:00:00
e004490,u0261,2025-03-23T05:00:00,2025-03-23T05:00:00
e004490,u0261,2025-03-23T05:00:00,2025-03-23T07:00:00
e004492,u0261,2025-03-23T05:00:00,2025-03-23T05:00:00
e004493,u0261,2025-03-24T18:00:00,2025-03-24T18:00:00
e004494,u0261,2025-03-25T18:00:00,2025-03-25T18:00:00
e004495,u0261,2025-03-26T18:00:00,2025-03-26T18:00:00
e004496,u0261,2025-03-29T21:00:00,2025-03-29T21:00:00
e004497,u0262,2025-03-24T14:00:00,2025-03-24T14:00:00
e004498,u0262,2025-03-25T09:00:00,2025-03-25T09:00:00
e004499,u0262,2025-03-26T05:00:00,2025-03-26T05:00:00
e004500,u0262,2025-03-27T18:00:00,2025-03-27T18:00:00
e004501,u0262,2025-03-28T15:00:00,2025-03-28T15:00:00
e004502,u0262,2025-03-28T15:00:00,2025-03-28T15:00:00
e004503,u0262,2025-03-29T09:00:00,2025-03-29T09:00:00
e004504,u0263,2025-03-25T01:00:00,2025-03-25T01:00:00
e004505,u0263,2025-03-26T06:00:00,2025-03-26T06:00:00
e004506,u0263,2025-03-27T02:00:00,2025-03-27T02:00:00
e004507,u0263,2025-03-28T22:00:00,2025-03-28T22:00:00
e004508,u0263,2025-03-29T22:00:00,2025-03-29T22:00:00
e004509,u0263,2025-03-30T15:00:00,2025-03-30T15:00:00
e004510,u0263,2025-03-31T02:00:00,2025-03-31T02:00:00
e004511,u0264,2025-03-26T14:00:00,2025-03-26T14:00:00
e004512,u0264,2025-03-27T04:00:00,2025-03-27T04:00:00
e004513,u0264,2025-03-29T17:00:00,2025-03-29T17:00:00
e004514,u0264,2025-03-29T17:00:00,2025-03-29T17:00:00
e004515,u0264,2025-03-30T15:00:00,2025-03-30T15:00:00
e004516,u0264,2025-03-31T23:00:00,2025-03-31T23:00:00
e004517,u0265,2025-03-27T23:00:00,2025-03-27T23:00:00
e004518,u0265,2025-03-29T05:00:00,2025-03-29T05:00:00
e004519,u0265,2025-03-31T16:00:00,2025-03-31T16:00:00
e004519,u0265,2025-03-31T16:00:00,2025-03-31T18:00:00
e004521,u0266,2025-03-28T23:00:00,2025-03-28T23:00:00
e004522,u0266,2025-03-31T20:00:00,2025-03-31T20:00:00
e004523,u0266,2025-03-31T20:00:00,2025-03-31T20:00:00
e004524,u0267,2025-03-29T08:00:00,2025-03-29T08:00:00
e004525,u0267,2025-03-30T10:00:00,2025-03-30T10:00:00
e004526,u0267,2025-03-30T10:00:00,2025-03-30T10:00:00
e004527,u0267,2025-03-31T05:00:00,2025-03-31T05:00:00
e004528,u0268,2025-03-30T02:00:00,2025-03-30T02:00:00
e004528,u0268,2025-03-30T02:00:00,2025-03-30T04:00:00
e004530,u0268,2025-03-31T02:00:00,2025-03-31T02:00:00
e004531,u0269,2025-03-31T07:00:00,2025-03-31T07:00:00
e004532,u0269,2025-03-31T07:00:00,2025-03-31T07:00:00
e004533,u0270,2025-01-01T11:00:00,2025-01-01T11:00:00
e004534,u0270,2025-01-02T05:00:00,2025-01-02T05:00:00
e004535,u0270,2025-01-04T22:00:00,2025-01-04T22:00:00
e004536,u0270,2025-01-05T10:00:00,2025-01-05T10:00:00
e004537,u0270,2025-01-06T06:00:00,2025-01-06T06:00:00
e004538,u0270,2025-01-06T06:00:00,2025-01-06T06:00:00
e004539,u0270,2025-01-08T11:00:00,2025-01-08T11:00:00
e004540,u0270,2025-01-10T06:00:00,2025-01-10T06:00:00
e004541,u0270,2025-01-12T12:00:00,2025-01-12T12:00:00
e004541,u0270,2025-01-12T12:00:00,2025-01-12T14:00:00
e004543,u0270,2025-01-12T12:00:00,2025-01-12T12:00:00
e004544,u0270,2025-01-13T04:00:00,2025-01-13T04:00:00
e004545,u0270,2025-01-17T14:00:00,2025-01-17T14:00:00
e004546,u0270,2025-01-20T15:00:00,2025-01-20T15:00:00
e004547,u0270,2025-01-25T23:00:00,2025-01-25T23:00:00
e004548,u0270,2025-01-25T23:00:00,2025-01-25T23:00:00
e004549,u0270,2025-01-28T15:00:00,2025-01-28T15:00:00
e004550,u0270,2025-02-07T03:00:00,2025-02-07T03:00:00
e004551,u0270,2025-02-13T13:00:00,2025-02-13T13:00:00
e004552,u0270,2025-03-04T18:00:00,2025-03-04T18:00:00
e004552,u0270,2025-03-04T18:00:00,2025-03-04T20:00:00
e004554,u0270,2025-03-07T20:00:00,2025-03-07T20:00:00
e004555,u0270,2025-03-11T08:00:00,2025-03-11T08:00:00
e004556,u0271,2025-01-02T14:00:00,2025-01-02T14:00:00
e004557,u0271,2025-01-04T01:00:00,2025-01-04T01:00:00
e004558,u0271,2025-01-07T17:00:00,2025-01-07T17:00:00
e004559,u0271,2025-01-08T05:00:00,2025-01-08T05:00:00
e004560,u0271,2025-01-09T06:00:00,2025-01-09T06:00:00
e004561,u0271,2025-01-09T06:00:00,2025-01-09T06:00:00
e004562,u0271,2025-01-10T14:00:00,2025-01-10T14:00:00
e004563,u0271,2025-01-11T11:00:00,2025-01-11T11:00:00
e004564,u0271,2025-01-15T02:00:00,2025-01-15T02:00:00
e004565,u0271,2025-01-16T19:00:00,2025-01-16T19:00:00
e004566,u0271,2025-01-17T21:00:00,2025-01-17T21:00:00
e004567,u0271,2025-01-20T15:00:00,2025-01-20T15:00:00
e004568,u0271,2025-01-23T04:00:00,2025-01-23T04:00:00
e004569,u0271,2025-01-28T02:00:00,2025-01-28T02:00:00
e004570,u0271,2025-02-09T10:00:00,2025-02-09T10:00:00
e004571,u0271,2025-02-14T02:00:00,2025-02-14T02:00:00
e004572,u0271,2025-02-17T04:00:00,2025-02-17T04:00:00
e004573,u0271,2025-02-20T12:00:00,2025-02-20T12:00:00
e004574,u0271,2025-03-14T18:00:00,2025-03-14T18:00:00
e004575,u0271,2025-03-18T10:00:00,2025-03-18T10:00:00
e004576,u0271,2025-03-24T03:00:00,2025-03-24T03:00:00
e004577,u0272,2025-01-03T13:00:00,2025-01-03T13:00:00
e004578,u0272,2025-01-06T22:00:00,2025-01-06T22:00:00
e004579,u0272,2025-01-07T02:00:00,2025-01-07T02:00:00
e004580,u0272,2025-01-10T08:00:00,2025-01-10T08:00:00
e004581,u0272,2025-01-11T01:00:00,2025-01-11T01:00:00
e004582,u0272,2025-01-14T18:00:00,2025-01-14T18:00:00
e004583,u0272,2025-01-17T07:00:00,2025-01-17T07:00:00
e004584,u0272,2025-01-24T17:00:00,2025-01-24T17:00:00
e004585,u0272,2025-01-30T11:00:00,2025-01-30T11:00:00
e004586,u0272,2025-02-07T17:00:00,2025-02-07T17:00:00
e004587,u0272,2025-02-10T12:00:00,2025-02-10T12:00:00
e004588,u0272,2025-02-11T00:00:00,2025-02-11T00:00:00
e004589,u0272,2025-02-14T10:00:00,2025-02-14T10:00:00
e004590,u0272,2025-03-06T06:00:00,2025-03-06T06:00:00
e004591,u0272,2025-03-31T16:00:00,2025-03-31T16:00:00
e004592,u0272,2025-03-31T16:00:00,2025-03-31T16:00:00
e004593,u0273,2025-01-04T00:00:00,2025-01-04T00:00:00
e004594,u0273,2025-01-06T22:00:00,2025-01-06T22:00:00
e004595,u0273,2025-01-08T12:00:00,2025-01-08T12:00:00
e004596,u0273,2025-01-09T17:00:00,2025-01-09T17:00:00
e004596,u0273,2025-01-09T17:00:00,2025-01-09T19:00:00
e004598,u0273,2025-01-12T14:00:00,2025-01-12T14:00:00
e004599,u0273,2025-01-12T14:00:00,2025-01-12T14:00:00
e004600,u0273,2025-01-14T08:00:00,2025-01-14T08:00:00
e004601,u0273,2025-01-15T10:00:00,2025-01-15T10:00:00
e004602,u0273,2025-01-17T12:00:00,2025-01-17T12:00:00
e004603,u0273,2025-01-19T05:00:00,2025-01-19T05:00:00
e004604,u0273,2025-01-29T13:00:00,2025-01-29T13:00:00
e004605,u0273,2025-01-29T13:00:00,2025-01-29T13:00:00
e004606,u0273,2025-02-02T22:00:00,2025-02-02T22:00:00
e004607,u0273,2025-02-02T22:00:00,2025-02-02T22:00:00
e004608,u0273,2025-02-17T23:00:00,2025-02-17T23:00:00
e004609,u0273,2025-02-17T23:00:00,2025-02-17T23:00:00
e004610,u0274,2025-01-05T17:00:00,2025-01-05T17:00:00
e004611,u0274,2025-01-07T04:00:00,2025-01-07T04:00:00
e004612,u0274,2025-01-08T01:00:00,2025-01-08T01:00:00
e004613,u0274,2025-01-16T15:00:00,2025-01-16T15:00:00
e004614,u0274,2025-01-17T08:00:00,2025-01-17T08:00:00
e004615,u0274,2025-01-19T05:00:00,2025-01-19T05:00:00
e004616,u0274,2025-01-22T12:00:00,2025-01-22T12:00:00
e004617,u0274,2025-01-25T04:00:00,2025-01-25T04:00:00
e004618,u0274,2025-02-04T10:00:00,2025-02-04T10:00:00
e004619,u0274,2025-02-08T21:00:00,2025-02-08T21:00:00
e004620,u0274,2025-02-15T11:00:00,2025-02-15T11:00:00
e004621,u0274,2025-02-18T21:00:00,2025-02-18T21:00:00
e004622,u0274,2025-03-01T04:00:00,2025-03-01T04:00:00
e004623,u0274,2025-03-03T02:00:00,2025-03-03T02:00:00
e004624,u0274,2025-03-09T16:00:00,2025-03-09T16:00:00
e004625,u0274,2025-03-17T17:00:00,2025-03-17T17:00:00
e004625,u0274,2025-03-17T17:00:00,2025-03-17T19:00:00
e004627,u0274,2025-03-19T01:00:00,2025-03-19T01:00:00
e004628,u0275,2025-01-06T05:00:00,2025-01-06T05:00:00
e004629,u0275,2025-01-09T18:00:00,2025-01-09T18:00:00
e004630,u0275,2025-01-12T02:00:00,2025-01-12T02:00:00
e004631,u0275,2025-01-13T10:00:00,2025-01-13T10:00:00
e004632,u0275,2025-01-13T10:00:00,2025-01-13T10:00:00
e004633,u0275,2025-01-15T20:00:00,2025-01-15T20:00:00
e004634,u0275,2025-01-16T08:00:00,2025-01-16T08:00:00
e004635,u0275,2025-01-16T08:00:00,2025-01-16T08:00:00
e004636,u0275,2025-01-17T14:00:00,2025-01-17T14:00:00
e004637,u0275,2025-01-20T20:00:00,2025-01-20T20:00:00
e004638,u0275,2025-01-22T17:00:00,2025-01-22T17:00:00
e004639,u0275,2025-01-26T02:00:00,2025-01-26T02:00:00
e004640,u0275,2025-01-28T22:00:00,2025-01-28T22:00:00
e004641,u0275,2025-01-29T09:00:00,2025-01-29T09:00:00
e004642,u0275,2025-01-30T07:00:00,2025-01-30T07:00:00
e004643,u0275,2025-01-31T17:00:00,2025-01-31T17:00:00
e004644,u0275,2025-02-04T07:00:00,2025-02-04T07:00:00
e004645,u0275,2025-02-07T21:00:00,2025-02-07T21:00:00
e004646,u0275,2025-02-09T22:00:00,2025-02-09T22:00:00
e004647,u0275,2025-02-11T13:00:00,2025-02-11T13:00:00
e004648,u0275,2025-02-11T13:00:00,2025-02-11T13:00:00
e004649,u0275,2025-02-19T10:00:00,2025-02-19T10:00:00
e004650,u0275,2025-03-24T06:00:00,2025-03-24T06:00:00
e004651,u0276,2025-01-07T06:00:00,2025-01-07T06:00:00
e004652,u0276,2025-01-11T00:00:00,2025-01-11T00:00:00
e004653,u0276,2025-01-13T16:00:00,2025-01-13T16:00:00
e004654,u0276,2025-01-19T07:00:00,2025-01-19T07:00:00
e004655,u0276,2025-01-20T11:00:00,2025-01-20T11:00:00
e004656,u0276,2025-01-21T08:00:00,2025-01-21T08:00:00
e004656,u0276,2025-01-21T08:00:00,2025-01-21T10:00:00
e004658,u0276,2025-01-22T13:00:00,2025-01-22T13:00:00
e004659,u0276,2025-01-28T13:00:00,2025-01-28T13:00:00
e004660,u0276,2025-01-29T16:00:00,2025-01-29T16:00:00
e004660,u0276,2025-01-29T16:00:00,2025-01-29T18:00:00
e004662,u0276,2025-01-29T16:00:00,2025-01-29T16:00:00
e004663,u0276,2025-01-31T00:00:00,2025-01-31T00:00:00
e004664,u0276,2025-02-03T03:00:00,2025-02-03T03:00:00
e004665,u0276,2025-02-07T18:00:00,2025-02-07T18:00:00
e004666,u0276,2025-02-09T19:00:00,2025-02-09T19:00:00
e004667,u0276,2025-02-19T16:00:00,2025-02-19T16:00:00
e004668,u0276,2025-02-25T18:00:00,2025-02-25T18:00:00
e004669,u0276,2025-03-11T23:00:00,2025-03-11T23:00:00
e004670,u0276,2025-03-29T18:00:00,2025-03-29T18:00:00
e004671,u0276,2025-03-31T04:00:00,2025-03-31T04:00:00
e004672,u0277,2025-01-08T19:00:00,2025-01-08T19:00:00
e004673,u0277,2025-01-09T22:00:00,2025-01-09T22:00:00
e004674,u0277,2025-01-10T03:00:00,2025-01-10T03:00:00
e004675,u0277,2025-01-14T07:00:00,2025-01-14T07:00:00
e004676,u0277,2025-01-16T20:00:00,2025-01-16T20:00:00
e004677,u0277,2025-01-17T05:00:00,2025-01-17T05:00:00
e004678,u0277,2025-01-18T00:00:00,2025-01-18T00:00:00
e004679,u0277,2025-01-21T15:00:00,2025-01-21T15:00:00
e004680,u0277,2025-01-22T08:00:00,2025-01-22T08:00:00
e004681,u0277,2025-01-23T23:00:00,2025-01-23T23:00:00
e004682,u0277,2025-01-24T03:00:00,2025-01-24T03:00:00
e004683,u0277,2025-01-24T03:00:00,2025-01-24T03:00:00
e004684,u0277,2025-01-28T00:00:00,2025-01-28T00:00:00
e004685,u0277,2025-02-01T17:00:00,2025-02-01T17:00:00
e004686,u0277,2025-02-05T13:00:00,2025-02-05T13:00:00
e004687,u0277,2025-02-16T16:00:00,2025-02-16T16:00:00
e004688,u0277,2025-02-19T04:00:00,2025-02-19T04:00:00
e004689,u0277,2025-02-20T04:00:00,2025-02-20T04:00:00
e004690,u0277,2025-03-05T12:00:00,2025-03-05T12:00:00
e004691,u0277,2025-03-10T03:00:00,2025-03-10T03:00:00
e004692,u0277,2025-03-11T16:00:00,2025-03-11T16:00:00
e004693,u0278,2025-01-09T01:00:00,2025-01-09T01:00:00
e004694,u0278,2025-01-10T04:00:00,2025-01-10T04:00:00
e004695,u0278,2025-01-17T00:00:00,2025-01-17T00:00:00
e004696,u0278,2025-01-20T00:00:00,2025-01-20T00:00:00
e004697,u0278,2025-01-20T00:00:00,2025-01-20T00:00:00
e004698,u0278,2025-01-23T22:00:00,2025-01-23T22:00:00
e004699,u0278,2025-01-23T22:00:00,2025-01-23T22:00:00
e004700,u0278,2025-01-29T17:00:00,2025-01-29T17:00:00
e004701,u0278,2025-02-06T10:00:00,2025-02-06T10:00:00
e004702,u0278,2025-02-07T12:00:00,2025-02-07T12:00:00
e004703,u0278,2025-02-09T08:00:00,2025-02-09T08:00:00
e004704,u0278,2025-02-10T09:00:00,2025-02-10T09:00:00
e004705,u0278,2025-02-13T21:00:00,2025-02-13T21:00:00
e004706,u0278,2025-02-15T22:00:00,2025-02-15T22:00:00
e004707,u0278,2025-02-16T14:00:00,2025-02-16T14:00:00
e004708,u0278,2025-02-17T12:00:00,2025-02-17T12:00:00
e004709,u0278,2025-02-20T18:00:00,2025-02-20T18:00:00
e004710,u0278,2025-02-26T16:00:00,2025-02-26T16:00:00
e004711,u0278,2025-03-02T00:00:00,2025-03-02T00:00:00
e004712,u0278,2025-03-29T09:00:00,2025-03-29T09:00:00
e004713,u0279,2025-01-10T18:00:00,2025-01-10T18:00:00
e004714,u0279,2025-01-11T03:00:00,2025-01-11T03:00:00
e004715,u0279,2025-01-13T14:00:00,2025-01-13T14:00:00
e004716,u0279,2025-01-15T08:00:00,2025-01-15T08:00:00
e004717,u0279,2025-01-15T08:00:00,2025-01-15T08:00:00
e004718,u0279,2025-01-17T17:00:00,2025-01-17T17:00:00
e004719,u0279,2025-01-28T17:00:00,2025-01-28T17:00:00
e004720,u0279,2025-02-01T17:00:00,2025-02-01T17:00:00
e004721,u0279,2025-02-06T21:00:00,2025-02-06T21:00:00
e004722,u0279,2025-02-11T16:00:00,2025-02-11T16:00:00
e004722,u0279,2025-02-11T16:00:00,2025-02-11T18:00:00
e004724,u0279,2025-02-12T21:00:00,2025-02-12T21:00:00
e004725,u0279,2025-03-03T02:00:00,2025-03-03T02:00:00
e004726,u0279,2025-03-06T15:00:00,2025-03-06T15:00:00
e004727,u0279,2025-03-06T15:00:00,2025-03-06T15:00:00
e004728,u0279,2025-03-08T21:00:00,2025-03-08T21:00:00
e004729,u0279,2025-03-20T00:00:00,2025-03-20T00:00:00
e004730,u0279,2025-03-21T01:00:00,2025-03-21T01:00:00
e004731,u0279,2025-03-25T16:00:00,2025-03-25T16:00:00
e004732,u0280,2025-01-11T05:00:00,2025-01-11T05:00:00
e004733,u0280,2025-01-13T14:00:00,2025-01-13T14:00:00
e004734,u0280,2025-01-14T14:00:00,2025-01-14T14:00:00
e004735,u0280,2025-01-15T16:00:00,2025-01-15T16:00:00
e004736,u0280,2025-01-16T03:00:00,2025-01-16T03:00:00
e004737,u0280,2025-01-19T20:00:00,2025-01-19T20:00:00
e004738,u0280,2025-01-20T04:00:00,2025-01-20T04:00:00
e004738,u0280,2025-01-20T04:00:00,2025-01-20T06:00:00
e004740,u0280,2025-01-20T04:00:00,2025-01-20T04:00:00
e004741,u0280,2025-01-23T10:00:00,2025-01-23T10:00:00
e004742,u0280,2025-01-27T04:00:00,2025-01-27T04:00:00
e004743,u0280,2025-02-08T01:00:00,2025-02-08T01:00:00
e004744,u0280,2025-02-12T02:00:00,2025-02-12T02:00:00
e004745,u0280,2025-02-19T11:00:00,2025-02-19T11:00:00
e004746,u0280,2025-02-24T11:00:00,2025-02-24T11:00:00
e004746,u0280,2025-02-24T11:00:00,2025-02-24T13:00:00
e004748,u0280,2025-02-27T15:00:00,2025-02-27T15:00:00
e004749,u0280,2025-03-07T12:00:00,2025-03-07T12:00:00
e004750,u0280,2025-03-13T04:00:00,2025-03-13T04:00:00
e004751,u0280,2025-03-31T15:00:00,2025-03-31T15:00:00
e004752,u0281,2025-01-12T05:00:00,2025-01-12T05:00:00
e004753,u0281,2025-01-13T16:00:00,2025-01-13T16:00:00
e004754,u0281,2025-01-14T13:00:00,2025-01-14T13:00:00
e004755,u0281,2025-01-14T13:00:00,2025-01-14T13:00:00
e004756,u0281,2025-01-15T21:00:00,2025-01-15T21:00:00
e004757,u0281,2025-01-16T23:00:00,2025-01-16T23:00:00
e004758,u0281,2025-01-19T05:00:00,2025-01-19T05:00:00
e004759,u0281,2025-01-19T05:00:00,2025-01-19T05:00:00
e004760,u0281,2025-01-21T01:00:00,2025-01-21T01:00:00
e004761,u0281,2025-01-24T15:00:00,2025-01-24T15:00:00
e004762,u0281,2025-01-29T13:00:00,2025-01-29T13:00:00
e004763,u0281,2025-01-30T00:00:00,2025-01-30T00:00:00
e004764,u0281,2025-01-31T22:00:00,2025-01-31T22:00:00
e004765,u0281,2025-02-03T16:00:00,2025-02-03T16:00:00
e004766,u0281,2025-02-03T16:00:00,2025-02-03T16:00:00
e004767,u0281,2025-02-14T20:00:00,2025-02-14T20:00:00
e004768,u0281,2025-02-20T21:00:00,2025-02-20T21:00:00
e004769,u0281,2025-02-22T09:00:00,2025-02-22T09:00:00
e004770,u0281,2025-02-22T09:00:00,2025-02-22T09:00:00
e004771,u0281,2025-03-05T10:00:00,2025-03-05T10:00:00
e004772,u0281,2025-03-12T02:00:00,2025-03-12T02:00:00
e004773,u0282,2025-01-13T08:00:00,2025-01-13T08:00:00
e004774,u0282,2025-01-16T11:00:00,2025-01-16T11:00:00
e004774,u0282,2025-01-16T11:00:00,2025-01-16T13:00:00
e004776,u0282,2025-01-22T22:00:00,2025-01-22T22:00:00
e004776,u0282,2025-01-22T22:00:00,2025-01-23T00:00:00
e004778,u0282,2025-01-24T08:00:00,2025-01-24T08:00:00
e004779,u0282,2025-01-27T08:00:00,2025-01-27T08:00:00
e004780,u0282,2025-01-27T08:00:00,2025-01-27T08:00:00
e004781,u0282,2025-01-28T11:00:00,2025-01-28T11:00:00
e004782,u0282,2025-02-02T16:00:00,2025-02-02T16:00:00
e004783,u0282,2025-02-12T10:00:00,2025-02-12T10:00:00
e004784,u0282,2025-02-24T01:00:00,2025-02-24T01:00:00
e004785,u0282,2025-03-15T12:00:00,2025-03-15T12:00:00
e004786,u0282,2025-03-26T09:00:00,2025-03-26T09:00:00
e004787,u0282,2025-03-31T11:00:00,2025-03-31T11:00:00
e004788,u0283,2025-01-14T17:00:00,2025-01-14T17:00:00
e004789,u0283,2025-01-16T11:00:00,2025-01-16T11:00:00
e004790,u0283,2025-01-17T11:00:00,2025-01-17T11:00:00
e004791,u0283,2025-01-18T08:00:00,2025-01-18T08:00:00
e004792,u0283,2025-01-21T09:00:00,2025-01-21T09:00:00
e004793,u0283,2025-01-22T17:00:00,2025-01-22T17:00:00
e004794,u0283,2025-01-23T13:00:00,2025-01-23T13:00:00
e004794,u0283,2025-01-23T13:00:00,2025-01-23T15:00:00
e004796,u0283,2025-01-23T13:00:00,2025-01-23T13:00:00
e004797,u0283,2025-01-24T06:00:00,2025-01-24T06:00:00
e004798,u0283,2025-01-25T17:00:00,2025-01-25T17:00:00
e004799,u0283,2025-01-30T09:00:00,2025-01-30T09:00:00
e004800,u0283,2025-02-02T20:00:00,2025-02-02T20:00:00
e004800,u0283,2025-02-02T20:00:00,2025-02-02T22:00:00
e004802,u0283,2025-02-02T20:00:00,2025-02-02T20:00:00
e004803,u0283,2025-02-04T10:00:00,2025-02-04T10:00:00
e004804,u0283,2025-02-04T10:00:00,2025-02-04T10:00:00
e004805,u0283,2025-02-05T11:00:00,2025-02-05T11:00:00
e004806,u0283,2025-02-09T15:00:00,2025-02-09T15:00:00
e004807,u0283,2025-02-16T03:00:00,2025-02-16T03:00:00
e004808,u0283,2025-02-16T03:00:00,2025-02-16T03:00:00
e004809,u0283,2025-02-20T22:00:00,2025-02-20T22:00:00
e004810,u0283,2025-02-23T05:00:00,2025-02-23T05:00:00
e004811,u0283,2025-02-28T16:00:00,2025-02-28T16:00:00
e004812,u0283,2025-03-11T13:00:00,2025-03-11T13:00:00
e004813,u0283,2025-03-15T11:00:00,2025-03-15T11:00:00
e004814,u0283,2025-03-18T17:00:00,2025-03-18T17:00:00
e004815,u0284,2025-01-15T08:00:00,2025-01-15T08:00:00
e004816,u0284,2025-01-16T17:00:00,2025-01-16T17:00:00
e004817,u0284,2025-01-16T17:00:00,2025-01-16T17:00:00
e004818,u0284,2025-01-20T10:00:00,2025-01-20T10:00:00
e004819,u0284,2025-01-21T13:00:00,2025-01-21T13:00:00
e004819,u0284,2025-01-21T13:00:00,2025-01-21T15:00:00
e004821,u0284,2025-01-22T00:00:00,2025-01-22T00:00:00
e004822,u0284,2025-01-22T00:00:00,2025-01-22T00:00:00
e004823,u0284,2025-01-24T10:00:00,2025-01-24T10:00:00
e004824,u0284,2025-01-26T19:00:00,2025-01-26T19:00:00
e004825,u0284,2025-01-28T20:00:00,2025-01-28T20:00:00
e004826,u0284,2025-02-04T04:00:00,2025-02-04T04:00:00
e004827,u0284,2025-02-07T09:00:00,2025-02-07T09:00:00
e004828,u0284,2025-02-10T01:00:00,2025-02-10T01:00:00
e004828,u0284,2025-02-10T01:00:00,2025-02-10T03:00:00
e004830,u0284,2025-02-10T01:00:00,2025-02-10T01:00:00
e004831,u0284,2025-02-13T04:00:00,2025-02-13T04:00:00
e004832,u0284,2025-02-13T04:00:00,2025-02-13T04:00:00
e004833,u0284,2025-02-14T04:00:00,2025-02-14T04:00:00
e004833,u0284,2025-02-14T04:00:00,2025-02-14T06:00:00
e004835,u0284,2025-02-17T08:00:00,2025-02-17T08:00:00
e004836,u0284,2025-02-20T03:00:00,2025-02-20T03:00:00
e004837,u0284,2025-02-23T13:00:00,2025-02-23T13:00:00
e004838,u0284,2025-02-26T00:00:00,2025-02-26T00:00:00
e004838,u0284,2025-02-26T00:00:00,2025-02-26T02:00:00
e004840,u0284,2025-03-02T19:00:00,2025-03-02T19:00:00
e004841,u0284,2025-03-06T14:00:00,2025-03-06T14:00:00
e004841,u0284,2025-03-06T14:00:00,2025-03-06T16:00:00
e004843,u0284,2025-03-24T03:00:00,2025-03-24T03:00:00
e004844,u0284,2025-03-24T03:00:00,2025-03-24T03:00:00
e004845,u0285,2025-01-16T03:00:00,2025-01-16T03:00:00
e004846,u0285,2025-01-17T06:00:00,2025-01-17T06:00:00
e004847,u0285,2025-01-17T06:00:00,2025-01-17T06:00:00
e004848,u0285,2025-01-18T20:00:00,2025-01-18T20:00:00
e004849,u0285,2025-01-19T06:00:00,2025-01-19T06:00:00
e004850,u0285,2025-01-20T14:00:00,2025-01-20T14:00:00
e004851,u0285,2025-01-20T14:00:00,2025-01-20T14:00:00
e004852,u0285,2025-01-24T18:00:00,2025-01-24T18:00:00
e004853,u0285,2025-01-27T17:00:00,2025-01-27T17:00:00
e004854,u0285,2025-01-28T00:00:00,2025-01-28T00:00:00
e004855,u0285,2025-01-30T11:00:00,2025-01-30T11:00:00
e004856,u0285,2025-01-31T10:00:00,2025-01-31T10:00:00
e004857,u0285,2025-02-01T13:00:00,2025-02-01T13:00:00
e004858,u0285,2025-02-03T14:00:00,2025-02-03T14:00:00
e004859,u0285,2025-02-07T21:00:00,2025-02-07T21:00:00
e004860,u0285,2025-02-08T07:00:00,2025-02-08T07:00:00
e004861,u0285,2025-02-10T13:00:00,2025-02-10T13:00:00
e004862,u0285,2025-02-21T01:00:00,2025-02-21T01:00:00
e004863,u0285,2025-02-22T05:00:00,2025-02-22T05:00:00
e004864,u0285,2025-02-25T22:00:00,2025-02-25T22:00:00
e004865,u0285,2025-03-27T09:00:00,2025-03-27T09:00:00
e004866,u0286,2025-01-17T07:00:00,2025-01-17T07:00:00
e004867,u0286,2025-01-19T07:00:00,2025-01-19T07:00:00
e004868,u0286,2025-01-21T03:00:00,2025-01-21T03:00:00
e004869,u0286,2025-01-23T01:00:00,2025-01-23T01:00:00
e004869,u0286,2025-01-23T01:00:00,2025-01-23T03:00:00
e004871,u0286,2025-01-24T16:00:00,2025-01-24T16:00:00
e004872,u0286,2025-01-27T06:00:00,2025-01-27T06:00:00
e004872,u0286,2025-01-27T06:00:00,2025-01-27T08:00:00
e004874,u0286,2025-01-29T08:00:00,2025-01-29T08:00:00
e004875,u0286,2025-01-30T10:00:00,2025-01-30T10:00:00
e004876,u0286,2025-01-31T12:00:00,2025-01-31T12:00:00
e004876,u0286,2025-01-31T12:00:00,2025-01-31T14:00:00
e004878,u0286,2025-02-01T07:00:00,2025-02-01T07:00:00
e004879,u0286,2025-02-07T06:00:00,2025-02-07T06:00:00
e004879,u0286,2025-02-07T06:00:00,2025-02-07T08:00:00
e004881,u0286,2025-02-12T08:00:00,2025-02-12T08:00:00
e004882,u0286,2025-02-13T01:00:00,2025-02-13T01:00:00
e004883,u0286,2025-02-16T17:00:00,2025-02-16T17:00:00
e004884,u0286,2025-02-20T04:00:00,2025-02-20T04:00:00
e004885,u0286,2025-02-28T15:00:00,2025-02-28T15:00:00
e004886,u0287,2025-01-18T18:00:00,2025-01-18T18:00:00
e004887,u0287,2025-01-20T23:00:00,2025-01-20T23:00:00
e004888,u0287,2025-01-21T06:00:00,2025-01-21T06:00:00
e004889,u0287,2025-01-22T12:00:00,2025-01-22T12:00:00
e004890,u0287,2025-01-23T14:00:00,2025-01-23T14:00:00
e004891,u0287,2025-01-24T12:00:00,2025-01-24T12:00:00
e004892,u0287,2025-01-25T09:00:00,2025-01-25T09:00:00
e004893,u0287,2025-01-25T09:00:00,2025-01-25T09:00:00
e004894,u0287,2025-01-28T19:00:00,2025-01-28T19:00:00
e004895,u0287,2025-01-30T08:00:00,2025-01-30T08:00:00
e004896,u0287,2025-01-31T08:00:00,2025-01-31T08:00:00
e004896,u0287,2025-01-31T08:00:00,2025-01-31T10:00:00
e004898,u0287,2025-02-01T21:00:00,2025-02-01T21:00:00
e004899,u0287,2025-02-14T15:00:00,2025-02-14T15:00:00
e004899,u0287,2025-02-14T15:00:00,2025-02-14T17:00:00
e004901,u0287,2025-02-16T17:00:00,2025-02-16T17:00:00
e004902,u0287,2025-02-27T14:00:00,2025-02-27T14:00:00
e004903,u0287,2025-03-18T00:00:00,2025-03-18T00:00:00
e004904,u0287,2025-03-27T05:00:00,2025-03-27T05:00:00
e004905,u0287,2025-03-29T08:00:00,2025-03-29T08:00:00
e004906,u0288,2025-01-19T15:00:00,2025-01-19T15:00:00
e004907,u0288,2025-01-21T05:00:00,2025-01-21T05:00:00
e004908,u0288,2025-01-21T05:00:00,2025-01-21T05:00:00
e004909,u0288,2025-01-23T10:00:00,2025-01-23T10:00:00
e004910,u0288,2025-01-24T05:00:00,2025-01-24T05:00:00
e004910,u0288,2025-01-24T05:00:00,2025-01-24T07:00:00
e004912,u0288,2025-01-25T11:00:00,2025-01-25T11:00:00
e004913,u0288,2025-01-26T13:00:00,2025-01-26T13:00:00
e004914,u0288,2025-01-26T13:00:00,2025-01-26T13:00:00
e004915,u0288,2025-01-28T07:00:00,2025-01-28T07:00:00
e004916,u0288,2025-01-30T21:00:00,2025-01-30T21:00:00
e004917,u0288,2025-01-31T08:00:00,2025-01-31T08:00:00
e004918,u0288,2025-02-03T23:00:00,2025-02-03T23:00:00
e004919,u0288,2025-02-05T08:00:00,2025-02-05T08:00:00
e004920,u0288,2025-02-06T03:00:00,2025-02-06T03:00:00
e004921,u0288,2025-02-07T20:00:00,2025-02-07T20:00:00
e004922,u0288,2025-02-10T12:00:00,2025-02-10T12:00:00
e004923,u0288,2025-02-10T12:00:00,2025-02-10T12:00:00
e004924,u0288,2025-02-11T08:00:00,2025-02-11T08:00:00
e004925,u0288,2025-02-15T14:00:00,2025-02-15T14:00:00
e004926,u0288,2025-02-20T07:00:00,2025-02-20T07:00:00
e004927,u0288,2025-02-21T03:00:00,2025-02-21T03:00:00
e004928,u0288,2025-02-22T21:00:00,2025-02-22T21:00:00
e004929,u0288,2025-02-23T11:00:00,2025-02-23T11:00:00
e004930,u0288,2025-03-01T08:00:00,2025-03-01T08:00:00
e004931,u0288,2025-03-03T12:00:00,2025-03-03T12:00:00
e004932,u0288,2025-03-06T21:00:00,2025-03-06T21:00:00
e004933,u0288,2025-03-11T03:00:00,2025-03-11T03:00:00
e004933,u0288,2025-03-11T03:00:00,2025-03-11T05:00:00
e004935,u0288,2025-03-12T19:00:00,2025-03-12T19:00:00
e004936,u0288,2025-03-12T19:00:00,2025-03-12T19:00:00
e004937,u0288,2025-03-20T15:00:00,2025-03-20T15:00:00
e004938,u0288,2025-03-23T06:00:00,2025-03-23T06:00:00
e004939,u0288,2025-03-24T19:00:00,2025-03-24T19:00:00
e004940,u0289,2025-01-20T14:00:00,2025-01-20T14:00:00
e004941,u0289,2025-01-22T16:00:00,2025-01-22T16:00:00
e004941,u0289,2025-01-22T16:00:00,2025-01-22T18:00:00
e004943,u0289,2025-01-23T10:00:00,2025-01-23T10:00:00
e004944,u0289,2025-01-24T14:00:00,2025-01-24T14:00:00
e004944,u0289,2025-01-24T14:00:00,2025-01-24T16:00:00
e004946,u0289,2025-01-29T15:00:00,2025-01-29T15:00:00
e004947,u0289,2025-01-31T17:00:00,2025-01-31T17:00:00
e004948,u0289,2025-02-01T10:00:00,2025-02-01T10:00:00
e004949,u0289,2025-02-06T13:00:00,2025-02-06T13:00:00
e004950,u0289,2025-02-11T14:00:00,2025-02-11T14:00:00
e004951,u0289,2025-03-09T21:00:00,2025-03-09T21:00:00
e004952,u0289,2025-03-16T00:00:00,2025-03-16T00:00:00
e004953,u0289,2025-03-21T22:00:00,2025-03-21T22:00:00
e004954,u0289,2025-03-21T22:00:00,2025-03-21T22:00:00
e004955,u0290,2025-01-21T13:00:00,2025-01-21T13:00:00
e004956,u0290,2025-01-21T13:00:00,2025-01-21T13:00:00
e004957,u0290,2025-01-22T05:00:00,2025-01-22T05:00:00
e004958,u0290,2025-01-23T13:00:00,2025-01-23T13:00:00
e004959,u0290,2025-01-24T11:00:00,2025-01-24T11:00:00
e004960,u0290,2025-01-25T17:00:00,2025-01-25T17:00:00
e004961,u0290,2025-01-26T00:00:00,2025-01-26T00:00:00
e004962,u0290,2025-01-26T00:00:00,2025-01-26T00:00:00
e004963,u0290,2025-01-27T05:00:00,2025-01-27T05:00:00
e004964,u0290,2025-01-30T19:00:00,2025-01-30T19:00:00
e004965,u0290,2025-01-31T16:00:00,2025-01-31T16:00:00
e004966,u0290,2025-02-02T00:00:00,2025-02-02T00:00:00
e004967,u0290,2025-02-05T21:00:00,2025-02-05T21:00:00
e004968,u0290,2025-02-08T12:00:00,2025-02-08T12:00:00
e004969,u0290,2025-02-13T05:00:00,2025-02-13T05:00:00
e004970,u0290,2025-02-14T20:00:00,2025-02-14T20:00:00
e004971,u0290,2025-02-18T03:00:00,2025-02-18T03:00:00
e004972,u0290,2025-03-27T03:00:00,2025-03-27T03:00:00
e004973,u0290,2025-03-31T23:00:00,2025-03-31T23:00:00
e004974,u0290,2025-03-31T23:00:00,2025-03-31T23:00:00
e004975,u0291,2025-01-22T21:00:00,2025-01-22T21:00:00
e004975,u0291,2025-01-22T21:00:00,2025-01-22T23:00:00
e004977,u0291,2025-01-22T21:00:00,2025-01-22T21:00:00
e004978,u0291,2025-01-23T10:00:00,2025-01-23T10:00:00
e004979,u0291,2025-01-25T13:00:00,2025-01-25T13:00:00
e004980,u0291,2025-01-25T13:00:00,2025-01-25T13:00:00
e004981,u0291,2025-01-26T17:00:00,2025-01-26T17:00:00
e004982,u0291,2025-01-27T04:00:00,2025-01-27T04:00:00
e004983,u0291,2025-01-31T21:00:00,2025-01-31T21:00:00
e004984,u0291,2025-02-02T14:00:00,2025-02-02T14:00:00
e004985,u0291,2025-02-04T12:00:00,2025-02-04T12:00:00
e004986,u0291,2025-02-13T09:00:00,2025-02-13T09:00:00
e004987,u0291,2025-02-15T09:00:00,2025-02-15T09:00:00
e004988,u0291,2025-02-17T17:00:00,2025-02-17T17:00:00
e004989,u0291,2025-02-21T17:00:00,2025-02-21T17:00:00
e004990,u0291,2025-02-23T08:00:00,2025-02-23T08:00:00
e004991,u0291,2025-02-23T08:00:00,2025-02-23T08:00:00
e004992,u0291,2025-02-26T18:00:00,2025-02-26T18:00:00
e004992,u0291,2025-02-26T18:00:00,2025-02-26T20:00:00
e004994,u0291,2025-02-27T15:00:00,2025-02-27T15:00:00
e004995,u0291,2025-03-04T17:00:00,2025-03-04T17:00:00
e004996,u0291,2025-03-04T17:00:00,2025-03-04T17:00:00
e004997,u0291,2025-03-07T15:00:00,2025-03-07T15:00:00
e004998,u0291,2025-03-07T15:00:00,2025-03-07T15:00:00
e004999,u0291,2025-03-18T05:00:00,2025-03-18T05:00:00
e005000,u0291,2025-03-23T07:00:00,2025-03-23T07:00:00
e005001,u0291,2025-03-24T10:00:00,2025-03-24T10:00:00
e005002,u0292,2025-01-23T10:00:00,2025-01-23T10:00:00
e005003,u0292,2025-01-27T17:00:00,2025-01-27T17:00:00
e005004,u0292,2025-01-28T00:00:00,2025-01-28T00:00:00
e005005,u0292,2025-02-01T16:00:00,2025-02-01T16:00:00
e005006,u0292,2025-02-02T16:00:00,2025-02-02T16:00:00
e005007,u0292,2025-02-04T15:00:00,2025-02-04T15:00:00
e005008,u0292,2025-02-07T00:00:00,2025-02-07T00:00:00
e005009,u0292,2025-02-08T13:00:00,2025-02-08T13:00:00
e005010,u0292,2025-02-12T15:00:00,2025-02-12T15:00:00
e005011,u0292,2025-02-17T11:00:00,2025-02-17T11:00:00
e005012,u0292,2025-02-18T10:00:00,2025-02-18T10:00:00
e005013,u0292,2025-03-02T10:00:00,2025-03-02T10:00:00
e005014,u0292,2025-03-09T01:00:00,2025-03-09T01:00:00
e005015,u0292,2025-03-11T20:00:00,2025-03-11T20:00:00
e005016,u0292,2025-03-12T09:00:00,2025-03-12T09:00:00
e005017,u0292,2025-03-19T06:00:00,2025-03-19T06:00:00
e005018,u0292,2025-03-28T10:00:00,2025-03-28T10:00:00
e005019,u0293,2025-01-24T07:00:00,2025-01-24T07:00:00
e005020,u0293,2025-01-25T17:00:00,2025-01-25T17:00:00
e005021,u0293,2025-01-26T08:00:00,2025-01-26T08:00:00
e005022,u0293,2025-01-27T05:00:00,2025-01-27T05:00:00
e005023,u0293,2025-01-28T08:00:00,2025-01-28T08:00:00
e005024,u0293,2025-01-29T22:00:00,2025-01-29T22:00:00
e005025,u0293,2025-01-30T11:00:00,2025-01-30T11:00:00
e005026,u0293,2025-02-01T11:00:00,2025-02-01T11:00:00
e005027,u0293,2025-02-02T20:00:00,2025-02-02T20:00:00
e005028,u0293,2025-02-07T07:00:00,2025-02-07T07:00:00
e005029,u0293,2025-02-08T10:00:00,2025-02-08T10:00:00
e005030,u0293,2025-02-09T01:00:00,2025-02-09T01:00:00
e005031,u0293,2025-02-11T15:00:00,2025-02-11T15:00:00
e005031,u0293,2025-02-11T15:00:00,2025-02-11T17:00:00
e005033,u0293,2025-02-11T15:00:00,2025-02-11T15:00:00
e005034,u0293,2025-02-13T00:00:00,2025-02-13T00:00:00
e005035,u0293,2025-02-16T05:00:00,2025-02-16T05:00:00
e005035,u0293,2025-02-16T05:00:00,2025-02-16T07:00:00
e005037,u0293,2025-02-22T21:00:00,2025-02-22T21:00:00
e005038,u0293,2025-02-23T15:00:00,2025-02-23T15:00:00
e005039,u0293,2025-03-12T03:00:00,2025-03-12T03:00:00
e005040,u0293,2025-03-12T03:00:00,2025-03-12T03:00:00
e005041,u0294,2025-01-25T21:00:00,2025-01-25T21:00:00
e005042,u0294,2025-01-27T21:00:00,2025-01-27T21:00:00
e005043,u0294,2025-01-27T21:00:00,2025-01-27T21:00:00
e005044,u0294,2025-01-29T15:00:00,2025-01-29T15:00:00
e005045,u0294,2025-01-30T23:00:00,2025-01-30T23:00:00
e005046,u0294,2025-01-31T11:00:00,2025-01-31T11:00:00
e005047,u0294,2025-02-02T23:00:00,2025-02-02T23:00:00
e005048,u0294,2025-02-04T04:00:00,2025-02-04T04:00:00
e005048,u0294,2025-02-04T04:00:00,2025-02-04T06:00:00
e005050,u0294,2025-02-08T15:00:00,2025-02-08T15:00:00
e005051,u0294,2025-02-08T15:00:00,2025-02-08T15:00:00
e005052,u0294,2025-02-11T13:00:00,2025-02-11T13:00:00
e005053,u0294,2025-02-16T08:00:00,2025-02-16T08:00:00
e005054,u0294,2025-02-17T20:00:00,2025-02-17T20:00:00
e005055,u0294,2025-02-17T20:00:00,2025-02-17T20:00:00
e005056,u0294,2025-02-23T11:00:00,2025-02-23T11:00:00
e005057,u0294,2025-02-26T12:00:00,2025-02-26T12:00:00
e005057,u0294,2025-02-26T12:00:00,2025-02-26T14:00:00
e005059,u0294,2025-03-19T02:00:00,2025-03-19T02:00:00
e005060,u0294,2025-03-24T20:00:00,2025-03-24T20:00:00
e005060,u0294,2025-03-24T20:00:00,2025-03-24T22:00:00
e005062,u0294,2025-03-27T00:00:00,2025-03-27T00:00:00
e005063,u0294,2025-03-30T07:00:00,2025-03-30T07:00:00
e005064,u0294,2025-03-30T07:00:00,2025-03-30T07:00:00
e005065,u0295,2025-01-26T10:00:00,2025-01-26T10:00:00
e005066,u0295,2025-01-27T23:00:00,2025-01-27T23:00:00
e005067,u0295,2025-01-30T03:00:00,2025-01-30T03:00:00
e005068,u0295,2025-01-31T09:00:00,2025-01-31T09:00:00
e005069,u0295,2025-02-01T14:00:00,2025-02-01T14:00:00
e005070,u0295,2025-02-02T03:00:00,2025-02-02T03:00:00
e005071,u0295,2025-02-03T10:00:00,2025-02-03T10:00:00
e005072,u0295,2025-02-10T19:00:00,2025-02-10T19:00:00
e005073,u0295,2025-02-13T13:00:00,2025-02-13T13:00:00
e005074,u0295,2025-02-13T13:00:00,2025-02-13T13:00:00
e005075,u0295,2025-02-14T07:00:00,2025-02-14T07:00:00
e005075,u0295,2025-02-14T07:00:00,2025-02-14T09:00:00
e005077,u0295,2025-02-17T11:00:00,2025-02-17T11:00:00
e005078,u0295,2025-02-23T20:00:00,2025-02-23T20:00:00
e005079,u0295,2025-02-27T05:00:00,2025-02-27T05:00:00
e005080,u0295,2025-03-02T06:00:00,2025-03-02T06:00:00
e005081,u0295,2025-03-03T10:00:00,2025-03-03T10:00:00
e005082,u0296,2025-01-27T12:00:00,2025-01-27T12:00:00
e005083,u0296,2025-01-28T10:00:00,2025-01-28T10:00:00
e005084,u0296,2025-01-31T13:00:00,2025-01-31T13:00:00
e005085,u0296,2025-02-01T18:00:00,2025-02-01T18:00:00
e005086,u0296,2025-02-02T13:00:00,2025-02-02T13:00:00
e005087,u0296,2025-02-07T19:00:00,2025-02-07T19:00:00
e005088,u0296,2025-02-07T19:00:00,2025-02-07T19:00:00
e005089,u0296,2025-02-09T18:00:00,2025-02-09T18:00:00
e005090,u0296,2025-02-13T20:00:00,2025-02-13T20:00:00
e005091,u0296,2025-02-15T04:00:00,2025-02-15T04:00:00
e005092,u0296,2025-02-16T03:00:00,2025-02-16T03:00:00
e005093,u0296,2025-03-02T21:00:00,2025-03-02T21:00:00
e005094,u0296,2025-03-11T01:00:00,2025-03-11T01:00:00
e005095,u0296,2025-03-20T22:00:00,2025-03-20T22:00:00
e005096,u0296,2025-03-25T10:00:00,2025-03-25T10:00:00
e005097,u0296,2025-03-29T13:00:00,2025-03-29T13:00:00
e005098,u0297,2025-01-28T09:00:00,2025-01-28T09:00:00
e005099,u0297,2025-01-30T12:00:00,2025-01-30T12:00:00
e005100,u0297,2025-01-31T22:00:00,2025-01-31T22:00:00
e005100,u0297,2025-01-31T22:00:00,2025-02-01T00:00:00
e005102,u0297,2025-02-03T01:00:00,2025-02-03T01:00:00
e005103,u0297,2025-02-03T01:00:00,2025-02-03T01:00:00
e005104,u0297,2025-02-05T11:00:00,2025-02-05T11:00:00
e005105,u0297,2025-02-06T00:00:00,2025-02-06T00:00:00
e005105,u0297,2025-02-06T00:00:00,2025-02-06T02:00:00
e005107,u0297,2025-02-08T21:00:00,2025-02-08T21:00:00
e005108,u0297,2025-02-11T09:00:00,2025-02-11T09:00:00
e005109,u0297,2025-02-12T22:00:00,2025-02-12T22:00:00
e005110,u0297,2025-02-19T20:00:00,2025-02-19T20:00:00
e005111,u0297,2025-02-23T10:00:00,2025-02-23T10:00:00
e005112,u0297,2025-02-24T07:00:00,2025-02-24T07:00:00
e005113,u0297,2025-02-26T13:00:00,2025-02-26T13:00:00
e005114,u0297,2025-03-01T04:00:00,2025-03-01T04:00:00
e005115,u0297,2025-03-07T15:00:00,2025-03-07T15:00:00
e005116,u0297,2025-03-08T04:00:00,2025-03-08T04:00:00
e005117,u0297,2025-03-13T15:00:00,2025-03-13T15:00:00
e005118,u0297,2025-03-29T21:00:00,2025-03-29T21:00:00
e005119,u0298,2025-01-29T02:00:00,2025-01-29T02:00:00
e005120,u0298,2025-01-30T01:00:00,2025-01-30T01:00:00
e005121,u0298,2025-01-30T01:00:00,2025-01-30T01:00:00
e005122,u0298,2025-02-02T22:00:00,2025-02-02T22:00:00
e005123,u0298,2025-02-04T10:00:00,2025-02-04T10:00:00
e005124,u0298,2025-02-09T08:00:00,2025-02-09T08:00:00
e005125,u0298,2025-02-10T11:00:00,2025-02-10T11:00:00
e005126,u0298,2025-02-11T07:00:00,2025-02-11T07:00:00
e005127,u0298,2025-02-25T09:00:00,2025-02-25T09:00:00
e005128,u0298,2025-02-26T00:00:00,2025-02-26T00:00:00
e005129,u0298,2025-03-05T15:00:00,2025-03-05T15:00:00
e005130,u0298,2025-03-10T01:00:00,2025-03-10T01:00:00
e005130,u0298,2025-03-10T01:00:00,2025-03-10T03:00:00
e005132,u0298,2025-03-10T01:00:00,2025-03-10T01:00:00
e005133,u0298,2025-03-17T16:00:00,2025-03-17T16:00:00
e005134,u0298,2025-03-24T09:00:00,2025-03-24T09:00:00
e005135,u0298,2025-03-26T16:00:00,2025-03-26T16:00:00
e005136,u0299,2025-01-30T02:00:00,2025-01-30T02:00:00
e005137,u0299,2025-01-31T03:00:00,2025-01-31T03:00:00
e005138,u0299,2025-02-01T15:00:00,2025-02-01T15:00:00
e005139,u0299,2025-02-02T19:00:00,2025-02-02T19:00:00
e005140,u0299,2025-02-08T06:00:00,2025-02-08T06:00:00
e005141,u0299,2025-02-09T04:00:00,2025-02-09T04:00:00
e005142,u0299,2025-02-12T19:00:00,2025-02-12T19:00:00
e005143,u0299,2025-02-13T15:00:00,2025-02-13T15:00:00
e005143,u0299,2025-02-13T15:00:00,2025-02-13T17:00:00
e005145,u0299,2025-02-15T09:00:00,2025-02-15T09:00:00
e005146,u0299,2025-02-16T05:00:00,2025-02-16T05:00:00
e005147,u0299,2025-02-16T05:00:00,2025-02-16T05:00:00
e005148,u0299,2025-02-18T13:00:00,2025-02-18T13:00:00
e005149,u0299,2025-02-18T13:00:00,2025-02-18T13:00:00
e005150,u0299,2025-02-22T17:00:00,2025-02-22T17:00:00
e005151,u0299,2025-02-23T07:00:00,2025-02-23T07:00:00
e005152,u0299,2025-02-24T21:00:00,2025-02-24T21:00:00
e005153,u0299,2025-03-08T19:00:00,2025-03-08T19:00:00
e005154,u0299,2025-03-16T00:00:00,2025-03-16T00:00:00
e005155,u0299,2025-03-25T21:00:00,2025-03-25T21:00:00
e005156,u0299,2025-03-27T16:00:00,2025-03-27T16:00:00
e005157,u0299,2025-03-29T08:00:00,2025-03-29T08:00:00
e005158,u0300,2025-01-31T14:00:00,2025-01-31T14:00:00
e005159,u0300,2025-02-01T05:00:00,2025-02-01T05:00:00
e005160,u0300,2025-02-04T05:00:00,2025-02-04T05:00:00
e005161,u0300,2025-02-07T04:00:00,2025-02-07T04:00:00
e005162,u0300,2025-02-08T21:00:00,2025-02-08T21:00:00
e005163,u0300,2025-02-09T13:00:00,2025-02-09T13:00:00
e005164,u0300,2025-02-13T08:00:00,2025-02-13T08:00:00
e005165,u0300,2025-02-17T05:00:00,2025-02-17T05:00:00
e005166,u0300,2025-02-17T05:00:00,2025-02-17T05:00:00
e005167,u0300,2025-02-18T06:00:00,2025-02-18T06:00:00
e005168,u0300,2025-02-19T14:00:00,2025-02-19T14:00:00
e005169,u0300,2025-02-20T10:00:00,2025-02-20T10:00:00
e005170,u0300,2025-02-22T05:00:00,2025-02-22T05:00:00
e005171,u0300,2025-02-22T05:00:00,2025-02-22T05:00:00
e005172,u0300,2025-02-26T11:00:00,2025-02-26T11:00:00
e005172,u0300,2025-02-26T11:00:00,2025-02-26T13:00:00
e005174,u0300,2025-03-07T02:00:00,2025-03-07T02:00:00
e005175,u0300,2025-03-19T00:00:00,2025-03-19T00:00:00
e005176,u0300,2025-03-24T18:00:00,2025-03-24T18:00:00
e005177,u0300,2025-03-29T08:00:00,2025-03-29T08:00:00
e005178,u0301,2025-02-01T13:00:00,2025-02-01T13:00:00
e005179,u0301,2025-02-05T23:00:00,2025-02-05T23:00:00
e005180,u0301,2025-02-05T23:00:00,2025-02-05T23:00:00
e005181,u0301,2025-02-06T02:00:00,2025-02-06T02:00:00
e005182,u0301,2025-02-07T12:00:00,2025-02-07T12:00:00
e005183,u0301,2025-02-08T08:00:00,2025-02-08T08:00:00
e005184,u0301,2025-02-09T20:00:00,2025-02-09T20:00:00
e005185,u0301,2025-02-10T23:00:00,2025-02-10T23:00:00
e005186,u0301,2025-02-11T15:00:00,2025-02-11T15:00:00
e005187,u0301,2025-02-11T15:00:00,2025-02-11T15:00:00
e005188,u0301,2025-02-12T08:00:00,2025-02-12T08:00:00
e005189,u0301,2025-02-14T15:00:00,2025-02-14T15:00:00
e005189,u0301,2025-02-14T15:00:00,2025-02-14T17:00:00
e005191,u0301,2025-02-19T11:00:00,2025-02-19T11:00:00
e005192,u0301,2025-02-24T11:00:00,2025-02-24T11:00:00
e005193,u0301,2025-02-24T11:00:00,2025-02-24T11:00:00
e005194,u0301,2025-03-08T10:00:00,2025-03-08T10:00:00
e005195,u0301,2025-03-09T16:00:00,2025-03-09T16:00:00
e005196,u0301,2025-03-09T16:00:00,2025-03-09T16:00:00
e005197,u0302,2025-02-02T06:00:00,2025-02-02T06:00:00
e005198,u0302,2025-02-08T09:00:00,2025-02-08T09:00:00
e005199,u0302,2025-02-11T08:00:00,2025-02-11T08:00:00
e005200,u0302,2025-02-11T08:00:00,2025-02-11T08:00:00
e005201,u0302,2025-02-13T20:00:00,2025-02-13T20:00:00
e005202,u0302,2025-02-14T03:00:00,2025-02-14T03:00:00
e005202,u0302,2025-02-14T03:00:00,2025-02-14T05:00:00
e005204,u0302,2025-02-15T14:00:00,2025-02-15T14:00:00
e005204,u0302,2025-02-15T14:00:00,2025-02-15T16:00:00
e005206,u0302,2025-02-15T14:00:00,2025-02-15T14:00:00
e005207,u0302,2025-02-18T23:00:00,2025-02-18T23:00:00
e005208,u0302,2025-02-19T15:00:00,2025-02-19T15:00:00
e005209,u0302,2025-02-23T20:00:00,2025-02-23T20:00:00
e005210,u0302,2025-02-24T00:00:00,2025-02-24T00:00:00
e005210,u0302,2025-02-24T00:00:00,2025-02-24T02:00:00
e005212,u0302,2025-02-27T05:00:00,2025-02-27T05:00:00
e005213,u0302,2025-03-08T23:00:00,2025-03-08T23:00:00
e005214,u0302,2025-03-27T17:00:00,2025-03-27T17:00:00
e005215,u0302,2025-03-30T06:00:00,2025-03-30T06:00:00
e005216,u0303,2025-02-03T05:00:00,2025-02-03T05:00:00
e005217,u0303,2025-02-04T22:00:00,2025-02-04T22:00:00
e005217,u0303,2025-02-04T22:00:00,2025-02-05T00:00:00
e005219,u0303,2025-02-09T11:00:00,2025-02-09T11:00:00
e005220,u0303,2025-02-09T11:00:00,2025-02-09T11:00:00
e005221,u0303,2025-02-11T04:00:00,2025-02-11T04:00:00
e005222,u0303,2025-02-15T06:00:00,2025-02-15T06:00:00
e005223,u0303,2025-02-17T05:00:00,2025-02-17T05:00:00
e005224,u0303,2025-02-20T17:00:00,2025-02-20T17:00:00
e005225,u0303,2025-02-21T21:00:00,2025-02-21T21:00:00
e005226,u0303,2025-02-24T13:00:00,2025-02-24T13:00:00
e005227,u0303,2025-02-24T13:00:00,2025-02-24T13:00:00
e005228,u0303,2025-03-01T23:00:00,2025-03-01T23:00:00
e005229,u0303,2025-03-07T07:00:00,2025-03-07T07:00:00
e005229,u0303,2025-03-07T07:00:00,2025-03-07T09:00:00
e005231,u0303,2025-03-12T11:00:00,2025-03-12T11:00:00
e005232,u0303,2025-03-17T14:00:00,2025-03-17T14:00:00
e005233,u0303,2025-03-22T23:00:00,2025-03-22T23:00:00
e005234,u0303,2025-03-25T03:00:00,2025-03-25T03:00:00
e005235,u0303,2025-03-27T10:00:00,2025-03-27T10:00:00
e005236,u0304,2025-02-04T11:00:00,2025-02-04T11:00:00
e005237,u0304,2025-02-05T12:00:00,2025-02-05T12:00:00
e005238,u0304,2025-02-06T01:00:00,2025-02-06T01:00:00
e005239,u0304,2025-02-07T21:00:00,2025-02-07T21:00:00
e005240,u0304,2025-02-08T04:00:00,2025-02-08T04:00:00
e005241,u0304,2025-02-09T22:00:00,2025-02-09T22:00:00
e005241,u0304,2025-02-09T22:00:00,2025-02-10T00:00:00
e005243,u0304,2025-02-10T16:00:00,2025-02-10T16:00:00
e005244,u0304,2025-02-13T23:00:00,2025-02-13T23:00:00
e005245,u0304,2025-02-19T13:00:00,2025-02-19T13:00:00
e005246,u0304,2025-02-20T15:00:00,2025-02-20T15:00:00
e005247,u0304,2025-02-23T05:00:00,2025-02-23T05:00:00
e005248,u0304,2025-02-23T05:00:00,2025-02-23T05:00:00
e005249,u0304,2025-02-25T22:00:00,2025-02-25T22:00:00
e005250,u0304,2025-03-04T19:00:00,2025-03-04T19:00:00
e005251,u0304,2025-03-07T01:00:00,2025-03-07T01:00:00
e005252,u0304,2025-03-09T13:00:00,2025-03-09T13:00:00
e005253,u0304,2025-03-14T12:00:00,2025-03-14T12:00:00
e005254,u0304,2025-03-15T06:00:00,2025-03-15T06:00:00
e005255,u0304,2025-03-19T14:00:00,2025-03-19T14:00:00
e005256,u0304,2025-03-27T23:00:00,2025-03-27T23:00:00
e005257,u0304,2025-03-27T23:00:00,2025-03-27T23:00:00
e005258,u0304,2025-03-28T01:00:00,2025-03-28T01:00:00
e005259,u0305,2025-02-05T05:00:00,2025-02-05T05:00:00
e005260,u0305,2025-02-06T22:00:00,2025-02-06T22:00:00
e005261,u0305,2025-02-08T23:00:00,2025-02-08T23:00:00
e005262,u0305,2025-02-09T09:00:00,2025-02-09T09:00:00
e005263,u0305,2025-02-13T20:00:00,2025-02-13T20:00:00
e005264,u0305,2025-02-15T17:00:00,2025-02-15T17:00:00
e005265,u0305,2025-02-16T20:00:00,2025-02-16T20:00:00
e005266,u0305,2025-02-19T23:00:00,2025-02-19T23:00:00
e005267,u0305,2025-02-26T18:00:00,2025-02-26T18:00:00
e005268,u0305,2025-02-26T18:00:00,2025-02-26T18:00:00
e005269,u0305,2025-03-01T21:00:00,2025-03-01T21:00:00
e005270,u0305,2025-03-06T17:00:00,2025-03-06T17:00:00
e005271,u0305,2025-03-09T14:00:00,2025-03-09T14:00:00
e005272,u0305,2025-03-09T14:00:00,2025-03-09T14:00:00
e005273,u0305,2025-03-10T20:00:00,2025-03-10T20:00:00
e005274,u0305,2025-03-11T15:00:00,2025-03-11T15:00:00
e005275,u0305,2025-03-16T06:00:00,2025-03-16T06:00:00
e005276,u0305,2025-03-16T06:00:00,2025-03-16T06:00:00
e005277,u0305,2025-03-19T06:00:00,2025-03-19T06:00:00
e005278,u0305,2025-03-20T07:00:00,2025-03-20T07:00:00
e005279,u0305,2025-03-23T07:00:00,2025-03-23T07:00:00
e005280,u0305,2025-03-24T14:00:00,2025-03-24T14:00:00
e005281,u0305,2025-03-25T08:00:00,2025-03-25T08:00:00
e005282,u0306,2025-02-06T05:00:00,2025-02-06T05:00:00
e005283,u0306,2025-02-07T00:00:00,2025-02-07T00:00:00
e005284,u0306,2025-02-09T00:00:00,2025-02-09T00:00:00
e005285,u0306,2025-02-10T01:00:00,2025-02-10T01:00:00
e005286,u0306,2025-02-11T18:00:00,2025-02-11T18:00:00
e005287,u0306,2025-02-11T18:00:00,2025-02-11T18:00:00
e005288,u0306,2025-02-12T16:00:00,2025-02-12T16:00:00
e005289,u0306,2025-02-16T09:00:00,2025-02-16T09:00:00
e005290,u0306,2025-02-16T09:00:00,2025-02-16T09:00:00
e005291,u0306,2025-02-22T18:00:00,2025-02-22T18:00:00
e005292,u0306,2025-02-24T03:00:00,2025-02-24T03:00:00
e005292,u0306,2025-02-24T03:00:00,2025-02-24T05:00:00
e005294,u0306,2025-02-25T09:00:00,2025-02-25T09:00:00
e005295,u0306,2025-02-25T09:00:00,2025-02-25T09:00:00
e005296,u0306,2025-02-26T02:00:00,2025-02-26T02:00:00
e005297,u0306,2025-02-26T02:00:00,2025-02-26T02:00:00
e005298,u0306,2025-03-01T05:00:00,2025-03-01T05:00:00
e005299,u0306,2025-03-03T06:00:00,2025-03-03T06:00:00
e005300,u0306,2025-03-03T06:00:00,2025-03-03T06:00:00
e005301,u0306,2025-03-07T22:00:00,2025-03-07T22:00:00
e005302,u0306,2025-03-07T22:00:00,2025-03-07T22:00:00
e005303,u0306,2025-03-09T03:00:00,2025-03-09T03:00:00
e005304,u0306,2025-03-10T07:00:00,2025-03-10T07:00:00
e005305,u0306,2025-03-22T11:00:00,2025-03-22T11:00:00
e005306,u0306,2025-03-24T13:00:00,2025-03-24T13:00:00
e005307,u0307,2025-02-07T05:00:00,2025-02-07T05:00:00
e005308,u0307,2025-02-09T21:00:00,2025-02-09T21:00:00
e005309,u0307,2025-02-10T22:00:00,2025-02-10T22:00:00
e005309,u0307,2025-02-10T22:00:00,2025-02-11T00:00:00
e005311,u0307,2025-02-12T00:00:00,2025-02-12T00:00:00
e005312,u0307,2025-02-16T15:00:00,2025-02-16T15:00:00
e005313,u0307,2025-02-16T15:00:00,2025-02-16T15:00:00
e005314,u0307,2025-02-17T18:00:00,2025-02-17T18:00:00
e005315,u0307,2025-02-18T15:00:00,2025-02-18T15:00:00
e005316,u0307,2025-02-19T05:00:00,2025-02-19T05:00:00
e005317,u0307,2025-02-19T05:00:00,2025-02-19T05:00:00
e005318,u0307,2025-02-20T14:00:00,2025-02-20T14:00:00
e005319,u0307,2025-02-21T01:00:00,2025-02-21T01:00:00
e005320,u0307,2025-02-23T20:00:00,2025-02-23T20:00:00
e005321,u0307,2025-02-24T02:00:00,2025-02-24T02:00:00
e005322,u0307,2025-02-24T02:00:00,2025-02-24T02:00:00
e005323,u0307,2025-02-27T17:00:00,2025-02-27T17:00:00
e005324,u0307,2025-03-10T14:00:00,2025-03-10T14:00:00
e005325,u0307,2025-03-17T09:00:00,2025-03-17T09:00:00
e005326,u0307,2025-03-19T02:00:00,2025-03-19T02:00:00
e005327,u0307,2025-03-24T14:00:00,2025-03-24T14:00:00
e005328,u0308,2025-02-08T02:00:00,2025-02-08T02:00:00
e005329,u0308,2025-02-08T02:00:00,2025-02-08T02:00:00
e005330,u0308,2025-02-10T00:00:00,2025-02-10T00:00:00
e005331,u0308,2025-02-12T23:00:00,2025-02-12T23:00:00
e005331,u0308,2025-02-12T23:00:00,2025-02-13T01:00:00
e005333,u0308,2025-02-13T06:00:00,2025-02-13T06:00:00
e005334,u0308,2025-02-14T16:00:00,2025-02-14T16:00:00
e005335,u0308,2025-02-15T02:00:00,2025-02-15T02:00:00
e005336,u0308,2025-02-16T05:00:00,2025-02-16T05:00:00
e005337,u0308,2025-02-16T05:00:00,2025-02-16T05:00:00
e005338,u0308,2025-02-17T05:00:00,2025-02-17T05:00:00
e005339,u0308,2025-02-17T05:00:00,2025-02-17T05:00:00
e005340,u0308,2025-02-18T23:00:00,2025-02-18T23:00:00
e005341,u0308,2025-03-14T22:00:00,2025-03-14T22:00:00
e005342,u0308,2025-03-24T10:00:00,2025-03-24T10:00:00
e005343,u0309,2025-02-09T11:00:00,2025-02-09T11:00:00
e005344,u0309,2025-02-09T11:00:00,2025-02-09T11:00:00
e005345,u0309,2025-02-10T09:00:00,2025-02-10T09:00:00
e005346,u0309,2025-02-12T02:00:00,2025-02-12T02:00:00
e005347,u0309,2025-02-13T17:00:00,2025-02-13T17:00:00
e005348,u0309,2025-02-14T15:00:00,2025-02-14T15:00:00
e005349,u0309,2025-02-15T08:00:00,2025-02-15T08:00:00
e005350,u0309,2025-02-17T10:00:00,2025-02-17T10:00:00
e005351,u0309,2025-02-23T15:00:00,2025-02-23T15:00:00
e005352,u0309,2025-02-24T18:00:00,2025-02-24T18:00:00
e005353,u0309,2025-02-25T17:00:00,2025-02-25T17:00:00
e005354,u0309,2025-02-26T15:00:00,2025-02-26T15:00:00
e005355,u0309,2025-02-27T23:00:00,2025-02-27T23:00:00
e005356,u0309,2025-03-01T00:00:00,2025-03-01T00:00:00
e005357,u0309,2025-03-07T10:00:00,2025-03-07T10:00:00
e005358,u0309,2025-03-08T03:00:00,2025-03-08T03:00:00
e005359,u0309,2025-03-08T03:00:00,2025-03-08T03:00:00
e005360,u0309,2025-03-09T22:00:00,2025-03-09T22:00:00
e005361,u0309,2025-03-12T11:00:00,2025-03-12T11:00:00
e005362,u0309,2025-03-16T03:00:00,2025-03-16T03:00:00
e005363,u0309,2025-03-29T00:00:00,2025-03-29T00:00:00
e005364,u0310,2025-02-10T04:00:00,2025-02-10T04:00:00
e005365,u0310,2025-02-11T05:00:00,2025-02-11T05:00:00
e005366,u0310,2025-02-12T12:00:00,2025-02-12T12:00:00
e005367,u0310,2025-02-13T10:00:00,2025-02-13T10:00:00
e005367,u0310,2025-02-13T10:00:00,2025-02-13T12:00:00
e005369,u0310,2025-02-14T18:00:00,2025-02-14T18:00:00
e005370,u0310,2025-02-19T12:00:00,2025-02-19T12:00:00
e005371,u0310,2025-02-24T19:00:00,2025-02-24T19:00:00
e005372,u0310,2025-02-24T19:00:00,2025-02-24T19:00:00
e005373,u0310,2025-02-27T09:00:00,2025-02-27T09:00:00
e005374,u0310,2025-03-01T09:00:00,2025-03-01T09:00:00
e005375,u0310,2025-03-03T09:00:00,2025-03-03T09:00:00
e005376,u0310,2025-03-04T00:00:00,2025-03-04T00:00:00
e005377,u0310,2025-03-07T17:00:00,2025-03-07T17:00:00
e005378,u0310,2025-03-08T10:00:00,2025-03-08T10:00:00
e005379,u0310,2025-03-09T12:00:00,2025-03-09T12:00:00
e005380,u0310,2025-03-17T12:00:00,2025-03-17T12:00:00
e005381,u0310,2025-03-17T12:00:00,2025-03-17T12:00:00
e005382,u0310,2025-03-18T02:00:00,2025-03-18T02:00:00
e005383,u0310,2025-03-23T11:00:00,2025-03-23T11:00:00
e005384,u0310,2025-03-25T10:00:00,2025-03-25T10:00:00
e005385,u0310,2025-03-25T10:00:00,2025-03-25T10:00:00
e005386,u0310,2025-03-26T05:00:00,2025-03-26T05:00:00
e005387,u0311,2025-02-11T13:00:00,2025-02-11T13:00:00
e005388,u0311,2025-02-11T13:00:00,2025-02-11T13:00:00
e005389,u0311,2025-02-12T07:00:00,2025-02-12T07:00:00
e005390,u0311,2025-02-15T15:00:00,2025-02-15T15:00:00
e005391,u0311,2025-02-16T03:00:00,2025-02-16T03:00:00
e005392,u0311,2025-02-17T06:00:00,2025-02-17T06:00:00
e005393,u0311,2025-02-18T16:00:00,2025-02-18T16:00:00
e005394,u0311,2025-02-19T17:00:00,2025-02-19T17:00:00
e005395,u0311,2025-03-02T17:00:00,2025-03-02T17:00:00
e005396,u0311,2025-03-02T17:00:00,2025-03-02T17:00:00
e005397,u0311,2025-03-04T12:00:00,2025-03-04T12:00:00
e005397,u0311,2025-03-04T12:00:00,2025-03-04T14:00:00
e005399,u0311,2025-03-13T15:00:00,2025-03-13T15:00:00
e005400,u0311,2025-03-13T15:00:00,2025-03-13T15:00:00
e005401,u0311,2025-03-21T11:00:00,2025-03-21T11:00:00
e005402,u0311,2025-03-27T02:00:00,2025-03-27T02:00:00
e005403,u0311,2025-03-30T00:00:00,2025-03-30T00:00:00
e005404,u0311,2025-03-31T05:00:00,2025-03-31T05:00:00
e005405,u0312,2025-02-12T07:00:00,2025-02-12T07:00:00
e005406,u0312,2025-02-13T15:00:00,2025-02-13T15:00:00
e005407,u0312,2025-02-14T19:00:00,2025-02-14T19:00:00
e005408,u0312,2025-02-15T03:00:00,2025-02-15T03:00:00
e005409,u0312,2025-02-16T03:00:00,2025-02-16T03:00:00
e005410,u0312,2025-02-17T16:00:00,2025-02-17T16:00:00
e005411,u0312,2025-02-18T07:00:00,2025-02-18T07:00:00
e005412,u0312,2025-02-19T07:00:00,2025-02-19T07:00:00
e005413,u0312,2025-02-23T10:00:00,2025-02-23T10:00:00
e005414,u0312,2025-02-24T08:00:00,2025-02-24T08:00:00
e005415,u0312,2025-03-11T14:00:00,2025-03-11T14:00:00
e005416,u0312,2025-03-11T14:00:00,2025-03-11T14:00:00
e005417,u0312,2025-03-13T07:00:00,2025-03-13T07:00:00
e005418,u0312,2025-03-15T23:00:00,2025-03-15T23:00:00
e005419,u0312,2025-03-18T21:00:00,2025-03-18T21:00:00
e005420,u0312,2025-03-26T15:00:00,2025-03-26T15:00:00
e005421,u0312,2025-03-30T18:00:00,2025-03-30T18:00:00
e005422,u0312,2025-03-31T04:00:00,2025-03-31T04:00:00
e005423,u0313,2025-02-13T19:00:00,2025-02-13T19:00:00
e005424,u0313,2025-02-14T00:00:00,2025-02-14T00:00:00
e005425,u0313,2025-02-15T14:00:00,2025-02-15T14:00:00
e005426,u0313,2025-02-16T02:00:00,2025-02-16T02:00:00
e005427,u0313,2025-02-17T21:00:00,2025-02-17T21:00:00
e005428,u0313,2025-02-17T21:00:00,2025-02-17T21:00:00
e005429,u0313,2025-02-18T17:00:00,2025-02-18T17:00:00
e005430,u0313,2025-02-23T05:00:00,2025-02-23T05:00:00
e005431,u0313,2025-02-26T04:00:00,2025-02-26T04:00:00
e005432,u0313,2025-02-28T02:00:00,2025-02-28T02:00:00
e005432,u0313,2025-02-28T02:00:00,2025-02-28T04:00:00
e005434,u0313,2025-03-02T07:00:00,2025-03-02T07:00:00
e005435,u0313,2025-03-04T23:00:00,2025-03-04T23:00:00
e005436,u0313,2025-03-07T11:00:00,2025-03-07T11:00:00
e005437,u0313,2025-03-07T11:00:00,2025-03-07T11:00:00
e005438,u0313,2025-03-14T15:00:00,2025-03-14T15:00:00
e005439,u0313,2025-03-18T03:00:00,2025-03-18T03:00:00
e005440,u0313,2025-03-25T11:00:00,2025-03-25T11:00:00
e005441,u0314,2025-02-14T23:00:00,2025-02-14T23:00:00
e005442,u0314,2025-02-15T05:00:00,2025-02-15T05:00:00
e005443,u0314,2025-02-18T21:00:00,2025-02-18T21:00:00
e005444,u0314,2025-02-19T20:00:00,2025-02-19T20:00:00
e005445,u0314,2025-02-21T20:00:00,2025-02-21T20:00:00
e005446,u0314,2025-02-21T20:00:00,2025-02-21T20:00:00
e005447,u0314,2025-02-23T03:00:00,2025-02-23T03:00:00
e005448,u0314,2025-02-24T00:00:00,2025-02-24T00:00:00
e005449,u0314,2025-03-01T20:00:00,2025-03-01T20:00:00
e005450,u0314,2025-03-02T06:00:00,2025-03-02T06:00:00
e005451,u0314,2025-03-13T17:00:00,2025-03-13T17:00:00
e005452,u0314,2025-03-19T07:00:00,2025-03-19T07:00:00
e005453,u0314,2025-03-20T07:00:00,2025-03-20T07:00:00
e005454,u0315,2025-02-15T16:00:00,2025-02-15T16:00:00
e005455,u0315,2025-02-16T11:00:00,2025-02-16T11:00:00
e005456,u0315,2025-02-16T11:00:00,2025-02-16T11:00:00
e005457,u0315,2025-02-17T03:00:00,2025-02-17T03:00:00
e005458,u0315,2025-02-18T23:00:00,2025-02-18T23:00:00
e005459,u0315,2025-02-19T02:00:00,2025-02-19T02:00:00
e005460,u0315,2025-02-23T22:00:00,2025-02-23T22:00:00
e005461,u0315,2025-02-25T02:00:00,2025-02-25T02:00:00
e005462,u0315,2025-02-26T22:00:00,2025-02-26T22:00:00
e005463,u0315,2025-02-28T21:00:00,2025-02-28T21:00:00
e005464,u0315,2025-03-01T22:00:00,2025-03-01T22:00:00
e005465,u0315,2025-03-06T17:00:00,2025-03-06T17:00:00
e005466,u0315,2025-03-07T03:00:00,2025-03-07T03:00:00
e005466,u0315,2025-03-07T03:00:00,2025-03-07T05:00:00
e005468,u0315,2025-03-17T07:00:00,2025-03-17T07:00:00
e005469,u0315,2025-03-20T02:00:00,2025-03-20T02:00:00
e005470,u0315,2025-03-28T02:00:00,2025-03-28T02:00:00
e005471,u0315,2025-03-30T17:00:00,2025-03-30T17:00:00
e005472,u0316,2025-02-16T02:00:00,2025-02-16T02:00:00
e005473,u0316,2025-02-20T22:00:00,2025-02-20T22:00:00
e005474,u0316,2025-02-21T00:00:00,2025-02-21T00:00:00
e005475,u0316,2025-02-22T03:00:00,2025-02-22T03:00:00
e005476,u0316,2025-02-23T02:00:00,2025-02-23T02:00:00
e005477,u0316,2025-02-25T22:00:00,2025-02-25T22:00:00
e005478,u0316,2025-02-27T18:00:00,2025-02-27T18:00:00
e005479,u0316,2025-02-27T18:00:00,2025-02-27T18:00:00
e005480,u0316,2025-03-01T14:00:00,2025-03-01T14:00:00
e005481,u0316,2025-03-04T07:00:00,2025-03-04T07:00:00
e005482,u0316,2025-03-06T07:00:00,2025-03-06T07:00:00
e005483,u0316,2025-03-12T17:00:00,2025-03-12T17:00:00
e005484,u0316,2025-03-16T20:00:00,2025-03-16T20:00:00
e005485,u0316,2025-03-17T20:00:00,2025-03-17T20:00:00
e005486,u0316,2025-03-21T06:00:00,2025-03-21T06:00:00
e005487,u0316,2025-03-24T13:00:00,2025-03-24T13:00:00
e005488,u0316,2025-03-26T21:00:00,2025-03-26T21:00:00
e005489,u0316,2025-03-26T21:00:00,2025-03-26T21:00:00
e005490,u0317,2025-02-17T07:00:00,2025-02-17T07:00:00
e005491,u0317,2025-02-17T07:00:00,2025-02-17T07:00:00
e005492,u0317,2025-02-18T03:00:00,2025-02-18T03:00:00
e005492,u0317,2025-02-18T03:00:00,2025-02-18T05:00:00
e005494,u0317,2025-02-20T01:00:00,2025-02-20T01:00:00
e005495,u0317,2025-02-20T01:00:00,2025-02-20T01:00:00
e005496,u0317,2025-02-23T11:00:00,2025-02-23T11:00:00
e005497,u0317,2025-02-25T14:00:00,2025-02-25T14:00:00
e005498,u0317,2025-02-25T14:00:00,2025-02-25T14:00:00
e005499,u0317,2025-02-26T08:00:00,2025-02-26T08:00:00
e005500,u0317,2025-03-02T14:00:00,2025-03-02T14:00:00
e005501,u0317,2025-03-04T18:00:00,2025-03-04T18:00:00
e005502,u0317,2025-03-05T22:00:00,2025-03-05T22:00:00
e005502,u0317,2025-03-05T22:00:00,2025-03-06T00:00:00
e005504,u0317,2025-03-07T22:00:00,2025-03-07T22:00:00
e005505,u0317,2025-03-07T22:00:00,2025-03-07T22:00:00
e005506,u0317,2025-03-08T22:00:00,2025-03-08T22:00:00
e005507,u0317,2025-03-09T02:00:00,2025-03-09T02:00:00
e005508,u0317,2025-03-09T02:00:00,2025-03-09T02:00:00
e005509,u0317,2025-03-22T07:00:00,2025-03-22T07:00:00
e005510,u0317,2025-03-23T19:00:00,2025-03-23T19:00:00
e005511,u0317,2025-03-25T11:00:00,2025-03-25T11:00:00
e005512,u0318,2025-02-18T02:00:00,2025-02-18T02:00:00
e005513,u0318,2025-02-19T20:00:00,2025-02-19T20:00:00
e005514,u0318,2025-02-20T15:00:00,2025-02-20T15:00:00
e005515,u0318,2025-02-20T15:00:00,2025-02-20T15:00:00
e005516,u0318,2025-02-21T17:00:00,2025-02-21T17:00:00
e005517,u0318,2025-02-22T07:00:00,2025-02-22T07:00:00
e005518,u0318,2025-02-25T08:00:00,2025-02-25T08:00:00
e005519,u0318,2025-03-01T21:00:00,2025-03-01T21:00:00
e005520,u0318,2025-03-03T20:00:00,2025-03-03T20:00:00
e005521,u0318,2025-03-04T06:00:00,2025-03-04T06:00:00
e005522,u0318,2025-03-05T04:00:00,2025-03-05T04:00:00
e005523,u0318,2025-03-07T13:00:00,2025-03-07T13:00:00
e005524,u0318,2025-03-08T15:00:00,2025-03-08T15:00:00
e005525,u0318,2025-03-09T20:00:00,2025-03-09T20:00:00
e005526,u0318,2025-03-10T04:00:00,2025-03-10T04:00:00
e005527,u0318,2025-03-12T05:00:00,2025-03-12T05:00:00
e005528,u0318,2025-03-12T05:00:00,2025-03-12T05:00:00
e005529,u0318,2025-03-13T09:00:00,2025-03-13T09:00:00
e005530,u0318,2025-03-13T09:00:00,2025-03-13T09:00:00
e005531,u0318,2025-03-16T12:00:00,2025-03-16T12:00:00
e005532,u0318,2025-03-26T06:00:00,2025-03-26T06:00:00
e005533,u0319,2025-02-19T05:00:00,2025-02-19T05:00:00
e005534,u0319,2025-02-20T00:00:00,2025-02-20T00:00:00
e005535,u0319,2025-02-22T20:00:00,2025-02-22T20:00:00
e005536,u0319,2025-02-24T15:00:00,2025-02-24T15:00:00
e005537,u0319,2025-02-24T15:00:00,2025-02-24T15:00:00
e005538,u0319,2025-02-25T10:00:00,2025-02-25T10:00:00
e005539,u0319,2025-02-27T16:00:00,2025-02-27T16:00:00
e005540,u0319,2025-03-01T05:00:00,2025-03-01T05:00:00
e005541,u0319,2025-03-04T03:00:00,2025-03-04T03:00:00
e005542,u0319,2025-03-05T06:00:00,2025-03-05T06:00:00
e005543,u0319,2025-03-06T19:00:00,2025-03-06T19:00:00
e005544,u0319,2025-03-07T20:00:00,2025-03-07T20:00:00
e005545,u0319,2025-03-07T20:00:00,2025-03-07T20:00:00
e005546,u0319,2025-03-09T23:00:00,2025-03-09T23:00:00
e005547,u0319,2025-03-21T06:00:00,2025-03-21T06:00:00
e005548,u0319,2025-03-21T06:00:00,2025-03-21T06:00:00
e005549,u0319,2025-03-25T10:00:00,2025-03-25T10:00:00
e005550,u0319,2025-03-31T13:00:00,2025-03-31T13:00:00
e005551,u0319,2025-03-31T13:00:00,2025-03-31T13:00:00
e005552,u0320,2025-02-20T08:00:00,2025-02-20T08:00:00
e005553,u0320,2025-02-21T23:00:00,2025-02-21T23:00:00
e005554,u0320,2025-02-22T05:00:00,2025-02-22T05:00:00
e005555,u0320,2025-02-23T22:00:00,2025-02-23T22:00:00
e005556,u0320,2025-02-23T22:00:00,2025-02-23T22:00:00
e005557,u0320,2025-02-24T20:00:00,2025-02-24T20:00:00
e005558,u0320,2025-02-25T12:00:00,2025-02-25T12:00:00
e005559,u0320,2025-02-26T13:00:00,2025-02-26T13:00:00
e005560,u0320,2025-02-26T13:00:00,2025-02-26T13:00:00
e005561,u0320,2025-03-01T12:00:00,2025-03-01T12:00:00
e005562,u0320,2025-03-02T18:00:00,2025-03-02T18:00:00
e005563,u0320,2025-03-03T03:00:00,2025-03-03T03:00:00
e005564,u0320,2025-03-04T18:00:00,2025-03-04T18:00:00
e005565,u0320,2025-03-05T12:00:00,2025-03-05T12:00:00
e005566,u0320,2025-03-06T08:00:00,2025-03-06T08:00:00
e005567,u0320,2025-03-11T22:00:00,2025-03-11T22:00:00
e005568,u0320,2025-03-14T12:00:00,2025-03-14T12:00:00
e005569,u0320,2025-03-15T14:00:00,2025-03-15T14:00:00
e005569,u0320,2025-03-15T14:00:00,2025-03-15T16:00:00
e005571,u0320,2025-03-16T13:00:00,2025-03-16T13:00:00
e005572,u0321,2025-02-21T06:00:00,2025-02-21T06:00:00
e005573,u0321,2025-02-22T22:00:00,2025-02-22T22:00:00
e005574,u0321,2025-02-23T09:00:00,2025-02-23T09:00:00
e005575,u0321,2025-02-24T04:00:00,2025-02-24T04:00:00
e005576,u0321,2025-02-25T13:00:00,2025-02-25T13:00:00
e005577,u0321,2025-03-01T13:00:00,2025-03-01T13:00:00
e005578,u0321,2025-03-04T03:00:00,2025-03-04T03:00:00
e005579,u0321,2025-03-05T02:00:00,2025-03-05T02:00:00
e005580,u0321,2025-03-07T11:00:00,2025-03-07T11:00:00
e005581,u0321,2025-03-08T22:00:00,2025-03-08T22:00:00
e005582,u0321,2025-03-12T06:00:00,2025-03-12T06:00:00
e005583,u0321,2025-03-12T06:00:00,2025-03-12T06:00:00
e005584,u0322,2025-02-22T06:00:00,2025-02-22T06:00:00
e005585,u0322,2025-02-22T06:00:00,2025-02-22T06:00:00
e005586,u0322,2025-02-23T19:00:00,2025-02-23T19:00:00
e005587,u0322,2025-02-24T23:00:00,2025-02-24T23:00:00
e005588,u0322,2025-02-25T17:00:00,2025-02-25T17:00:00
e005589,u0322,2025-02-26T12:00:00,2025-02-26T12:00:00
e005590,u0322,2025-03-01T09:00:00,2025-03-01T09:00:00
e005591,u0322,2025-03-03T22:00:00,2025-03-03T22:00:00
e005592,u0322,2025-03-04T22:00:00,2025-03-04T22:00:00
e005593,u0322,2025-03-12T18:00:00,2025-03-12T18:00:00
e005594,u0322,2025-03-13T22:00:00,2025-03-13T22:00:00
e005595,u0322,2025-03-15T00:00:00,2025-03-15T00:00:00
e005596,u0322,2025-03-18T22:00:00,2025-03-18T22:00:00
e005596,u0322,2025-03-18T22:00:00,2025-03-19T00:00:00
e005598,u0322,2025-03-18T22:00:00,2025-03-18T22:00:00
e005599,u0322,2025-03-20T05:00:00,2025-03-20T05:00:00
e005600,u0322,2025-03-22T11:00:00,2025-03-22T11:00:00
e005601,u0322,2025-03-26T04:00:00,2025-03-26T04:00:00
e005602,u0322,2025-03-30T02:00:00,2025-03-30T02:00:00
e005602,u0322,2025-03-30T02:00:00,2025-03-30T04:00:00
e005604,u0323,2025-02-23T08:00:00,2025-02-23T08:00:00
e005605,u0323,2025-02-24T00:00:00,2025-02-24T00:00:00
e005606,u0323,2025-02-26T02:00:00,2025-02-26T02:00:00
e005607,u0323,2025-02-26T02:00:00,2025-02-26T02:00:00
e005608,u0323,2025-03-01T04:00:00,2025-03-01T04:00:00
e005609,u0323,2025-03-11T11:00:00,2025-03-11T11:00:00
e005610,u0323,2025-03-12T03:00:00,2025-03-12T03:00:00
e005611,u0323,2025-03-14T21:00:00,2025-03-14T21:00:00
e005612,u0323,2025-03-14T21:00:00,2025-03-14T21:00:00
e005613,u0323,2025-03-15T08:00:00,2025-03-15T08:00:00
e005614,u0323,2025-03-23T22:00:00,2025-03-23T22:00:00
e005615,u0323,2025-03-23T22:00:00,2025-03-23T22:00:00
e005616,u0323,2025-03-29T08:00:00,2025-03-29T08:00:00
e005617,u0323,2025-03-29T08:00:00,2025-03-29T08:00:00
e005618,u0324,2025-02-24T01:00:00,2025-02-24T01:00:00
e005619,u0324,2025-02-26T20:00:00,2025-02-26T20:00:00
e005620,u0324,2025-02-27T21:00:00,2025-02-27T21:00:00
e005621,u0324,2025-02-28T04:00:00,2025-02-28T04:00:00
e005622,u0324,2025-03-03T20:00:00,2025-03-03T20:00:00
e005623,u0324,2025-03-09T14:00:00,2025-03-09T14:00:00
e005624,u0324,2025-03-10T16:00:00,2025-03-10T16:00:00
e005625,u0324,2025-03-11T22:00:00,2025-03-11T22:00:00
e005626,u0324,2025-03-17T10:00:00,2025-03-17T10:00:00
e005627,u0324,2025-03-20T10:00:00,2025-03-20T10:00:00
e005628,u0324,2025-03-26T17:00:00,2025-03-26T17:00:00
e005629,u0325,2025-02-25T10:00:00,2025-02-25T10:00:00
e005630,u0325,2025-02-27T12:00:00,2025-02-27T12:00:00
e005631,u0325,2025-03-06T03:00:00,2025-03-06T03:00:00
e005632,u0325,2025-03-09T23:00:00,2025-03-09T23:00:00
e005632,u0325,2025-03-09T23:00:00,2025-03-10T01:00:00
e005634,u0325,2025-03-10T22:00:00,2025-03-10T22:00:00
e005635,u0325,2025-03-11T21:00:00,2025-03-11T21:00:00
e005636,u0325,2025-03-15T12:00:00,2025-03-15T12:00:00
e005637,u0325,2025-03-21T05:00:00,2025-03-21T05:00:00
e005638,u0325,2025-03-25T11:00:00,2025-03-25T11:00:00
e005639,u0325,2025-03-25T11:00:00,2025-03-25T11:00:00
e005640,u0326,2025-02-26T22:00:00,2025-02-26T22:00:00
e005641,u0326,2025-02-27T05:00:00,2025-02-27T05:00:00
e005642,u0326,2025-02-28T20:00:00,2025-02-28T20:00:00
e005642,u0326,2025-02-28T20:00:00,2025-02-28T22:00:00
e005644,u0326,2025-03-02T02:00:00,2025-03-02T02:00:00
e005645,u0326,2025-03-03T13:00:00,2025-03-03T13:00:00
e005646,u0326,2025-03-05T03:00:00,2025-03-05T03:00:00
e005647,u0326,2025-03-11T16:00:00,2025-03-11T16:00:00
e005648,u0326,2025-03-13T23:00:00,2025-03-13T23:00:00
e005649,u0326,2025-03-18T17:00:00,2025-03-18T17:00:00
e005650,u0326,2025-03-19T13:00:00,2025-03-19T13:00:00
e005651,u0326,2025-03-20T12:00:00,2025-03-20T12:00:00
e005652,u0326,2025-03-23T05:00:00,2025-03-23T05:00:00
e005653,u0326,2025-03-24T17:00:00,2025-03-24T17:00:00
e005654,u0327,2025-02-27T04:00:00,2025-02-27T04:00:00
e005655,u0327,2025-02-28T04:00:00,2025-02-28T04:00:00
e005656,u0327,2025-03-01T10:00:00,2025-03-01T10:00:00
e005657,u0327,2025-03-02T14:00:00,2025-03-02T14:00:00
e005658,u0327,2025-03-03T11:00:00,2025-03-03T11:00:00
e005659,u0327,2025-03-03T11:00:00,2025-03-03T11:00:00
e005660,u0327,2025-03-05T23:00:00,2025-03-05T23:00:00
e005661,u0327,2025-03-05T23:00:00,2025-03-05T23:00:00
e005662,u0327,2025-03-06T03:00:00,2025-03-06T03:00:00
e005663,u0327,2025-03-07T16:00:00,2025-03-07T16:00:00
e005664,u0327,2025-03-11T11:00:00,2025-03-11T11:00:00
e005665,u0327,2025-03-13T20:00:00,2025-03-13T20:00:00
e005666,u0327,2025-03-13T20:00:00,2025-03-13T20:00:00
e005667,u0327,2025-03-18T15:00:00,2025-03-18T15:00:00
e005668,u0327,2025-03-22T09:00:00,2025-03-22T09:00:00
e005669,u0327,2025-03-27T10:00:00,2025-03-27T10:00:00
e005670,u0327,2025-03-28T19:00:00,2025-03-28T19:00:00
e005671,u0327,2025-03-29T16:00:00,2025-03-29T16:00:00
e005672,u0327,2025-03-31T08:00:00,2025-03-31T08:00:00
e005673,u0327,2025-03-31T08:00:00,2025-03-31T08:00:00
e005674,u0328,2025-02-28T06:00:00,2025-02-28T06:00:00
e005675,u0328,2025-02-28T06:00:00,2025-02-28T06:00:00
e005676,u0328,2025-03-01T04:00:00,2025-03-01T04:00:00
e005677,u0328,2025-03-02T22:00:00,2025-03-02T22:00:00
e005678,u0328,2025-03-04T14:00:00,2025-03-04T14:00:00
e005679,u0328,2025-03-05T22:00:00,2025-03-05T22:00:00
e005680,u0328,2025-03-07T01:00:00,2025-03-07T01:00:00
e005681,u0328,2025-03-08T18:00:00,2025-03-08T18:00:00
e005682,u0328,2025-03-11T18:00:00,2025-03-11T18:00:00
e005683,u0328,2025-03-13T10:00:00,2025-03-13T10:00:00
e005684,u0328,2025-03-14T22:00:00,2025-03-14T22:00:00
e005685,u0328,2025-03-19T22:00:00,2025-03-19T22:00:00
e005686,u0328,2025-03-21T23:00:00,2025-03-21T23:00:00
e005686,u0328,2025-03-21T23:00:00,2025-03-22T01:00:00
e005688,u0328,2025-03-22T11:00:00,2025-03-22T11:00:00
e005689,u0328,2025-03-23T08:00:00,2025-03-23T08:00:00
e005690,u0328,2025-03-23T08:00:00,2025-03-23T08:00:00
e005691,u0329,2025-03-01T04:00:00,2025-03-01T04:00:00
e005692,u0329,2025-03-02T12:00:00,2025-03-02T12:00:00
e005693,u0329,2025-03-02T12:00:00,2025-03-02T12:00:00
e005694,u0329,2025-03-03T20:00:00,2025-03-03T20:00:00
e005695,u0329,2025-03-04T07:00:00,2025-03-04T07:00:00
e005696,u0329,2025-03-05T19:00:00,2025-03-05T19:00:00
e005697,u0329,2025-03-05T19:00:00,2025-03-05T19:00:00
e005698,u0329,2025-03-06T14:00:00,2025-03-06T14:00:00
e005699,u0329,2025-03-08T08:00:00,2025-03-08T08:00:00
e005700,u0329,2025-03-09T23:00:00,2025-03-09T23:00:00
e005701,u0329,2025-03-09T23:00:00,2025-03-09T23:00:00
e005702,u0329,2025-03-11T20:00:00,2025-03-11T20:00:00
e005703,u0329,2025-03-12T13:00:00,2025-03-12T13:00:00
e005704,u0329,2025-03-13T01:00:00,2025-03-13T01:00:00
e005705,u0329,2025-03-14T00:00:00,2025-03-14T00:00:00
e005706,u0329,2025-03-22T01:00:00,2025-03-22T01:00:00
e005707,u0329,2025-03-22T01:00:00,2025-03-22T01:00:00
e005708,u0329,2025-03-28T04:00:00,2025-03-28T04:00:00
e005709,u0329,2025-03-31T19:00:00,2025-03-31T19:00:00
e005710,u0330,2025-03-02T15:00:00,2025-03-02T15:00:00
e005711,u0330,2025-03-04T06:00:00,2025-03-04T06:00:00
e005712,u0330,2025-03-05T15:00:00,2025-03-05T15:00:00
e005713,u0330,2025-03-06T02:00:00,2025-03-06T02:00:00
e005714,u0330,2025-03-07T23:00:00,2025-03-07T23:00:00
e005715,u0330,2025-03-08T15:00:00,2025-03-08T15:00:00
e005716,u0330,2025-03-09T14:00:00,2025-03-09T14:00:00
e005717,u0330,2025-03-09T14:00:00,2025-03-09T14:00:00
e005718,u0330,2025-03-10T00:00:00,2025-03-10T00:00:00
e005719,u0330,2025-03-10T00:00:00,2025-03-10T00:00:00
e005720,u0330,2025-03-12T19:00:00,2025-03-12T19:00:00
e005721,u0330,2025-03-18T20:00:00,2025-03-18T20:00:00
e005722,u0330,2025-03-20T02:00:00,2025-03-20T02:00:00
e005723,u0330,2025-03-24T00:00:00,2025-03-24T00:00:00
e005724,u0330,2025-03-24T00:00:00,2025-03-24T00:00:00
e005725,u0330,2025-03-26T05:00:00,2025-03-26T05:00:00
e005726,u0330,2025-03-26T05:00:00,2025-03-26T05:00:00
e005727,u0330,2025-03-27T00:00:00,2025-03-27T00:00:00
e005728,u0331,2025-03-03T18:00:00,2025-03-03T18:00:00
e005729,u0331,2025-03-04T05:00:00,2025-03-04T05:00:00
e005730,u0331,2025-03-05T17:00:00,2025-03-05T17:00:00
e005731,u0331,2025-03-07T14:00:00,2025-03-07T14:00:00
e005732,u0331,2025-03-09T12:00:00,2025-03-09T12:00:00
e005733,u0331,2025-03-10T04:00:00,2025-03-10T04:00:00
e005734,u0331,2025-03-12T15:00:00,2025-03-12T15:00:00
e005735,u0331,2025-03-17T05:00:00,2025-03-17T05:00:00
e005736,u0331,2025-03-23T15:00:00,2025-03-23T15:00:00
e005737,u0332,2025-03-04T02:00:00,2025-03-04T02:00:00
e005738,u0332,2025-03-05T16:00:00,2025-03-05T16:00:00
e005739,u0332,2025-03-06T04:00:00,2025-03-06T04:00:00
e005740,u0332,2025-03-08T11:00:00,2025-03-08T11:00:00
e005741,u0332,2025-03-10T09:00:00,2025-03-10T09:00:00
e005742,u0332,2025-03-12T22:00:00,2025-03-12T22:00:00
e005743,u0332,2025-03-16T12:00:00,2025-03-16T12:00:00
e005744,u0332,2025-03-18T09:00:00,2025-03-18T09:00:00
e005745,u0332,2025-03-18T09:00:00,2025-03-18T09:00:00
e005746,u0332,2025-03-19T00:00:00,2025-03-19T00:00:00
e005747,u0332,2025-03-26T14:00:00,2025-03-26T14:00:00
e005748,u0333,2025-03-05T14:00:00,2025-03-05T14:00:00
e005748,u0333,2025-03-05T14:00:00,2025-03-05T16:00:00
e005750,u0333,2025-03-06T07:00:00,2025-03-06T07:00:00
e005751,u0333,2025-03-08T03:00:00,2025-03-08T03:00:00
e005752,u0333,2025-03-08T03:00:00,2025-03-08T03:00:00
e005753,u0333,2025-03-09T04:00:00,2025-03-09T04:00:00
e005753,u0333,2025-03-09T04:00:00,2025-03-09T06:00:00
e005755,u0333,2025-03-12T20:00:00,2025-03-12T20:00:00
e005756,u0333,2025-03-13T23:00:00,2025-03-13T23:00:00
e005757,u0333,2025-03-15T07:00:00,2025-03-15T07:00:00
e005757,u0333,2025-03-15T07:00:00,2025-03-15T09:00:00
e005759,u0333,2025-03-18T18:00:00,2025-03-18T18:00:00
e005760,u0333,2025-03-19T13:00:00,2025-03-19T13:00:00
e005761,u0333,2025-03-21T01:00:00,2025-03-21T01:00:00
e005762,u0333,2025-03-26T13:00:00,2025-03-26T13:00:00
e005763,u0333,2025-03-27T17:00:00,2025-03-27T17:00:00
e005764,u0333,2025-03-29T15:00:00,2025-03-29T15:00:00
e005765,u0333,2025-03-29T15:00:00,2025-03-29T15:00:00
e005766,u0334,2025-03-06T01:00:00,2025-03-06T01:00:00
e005766,u0334,2025-03-06T01:00:00,2025-03-06T03:00:00
e005768,u0334,2025-03-08T05:00:00,2025-03-08T05:00:00
e005769,u0334,2025-03-09T20:00:00,2025-03-09T20:00:00
e005770,u0334,2025-03-15T16:00:00,2025-03-15T16:00:00
e005771,u0334,2025-03-16T12:00:00,2025-03-16T12:00:00
e005771,u0334,2025-03-16T12:00:00,2025-03-16T14:00:00
e005773,u0334,2025-03-16T12:00:00,2025-03-16T12:00:00
e005774,u0334,2025-03-18T15:00:00,2025-03-18T15:00:00
e005775,u0334,2025-03-20T08:00:00,2025-03-20T08:00:00
e005776,u0334,2025-03-23T19:00:00,2025-03-23T19:00:00
e005777,u0334,2025-03-25T05:00:00,2025-03-25T05:00:00
e005778,u0334,2025-03-25T05:00:00,2025-03-25T05:00:00
e005779,u0335,2025-03-07T08:00:00,2025-03-07T08:00:00
e005780,u0335,2025-03-08T23:00:00,2025-03-08T23:00:00
e005781,u0335,2025-03-09T14:00:00,2025-03-09T14:00:00
e005782,u0335,2025-03-10T07:00:00,2025-03-10T07:00:00
e005783,u0335,2025-03-12T16:00:00,2025-03-12T16:00:00
e005784,u0335,2025-03-13T04:00:00,2025-03-13T04:00:00
e005785,u0335,2025-03-19T19:00:00,2025-03-19T19:00:00
e005786,u0335,2025-03-20T02:00:00,2025-03-20T02:00:00
e005787,u0335,2025-03-21T20:00:00,2025-03-21T20:00:00
e005788,u0335,2025-03-22T05:00:00,2025-03-22T05:00:00
e005789,u0335,2025-03-26T18:00:00,2025-03-26T18:00:00
e005790,u0335,2025-03-29T19:00:00,2025-03-29T19:00:00
e005791,u0335,2025-03-29T19:00:00,2025-03-29T19:00:00
e005792,u0335,2025-03-30T14:00:00,2025-03-30T14:00:00
e005793,u0335,2025-03-31T20:00:00,2025-03-31T20:00:00
e005794,u0336,2025-03-08T18:00:00,2025-03-08T18:00:00
e005795,u0336,2025-03-08T18:00:00,2025-03-08T18:00:00
e005796,u0336,2025-03-09T10:00:00,2025-03-09T10:00:00
e005797,u0336,2025-03-10T11:00:00,2025-03-10T11:00:00
e005798,u0336,2025-03-11T04:00:00,2025-03-11T04:00:00
e005799,u0336,2025-03-12T19:00:00,2025-03-12T19:00:00
e005800,u0336,2025-03-13T09:00:00,2025-03-13T09:00:00
e005801,u0336,2025-03-15T11:00:00,2025-03-15T11:00:00
e005802,u0336,2025-03-19T20:00:00,2025-03-19T20:00:00
e005803,u0336,2025-03-21T11:00:00,2025-03-21T11:00:00
e005804,u0336,2025-03-22T15:00:00,2025-03-22T15:00:00
e005805,u0336,2025-03-23T14:00:00,2025-03-23T14:00:00
e005806,u0336,2025-03-31T07:00:00,2025-03-31T07:00:00
e005807,u0337,2025-03-09T22:00:00,2025-03-09T22:00:00
e005808,u0337,2025-03-10T01:00:00,2025-03-10T01:00:00
e005809,u0337,2025-03-10T01:00:00,2025-03-10T01:00:00
e005810,u0337,2025-03-16T22:00:00,2025-03-16T22:00:00
e005811,u0337,2025-03-18T23:00:00,2025-03-18T23:00:00
e005812,u0337,2025-03-18T23:00:00,2025-03-18T23:00:00
e005813,u0337,2025-03-21T08:00:00,2025-03-21T08:00:00
e005813,u0337,2025-03-21T08:00:00,2025-03-21T10:00:00
e005815,u0337,2025-03-23T02:00:00,2025-03-23T02:00:00
e005816,u0337,2025-03-24T09:00:00,2025-03-24T09:00:00
e005817,u0337,2025-03-25T22:00:00,2025-03-25T22:00:00
e005818,u0338,2025-03-10T06:00:00,2025-03-10T06:00:00
e005819,u0338,2025-03-11T14:00:00,2025-03-11T14:00:00
e005819,u0338,2025-03-11T14:00:00,2025-03-11T16:00:00
e005821,u0338,2025-03-12T19:00:00,2025-03-12T19:00:00
e005822,u0338,2025-03-13T00:00:00,2025-03-13T00:00:00
e005823,u0338,2025-03-14T20:00:00,2025-03-14T20:00:00
e005823,u0338,2025-03-14T20:00:00,2025-03-14T22:00:00
e005825,u0338,2025-03-15T04:00:00,2025-03-15T04:00:00
e005826,u0338,2025-03-16T22:00:00,2025-03-16T22:00:00
e005827,u0338,2025-03-17T18:00:00,2025-03-17T18:00:00
e005828,u0338,2025-03-18T15:00:00,2025-03-18T15:00:00
e005829,u0338,2025-03-19T20:00:00,2025-03-19T20:00:00
e005830,u0338,2025-03-19T20:00:00,2025-03-19T20:00:00
e005831,u0338,2025-03-20T01:00:00,2025-03-20T01:00:00
e005832,u0338,2025-03-25T23:00:00,2025-03-25T23:00:00
e005833,u0338,2025-03-27T20:00:00,2025-03-27T20:00:00
e005834,u0339,2025-03-11T17:00:00,2025-03-11T17:00:00
e005835,u0339,2025-03-13T12:00:00,2025-03-13T12:00:00
e005836,u0339,2025-03-15T20:00:00,2025-03-15T20:00:00
e005837,u0339,2025-03-16T17:00:00,2025-03-16T17:00:00
e005838,u0339,2025-03-19T23:00:00,2025-03-19T23:00:00
e005839,u0339,2025-03-23T00:00:00,2025-03-23T00:00:00
e005840,u0339,2025-03-25T07:00:00,2025-03-25T07:00:00
e005840,u0339,2025-03-25T07:00:00,2025-03-25T09:00:00
e005842,u0339,2025-03-27T04:00:00,2025-03-27T04:00:00
e005843,u0339,2025-03-29T20:00:00,2025-03-29T20:00:00
e005844,u0340,2025-03-12T21:00:00,2025-03-12T21:00:00
e005845,u0340,2025-03-16T11:00:00,2025-03-16T11:00:00
e005846,u0340,2025-03-20T04:00:00,2025-03-20T04:00:00
e005847,u0340,2025-03-21T17:00:00,2025-03-21T17:00:00
e005848,u0340,2025-03-23T07:00:00,2025-03-23T07:00:00
e005849,u0340,2025-03-25T17:00:00,2025-03-25T17:00:00
e005850,u0340,2025-03-26T04:00:00,2025-03-26T04:00:00
e005851,u0340,2025-03-27T17:00:00,2025-03-27T17:00:00
e005852,u0340,2025-03-27T17:00:00,2025-03-27T17:00:00
e005853,u0340,2025-03-28T07:00:00,2025-03-28T07:00:00
e005854,u0340,2025-03-31T12:00:00,2025-03-31T12:00:00
e005855,u0341,2025-03-13T10:00:00,2025-03-13T10:00:00
e005856,u0341,2025-03-14T02:00:00,2025-03-14T02:00:00
e005857,u0341,2025-03-14T02:00:00,2025-03-14T02:00:00
e005858,u0341,2025-03-17T22:00:00,2025-03-17T22:00:00
e005859,u0341,2025-03-17T22:00:00,2025-03-17T22:00:00
e005860,u0341,2025-03-19T11:00:00,2025-03-19T11:00:00
e005861,u0341,2025-03-20T09:00:00,2025-03-20T09:00:00
e005862,u0341,2025-03-21T23:00:00,2025-03-21T23:00:00
e005863,u0341,2025-03-27T04:00:00,2025-03-27T04:00:00
e005864,u0341,2025-03-27T04:00:00,2025-03-27T04:00:00
e005865,u0341,2025-03-28T14:00:00,2025-03-28T14:00:00
e005865,u0341,2025-03-28T14:00:00,2025-03-28T16:00:00
e005867,u0341,2025-03-29T23:00:00,2025-03-29T23:00:00
e005868,u0342,2025-03-14T17:00:00,2025-03-14T17:00:00
e005869,u0342,2025-03-15T10:00:00,2025-03-15T10:00:00
e005870,u0342,2025-03-17T22:00:00,2025-03-17T22:00:00
e005871,u0342,2025-03-18T02:00:00,2025-03-18T02:00:00
e005872,u0342,2025-03-19T11:00:00,2025-03-19T11:00:00
e005873,u0342,2025-03-23T10:00:00,2025-03-23T10:00:00
e005874,u0342,2025-03-23T10:00:00,2025-03-23T10:00:00
e005875,u0342,2025-03-29T17:00:00,2025-03-29T17:00:00
e005875,u0342,2025-03-29T17:00:00,2025-03-29T19:00:00
e005877,u0343,2025-03-15T13:00:00,2025-03-15T13:00:00
e005878,u0343,2025-03-16T14:00:00,2025-03-16T14:00:00
e005879,u0343,2025-03-18T03:00:00,2025-03-18T03:00:00
e005880,u0343,2025-03-19T04:00:00,2025-03-19T04:00:00
e005881,u0343,2025-03-20T14:00:00,2025-03-20T14:00:00
e005882,u0343,2025-03-22T21:00:00,2025-03-22T21:00:00
e005883,u0343,2025-03-23T06:00:00,2025-03-23T06:00:00
e005884,u0343,2025-03-23T06:00:00,2025-03-23T06:00:00
e005885,u0343,2025-03-25T09:00:00,2025-03-25T09:00:00
e005886,u0343,2025-03-27T03:00:00,2025-03-27T03:00:00
e005887,u0343,2025-03-28T08:00:00,2025-03-28T08:00:00
e005888,u0343,2025-03-28T08:00:00,2025-03-28T08:00:00
e005889,u0343,2025-03-30T17:00:00,2025-03-30T17:00:00
e005890,u0343,2025-03-31T06:00:00,2025-03-31T06:00:00
e005891,u0344,2025-03-16T05:00:00,2025-03-16T05:00:00
e005892,u0344,2025-03-16T05:00:00,2025-03-16T05:00:00
e005893,u0344,2025-03-17T12:00:00,2025-03-17T12:00:00
e005894,u0344,2025-03-18T07:00:00,2025-03-18T07:00:00
e005895,u0344,2025-03-21T15:00:00,2025-03-21T15:00:00
e005895,u0344,2025-03-21T15:00:00,2025-03-21T17:00:00
e005897,u0344,2025-03-22T23:00:00,2025-03-22T23:00:00
e005898,u0344,2025-03-23T10:00:00,2025-03-23T10:00:00
e005899,u0344,2025-03-25T12:00:00,2025-03-25T12:00:00
e005900,u0344,2025-03-26T10:00:00,2025-03-26T10:00:00
e005901,u0344,2025-03-28T19:00:00,2025-03-28T19:00:00
e005901,u0344,2025-03-28T19:00:00,2025-03-28T21:00:00
e005903,u0344,2025-03-30T16:00:00,2025-03-30T16:00:00
e005904,u0345,2025-03-17T16:00:00,2025-03-17T16:00:00
e005904,u0345,2025-03-17T16:00:00,2025-03-17T18:00:00
e005906,u0345,2025-03-18T16:00:00,2025-03-18T16:00:00
e005907,u0345,2025-03-19T12:00:00,2025-03-19T12:00:00
e005908,u0345,2025-03-23T15:00:00,2025-03-23T15:00:00
e005909,u0345,2025-03-24T02:00:00,2025-03-24T02:00:00
e005910,u0345,2025-03-25T08:00:00,2025-03-25T08:00:00
e005911,u0345,2025-03-26T22:00:00,2025-03-26T22:00:00
e005912,u0345,2025-03-26T22:00:00,2025-03-26T22:00:00
e005913,u0346,2025-03-18T11:00:00,2025-03-18T11:00:00
e005914,u0346,2025-03-19T06:00:00,2025-03-19T06:00:00
e005915,u0346,2025-03-20T11:00:00,2025-03-20T11:00:00
e005916,u0346,2025-03-21T22:00:00,2025-03-21T22:00:00
e005917,u0346,2025-03-22T01:00:00,2025-03-22T01:00:00
e005918,u0346,2025-03-22T01:00:00,2025-03-22T01:00:00
e005919,u0346,2025-03-28T01:00:00,2025-03-28T01:00:00
e005920,u0346,2025-03-29T23:00:00,2025-03-29T23:00:00
e005921,u0346,2025-03-31T12:00:00,2025-03-31T12:00:00
e005922,u0347,2025-03-19T00:00:00,2025-03-19T00:00:00
e005922,u0347,2025-03-19T00:00:00,2025-03-19T02:00:00
e005924,u0347,2025-03-21T18:00:00,2025-03-21T18:00:00
e005925,u0347,2025-03-25T03:00:00,2025-03-25T03:00:00
e005926,u0347,2025-03-26T09:00:00,2025-03-26T09:00:00
e005927,u0347,2025-03-28T03:00:00,2025-03-28T03:00:00
e005928,u0348,2025-03-20T10:00:00,2025-03-20T10:00:00
e005929,u0348,2025-03-20T10:00:00,2025-03-20T10:00:00
e005930,u0348,2025-03-21T03:00:00,2025-03-21T03:00:00
e005931,u0348,2025-03-22T05:00:00,2025-03-22T05:00:00
e005932,u0348,2025-03-23T19:00:00,2025-03-23T19:00:00
e005933,u0348,2025-03-26T07:00:00,2025-03-26T07:00:00
e005934,u0348,2025-03-27T08:00:00,2025-03-27T08:00:00
e005935,u0348,2025-03-31T16:00:00,2025-03-31T16:00:00
e005936,u0349,2025-03-21T20:00:00,2025-03-21T20:00:00
e005937,u0349,2025-03-22T09:00:00,2025-03-22T09:00:00
e005938,u0349,2025-03-23T17:00:00,2025-03-23T17:00:00
e005939,u0349,2025-03-23T17:00:00,2025-03-23T17:00:00
e005940,u0349,2025-03-24T19:00:00,2025-03-24T19:00:00
e005941,u0349,2025-03-28T22:00:00,2025-03-28T22:00:00
e005942,u0349,2025-03-31T20:00:00,2025-03-31T20:00:00
e005943,u0350,2025-03-22T08:00:00,2025-03-22T08:00:00
e005944,u0350,2025-03-23T22:00:00,2025-03-23T22:00:00
e005945,u0350,2025-03-24T09:00:00,2025-03-24T09:00:00
e005946,u0350,2025-03-25T22:00:00,2025-03-25T22:00:00
e005947,u0350,2025-03-26T22:00:00,2025-03-26T22:00:00
e005947,u0350,2025-03-26T22:00:00,2025-03-27T00:00:00
e005949,u0350,2025-03-27T23:00:00,2025-03-27T23:00:00
e005950,u0351,2025-03-23T11:00:00,2025-03-23T11:00:00
e005951,u0351,2025-03-25T05:00:00,2025-03-25T05:00:00
e005952,u0351,2025-03-26T08:00:00,2025-03-26T08:00:00
e005953,u0351,2025-03-27T22:00:00,2025-03-27T22:00:00
e005954,u0351,2025-03-27T22:00:00,2025-03-27T22:00:00
e005955,u0351,2025-03-28T13:00:00,2025-03-28T13:00:00
e005956,u0351,2025-03-29T01:00:00,2025-03-29T01:00:00
e005957,u0351,2025-03-31T22:00:00,2025-03-31T22:00:00
e005958,u0352,2025-03-24T01:00:00,2025-03-24T01:00:00
e005959,u0352,2025-03-25T13:00:00,2025-03-25T13:00:00
e005960,u0352,2025-03-28T12:00:00,2025-03-28T12:00:00
e005961,u0352,2025-03-31T15:00:00,2025-03-31T15:00:00
e005962,u0353,2025-03-25T13:00:00,2025-03-25T13:00:00
e005963,u0353,2025-03-26T04:00:00,2025-03-26T04:00:00
e005964,u0353,2025-03-29T01:00:00,2025-03-29T01:00:00
e005965,u0353,2025-03-31T12:00:00,2025-03-31T12:00:00
e005966,u0354,2025-03-26T05:00:00,2025-03-26T05:00:00
e005967,u0354,2025-03-27T10:00:00,2025-03-27T10:00:00
e005968,u0354,2025-03-27T10:00:00,2025-03-27T10:00:00
e005969,u0354,2025-03-31T15:00:00,2025-03-31T15:00:00
e005970,u0355,2025-03-27T18:00:00,2025-03-27T18:00:00
e005971,u0355,2025-03-29T06:00:00,2025-03-29T06:00:00
e005971,u0355,2025-03-29T06:00:00,2025-03-29T08:00:00
e005973,u0355,2025-03-29T06:00:00,2025-03-29T06:00:00
e005974,u0356,2025-03-28T07:00:00,2025-03-28T07:00:00
e005975,u0356,2025-03-29T21:00:00,2025-03-29T21:00:00
e005976,u0356,2025-03-30T00:00:00,2025-03-30T00:00:00
e005977,u0356,2025-03-30T00:00:00,2025-03-30T00:00:00
e005978,u0356,2025-03-31T20:00:00,2025-03-31T20:00:00
e005979,u0357,2025-03-29T08:00:00,2025-03-29T08:00:00
e005980,u0357,2025-03-30T03:00:00,2025-03-30T03:00:00
e005981,u0357,2025-03-31T00:00:00,2025-03-31T00:00:00
e005982,u0358,2025-03-30T00:00:00,2025-03-30T00:00:00
e005983,u0358,2025-03-31T21:00:00,2025-03-31T21:00:00
e005984,u0359,2025-03-31T06:00:00,2025-03-31T06:00:00
